source_transaction_id,transaction_ts,warehouse_code,sku_code,transaction_type,quantity,unit_cost,source_system
TX-00000001,2025-11-25T00:00:00+00:00,WH-HAM,ELEC-1001,SALE,20,42.5,DEMO
TX-00000002,2025-11-26T00:00:00+00:00,WH-HAM,ELEC-1001,SALE,11,42.5,DEMO
TX-00000003,2025-11-27T00:00:00+00:00,WH-HAM,ELEC-1001,SALE,15,42.5,DEMO
TX-00000004,2025-11-28T00:00:00+00:00,WH-HAM,ELEC-1001,SALE,18,42.5,DEMO
TX-00000005,2025-11-29T00:00:00+00:00,WH-HAM,ELEC-1001,SALE,12,42.5,DEMO
TX-00000006,2025-11-30T00:00:00+00:00,WH-HAM,ELEC-1001,SALE,13,42.5,DEMO
TX-00000007,2025-12-01T00:00:00+00:00,WH-HAM,ELEC-1001,SALE,21,42.5,DEMO
TX-00000008,2025-12-02T00:00:00+00:00,WH-HAM,ELEC-1001,SALE,20,42.5,DEMO
TX-00000009,2025-12-03T00:00:00+00:00,WH-HAM,ELEC-1001,SALE,21,42.5,DEMO
TX-00000010,2025-12-04T00:00:00+00:00,WH-HAM,ELEC-1001,SALE,17,42.5,DEMO
TX-00000011,2025-12-05T00:00:00+00:00,WH-HAM,ELEC-1001,SALE,12,42.5,DEMO
TX-00000012,2025-12-06T00:00:00+00:00,WH-HAM,ELEC-1001,SALE,11,42.5,DEMO
TX-00000013,2025-12-07T00:00:00+00:00,WH-HAM,ELEC-1001,SALE,12,42.5,DEMO
TX-00000014,2025-12-08T00:00:00+00:00,WH-HAM,ELEC-1001,SALE,12,42.5,DEMO
TX-00000015,2025-12-09T00:00:00+00:00,WH-HAM,ELEC-1001,SALE,14,42.5,DEMO
TX-00000016,2025-12-10T00:00:00+00:00,WH-HAM,ELEC-1001,SALE,17,42.5,DEMO
TX-00000017,2025-12-11T00:00:00+00:00,WH-HAM,ELEC-1001,SALE,20,42.5,DEMO
TX-00000018,2025-12-12T00:00:00+00:00,WH-HAM,ELEC-1001,SALE,16,42.5,DEMO
TX-00000019,2025-12-13T00:00:00+00:00,WH-HAM,ELEC-1001,SALE,15,42.5,DEMO
TX-00000020,2025-12-14T00:00:00+00:00,WH-HAM,ELEC-1001,SALE,10,42.5,DEMO
TX-00000021,2025-12-15T00:00:00+00:00,WH-HAM,ELEC-1001,SALE,22,42.5,DEMO
TX-00000022,2025-12-16T00:00:00+00:00,WH-HAM,ELEC-1001,SALE,20,42.5,DEMO
TX-00000023,2025-12-17T00:00:00+00:00,WH-HAM,ELEC-1001,SALE,17,42.5,DEMO
TX-00000024,2025-12-18T00:00:00+00:00,WH-HAM,ELEC-1001,SALE,12,42.5,DEMO
TX-00000025,2025-12-19T00:00:00+00:00,WH-HAM,ELEC-1001,SALE,20,42.5,DEMO
TX-00000026,2025-12-20T00:00:00+00:00,WH-HAM,ELEC-1001,SALE,14,42.5,DEMO
TX-00000027,2025-12-21T00:00:00+00:00,WH-HAM,ELEC-1001,SALE,15,42.5,DEMO
TX-00000028,2025-12-22T00:00:00+00:00,WH-HAM,ELEC-1001,SALE,19,42.5,DEMO
TX-00000029,2025-12-23T00:00:00+00:00,WH-HAM,ELEC-1001,SALE,14,42.5,DEMO
TX-00000030,2025-12-24T00:00:00+00:00,WH-HAM,ELEC-1001,SALE,24,42.5,DEMO
TX-00000031,2025-12-25T00:00:00+00:00,WH-HAM,ELEC-1001,SALE,10,42.5,DEMO
TX-00000032,2025-12-26T00:00:00+00:00,WH-HAM,ELEC-1001,SALE,16,42.5,DEMO
TX-00000033,2025-12-27T00:00:00+00:00,WH-HAM,ELEC-1001,SALE,15,42.5,DEMO
TX-00000034,2025-12-28T00:00:00+00:00,WH-HAM,ELEC-1001,SALE,16,42.5,DEMO
TX-00000035,2025-12-29T00:00:00+00:00,WH-HAM,ELEC-1001,SALE,23,42.5,DEMO
TX-00000036,2025-12-30T00:00:00+00:00,WH-HAM,ELEC-1001,SALE,22,42.5,DEMO
TX-00000037,2025-12-31T00:00:00+00:00,WH-HAM,ELEC-1001,SALE,14,42.5,DEMO
TX-00000038,2026-01-01T00:00:00+00:00,WH-HAM,ELEC-1001,SALE,14,42.5,DEMO
TX-00000039,2026-01-01T12:00:00+00:00,WH-HAM,ELEC-1001,RECEIPT,700,36.125,DEMO
TX-00000040,2026-01-02T00:00:00+00:00,WH-HAM,ELEC-1001,SALE,18,42.5,DEMO
TX-00000041,2026-01-03T00:00:00+00:00,WH-HAM,ELEC-1001,SALE,12,42.5,DEMO
TX-00000042,2026-01-04T00:00:00+00:00,WH-HAM,ELEC-1001,SALE,13,42.5,DEMO
TX-00000043,2026-01-05T00:00:00+00:00,WH-HAM,ELEC-1001,SALE,26,42.5,DEMO
TX-00000044,2026-01-06T00:00:00+00:00,WH-HAM,ELEC-1001,SALE,23,42.5,DEMO
TX-00000045,2026-01-07T00:00:00+00:00,WH-HAM,ELEC-1001,SALE,19,42.5,DEMO
TX-00000046,2026-01-08T00:00:00+00:00,WH-HAM,ELEC-1001,SALE,13,42.5,DEMO
TX-00000047,2026-01-09T00:00:00+00:00,WH-HAM,ELEC-1001,SALE,19,42.5,DEMO
TX-00000048,2026-01-10T00:00:00+00:00,WH-HAM,ELEC-1001,SALE,12,42.5,DEMO
TX-00000049,2026-01-11T00:00:00+00:00,WH-HAM,ELEC-1001,SALE,11,42.5,DEMO
TX-00000050,2026-01-12T00:00:00+00:00,WH-HAM,ELEC-1001,SALE,23,42.5,DEMO
TX-00000051,2026-01-13T00:00:00+00:00,WH-HAM,ELEC-1001,SALE,19,42.5,DEMO
TX-00000052,2026-01-14T00:00:00+00:00,WH-HAM,ELEC-1001,SALE,21,42.5,DEMO
TX-00000053,2026-01-15T00:00:00+00:00,WH-HAM,ELEC-1001,SALE,12,42.5,DEMO
TX-00000054,2026-01-16T00:00:00+00:00,WH-HAM,ELEC-1001,SALE,18,42.5,DEMO
TX-00000055,2026-01-17T00:00:00+00:00,WH-HAM,ELEC-1001,SALE,9,42.5,DEMO
TX-00000056,2026-01-18T00:00:00+00:00,WH-HAM,ELEC-1001,SALE,16,42.5,DEMO
TX-00000057,2026-01-19T00:00:00+00:00,WH-HAM,ELEC-1001,SALE,21,42.5,DEMO
TX-00000058,2026-01-20T00:00:00+00:00,WH-HAM,ELEC-1001,SALE,31,42.5,DEMO
TX-00000059,2026-01-21T00:00:00+00:00,WH-HAM,ELEC-1001,SALE,25,42.5,DEMO
TX-00000060,2026-01-22T00:00:00+00:00,WH-HAM,ELEC-1001,SALE,20,42.5,DEMO
TX-00000061,2026-01-23T00:00:00+00:00,WH-HAM,ELEC-1001,SALE,29,42.5,DEMO
TX-00000062,2026-01-24T00:00:00+00:00,WH-HAM,ELEC-1001,SALE,15,42.5,DEMO
TX-00000063,2026-01-25T00:00:00+00:00,WH-HAM,ELEC-1001,SALE,13,42.5,DEMO
TX-00000064,2026-01-26T00:00:00+00:00,WH-HAM,ELEC-1001,SALE,20,42.5,DEMO
TX-00000065,2026-01-27T00:00:00+00:00,WH-HAM,ELEC-1001,SALE,15,42.5,DEMO
TX-00000066,2026-01-28T00:00:00+00:00,WH-HAM,ELEC-1001,SALE,14,42.5,DEMO
TX-00000067,2026-01-29T00:00:00+00:00,WH-HAM,ELEC-1001,SALE,18,42.5,DEMO
TX-00000068,2026-01-30T00:00:00+00:00,WH-HAM,ELEC-1001,SALE,24,42.5,DEMO
TX-00000069,2026-01-31T00:00:00+00:00,WH-HAM,ELEC-1001,SALE,12,42.5,DEMO
TX-00000070,2026-02-01T00:00:00+00:00,WH-HAM,ELEC-1001,SALE,17,42.5,DEMO
TX-00000071,2026-02-02T00:00:00+00:00,WH-HAM,ELEC-1001,SALE,26,42.5,DEMO
TX-00000072,2026-02-03T00:00:00+00:00,WH-HAM,ELEC-1001,SALE,19,42.5,DEMO
TX-00000073,2026-02-04T00:00:00+00:00,WH-HAM,ELEC-1001,SALE,18,42.5,DEMO
TX-00000074,2026-02-05T00:00:00+00:00,WH-HAM,ELEC-1001,SALE,16,42.5,DEMO
TX-00000075,2026-02-06T00:00:00+00:00,WH-HAM,ELEC-1001,SALE,28,42.5,DEMO
TX-00000076,2026-02-07T00:00:00+00:00,WH-HAM,ELEC-1001,SALE,16,42.5,DEMO
TX-00000077,2026-02-08T00:00:00+00:00,WH-HAM,ELEC-1001,SALE,20,42.5,DEMO
TX-00000078,2026-02-08T12:00:00+00:00,WH-HAM,ELEC-1001,RECEIPT,700,36.125,DEMO
TX-00000079,2026-02-09T00:00:00+00:00,WH-HAM,ELEC-1001,SALE,20,42.5,DEMO
TX-00000080,2026-02-10T00:00:00+00:00,WH-HAM,ELEC-1001,SALE,25,42.5,DEMO
TX-00000081,2026-02-11T00:00:00+00:00,WH-HAM,ELEC-1001,SALE,31,42.5,DEMO
TX-00000082,2026-02-12T00:00:00+00:00,WH-HAM,ELEC-1001,SALE,16,42.5,DEMO
TX-00000083,2026-02-13T00:00:00+00:00,WH-HAM,ELEC-1001,SALE,16,42.5,DEMO
TX-00000084,2026-02-14T00:00:00+00:00,WH-HAM,ELEC-1001,SALE,18,42.5,DEMO
TX-00000085,2026-02-15T00:00:00+00:00,WH-HAM,ELEC-1001,SALE,12,42.5,DEMO
TX-00000086,2026-02-16T00:00:00+00:00,WH-HAM,ELEC-1001,SALE,22,42.5,DEMO
TX-00000087,2026-02-17T00:00:00+00:00,WH-HAM,ELEC-1001,SALE,16,42.5,DEMO
TX-00000088,2026-02-18T00:00:00+00:00,WH-HAM,ELEC-1001,SALE,16,42.5,DEMO
TX-00000089,2026-02-19T00:00:00+00:00,WH-HAM,ELEC-1001,SALE,25,42.5,DEMO
TX-00000090,2026-02-20T00:00:00+00:00,WH-HAM,ELEC-1001,SALE,18,42.5,DEMO
TX-00000091,2026-02-21T00:00:00+00:00,WH-HAM,ELEC-1001,SALE,20,42.5,DEMO
TX-00000092,2026-02-22T00:00:00+00:00,WH-HAM,ELEC-1001,SALE,11,42.5,DEMO
TX-00000093,2026-02-23T00:00:00+00:00,WH-HAM,ELEC-1001,SALE,31,42.5,DEMO
TX-00000094,2026-02-24T00:00:00+00:00,WH-HAM,ELEC-1001,SALE,20,42.5,DEMO
TX-00000095,2026-02-25T00:00:00+00:00,WH-HAM,ELEC-1001,SALE,20,42.5,DEMO
TX-00000096,2026-02-26T00:00:00+00:00,WH-HAM,ELEC-1001,SALE,25,42.5,DEMO
TX-00000097,2026-02-27T00:00:00+00:00,WH-HAM,ELEC-1001,SALE,17,42.5,DEMO
TX-00000098,2026-02-28T00:00:00+00:00,WH-HAM,ELEC-1001,SALE,25,42.5,DEMO
TX-00000099,2026-03-01T00:00:00+00:00,WH-HAM,ELEC-1001,SALE,17,42.5,DEMO
TX-00000100,2026-03-02T00:00:00+00:00,WH-HAM,ELEC-1001,SALE,28,42.5,DEMO
TX-00000101,2026-03-03T00:00:00+00:00,WH-HAM,ELEC-1001,SALE,19,42.5,DEMO
TX-00000102,2026-03-04T00:00:00+00:00,WH-HAM,ELEC-1001,SALE,25,42.5,DEMO
TX-00000103,2026-03-05T00:00:00+00:00,WH-HAM,ELEC-1001,SALE,25,42.5,DEMO
TX-00000104,2026-03-06T00:00:00+00:00,WH-HAM,ELEC-1001,SALE,21,42.5,DEMO
TX-00000105,2026-03-07T00:00:00+00:00,WH-HAM,ELEC-1001,SALE,19,42.5,DEMO
TX-00000106,2026-03-08T00:00:00+00:00,WH-HAM,ELEC-1001,SALE,17,42.5,DEMO
TX-00000107,2026-03-09T00:00:00+00:00,WH-HAM,ELEC-1001,SALE,19,42.5,DEMO
TX-00000108,2026-03-10T00:00:00+00:00,WH-HAM,ELEC-1001,SALE,29,42.5,DEMO
TX-00000109,2026-03-11T00:00:00+00:00,WH-HAM,ELEC-1001,SALE,14,42.5,DEMO
TX-00000110,2026-03-12T00:00:00+00:00,WH-HAM,ELEC-1001,SALE,18,42.5,DEMO
TX-00000111,2026-03-13T00:00:00+00:00,WH-HAM,ELEC-1001,SALE,21,42.5,DEMO
TX-00000112,2026-03-14T00:00:00+00:00,WH-HAM,ELEC-1001,SALE,25,42.5,DEMO
TX-00000113,2026-03-14T12:00:00+00:00,WH-HAM,ELEC-1001,RECEIPT,700,36.125,DEMO
TX-00000114,2026-03-15T00:00:00+00:00,WH-HAM,ELEC-1001,SALE,15,42.5,DEMO
TX-00000115,2026-03-16T00:00:00+00:00,WH-HAM,ELEC-1001,SALE,17,42.5,DEMO
TX-00000116,2026-03-17T00:00:00+00:00,WH-HAM,ELEC-1001,SALE,13,42.5,DEMO
TX-00000117,2026-03-18T00:00:00+00:00,WH-HAM,ELEC-1001,SALE,26,42.5,DEMO
TX-00000118,2026-03-19T00:00:00+00:00,WH-HAM,ELEC-1001,SALE,21,42.5,DEMO
TX-00000119,2026-03-20T00:00:00+00:00,WH-HAM,ELEC-1001,SALE,30,42.5,DEMO
TX-00000120,2026-03-21T00:00:00+00:00,WH-HAM,ELEC-1001,SALE,8,42.5,DEMO
TX-00000121,2026-03-22T00:00:00+00:00,WH-HAM,ELEC-1001,SALE,14,42.5,DEMO
TX-00000122,2026-03-23T00:00:00+00:00,WH-HAM,ELEC-1001,SALE,25,42.5,DEMO
TX-00000123,2026-03-24T00:00:00+00:00,WH-HAM,ELEC-1001,SALE,13,42.5,DEMO
TX-00000124,2026-03-25T00:00:00+00:00,WH-HAM,ELEC-1001,SALE,24,42.5,DEMO
TX-00000125,2026-03-26T00:00:00+00:00,WH-HAM,ELEC-1001,SALE,30,42.5,DEMO
TX-00000126,2026-03-27T00:00:00+00:00,WH-HAM,ELEC-1001,SALE,33,42.5,DEMO
TX-00000127,2026-03-28T00:00:00+00:00,WH-HAM,ELEC-1001,SALE,22,42.5,DEMO
TX-00000128,2026-03-29T00:00:00+00:00,WH-HAM,ELEC-1001,SALE,22,42.5,DEMO
TX-00000129,2026-03-30T00:00:00+00:00,WH-HAM,ELEC-1001,SALE,25,42.5,DEMO
TX-00000130,2026-03-31T00:00:00+00:00,WH-HAM,ELEC-1001,SALE,30,42.5,DEMO
TX-00000131,2026-04-01T00:00:00+00:00,WH-HAM,ELEC-1001,SALE,23,42.5,DEMO
TX-00000132,2026-04-02T00:00:00+00:00,WH-HAM,ELEC-1001,SALE,21,42.5,DEMO
TX-00000133,2026-04-03T00:00:00+00:00,WH-HAM,ELEC-1001,SALE,24,42.5,DEMO
TX-00000134,2026-04-04T00:00:00+00:00,WH-HAM,ELEC-1001,SALE,15,42.5,DEMO
TX-00000135,2026-04-05T00:00:00+00:00,WH-HAM,ELEC-1001,SALE,17,42.5,DEMO
TX-00000136,2026-04-06T00:00:00+00:00,WH-HAM,ELEC-1001,SALE,23,42.5,DEMO
TX-00000137,2026-04-07T00:00:00+00:00,WH-HAM,ELEC-1001,SALE,33,42.5,DEMO
TX-00000138,2026-04-08T00:00:00+00:00,WH-HAM,ELEC-1001,SALE,22,42.5,DEMO
TX-00000139,2026-04-09T00:00:00+00:00,WH-HAM,ELEC-1001,SALE,30,42.5,DEMO
TX-00000140,2026-04-10T00:00:00+00:00,WH-HAM,ELEC-1001,SALE,29,42.5,DEMO
TX-00000141,2026-04-11T00:00:00+00:00,WH-HAM,ELEC-1001,SALE,20,42.5,DEMO
TX-00000142,2026-04-12T00:00:00+00:00,WH-HAM,ELEC-1001,SALE,22,42.5,DEMO
TX-00000143,2026-04-13T00:00:00+00:00,WH-HAM,ELEC-1001,SALE,18,42.5,DEMO
TX-00000144,2026-04-14T00:00:00+00:00,WH-HAM,ELEC-1001,SALE,17,42.5,DEMO
TX-00000145,2026-04-15T00:00:00+00:00,WH-HAM,ELEC-1001,SALE,29,42.5,DEMO
TX-00000146,2026-04-15T12:00:00+00:00,WH-HAM,ELEC-1001,RECEIPT,700,36.125,DEMO
TX-00000147,2026-04-16T00:00:00+00:00,WH-HAM,ELEC-1001,SALE,29,42.5,DEMO
TX-00000148,2026-04-17T00:00:00+00:00,WH-HAM,ELEC-1001,SALE,35,42.5,DEMO
TX-00000149,2026-04-18T00:00:00+00:00,WH-HAM,ELEC-1001,SALE,20,42.5,DEMO
TX-00000150,2026-04-19T00:00:00+00:00,WH-HAM,ELEC-1001,SALE,20,42.5,DEMO
TX-00000151,2026-04-20T00:00:00+00:00,WH-HAM,ELEC-1001,SALE,26,42.5,DEMO
TX-00000152,2026-04-21T00:00:00+00:00,WH-HAM,ELEC-1001,SALE,24,42.5,DEMO
TX-00000153,2026-04-22T00:00:00+00:00,WH-HAM,ELEC-1001,SALE,25,42.5,DEMO
TX-00000154,2026-04-23T00:00:00+00:00,WH-HAM,ELEC-1001,SALE,34,42.5,DEMO
TX-00000155,2026-04-24T00:00:00+00:00,WH-HAM,ELEC-1001,SALE,27,42.5,DEMO
TX-00000156,2026-04-25T00:00:00+00:00,WH-HAM,ELEC-1001,SALE,29,42.5,DEMO
TX-00000157,2026-04-26T00:00:00+00:00,WH-HAM,ELEC-1001,SALE,31,42.5,DEMO
TX-00000158,2026-04-27T00:00:00+00:00,WH-HAM,ELEC-1001,SALE,33,42.5,DEMO
TX-00000159,2026-04-28T00:00:00+00:00,WH-HAM,ELEC-1001,SALE,41,42.5,DEMO
TX-00000160,2026-04-29T00:00:00+00:00,WH-HAM,ELEC-1001,SALE,33,42.5,DEMO
TX-00000161,2026-04-30T00:00:00+00:00,WH-HAM,ELEC-1001,SALE,29,42.5,DEMO
TX-00000162,2026-05-01T00:00:00+00:00,WH-HAM,ELEC-1001,SALE,48,42.5,DEMO
TX-00000163,2026-05-02T00:00:00+00:00,WH-HAM,ELEC-1001,SALE,25,42.5,DEMO
TX-00000164,2026-05-03T00:00:00+00:00,WH-HAM,ELEC-1001,SALE,32,42.5,DEMO
TX-00000165,2026-05-04T00:00:00+00:00,WH-HAM,ELEC-1001,SALE,34,42.5,DEMO
TX-00000166,2026-05-05T00:00:00+00:00,WH-HAM,ELEC-1001,SALE,28,42.5,DEMO
TX-00000167,2026-05-06T00:00:00+00:00,WH-HAM,ELEC-1001,SALE,38,42.5,DEMO
TX-00000168,2026-05-07T00:00:00+00:00,WH-HAM,ELEC-1001,SALE,37,42.5,DEMO
TX-00000169,2026-05-07T12:00:00+00:00,WH-HAM,ELEC-1001,RECEIPT,700,36.125,DEMO
TX-00000170,2026-05-08T00:00:00+00:00,WH-HAM,ELEC-1001,SALE,42,42.5,DEMO
TX-00000171,2026-05-09T00:00:00+00:00,WH-HAM,ELEC-1001,SALE,18,42.5,DEMO
TX-00000172,2026-05-10T00:00:00+00:00,WH-HAM,ELEC-1001,SALE,16,42.5,DEMO
TX-00000173,2026-05-11T00:00:00+00:00,WH-HAM,ELEC-1001,SALE,29,42.5,DEMO
TX-00000174,2026-05-12T00:00:00+00:00,WH-HAM,ELEC-1001,SALE,21,42.5,DEMO
TX-00000175,2026-05-13T00:00:00+00:00,WH-HAM,ELEC-1001,SALE,27,42.5,DEMO
TX-00000176,2026-05-14T00:00:00+00:00,WH-HAM,ELEC-1001,SALE,17,42.5,DEMO
TX-00000177,2026-05-15T00:00:00+00:00,WH-HAM,ELEC-1001,SALE,20,42.5,DEMO
TX-00000178,2026-05-16T00:00:00+00:00,WH-HAM,ELEC-1001,SALE,21,42.5,DEMO
TX-00000179,2026-05-17T00:00:00+00:00,WH-HAM,ELEC-1001,SALE,20,42.5,DEMO
TX-00000180,2026-05-18T00:00:00+00:00,WH-HAM,ELEC-1001,SALE,12,42.5,DEMO
TX-00000181,2026-05-19T00:00:00+00:00,WH-HAM,ELEC-1001,SALE,18,42.5,DEMO
TX-00000182,2026-05-20T00:00:00+00:00,WH-HAM,ELEC-1001,SALE,28,42.5,DEMO
TX-00000183,2026-05-21T00:00:00+00:00,WH-HAM,ELEC-1001,SALE,31,42.5,DEMO
TX-00000184,2026-05-22T00:00:00+00:00,WH-HAM,ELEC-1001,SALE,28,42.5,DEMO
TX-00000185,2026-05-23T00:00:00+00:00,WH-HAM,ELEC-1001,SALE,15,42.5,DEMO
TX-00000186,2026-05-24T00:00:00+00:00,WH-HAM,ELEC-1001,SALE,21,42.5,DEMO
TX-00000187,2026-05-25T00:00:00+00:00,WH-HAM,ELEC-1001,SALE,17,42.5,DEMO
TX-00000188,2026-05-26T00:00:00+00:00,WH-HAM,ELEC-1001,SALE,29,42.5,DEMO
TX-00000189,2026-05-27T00:00:00+00:00,WH-HAM,ELEC-1001,SALE,26,42.5,DEMO
TX-00000190,2026-05-28T00:00:00+00:00,WH-HAM,ELEC-1001,SALE,35,42.5,DEMO
TX-00000191,2026-05-29T00:00:00+00:00,WH-HAM,ELEC-1001,SALE,26,42.5,DEMO
TX-00000192,2026-05-30T00:00:00+00:00,WH-HAM,ELEC-1001,SALE,13,42.5,DEMO
TX-00000193,2026-05-31T00:00:00+00:00,WH-HAM,ELEC-1001,SALE,17,42.5,DEMO
TX-00000194,2026-06-01T00:00:00+00:00,WH-HAM,ELEC-1001,SALE,17,42.5,DEMO
TX-00000195,2026-06-02T00:00:00+00:00,WH-HAM,ELEC-1001,SALE,21,42.5,DEMO
TX-00000196,2026-06-03T00:00:00+00:00,WH-HAM,ELEC-1001,SALE,23,42.5,DEMO
TX-00000197,2026-06-04T00:00:00+00:00,WH-HAM,ELEC-1001,SALE,26,42.5,DEMO
TX-00000198,2026-06-05T00:00:00+00:00,WH-HAM,ELEC-1001,SALE,23,42.5,DEMO
TX-00000199,2026-06-06T00:00:00+00:00,WH-HAM,ELEC-1001,SALE,19,42.5,DEMO
TX-00000200,2026-06-07T00:00:00+00:00,WH-HAM,ELEC-1001,SALE,18,42.5,DEMO
TX-00000201,2026-06-08T00:00:00+00:00,WH-HAM,ELEC-1001,SALE,25,42.5,DEMO
TX-00000202,2026-06-08T12:00:00+00:00,WH-HAM,ELEC-1001,RECEIPT,700,36.125,DEMO
TX-00000203,2026-06-09T00:00:00+00:00,WH-HAM,ELEC-1001,SALE,27,42.5,DEMO
TX-00000204,2026-06-10T00:00:00+00:00,WH-HAM,ELEC-1001,SALE,26,42.5,DEMO
TX-00000205,2026-06-11T00:00:00+00:00,WH-HAM,ELEC-1001,SALE,29,42.5,DEMO
TX-00000206,2026-06-12T00:00:00+00:00,WH-HAM,ELEC-1001,SALE,23,42.5,DEMO
TX-00000207,2026-06-13T00:00:00+00:00,WH-HAM,ELEC-1001,SALE,16,42.5,DEMO
TX-00000208,2026-06-14T00:00:00+00:00,WH-HAM,ELEC-1001,SALE,25,42.5,DEMO
TX-00000209,2026-06-15T00:00:00+00:00,WH-HAM,ELEC-1001,SALE,24,42.5,DEMO
TX-00000210,2026-06-16T00:00:00+00:00,WH-HAM,ELEC-1001,SALE,21,42.5,DEMO
TX-00000211,2026-06-17T00:00:00+00:00,WH-HAM,ELEC-1001,SALE,24,42.5,DEMO
TX-00000212,2026-06-18T00:00:00+00:00,WH-HAM,ELEC-1001,SALE,14,42.5,DEMO
TX-00000213,2026-06-19T00:00:00+00:00,WH-HAM,ELEC-1001,SALE,21,42.5,DEMO
TX-00000214,2026-06-20T00:00:00+00:00,WH-HAM,ELEC-1001,SALE,15,42.5,DEMO
TX-00000215,2026-06-21T00:00:00+00:00,WH-HAM,ELEC-1001,SALE,23,42.5,DEMO
TX-00000216,2026-06-22T00:00:00+00:00,WH-HAM,ELEC-1001,SALE,18,42.5,DEMO
TX-00000217,2026-06-23T00:00:00+00:00,WH-HAM,ELEC-1001,SALE,17,42.5,DEMO
TX-00000218,2026-06-24T00:00:00+00:00,WH-HAM,ELEC-1001,SALE,28,42.5,DEMO
TX-00000219,2026-06-25T00:00:00+00:00,WH-HAM,ELEC-1001,SALE,26,42.5,DEMO
TX-00000220,2026-06-26T00:00:00+00:00,WH-HAM,ELEC-1001,SALE,22,42.5,DEMO
TX-00000221,2026-06-27T00:00:00+00:00,WH-HAM,ELEC-1001,SALE,18,42.5,DEMO
TX-00000222,2026-06-28T00:00:00+00:00,WH-HAM,ELEC-1001,SALE,13,42.5,DEMO
TX-00000223,2026-06-29T00:00:00+00:00,WH-HAM,ELEC-1001,SALE,17,42.5,DEMO
TX-00000224,2026-06-30T00:00:00+00:00,WH-HAM,ELEC-1001,SALE,22,42.5,DEMO
TX-00000225,2026-07-01T00:00:00+00:00,WH-HAM,ELEC-1001,SALE,27,42.5,DEMO
TX-00000226,2026-07-02T00:00:00+00:00,WH-HAM,ELEC-1001,SALE,23,42.5,DEMO
TX-00000227,2026-07-03T00:00:00+00:00,WH-HAM,ELEC-1001,SALE,12,42.5,DEMO
TX-00000228,2026-07-04T00:00:00+00:00,WH-HAM,ELEC-1001,SALE,15,42.5,DEMO
TX-00000229,2026-07-05T00:00:00+00:00,WH-HAM,ELEC-1001,SALE,19,42.5,DEMO
TX-00000230,2026-07-06T00:00:00+00:00,WH-HAM,ELEC-1001,SALE,15,42.5,DEMO
TX-00000231,2026-07-07T00:00:00+00:00,WH-HAM,ELEC-1001,SALE,29,42.5,DEMO
TX-00000232,2026-07-08T00:00:00+00:00,WH-HAM,ELEC-1001,SALE,25,42.5,DEMO
TX-00000233,2026-07-09T00:00:00+00:00,WH-HAM,ELEC-1001,SALE,27,42.5,DEMO
TX-00000234,2026-07-10T00:00:00+00:00,WH-HAM,ELEC-1001,SALE,21,42.5,DEMO
TX-00000235,2026-07-10T12:00:00+00:00,WH-HAM,ELEC-1001,RECEIPT,700,36.125,DEMO
TX-00000236,2026-07-11T00:00:00+00:00,WH-HAM,ELEC-1001,SALE,15,42.5,DEMO
TX-00000237,2026-07-12T00:00:00+00:00,WH-HAM,ELEC-1001,SALE,17,42.5,DEMO
TX-00000238,2026-07-13T00:00:00+00:00,WH-HAM,ELEC-1001,SALE,29,42.5,DEMO
TX-00000239,2026-07-14T00:00:00+00:00,WH-HAM,ELEC-1001,SALE,31,42.5,DEMO
TX-00000240,2026-07-15T00:00:00+00:00,WH-HAM,ELEC-1001,SALE,29,42.5,DEMO
TX-00000241,2026-07-16T00:00:00+00:00,WH-HAM,ELEC-1001,SALE,23,42.5,DEMO
TX-00000242,2026-07-17T00:00:00+00:00,WH-HAM,ELEC-1001,SALE,16,42.5,DEMO
TX-00000243,2026-07-18T00:00:00+00:00,WH-HAM,ELEC-1001,SALE,24,42.5,DEMO
TX-00000244,2026-07-19T00:00:00+00:00,WH-HAM,ELEC-1001,SALE,13,42.5,DEMO
TX-00000245,2026-07-20T00:00:00+00:00,WH-HAM,ELEC-1001,SALE,18,42.5,DEMO
TX-00000246,2026-07-21T00:00:00+00:00,WH-HAM,ELEC-1001,SALE,31,42.5,DEMO
TX-00000247,2026-07-22T00:00:00+00:00,WH-HAM,ELEC-1001,SALE,20,42.5,DEMO
TX-00000248,2025-11-25T00:00:00+00:00,WH-HAM,ELEC-1002,SALE,11,88.0,DEMO
TX-00000249,2025-11-26T00:00:00+00:00,WH-HAM,ELEC-1002,SALE,12,88.0,DEMO
TX-00000250,2025-11-27T00:00:00+00:00,WH-HAM,ELEC-1002,SALE,10,88.0,DEMO
TX-00000251,2025-11-28T00:00:00+00:00,WH-HAM,ELEC-1002,SALE,5,88.0,DEMO
TX-00000252,2025-11-29T00:00:00+00:00,WH-HAM,ELEC-1002,SALE,10,88.0,DEMO
TX-00000253,2025-11-30T00:00:00+00:00,WH-HAM,ELEC-1002,SALE,6,88.0,DEMO
TX-00000254,2025-12-01T00:00:00+00:00,WH-HAM,ELEC-1002,SALE,9,88.0,DEMO
TX-00000255,2025-12-02T00:00:00+00:00,WH-HAM,ELEC-1002,SALE,14,88.0,DEMO
TX-00000256,2025-12-03T00:00:00+00:00,WH-HAM,ELEC-1002,SALE,4,88.0,DEMO
TX-00000257,2025-12-04T00:00:00+00:00,WH-HAM,ELEC-1002,SALE,15,88.0,DEMO
TX-00000258,2025-12-05T00:00:00+00:00,WH-HAM,ELEC-1002,SALE,15,88.0,DEMO
TX-00000259,2025-12-06T00:00:00+00:00,WH-HAM,ELEC-1002,SALE,6,88.0,DEMO
TX-00000260,2025-12-07T00:00:00+00:00,WH-HAM,ELEC-1002,SALE,4,88.0,DEMO
TX-00000261,2025-12-08T00:00:00+00:00,WH-HAM,ELEC-1002,SALE,6,88.0,DEMO
TX-00000262,2025-12-09T00:00:00+00:00,WH-HAM,ELEC-1002,SALE,5,88.0,DEMO
TX-00000263,2025-12-10T00:00:00+00:00,WH-HAM,ELEC-1002,SALE,3,88.0,DEMO
TX-00000264,2025-12-11T00:00:00+00:00,WH-HAM,ELEC-1002,SALE,11,88.0,DEMO
TX-00000265,2025-12-12T00:00:00+00:00,WH-HAM,ELEC-1002,SALE,6,88.0,DEMO
TX-00000266,2025-12-13T00:00:00+00:00,WH-HAM,ELEC-1002,SALE,3,88.0,DEMO
TX-00000267,2025-12-14T00:00:00+00:00,WH-HAM,ELEC-1002,SALE,6,88.0,DEMO
TX-00000268,2025-12-15T00:00:00+00:00,WH-HAM,ELEC-1002,SALE,15,88.0,DEMO
TX-00000269,2025-12-16T00:00:00+00:00,WH-HAM,ELEC-1002,SALE,5,88.0,DEMO
TX-00000270,2025-12-17T00:00:00+00:00,WH-HAM,ELEC-1002,SALE,10,88.0,DEMO
TX-00000271,2025-12-18T00:00:00+00:00,WH-HAM,ELEC-1002,SALE,3,88.0,DEMO
TX-00000272,2025-12-19T00:00:00+00:00,WH-HAM,ELEC-1002,SALE,14,88.0,DEMO
TX-00000273,2025-12-20T00:00:00+00:00,WH-HAM,ELEC-1002,SALE,7,88.0,DEMO
TX-00000274,2025-12-21T00:00:00+00:00,WH-HAM,ELEC-1002,SALE,12,88.0,DEMO
TX-00000275,2025-12-22T00:00:00+00:00,WH-HAM,ELEC-1002,SALE,10,88.0,DEMO
TX-00000276,2025-12-23T00:00:00+00:00,WH-HAM,ELEC-1002,SALE,13,88.0,DEMO
TX-00000277,2025-12-24T00:00:00+00:00,WH-HAM,ELEC-1002,SALE,9,88.0,DEMO
TX-00000278,2025-12-25T00:00:00+00:00,WH-HAM,ELEC-1002,SALE,15,88.0,DEMO
TX-00000279,2025-12-26T00:00:00+00:00,WH-HAM,ELEC-1002,SALE,12,88.0,DEMO
TX-00000280,2025-12-27T00:00:00+00:00,WH-HAM,ELEC-1002,SALE,10,88.0,DEMO
TX-00000281,2025-12-28T00:00:00+00:00,WH-HAM,ELEC-1002,SALE,9,88.0,DEMO
TX-00000282,2025-12-29T00:00:00+00:00,WH-HAM,ELEC-1002,SALE,13,88.0,DEMO
TX-00000283,2025-12-30T00:00:00+00:00,WH-HAM,ELEC-1002,SALE,9,88.0,DEMO
TX-00000284,2025-12-31T00:00:00+00:00,WH-HAM,ELEC-1002,SALE,12,88.0,DEMO
TX-00000285,2026-01-01T00:00:00+00:00,WH-HAM,ELEC-1002,SALE,10,88.0,DEMO
TX-00000286,2026-01-02T00:00:00+00:00,WH-HAM,ELEC-1002,SALE,17,88.0,DEMO
TX-00000287,2026-01-03T00:00:00+00:00,WH-HAM,ELEC-1002,SALE,6,88.0,DEMO
TX-00000288,2026-01-04T00:00:00+00:00,WH-HAM,ELEC-1002,SALE,7,88.0,DEMO
TX-00000289,2026-01-05T00:00:00+00:00,WH-HAM,ELEC-1002,SALE,11,88.0,DEMO
TX-00000290,2026-01-06T00:00:00+00:00,WH-HAM,ELEC-1002,SALE,8,88.0,DEMO
TX-00000291,2026-01-07T00:00:00+00:00,WH-HAM,ELEC-1002,SALE,12,88.0,DEMO
TX-00000292,2026-01-08T00:00:00+00:00,WH-HAM,ELEC-1002,SALE,6,88.0,DEMO
TX-00000293,2026-01-09T00:00:00+00:00,WH-HAM,ELEC-1002,SALE,9,88.0,DEMO
TX-00000294,2026-01-10T00:00:00+00:00,WH-HAM,ELEC-1002,SALE,9,88.0,DEMO
TX-00000295,2026-01-11T00:00:00+00:00,WH-HAM,ELEC-1002,SALE,9,88.0,DEMO
TX-00000296,2026-01-12T00:00:00+00:00,WH-HAM,ELEC-1002,SALE,10,88.0,DEMO
TX-00000297,2026-01-13T00:00:00+00:00,WH-HAM,ELEC-1002,SALE,6,88.0,DEMO
TX-00000298,2026-01-14T00:00:00+00:00,WH-HAM,ELEC-1002,SALE,15,88.0,DEMO
TX-00000299,2026-01-15T00:00:00+00:00,WH-HAM,ELEC-1002,SALE,10,88.0,DEMO
TX-00000300,2026-01-15T12:00:00+00:00,WH-HAM,ELEC-1002,RECEIPT,700,74.8,DEMO
TX-00000301,2026-01-16T00:00:00+00:00,WH-HAM,ELEC-1002,SALE,8,88.0,DEMO
TX-00000302,2026-01-17T00:00:00+00:00,WH-HAM,ELEC-1002,SALE,12,88.0,DEMO
TX-00000303,2026-01-18T00:00:00+00:00,WH-HAM,ELEC-1002,SALE,8,88.0,DEMO
TX-00000304,2026-01-19T00:00:00+00:00,WH-HAM,ELEC-1002,SALE,8,88.0,DEMO
TX-00000305,2026-01-20T00:00:00+00:00,WH-HAM,ELEC-1002,SALE,17,88.0,DEMO
TX-00000306,2026-01-21T00:00:00+00:00,WH-HAM,ELEC-1002,SALE,12,88.0,DEMO
TX-00000307,2026-01-22T00:00:00+00:00,WH-HAM,ELEC-1002,SALE,10,88.0,DEMO
TX-00000308,2026-01-23T00:00:00+00:00,WH-HAM,ELEC-1002,SALE,11,88.0,DEMO
TX-00000309,2026-01-24T00:00:00+00:00,WH-HAM,ELEC-1002,SALE,10,88.0,DEMO
TX-00000310,2026-01-25T00:00:00+00:00,WH-HAM,ELEC-1002,SALE,4,88.0,DEMO
TX-00000311,2026-01-26T00:00:00+00:00,WH-HAM,ELEC-1002,SALE,11,88.0,DEMO
TX-00000312,2026-01-27T00:00:00+00:00,WH-HAM,ELEC-1002,SALE,7,88.0,DEMO
TX-00000313,2026-01-28T00:00:00+00:00,WH-HAM,ELEC-1002,SALE,11,88.0,DEMO
TX-00000314,2026-01-29T00:00:00+00:00,WH-HAM,ELEC-1002,SALE,10,88.0,DEMO
TX-00000315,2026-01-30T00:00:00+00:00,WH-HAM,ELEC-1002,SALE,11,88.0,DEMO
TX-00000316,2026-01-31T00:00:00+00:00,WH-HAM,ELEC-1002,SALE,10,88.0,DEMO
TX-00000317,2026-02-01T00:00:00+00:00,WH-HAM,ELEC-1002,SALE,15,88.0,DEMO
TX-00000318,2026-02-02T00:00:00+00:00,WH-HAM,ELEC-1002,SALE,11,88.0,DEMO
TX-00000319,2026-02-03T00:00:00+00:00,WH-HAM,ELEC-1002,SALE,14,88.0,DEMO
TX-00000320,2026-02-04T00:00:00+00:00,WH-HAM,ELEC-1002,SALE,16,88.0,DEMO
TX-00000321,2026-02-05T00:00:00+00:00,WH-HAM,ELEC-1002,SALE,14,88.0,DEMO
TX-00000322,2026-02-06T00:00:00+00:00,WH-HAM,ELEC-1002,SALE,10,88.0,DEMO
TX-00000323,2026-02-07T00:00:00+00:00,WH-HAM,ELEC-1002,SALE,13,88.0,DEMO
TX-00000324,2026-02-08T00:00:00+00:00,WH-HAM,ELEC-1002,SALE,10,88.0,DEMO
TX-00000325,2026-02-09T00:00:00+00:00,WH-HAM,ELEC-1002,SALE,10,88.0,DEMO
TX-00000326,2026-02-10T00:00:00+00:00,WH-HAM,ELEC-1002,SALE,15,88.0,DEMO
TX-00000327,2026-02-11T00:00:00+00:00,WH-HAM,ELEC-1002,SALE,12,88.0,DEMO
TX-00000328,2026-02-12T00:00:00+00:00,WH-HAM,ELEC-1002,SALE,14,88.0,DEMO
TX-00000329,2026-02-13T00:00:00+00:00,WH-HAM,ELEC-1002,SALE,10,88.0,DEMO
TX-00000330,2026-02-14T00:00:00+00:00,WH-HAM,ELEC-1002,SALE,5,88.0,DEMO
TX-00000331,2026-02-15T00:00:00+00:00,WH-HAM,ELEC-1002,SALE,9,88.0,DEMO
TX-00000332,2026-02-16T00:00:00+00:00,WH-HAM,ELEC-1002,SALE,12,88.0,DEMO
TX-00000333,2026-02-17T00:00:00+00:00,WH-HAM,ELEC-1002,SALE,6,88.0,DEMO
TX-00000334,2026-02-18T00:00:00+00:00,WH-HAM,ELEC-1002,SALE,16,88.0,DEMO
TX-00000335,2026-02-19T00:00:00+00:00,WH-HAM,ELEC-1002,SALE,9,88.0,DEMO
TX-00000336,2026-02-20T00:00:00+00:00,WH-HAM,ELEC-1002,SALE,13,88.0,DEMO
TX-00000337,2026-02-21T00:00:00+00:00,WH-HAM,ELEC-1002,SALE,11,88.0,DEMO
TX-00000338,2026-02-22T00:00:00+00:00,WH-HAM,ELEC-1002,SALE,13,88.0,DEMO
TX-00000339,2026-02-23T00:00:00+00:00,WH-HAM,ELEC-1002,SALE,8,88.0,DEMO
TX-00000340,2026-02-24T00:00:00+00:00,WH-HAM,ELEC-1002,SALE,6,88.0,DEMO
TX-00000341,2026-02-25T00:00:00+00:00,WH-HAM,ELEC-1002,SALE,16,88.0,DEMO
TX-00000342,2026-02-26T00:00:00+00:00,WH-HAM,ELEC-1002,SALE,14,88.0,DEMO
TX-00000343,2026-02-27T00:00:00+00:00,WH-HAM,ELEC-1002,SALE,9,88.0,DEMO
TX-00000344,2026-02-28T00:00:00+00:00,WH-HAM,ELEC-1002,SALE,13,88.0,DEMO
TX-00000345,2026-03-01T00:00:00+00:00,WH-HAM,ELEC-1002,SALE,5,88.0,DEMO
TX-00000346,2026-03-02T00:00:00+00:00,WH-HAM,ELEC-1002,SALE,17,88.0,DEMO
TX-00000347,2026-03-03T00:00:00+00:00,WH-HAM,ELEC-1002,SALE,15,88.0,DEMO
TX-00000348,2026-03-04T00:00:00+00:00,WH-HAM,ELEC-1002,SALE,12,88.0,DEMO
TX-00000349,2026-03-05T00:00:00+00:00,WH-HAM,ELEC-1002,SALE,9,88.0,DEMO
TX-00000350,2026-03-06T00:00:00+00:00,WH-HAM,ELEC-1002,SALE,15,88.0,DEMO
TX-00000351,2026-03-07T00:00:00+00:00,WH-HAM,ELEC-1002,SALE,8,88.0,DEMO
TX-00000352,2026-03-08T00:00:00+00:00,WH-HAM,ELEC-1002,SALE,11,88.0,DEMO
TX-00000353,2026-03-09T00:00:00+00:00,WH-HAM,ELEC-1002,SALE,13,88.0,DEMO
TX-00000354,2026-03-10T00:00:00+00:00,WH-HAM,ELEC-1002,SALE,20,88.0,DEMO
TX-00000355,2026-03-11T00:00:00+00:00,WH-HAM,ELEC-1002,SALE,10,88.0,DEMO
TX-00000356,2026-03-12T00:00:00+00:00,WH-HAM,ELEC-1002,SALE,9,88.0,DEMO
TX-00000357,2026-03-13T00:00:00+00:00,WH-HAM,ELEC-1002,SALE,10,88.0,DEMO
TX-00000358,2026-03-14T00:00:00+00:00,WH-HAM,ELEC-1002,SALE,7,88.0,DEMO
TX-00000359,2026-03-15T00:00:00+00:00,WH-HAM,ELEC-1002,SALE,8,88.0,DEMO
TX-00000360,2026-03-16T00:00:00+00:00,WH-HAM,ELEC-1002,SALE,15,88.0,DEMO
TX-00000361,2026-03-17T00:00:00+00:00,WH-HAM,ELEC-1002,SALE,17,88.0,DEMO
TX-00000362,2026-03-18T00:00:00+00:00,WH-HAM,ELEC-1002,SALE,12,88.0,DEMO
TX-00000363,2026-03-18T12:00:00+00:00,WH-HAM,ELEC-1002,RECEIPT,700,74.8,DEMO
TX-00000364,2026-03-19T00:00:00+00:00,WH-HAM,ELEC-1002,SALE,21,88.0,DEMO
TX-00000365,2026-03-20T00:00:00+00:00,WH-HAM,ELEC-1002,SALE,17,88.0,DEMO
TX-00000366,2026-03-21T00:00:00+00:00,WH-HAM,ELEC-1002,SALE,9,88.0,DEMO
TX-00000367,2026-03-22T00:00:00+00:00,WH-HAM,ELEC-1002,SALE,11,88.0,DEMO
TX-00000368,2026-03-23T00:00:00+00:00,WH-HAM,ELEC-1002,SALE,11,88.0,DEMO
TX-00000369,2026-03-24T00:00:00+00:00,WH-HAM,ELEC-1002,SALE,14,88.0,DEMO
TX-00000370,2026-03-25T00:00:00+00:00,WH-HAM,ELEC-1002,SALE,12,88.0,DEMO
TX-00000371,2026-03-26T00:00:00+00:00,WH-HAM,ELEC-1002,SALE,20,88.0,DEMO
TX-00000372,2026-03-27T00:00:00+00:00,WH-HAM,ELEC-1002,SALE,12,88.0,DEMO
TX-00000373,2026-03-28T00:00:00+00:00,WH-HAM,ELEC-1002,SALE,11,88.0,DEMO
TX-00000374,2026-03-29T00:00:00+00:00,WH-HAM,ELEC-1002,SALE,12,88.0,DEMO
TX-00000375,2026-03-30T00:00:00+00:00,WH-HAM,ELEC-1002,SALE,12,88.0,DEMO
TX-00000376,2026-03-31T00:00:00+00:00,WH-HAM,ELEC-1002,SALE,12,88.0,DEMO
TX-00000377,2026-04-01T00:00:00+00:00,WH-HAM,ELEC-1002,SALE,12,88.0,DEMO
TX-00000378,2026-04-02T00:00:00+00:00,WH-HAM,ELEC-1002,SALE,14,88.0,DEMO
TX-00000379,2026-04-03T00:00:00+00:00,WH-HAM,ELEC-1002,SALE,11,88.0,DEMO
TX-00000380,2026-04-04T00:00:00+00:00,WH-HAM,ELEC-1002,SALE,16,88.0,DEMO
TX-00000381,2026-04-05T00:00:00+00:00,WH-HAM,ELEC-1002,SALE,12,88.0,DEMO
TX-00000382,2026-04-06T00:00:00+00:00,WH-HAM,ELEC-1002,SALE,22,88.0,DEMO
TX-00000383,2026-04-07T00:00:00+00:00,WH-HAM,ELEC-1002,SALE,20,88.0,DEMO
TX-00000384,2026-04-08T00:00:00+00:00,WH-HAM,ELEC-1002,SALE,16,88.0,DEMO
TX-00000385,2026-04-09T00:00:00+00:00,WH-HAM,ELEC-1002,SALE,18,88.0,DEMO
TX-00000386,2026-04-10T00:00:00+00:00,WH-HAM,ELEC-1002,SALE,13,88.0,DEMO
TX-00000387,2026-04-11T00:00:00+00:00,WH-HAM,ELEC-1002,SALE,13,88.0,DEMO
TX-00000388,2026-04-12T00:00:00+00:00,WH-HAM,ELEC-1002,SALE,15,88.0,DEMO
TX-00000389,2026-04-13T00:00:00+00:00,WH-HAM,ELEC-1002,SALE,15,88.0,DEMO
TX-00000390,2026-04-14T00:00:00+00:00,WH-HAM,ELEC-1002,SALE,14,88.0,DEMO
TX-00000391,2026-04-15T00:00:00+00:00,WH-HAM,ELEC-1002,SALE,18,88.0,DEMO
TX-00000392,2026-04-16T00:00:00+00:00,WH-HAM,ELEC-1002,SALE,15,88.0,DEMO
TX-00000393,2026-04-17T00:00:00+00:00,WH-HAM,ELEC-1002,SALE,12,88.0,DEMO
TX-00000394,2026-04-18T00:00:00+00:00,WH-HAM,ELEC-1002,SALE,14,88.0,DEMO
TX-00000395,2026-04-19T00:00:00+00:00,WH-HAM,ELEC-1002,SALE,11,88.0,DEMO
TX-00000396,2026-04-20T00:00:00+00:00,WH-HAM,ELEC-1002,SALE,12,88.0,DEMO
TX-00000397,2026-04-21T00:00:00+00:00,WH-HAM,ELEC-1002,SALE,9,88.0,DEMO
TX-00000398,2026-04-22T00:00:00+00:00,WH-HAM,ELEC-1002,SALE,18,88.0,DEMO
TX-00000399,2026-04-23T00:00:00+00:00,WH-HAM,ELEC-1002,SALE,12,88.0,DEMO
TX-00000400,2026-04-24T00:00:00+00:00,WH-HAM,ELEC-1002,SALE,20,88.0,DEMO
TX-00000401,2026-04-25T00:00:00+00:00,WH-HAM,ELEC-1002,SALE,11,88.0,DEMO
TX-00000402,2026-04-26T00:00:00+00:00,WH-HAM,ELEC-1002,SALE,14,88.0,DEMO
TX-00000403,2026-04-27T00:00:00+00:00,WH-HAM,ELEC-1002,SALE,20,88.0,DEMO
TX-00000404,2026-04-28T00:00:00+00:00,WH-HAM,ELEC-1002,SALE,14,88.0,DEMO
TX-00000405,2026-04-29T00:00:00+00:00,WH-HAM,ELEC-1002,SALE,18,88.0,DEMO
TX-00000406,2026-04-30T00:00:00+00:00,WH-HAM,ELEC-1002,SALE,30,88.0,DEMO
TX-00000407,2026-05-01T00:00:00+00:00,WH-HAM,ELEC-1002,SALE,26,88.0,DEMO
TX-00000408,2026-05-02T00:00:00+00:00,WH-HAM,ELEC-1002,SALE,14,88.0,DEMO
TX-00000409,2026-05-03T00:00:00+00:00,WH-HAM,ELEC-1002,SALE,13,88.0,DEMO
TX-00000410,2026-05-04T00:00:00+00:00,WH-HAM,ELEC-1002,SALE,25,88.0,DEMO
TX-00000411,2026-05-04T12:00:00+00:00,WH-HAM,ELEC-1002,RECEIPT,700,74.8,DEMO
TX-00000412,2026-05-05T00:00:00+00:00,WH-HAM,ELEC-1002,SALE,15,88.0,DEMO
TX-00000413,2026-05-06T00:00:00+00:00,WH-HAM,ELEC-1002,SALE,28,88.0,DEMO
TX-00000414,2026-05-07T00:00:00+00:00,WH-HAM,ELEC-1002,SALE,19,88.0,DEMO
TX-00000415,2026-05-08T00:00:00+00:00,WH-HAM,ELEC-1002,SALE,18,88.0,DEMO
TX-00000416,2026-05-09T00:00:00+00:00,WH-HAM,ELEC-1002,SALE,17,88.0,DEMO
TX-00000417,2026-05-10T00:00:00+00:00,WH-HAM,ELEC-1002,SALE,14,88.0,DEMO
TX-00000418,2026-05-11T00:00:00+00:00,WH-HAM,ELEC-1002,SALE,14,88.0,DEMO
TX-00000419,2026-05-12T00:00:00+00:00,WH-HAM,ELEC-1002,SALE,14,88.0,DEMO
TX-00000420,2026-05-13T00:00:00+00:00,WH-HAM,ELEC-1002,SALE,13,88.0,DEMO
TX-00000421,2026-05-14T00:00:00+00:00,WH-HAM,ELEC-1002,SALE,13,88.0,DEMO
TX-00000422,2026-05-15T00:00:00+00:00,WH-HAM,ELEC-1002,SALE,13,88.0,DEMO
TX-00000423,2026-05-16T00:00:00+00:00,WH-HAM,ELEC-1002,SALE,12,88.0,DEMO
TX-00000424,2026-05-17T00:00:00+00:00,WH-HAM,ELEC-1002,SALE,7,88.0,DEMO
TX-00000425,2026-05-18T00:00:00+00:00,WH-HAM,ELEC-1002,SALE,6,88.0,DEMO
TX-00000426,2026-05-19T00:00:00+00:00,WH-HAM,ELEC-1002,SALE,7,88.0,DEMO
TX-00000427,2026-05-20T00:00:00+00:00,WH-HAM,ELEC-1002,SALE,14,88.0,DEMO
TX-00000428,2026-05-21T00:00:00+00:00,WH-HAM,ELEC-1002,SALE,10,88.0,DEMO
TX-00000429,2026-05-22T00:00:00+00:00,WH-HAM,ELEC-1002,SALE,15,88.0,DEMO
TX-00000430,2026-05-23T00:00:00+00:00,WH-HAM,ELEC-1002,SALE,17,88.0,DEMO
TX-00000431,2026-05-24T00:00:00+00:00,WH-HAM,ELEC-1002,SALE,5,88.0,DEMO
TX-00000432,2026-05-25T00:00:00+00:00,WH-HAM,ELEC-1002,SALE,13,88.0,DEMO
TX-00000433,2026-05-26T00:00:00+00:00,WH-HAM,ELEC-1002,SALE,12,88.0,DEMO
TX-00000434,2026-05-27T00:00:00+00:00,WH-HAM,ELEC-1002,SALE,14,88.0,DEMO
TX-00000435,2026-05-28T00:00:00+00:00,WH-HAM,ELEC-1002,SALE,12,88.0,DEMO
TX-00000436,2026-05-29T00:00:00+00:00,WH-HAM,ELEC-1002,SALE,16,88.0,DEMO
TX-00000437,2026-05-30T00:00:00+00:00,WH-HAM,ELEC-1002,SALE,7,88.0,DEMO
TX-00000438,2026-05-31T00:00:00+00:00,WH-HAM,ELEC-1002,SALE,7,88.0,DEMO
TX-00000439,2026-06-01T00:00:00+00:00,WH-HAM,ELEC-1002,SALE,14,88.0,DEMO
TX-00000440,2026-06-02T00:00:00+00:00,WH-HAM,ELEC-1002,SALE,14,88.0,DEMO
TX-00000441,2026-06-03T00:00:00+00:00,WH-HAM,ELEC-1002,SALE,13,88.0,DEMO
TX-00000442,2026-06-04T00:00:00+00:00,WH-HAM,ELEC-1002,SALE,7,88.0,DEMO
TX-00000443,2026-06-05T00:00:00+00:00,WH-HAM,ELEC-1002,SALE,10,88.0,DEMO
TX-00000444,2026-06-06T00:00:00+00:00,WH-HAM,ELEC-1002,SALE,10,88.0,DEMO
TX-00000445,2026-06-07T00:00:00+00:00,WH-HAM,ELEC-1002,SALE,10,88.0,DEMO
TX-00000446,2026-06-08T00:00:00+00:00,WH-HAM,ELEC-1002,SALE,17,88.0,DEMO
TX-00000447,2026-06-09T00:00:00+00:00,WH-HAM,ELEC-1002,SALE,15,88.0,DEMO
TX-00000448,2026-06-10T00:00:00+00:00,WH-HAM,ELEC-1002,SALE,15,88.0,DEMO
TX-00000449,2026-06-11T00:00:00+00:00,WH-HAM,ELEC-1002,SALE,15,88.0,DEMO
TX-00000450,2026-06-12T00:00:00+00:00,WH-HAM,ELEC-1002,SALE,23,88.0,DEMO
TX-00000451,2026-06-13T00:00:00+00:00,WH-HAM,ELEC-1002,SALE,9,88.0,DEMO
TX-00000452,2026-06-14T00:00:00+00:00,WH-HAM,ELEC-1002,SALE,10,88.0,DEMO
TX-00000453,2026-06-15T00:00:00+00:00,WH-HAM,ELEC-1002,SALE,13,88.0,DEMO
TX-00000454,2026-06-16T00:00:00+00:00,WH-HAM,ELEC-1002,SALE,16,88.0,DEMO
TX-00000455,2026-06-17T00:00:00+00:00,WH-HAM,ELEC-1002,SALE,10,88.0,DEMO
TX-00000456,2026-06-18T00:00:00+00:00,WH-HAM,ELEC-1002,SALE,11,88.0,DEMO
TX-00000457,2026-06-19T00:00:00+00:00,WH-HAM,ELEC-1002,SALE,22,88.0,DEMO
TX-00000458,2026-06-20T00:00:00+00:00,WH-HAM,ELEC-1002,SALE,7,88.0,DEMO
TX-00000459,2026-06-21T00:00:00+00:00,WH-HAM,ELEC-1002,SALE,10,88.0,DEMO
TX-00000460,2026-06-22T00:00:00+00:00,WH-HAM,ELEC-1002,SALE,16,88.0,DEMO
TX-00000461,2026-06-23T00:00:00+00:00,WH-HAM,ELEC-1002,SALE,9,88.0,DEMO
TX-00000462,2026-06-24T00:00:00+00:00,WH-HAM,ELEC-1002,SALE,13,88.0,DEMO
TX-00000463,2026-06-25T00:00:00+00:00,WH-HAM,ELEC-1002,SALE,11,88.0,DEMO
TX-00000464,2026-06-26T00:00:00+00:00,WH-HAM,ELEC-1002,SALE,8,88.0,DEMO
TX-00000465,2026-06-27T00:00:00+00:00,WH-HAM,ELEC-1002,SALE,12,88.0,DEMO
TX-00000466,2026-06-27T12:00:00+00:00,WH-HAM,ELEC-1002,RECEIPT,700,74.8,DEMO
TX-00000467,2026-06-28T00:00:00+00:00,WH-HAM,ELEC-1002,SALE,10,88.0,DEMO
TX-00000468,2026-06-29T00:00:00+00:00,WH-HAM,ELEC-1002,SALE,13,88.0,DEMO
TX-00000469,2026-06-30T00:00:00+00:00,WH-HAM,ELEC-1002,SALE,10,88.0,DEMO
TX-00000470,2026-07-01T00:00:00+00:00,WH-HAM,ELEC-1002,SALE,9,88.0,DEMO
TX-00000471,2026-07-02T00:00:00+00:00,WH-HAM,ELEC-1002,SALE,12,88.0,DEMO
TX-00000472,2026-07-03T00:00:00+00:00,WH-HAM,ELEC-1002,SALE,16,88.0,DEMO
TX-00000473,2026-07-04T00:00:00+00:00,WH-HAM,ELEC-1002,SALE,13,88.0,DEMO
TX-00000474,2026-07-05T00:00:00+00:00,WH-HAM,ELEC-1002,SALE,7,88.0,DEMO
TX-00000475,2026-07-06T00:00:00+00:00,WH-HAM,ELEC-1002,SALE,14,88.0,DEMO
TX-00000476,2026-07-07T00:00:00+00:00,WH-HAM,ELEC-1002,SALE,17,88.0,DEMO
TX-00000477,2026-07-08T00:00:00+00:00,WH-HAM,ELEC-1002,SALE,10,88.0,DEMO
TX-00000478,2026-07-09T00:00:00+00:00,WH-HAM,ELEC-1002,SALE,11,88.0,DEMO
TX-00000479,2026-07-10T00:00:00+00:00,WH-HAM,ELEC-1002,SALE,10,88.0,DEMO
TX-00000480,2026-07-11T00:00:00+00:00,WH-HAM,ELEC-1002,SALE,8,88.0,DEMO
TX-00000481,2026-07-12T00:00:00+00:00,WH-HAM,ELEC-1002,SALE,11,88.0,DEMO
TX-00000482,2026-07-13T00:00:00+00:00,WH-HAM,ELEC-1002,SALE,23,88.0,DEMO
TX-00000483,2026-07-14T00:00:00+00:00,WH-HAM,ELEC-1002,SALE,12,88.0,DEMO
TX-00000484,2026-07-15T00:00:00+00:00,WH-HAM,ELEC-1002,SALE,10,88.0,DEMO
TX-00000485,2026-07-16T00:00:00+00:00,WH-HAM,ELEC-1002,SALE,16,88.0,DEMO
TX-00000486,2026-07-17T00:00:00+00:00,WH-HAM,ELEC-1002,SALE,17,88.0,DEMO
TX-00000487,2026-07-18T00:00:00+00:00,WH-HAM,ELEC-1002,SALE,4,88.0,DEMO
TX-00000488,2026-07-19T00:00:00+00:00,WH-HAM,ELEC-1002,SALE,9,88.0,DEMO
TX-00000489,2026-07-20T00:00:00+00:00,WH-HAM,ELEC-1002,SALE,17,88.0,DEMO
TX-00000490,2026-07-21T00:00:00+00:00,WH-HAM,ELEC-1002,SALE,12,88.0,DEMO
TX-00000491,2026-07-22T00:00:00+00:00,WH-HAM,ELEC-1002,SALE,19,88.0,DEMO
TX-00000492,2025-11-25T00:00:00+00:00,WH-HAM,MECH-2001,SALE,33,7.25,DEMO
TX-00000493,2025-11-26T00:00:00+00:00,WH-HAM,MECH-2001,SALE,21,7.25,DEMO
TX-00000494,2025-11-27T00:00:00+00:00,WH-HAM,MECH-2001,SALE,24,7.25,DEMO
TX-00000495,2025-11-28T00:00:00+00:00,WH-HAM,MECH-2001,SALE,29,7.25,DEMO
TX-00000496,2025-11-29T00:00:00+00:00,WH-HAM,MECH-2001,SALE,27,7.25,DEMO
TX-00000497,2025-11-30T00:00:00+00:00,WH-HAM,MECH-2001,SALE,19,7.25,DEMO
TX-00000498,2025-12-01T00:00:00+00:00,WH-HAM,MECH-2001,SALE,23,7.25,DEMO
TX-00000499,2025-12-02T00:00:00+00:00,WH-HAM,MECH-2001,SALE,28,7.25,DEMO
TX-00000500,2025-12-03T00:00:00+00:00,WH-HAM,MECH-2001,SALE,36,7.25,DEMO
TX-00000501,2025-12-04T00:00:00+00:00,WH-HAM,MECH-2001,SALE,15,7.25,DEMO
TX-00000502,2025-12-05T00:00:00+00:00,WH-HAM,MECH-2001,SALE,32,7.25,DEMO
TX-00000503,2025-12-06T00:00:00+00:00,WH-HAM,MECH-2001,SALE,18,7.25,DEMO
TX-00000504,2025-12-07T00:00:00+00:00,WH-HAM,MECH-2001,SALE,29,7.25,DEMO
TX-00000505,2025-12-08T00:00:00+00:00,WH-HAM,MECH-2001,SALE,32,7.25,DEMO
TX-00000506,2025-12-08T12:00:00+00:00,WH-HAM,MECH-2001,RECEIPT,1200,6.1625,DEMO
TX-00000507,2025-12-09T00:00:00+00:00,WH-HAM,MECH-2001,SALE,23,7.25,DEMO
TX-00000508,2025-12-10T00:00:00+00:00,WH-HAM,MECH-2001,SALE,41,7.25,DEMO
TX-00000509,2025-12-11T00:00:00+00:00,WH-HAM,MECH-2001,SALE,29,7.25,DEMO
TX-00000510,2025-12-12T00:00:00+00:00,WH-HAM,MECH-2001,SALE,31,7.25,DEMO
TX-00000511,2025-12-13T00:00:00+00:00,WH-HAM,MECH-2001,SALE,20,7.25,DEMO
TX-00000512,2025-12-14T00:00:00+00:00,WH-HAM,MECH-2001,SALE,19,7.25,DEMO
TX-00000513,2025-12-15T00:00:00+00:00,WH-HAM,MECH-2001,SALE,31,7.25,DEMO
TX-00000514,2025-12-16T00:00:00+00:00,WH-HAM,MECH-2001,SALE,29,7.25,DEMO
TX-00000515,2025-12-17T00:00:00+00:00,WH-HAM,MECH-2001,SALE,40,7.25,DEMO
TX-00000516,2025-12-18T00:00:00+00:00,WH-HAM,MECH-2001,SALE,35,7.25,DEMO
TX-00000517,2025-12-19T00:00:00+00:00,WH-HAM,MECH-2001,SALE,31,7.25,DEMO
TX-00000518,2025-12-20T00:00:00+00:00,WH-HAM,MECH-2001,SALE,25,7.25,DEMO
TX-00000519,2025-12-21T00:00:00+00:00,WH-HAM,MECH-2001,SALE,22,7.25,DEMO
TX-00000520,2025-12-22T00:00:00+00:00,WH-HAM,MECH-2001,SALE,27,7.25,DEMO
TX-00000521,2025-12-23T00:00:00+00:00,WH-HAM,MECH-2001,SALE,39,7.25,DEMO
TX-00000522,2025-12-24T00:00:00+00:00,WH-HAM,MECH-2001,SALE,36,7.25,DEMO
TX-00000523,2025-12-25T00:00:00+00:00,WH-HAM,MECH-2001,SALE,33,7.25,DEMO
TX-00000524,2025-12-26T00:00:00+00:00,WH-HAM,MECH-2001,SALE,38,7.25,DEMO
TX-00000525,2025-12-27T00:00:00+00:00,WH-HAM,MECH-2001,SALE,19,7.25,DEMO
TX-00000526,2025-12-28T00:00:00+00:00,WH-HAM,MECH-2001,SALE,25,7.25,DEMO
TX-00000527,2025-12-29T00:00:00+00:00,WH-HAM,MECH-2001,SALE,20,7.25,DEMO
TX-00000528,2025-12-30T00:00:00+00:00,WH-HAM,MECH-2001,SALE,39,7.25,DEMO
TX-00000529,2025-12-31T00:00:00+00:00,WH-HAM,MECH-2001,SALE,30,7.25,DEMO
TX-00000530,2026-01-01T00:00:00+00:00,WH-HAM,MECH-2001,SALE,28,7.25,DEMO
TX-00000531,2026-01-02T00:00:00+00:00,WH-HAM,MECH-2001,SALE,27,7.25,DEMO
TX-00000532,2026-01-03T00:00:00+00:00,WH-HAM,MECH-2001,SALE,28,7.25,DEMO
TX-00000533,2026-01-04T00:00:00+00:00,WH-HAM,MECH-2001,SALE,20,7.25,DEMO
TX-00000534,2026-01-05T00:00:00+00:00,WH-HAM,MECH-2001,SALE,46,7.25,DEMO
TX-00000535,2026-01-06T00:00:00+00:00,WH-HAM,MECH-2001,SALE,35,7.25,DEMO
TX-00000536,2026-01-07T00:00:00+00:00,WH-HAM,MECH-2001,SALE,33,7.25,DEMO
TX-00000537,2026-01-08T00:00:00+00:00,WH-HAM,MECH-2001,SALE,32,7.25,DEMO
TX-00000538,2026-01-09T00:00:00+00:00,WH-HAM,MECH-2001,SALE,27,7.25,DEMO
TX-00000539,2026-01-10T00:00:00+00:00,WH-HAM,MECH-2001,SALE,29,7.25,DEMO
TX-00000540,2026-01-11T00:00:00+00:00,WH-HAM,MECH-2001,SALE,26,7.25,DEMO
TX-00000541,2026-01-12T00:00:00+00:00,WH-HAM,MECH-2001,SALE,43,7.25,DEMO
TX-00000542,2026-01-13T00:00:00+00:00,WH-HAM,MECH-2001,SALE,26,7.25,DEMO
TX-00000543,2026-01-14T00:00:00+00:00,WH-HAM,MECH-2001,SALE,24,7.25,DEMO
TX-00000544,2026-01-15T00:00:00+00:00,WH-HAM,MECH-2001,SALE,23,7.25,DEMO
TX-00000545,2026-01-16T00:00:00+00:00,WH-HAM,MECH-2001,SALE,39,7.25,DEMO
TX-00000546,2026-01-17T00:00:00+00:00,WH-HAM,MECH-2001,SALE,29,7.25,DEMO
TX-00000547,2026-01-17T12:00:00+00:00,WH-HAM,MECH-2001,RECEIPT,1200,6.1625,DEMO
TX-00000548,2026-01-18T00:00:00+00:00,WH-HAM,MECH-2001,SALE,32,7.25,DEMO
TX-00000549,2026-01-19T00:00:00+00:00,WH-HAM,MECH-2001,SALE,34,7.25,DEMO
TX-00000550,2026-01-20T00:00:00+00:00,WH-HAM,MECH-2001,SALE,32,7.25,DEMO
TX-00000551,2026-01-21T00:00:00+00:00,WH-HAM,MECH-2001,SALE,33,7.25,DEMO
TX-00000552,2026-01-22T00:00:00+00:00,WH-HAM,MECH-2001,SALE,39,7.25,DEMO
TX-00000553,2026-01-23T00:00:00+00:00,WH-HAM,MECH-2001,SALE,27,7.25,DEMO
TX-00000554,2026-01-24T00:00:00+00:00,WH-HAM,MECH-2001,SALE,31,7.25,DEMO
TX-00000555,2026-01-25T00:00:00+00:00,WH-HAM,MECH-2001,SALE,28,7.25,DEMO
TX-00000556,2026-01-26T00:00:00+00:00,WH-HAM,MECH-2001,SALE,24,7.25,DEMO
TX-00000557,2026-01-27T00:00:00+00:00,WH-HAM,MECH-2001,SALE,30,7.25,DEMO
TX-00000558,2026-01-28T00:00:00+00:00,WH-HAM,MECH-2001,SALE,30,7.25,DEMO
TX-00000559,2026-01-29T00:00:00+00:00,WH-HAM,MECH-2001,SALE,30,7.25,DEMO
TX-00000560,2026-01-30T00:00:00+00:00,WH-HAM,MECH-2001,SALE,36,7.25,DEMO
TX-00000561,2026-01-31T00:00:00+00:00,WH-HAM,MECH-2001,SALE,27,7.25,DEMO
TX-00000562,2026-02-01T00:00:00+00:00,WH-HAM,MECH-2001,SALE,29,7.25,DEMO
TX-00000563,2026-02-02T00:00:00+00:00,WH-HAM,MECH-2001,SALE,37,7.25,DEMO
TX-00000564,2026-02-03T00:00:00+00:00,WH-HAM,MECH-2001,SALE,33,7.25,DEMO
TX-00000565,2026-02-04T00:00:00+00:00,WH-HAM,MECH-2001,SALE,25,7.25,DEMO
TX-00000566,2026-02-05T00:00:00+00:00,WH-HAM,MECH-2001,SALE,33,7.25,DEMO
TX-00000567,2026-02-06T00:00:00+00:00,WH-HAM,MECH-2001,SALE,29,7.25,DEMO
TX-00000568,2026-02-07T00:00:00+00:00,WH-HAM,MECH-2001,SALE,27,7.25,DEMO
TX-00000569,2026-02-08T00:00:00+00:00,WH-HAM,MECH-2001,SALE,25,7.25,DEMO
TX-00000570,2026-02-09T00:00:00+00:00,WH-HAM,MECH-2001,SALE,34,7.25,DEMO
TX-00000571,2026-02-10T00:00:00+00:00,WH-HAM,MECH-2001,SALE,36,7.25,DEMO
TX-00000572,2026-02-11T00:00:00+00:00,WH-HAM,MECH-2001,SALE,24,7.25,DEMO
TX-00000573,2026-02-12T00:00:00+00:00,WH-HAM,MECH-2001,SALE,34,7.25,DEMO
TX-00000574,2026-02-13T00:00:00+00:00,WH-HAM,MECH-2001,SALE,35,7.25,DEMO
TX-00000575,2026-02-14T00:00:00+00:00,WH-HAM,MECH-2001,SALE,40,7.25,DEMO
TX-00000576,2026-02-15T00:00:00+00:00,WH-HAM,MECH-2001,SALE,21,7.25,DEMO
TX-00000577,2026-02-16T00:00:00+00:00,WH-HAM,MECH-2001,SALE,26,7.25,DEMO
TX-00000578,2026-02-17T00:00:00+00:00,WH-HAM,MECH-2001,SALE,34,7.25,DEMO
TX-00000579,2026-02-18T00:00:00+00:00,WH-HAM,MECH-2001,SALE,39,7.25,DEMO
TX-00000580,2026-02-19T00:00:00+00:00,WH-HAM,MECH-2001,SALE,36,7.25,DEMO
TX-00000581,2026-02-20T00:00:00+00:00,WH-HAM,MECH-2001,SALE,47,7.25,DEMO
TX-00000582,2026-02-21T00:00:00+00:00,WH-HAM,MECH-2001,SALE,28,7.25,DEMO
TX-00000583,2026-02-22T00:00:00+00:00,WH-HAM,MECH-2001,SALE,29,7.25,DEMO
TX-00000584,2026-02-23T00:00:00+00:00,WH-HAM,MECH-2001,SALE,40,7.25,DEMO
TX-00000585,2026-02-24T00:00:00+00:00,WH-HAM,MECH-2001,SALE,45,7.25,DEMO
TX-00000586,2026-02-24T12:00:00+00:00,WH-HAM,MECH-2001,RECEIPT,1200,6.1625,DEMO
TX-00000587,2026-02-25T00:00:00+00:00,WH-HAM,MECH-2001,SALE,31,7.25,DEMO
TX-00000588,2026-02-26T00:00:00+00:00,WH-HAM,MECH-2001,SALE,31,7.25,DEMO
TX-00000589,2026-02-27T00:00:00+00:00,WH-HAM,MECH-2001,SALE,36,7.25,DEMO
TX-00000590,2026-02-28T00:00:00+00:00,WH-HAM,MECH-2001,SALE,22,7.25,DEMO
TX-00000591,2026-03-01T00:00:00+00:00,WH-HAM,MECH-2001,SALE,32,7.25,DEMO
TX-00000592,2026-03-02T00:00:00+00:00,WH-HAM,MECH-2001,SALE,41,7.25,DEMO
TX-00000593,2026-03-03T00:00:00+00:00,WH-HAM,MECH-2001,SALE,32,7.25,DEMO
TX-00000594,2026-03-04T00:00:00+00:00,WH-HAM,MECH-2001,SALE,37,7.25,DEMO
TX-00000595,2026-03-05T00:00:00+00:00,WH-HAM,MECH-2001,SALE,38,7.25,DEMO
TX-00000596,2026-03-06T00:00:00+00:00,WH-HAM,MECH-2001,SALE,40,7.25,DEMO
TX-00000597,2026-03-07T00:00:00+00:00,WH-HAM,MECH-2001,SALE,24,7.25,DEMO
TX-00000598,2026-03-08T00:00:00+00:00,WH-HAM,MECH-2001,SALE,26,7.25,DEMO
TX-00000599,2026-03-09T00:00:00+00:00,WH-HAM,MECH-2001,SALE,41,7.25,DEMO
TX-00000600,2026-03-10T00:00:00+00:00,WH-HAM,MECH-2001,SALE,29,7.25,DEMO
TX-00000601,2026-03-11T00:00:00+00:00,WH-HAM,MECH-2001,SALE,32,7.25,DEMO
TX-00000602,2026-03-12T00:00:00+00:00,WH-HAM,MECH-2001,SALE,23,7.25,DEMO
TX-00000603,2026-03-13T00:00:00+00:00,WH-HAM,MECH-2001,SALE,29,7.25,DEMO
TX-00000604,2026-03-14T00:00:00+00:00,WH-HAM,MECH-2001,SALE,26,7.25,DEMO
TX-00000605,2026-03-15T00:00:00+00:00,WH-HAM,MECH-2001,SALE,35,7.25,DEMO
TX-00000606,2026-03-16T00:00:00+00:00,WH-HAM,MECH-2001,SALE,30,7.25,DEMO
TX-00000607,2026-03-17T00:00:00+00:00,WH-HAM,MECH-2001,SALE,37,7.25,DEMO
TX-00000608,2026-03-18T00:00:00+00:00,WH-HAM,MECH-2001,SALE,30,7.25,DEMO
TX-00000609,2026-03-19T00:00:00+00:00,WH-HAM,MECH-2001,SALE,40,7.25,DEMO
TX-00000610,2026-03-20T00:00:00+00:00,WH-HAM,MECH-2001,SALE,50,7.25,DEMO
TX-00000611,2026-03-21T00:00:00+00:00,WH-HAM,MECH-2001,SALE,24,7.25,DEMO
TX-00000612,2026-03-22T00:00:00+00:00,WH-HAM,MECH-2001,SALE,25,7.25,DEMO
TX-00000613,2026-03-23T00:00:00+00:00,WH-HAM,MECH-2001,SALE,22,7.25,DEMO
TX-00000614,2026-03-24T00:00:00+00:00,WH-HAM,MECH-2001,SALE,40,7.25,DEMO
TX-00000615,2026-03-25T00:00:00+00:00,WH-HAM,MECH-2001,SALE,35,7.25,DEMO
TX-00000616,2026-03-26T00:00:00+00:00,WH-HAM,MECH-2001,SALE,38,7.25,DEMO
TX-00000617,2026-03-27T00:00:00+00:00,WH-HAM,MECH-2001,SALE,42,7.25,DEMO
TX-00000618,2026-03-28T00:00:00+00:00,WH-HAM,MECH-2001,SALE,19,7.25,DEMO
TX-00000619,2026-03-29T00:00:00+00:00,WH-HAM,MECH-2001,SALE,29,7.25,DEMO
TX-00000620,2026-03-30T00:00:00+00:00,WH-HAM,MECH-2001,SALE,21,7.25,DEMO
TX-00000621,2026-03-31T00:00:00+00:00,WH-HAM,MECH-2001,SALE,35,7.25,DEMO
TX-00000622,2026-04-01T00:00:00+00:00,WH-HAM,MECH-2001,SALE,30,7.25,DEMO
TX-00000623,2026-04-02T00:00:00+00:00,WH-HAM,MECH-2001,SALE,47,7.25,DEMO
TX-00000624,2026-04-02T12:00:00+00:00,WH-HAM,MECH-2001,RECEIPT,1200,6.1625,DEMO
TX-00000625,2026-04-03T00:00:00+00:00,WH-HAM,MECH-2001,SALE,47,7.25,DEMO
TX-00000626,2026-04-04T00:00:00+00:00,WH-HAM,MECH-2001,SALE,29,7.25,DEMO
TX-00000627,2026-04-05T00:00:00+00:00,WH-HAM,MECH-2001,SALE,26,7.25,DEMO
TX-00000628,2026-04-06T00:00:00+00:00,WH-HAM,MECH-2001,SALE,29,7.25,DEMO
TX-00000629,2026-04-07T00:00:00+00:00,WH-HAM,MECH-2001,SALE,25,7.25,DEMO
TX-00000630,2026-04-08T00:00:00+00:00,WH-HAM,MECH-2001,SALE,43,7.25,DEMO
TX-00000631,2026-04-09T00:00:00+00:00,WH-HAM,MECH-2001,SALE,36,7.25,DEMO
TX-00000632,2026-04-10T00:00:00+00:00,WH-HAM,MECH-2001,SALE,34,7.25,DEMO
TX-00000633,2026-04-11T00:00:00+00:00,WH-HAM,MECH-2001,SALE,22,7.25,DEMO
TX-00000634,2026-04-12T00:00:00+00:00,WH-HAM,MECH-2001,SALE,22,7.25,DEMO
TX-00000635,2026-04-13T00:00:00+00:00,WH-HAM,MECH-2001,SALE,34,7.25,DEMO
TX-00000636,2026-04-14T00:00:00+00:00,WH-HAM,MECH-2001,SALE,31,7.25,DEMO
TX-00000637,2026-04-15T00:00:00+00:00,WH-HAM,MECH-2001,SALE,47,7.25,DEMO
TX-00000638,2026-04-16T00:00:00+00:00,WH-HAM,MECH-2001,SALE,29,7.25,DEMO
TX-00000639,2026-04-17T00:00:00+00:00,WH-HAM,MECH-2001,SALE,39,7.25,DEMO
TX-00000640,2026-04-18T00:00:00+00:00,WH-HAM,MECH-2001,SALE,17,7.25,DEMO
TX-00000641,2026-04-19T00:00:00+00:00,WH-HAM,MECH-2001,SALE,31,7.25,DEMO
TX-00000642,2026-04-20T00:00:00+00:00,WH-HAM,MECH-2001,SALE,33,7.25,DEMO
TX-00000643,2026-04-21T00:00:00+00:00,WH-HAM,MECH-2001,SALE,36,7.25,DEMO
TX-00000644,2026-04-22T00:00:00+00:00,WH-HAM,MECH-2001,SALE,35,7.25,DEMO
TX-00000645,2026-04-23T00:00:00+00:00,WH-HAM,MECH-2001,SALE,38,7.25,DEMO
TX-00000646,2026-04-24T00:00:00+00:00,WH-HAM,MECH-2001,SALE,44,7.25,DEMO
TX-00000647,2026-04-25T00:00:00+00:00,WH-HAM,MECH-2001,SALE,20,7.25,DEMO
TX-00000648,2026-04-26T00:00:00+00:00,WH-HAM,MECH-2001,SALE,30,7.25,DEMO
TX-00000649,2026-04-27T00:00:00+00:00,WH-HAM,MECH-2001,SALE,31,7.25,DEMO
TX-00000650,2026-04-28T00:00:00+00:00,WH-HAM,MECH-2001,SALE,34,7.25,DEMO
TX-00000651,2026-04-29T00:00:00+00:00,WH-HAM,MECH-2001,SALE,36,7.25,DEMO
TX-00000652,2026-04-30T00:00:00+00:00,WH-HAM,MECH-2001,SALE,33,7.25,DEMO
TX-00000653,2026-05-01T00:00:00+00:00,WH-HAM,MECH-2001,SALE,27,7.25,DEMO
TX-00000654,2026-05-02T00:00:00+00:00,WH-HAM,MECH-2001,SALE,22,7.25,DEMO
TX-00000655,2026-05-03T00:00:00+00:00,WH-HAM,MECH-2001,SALE,25,7.25,DEMO
TX-00000656,2026-05-04T00:00:00+00:00,WH-HAM,MECH-2001,SALE,33,7.25,DEMO
TX-00000657,2026-05-05T00:00:00+00:00,WH-HAM,MECH-2001,SALE,37,7.25,DEMO
TX-00000658,2026-05-06T00:00:00+00:00,WH-HAM,MECH-2001,SALE,35,7.25,DEMO
TX-00000659,2026-05-07T00:00:00+00:00,WH-HAM,MECH-2001,SALE,34,7.25,DEMO
TX-00000660,2026-05-08T00:00:00+00:00,WH-HAM,MECH-2001,SALE,40,7.25,DEMO
TX-00000661,2026-05-09T00:00:00+00:00,WH-HAM,MECH-2001,SALE,31,7.25,DEMO
TX-00000662,2026-05-09T12:00:00+00:00,WH-HAM,MECH-2001,RECEIPT,1200,6.1625,DEMO
TX-00000663,2026-05-10T00:00:00+00:00,WH-HAM,MECH-2001,SALE,35,7.25,DEMO
TX-00000664,2026-05-11T00:00:00+00:00,WH-HAM,MECH-2001,SALE,36,7.25,DEMO
TX-00000665,2026-05-12T00:00:00+00:00,WH-HAM,MECH-2001,SALE,42,7.25,DEMO
TX-00000666,2026-05-13T00:00:00+00:00,WH-HAM,MECH-2001,SALE,34,7.25,DEMO
TX-00000667,2026-05-14T00:00:00+00:00,WH-HAM,MECH-2001,SALE,30,7.25,DEMO
TX-00000668,2026-05-15T00:00:00+00:00,WH-HAM,MECH-2001,SALE,25,7.25,DEMO
TX-00000669,2026-05-16T00:00:00+00:00,WH-HAM,MECH-2001,SALE,35,7.25,DEMO
TX-00000670,2026-05-17T00:00:00+00:00,WH-HAM,MECH-2001,SALE,26,7.25,DEMO
TX-00000671,2026-05-18T00:00:00+00:00,WH-HAM,MECH-2001,SALE,33,7.25,DEMO
TX-00000672,2026-05-19T00:00:00+00:00,WH-HAM,MECH-2001,SALE,41,7.25,DEMO
TX-00000673,2026-05-20T00:00:00+00:00,WH-HAM,MECH-2001,SALE,28,7.25,DEMO
TX-00000674,2026-05-21T00:00:00+00:00,WH-HAM,MECH-2001,SALE,28,7.25,DEMO
TX-00000675,2026-05-22T00:00:00+00:00,WH-HAM,MECH-2001,SALE,28,7.25,DEMO
TX-00000676,2026-05-23T00:00:00+00:00,WH-HAM,MECH-2001,SALE,22,7.25,DEMO
TX-00000677,2026-05-24T00:00:00+00:00,WH-HAM,MECH-2001,SALE,23,7.25,DEMO
TX-00000678,2026-05-25T00:00:00+00:00,WH-HAM,MECH-2001,SALE,33,7.25,DEMO
TX-00000679,2026-05-26T00:00:00+00:00,WH-HAM,MECH-2001,SALE,41,7.25,DEMO
TX-00000680,2026-05-27T00:00:00+00:00,WH-HAM,MECH-2001,SALE,31,7.25,DEMO
TX-00000681,2026-05-28T00:00:00+00:00,WH-HAM,MECH-2001,SALE,34,7.25,DEMO
TX-00000682,2026-05-29T00:00:00+00:00,WH-HAM,MECH-2001,SALE,29,7.25,DEMO
TX-00000683,2026-05-30T00:00:00+00:00,WH-HAM,MECH-2001,SALE,35,7.25,DEMO
TX-00000684,2026-05-31T00:00:00+00:00,WH-HAM,MECH-2001,SALE,28,7.25,DEMO
TX-00000685,2026-06-01T00:00:00+00:00,WH-HAM,MECH-2001,SALE,27,7.25,DEMO
TX-00000686,2026-06-02T00:00:00+00:00,WH-HAM,MECH-2001,SALE,34,7.25,DEMO
TX-00000687,2026-06-03T00:00:00+00:00,WH-HAM,MECH-2001,SALE,35,7.25,DEMO
TX-00000688,2026-06-04T00:00:00+00:00,WH-HAM,MECH-2001,SALE,44,7.25,DEMO
TX-00000689,2026-06-05T00:00:00+00:00,WH-HAM,MECH-2001,SALE,18,7.25,DEMO
TX-00000690,2026-06-06T00:00:00+00:00,WH-HAM,MECH-2001,SALE,21,7.25,DEMO
TX-00000691,2026-06-07T00:00:00+00:00,WH-HAM,MECH-2001,SALE,20,7.25,DEMO
TX-00000692,2026-06-08T00:00:00+00:00,WH-HAM,MECH-2001,SALE,31,7.25,DEMO
TX-00000693,2026-06-09T00:00:00+00:00,WH-HAM,MECH-2001,SALE,30,7.25,DEMO
TX-00000694,2026-06-10T00:00:00+00:00,WH-HAM,MECH-2001,SALE,43,7.25,DEMO
TX-00000695,2026-06-11T00:00:00+00:00,WH-HAM,MECH-2001,SALE,33,7.25,DEMO
TX-00000696,2026-06-12T00:00:00+00:00,WH-HAM,MECH-2001,SALE,37,7.25,DEMO
TX-00000697,2026-06-13T00:00:00+00:00,WH-HAM,MECH-2001,SALE,23,7.25,DEMO
TX-00000698,2026-06-14T00:00:00+00:00,WH-HAM,MECH-2001,SALE,29,7.25,DEMO
TX-00000699,2026-06-15T00:00:00+00:00,WH-HAM,MECH-2001,SALE,43,7.25,DEMO
TX-00000700,2026-06-16T00:00:00+00:00,WH-HAM,MECH-2001,SALE,23,7.25,DEMO
TX-00000701,2026-06-16T12:00:00+00:00,WH-HAM,MECH-2001,RECEIPT,1200,6.1625,DEMO
TX-00000702,2026-06-17T00:00:00+00:00,WH-HAM,MECH-2001,SALE,38,7.25,DEMO
TX-00000703,2026-06-18T00:00:00+00:00,WH-HAM,MECH-2001,SALE,39,7.25,DEMO
TX-00000704,2026-06-19T00:00:00+00:00,WH-HAM,MECH-2001,SALE,28,7.25,DEMO
TX-00000705,2026-06-20T00:00:00+00:00,WH-HAM,MECH-2001,SALE,20,7.25,DEMO
TX-00000706,2026-06-21T00:00:00+00:00,WH-HAM,MECH-2001,SALE,23,7.25,DEMO
TX-00000707,2026-06-22T00:00:00+00:00,WH-HAM,MECH-2001,SALE,28,7.25,DEMO
TX-00000708,2026-06-23T00:00:00+00:00,WH-HAM,MECH-2001,SALE,30,7.25,DEMO
TX-00000709,2026-06-24T00:00:00+00:00,WH-HAM,MECH-2001,SALE,32,7.25,DEMO
TX-00000710,2026-06-25T00:00:00+00:00,WH-HAM,MECH-2001,SALE,27,7.25,DEMO
TX-00000711,2026-06-26T00:00:00+00:00,WH-HAM,MECH-2001,SALE,25,7.25,DEMO
TX-00000712,2026-06-27T00:00:00+00:00,WH-HAM,MECH-2001,SALE,24,7.25,DEMO
TX-00000713,2026-06-28T00:00:00+00:00,WH-HAM,MECH-2001,SALE,29,7.25,DEMO
TX-00000714,2026-06-29T00:00:00+00:00,WH-HAM,MECH-2001,SALE,24,7.25,DEMO
TX-00000715,2026-06-30T00:00:00+00:00,WH-HAM,MECH-2001,SALE,25,7.25,DEMO
TX-00000716,2026-07-01T00:00:00+00:00,WH-HAM,MECH-2001,SALE,32,7.25,DEMO
TX-00000717,2026-07-02T00:00:00+00:00,WH-HAM,MECH-2001,SALE,41,7.25,DEMO
TX-00000718,2026-07-03T00:00:00+00:00,WH-HAM,MECH-2001,SALE,32,7.25,DEMO
TX-00000719,2026-07-04T00:00:00+00:00,WH-HAM,MECH-2001,SALE,28,7.25,DEMO
TX-00000720,2026-07-05T00:00:00+00:00,WH-HAM,MECH-2001,SALE,23,7.25,DEMO
TX-00000721,2026-07-06T00:00:00+00:00,WH-HAM,MECH-2001,SALE,33,7.25,DEMO
TX-00000722,2026-07-07T00:00:00+00:00,WH-HAM,MECH-2001,SALE,41,7.25,DEMO
TX-00000723,2026-07-08T00:00:00+00:00,WH-HAM,MECH-2001,SALE,25,7.25,DEMO
TX-00000724,2026-07-09T00:00:00+00:00,WH-HAM,MECH-2001,SALE,32,7.25,DEMO
TX-00000725,2026-07-10T00:00:00+00:00,WH-HAM,MECH-2001,SALE,29,7.25,DEMO
TX-00000726,2026-07-11T00:00:00+00:00,WH-HAM,MECH-2001,SALE,22,7.25,DEMO
TX-00000727,2026-07-12T00:00:00+00:00,WH-HAM,MECH-2001,SALE,22,7.25,DEMO
TX-00000728,2026-07-13T00:00:00+00:00,WH-HAM,MECH-2001,SALE,21,7.25,DEMO
TX-00000729,2026-07-14T00:00:00+00:00,WH-HAM,MECH-2001,SALE,27,7.25,DEMO
TX-00000730,2026-07-15T00:00:00+00:00,WH-HAM,MECH-2001,SALE,29,7.25,DEMO
TX-00000731,2026-07-16T00:00:00+00:00,WH-HAM,MECH-2001,SALE,25,7.25,DEMO
TX-00000732,2026-07-17T00:00:00+00:00,WH-HAM,MECH-2001,SALE,19,7.25,DEMO
TX-00000733,2026-07-18T00:00:00+00:00,WH-HAM,MECH-2001,SALE,24,7.25,DEMO
TX-00000734,2026-07-19T00:00:00+00:00,WH-HAM,MECH-2001,SALE,24,7.25,DEMO
TX-00000735,2026-07-20T00:00:00+00:00,WH-HAM,MECH-2001,SALE,41,7.25,DEMO
TX-00000736,2026-07-21T00:00:00+00:00,WH-HAM,MECH-2001,SALE,37,7.25,DEMO
TX-00000737,2026-07-22T00:00:00+00:00,WH-HAM,MECH-2001,SALE,26,7.25,DEMO
TX-00000738,2025-11-25T00:00:00+00:00,WH-MUC,ELEC-1001,SALE,17,42.5,DEMO
TX-00000739,2025-11-26T00:00:00+00:00,WH-MUC,ELEC-1001,SALE,8,42.5,DEMO
TX-00000740,2025-11-27T00:00:00+00:00,WH-MUC,ELEC-1001,SALE,13,42.5,DEMO
TX-00000741,2025-11-28T00:00:00+00:00,WH-MUC,ELEC-1001,SALE,12,42.5,DEMO
TX-00000742,2025-11-29T00:00:00+00:00,WH-MUC,ELEC-1001,SALE,14,42.5,DEMO
TX-00000743,2025-11-30T00:00:00+00:00,WH-MUC,ELEC-1001,SALE,11,42.5,DEMO
TX-00000744,2025-12-01T00:00:00+00:00,WH-MUC,ELEC-1001,SALE,20,42.5,DEMO
TX-00000745,2025-12-02T00:00:00+00:00,WH-MUC,ELEC-1001,SALE,17,42.5,DEMO
TX-00000746,2025-12-03T00:00:00+00:00,WH-MUC,ELEC-1001,SALE,21,42.5,DEMO
TX-00000747,2025-12-04T00:00:00+00:00,WH-MUC,ELEC-1001,SALE,16,42.5,DEMO
TX-00000748,2025-12-05T00:00:00+00:00,WH-MUC,ELEC-1001,SALE,10,42.5,DEMO
TX-00000749,2025-12-06T00:00:00+00:00,WH-MUC,ELEC-1001,SALE,8,42.5,DEMO
TX-00000750,2025-12-07T00:00:00+00:00,WH-MUC,ELEC-1001,SALE,13,42.5,DEMO
TX-00000751,2025-12-08T00:00:00+00:00,WH-MUC,ELEC-1001,SALE,23,42.5,DEMO
TX-00000752,2025-12-09T00:00:00+00:00,WH-MUC,ELEC-1001,SALE,19,42.5,DEMO
TX-00000753,2025-12-10T00:00:00+00:00,WH-MUC,ELEC-1001,SALE,19,42.5,DEMO
TX-00000754,2025-12-11T00:00:00+00:00,WH-MUC,ELEC-1001,SALE,13,42.5,DEMO
TX-00000755,2025-12-12T00:00:00+00:00,WH-MUC,ELEC-1001,SALE,20,42.5,DEMO
TX-00000756,2025-12-13T00:00:00+00:00,WH-MUC,ELEC-1001,SALE,16,42.5,DEMO
TX-00000757,2025-12-14T00:00:00+00:00,WH-MUC,ELEC-1001,SALE,16,42.5,DEMO
TX-00000758,2025-12-15T00:00:00+00:00,WH-MUC,ELEC-1001,SALE,15,42.5,DEMO
TX-00000759,2025-12-16T00:00:00+00:00,WH-MUC,ELEC-1001,SALE,8,42.5,DEMO
TX-00000760,2025-12-17T00:00:00+00:00,WH-MUC,ELEC-1001,SALE,21,42.5,DEMO
TX-00000761,2025-12-18T00:00:00+00:00,WH-MUC,ELEC-1001,SALE,18,42.5,DEMO
TX-00000762,2025-12-19T00:00:00+00:00,WH-MUC,ELEC-1001,SALE,16,42.5,DEMO
TX-00000763,2025-12-20T00:00:00+00:00,WH-MUC,ELEC-1001,SALE,13,42.5,DEMO
TX-00000764,2025-12-21T00:00:00+00:00,WH-MUC,ELEC-1001,SALE,7,42.5,DEMO
TX-00000765,2025-12-22T00:00:00+00:00,WH-MUC,ELEC-1001,SALE,14,42.5,DEMO
TX-00000766,2025-12-23T00:00:00+00:00,WH-MUC,ELEC-1001,SALE,15,42.5,DEMO
TX-00000767,2025-12-24T00:00:00+00:00,WH-MUC,ELEC-1001,SALE,22,42.5,DEMO
TX-00000768,2025-12-25T00:00:00+00:00,WH-MUC,ELEC-1001,SALE,26,42.5,DEMO
TX-00000769,2025-12-26T00:00:00+00:00,WH-MUC,ELEC-1001,SALE,10,42.5,DEMO
TX-00000770,2025-12-27T00:00:00+00:00,WH-MUC,ELEC-1001,SALE,7,42.5,DEMO
TX-00000771,2025-12-28T00:00:00+00:00,WH-MUC,ELEC-1001,SALE,10,42.5,DEMO
TX-00000772,2025-12-29T00:00:00+00:00,WH-MUC,ELEC-1001,SALE,19,42.5,DEMO
TX-00000773,2025-12-29T12:00:00+00:00,WH-MUC,ELEC-1001,RECEIPT,700,36.125,DEMO
TX-00000774,2025-12-30T00:00:00+00:00,WH-MUC,ELEC-1001,SALE,17,42.5,DEMO
TX-00000775,2025-12-31T00:00:00+00:00,WH-MUC,ELEC-1001,SALE,13,42.5,DEMO
TX-00000776,2026-01-01T00:00:00+00:00,WH-MUC,ELEC-1001,SALE,21,42.5,DEMO
TX-00000777,2026-01-02T00:00:00+00:00,WH-MUC,ELEC-1001,SALE,17,42.5,DEMO
TX-00000778,2026-01-03T00:00:00+00:00,WH-MUC,ELEC-1001,SALE,7,42.5,DEMO
TX-00000779,2026-01-04T00:00:00+00:00,WH-MUC,ELEC-1001,SALE,12,42.5,DEMO
TX-00000780,2026-01-05T00:00:00+00:00,WH-MUC,ELEC-1001,SALE,24,42.5,DEMO
TX-00000781,2026-01-06T00:00:00+00:00,WH-MUC,ELEC-1001,SALE,25,42.5,DEMO
TX-00000782,2026-01-07T00:00:00+00:00,WH-MUC,ELEC-1001,SALE,20,42.5,DEMO
TX-00000783,2026-01-08T00:00:00+00:00,WH-MUC,ELEC-1001,SALE,24,42.5,DEMO
TX-00000784,2026-01-09T00:00:00+00:00,WH-MUC,ELEC-1001,SALE,10,42.5,DEMO
TX-00000785,2026-01-10T00:00:00+00:00,WH-MUC,ELEC-1001,SALE,20,42.5,DEMO
TX-00000786,2026-01-11T00:00:00+00:00,WH-MUC,ELEC-1001,SALE,17,42.5,DEMO
TX-00000787,2026-01-12T00:00:00+00:00,WH-MUC,ELEC-1001,SALE,19,42.5,DEMO
TX-00000788,2026-01-13T00:00:00+00:00,WH-MUC,ELEC-1001,SALE,20,42.5,DEMO
TX-00000789,2026-01-14T00:00:00+00:00,WH-MUC,ELEC-1001,SALE,17,42.5,DEMO
TX-00000790,2026-01-15T00:00:00+00:00,WH-MUC,ELEC-1001,SALE,16,42.5,DEMO
TX-00000791,2026-01-16T00:00:00+00:00,WH-MUC,ELEC-1001,SALE,15,42.5,DEMO
TX-00000792,2026-01-17T00:00:00+00:00,WH-MUC,ELEC-1001,SALE,16,42.5,DEMO
TX-00000793,2026-01-18T00:00:00+00:00,WH-MUC,ELEC-1001,SALE,17,42.5,DEMO
TX-00000794,2026-01-19T00:00:00+00:00,WH-MUC,ELEC-1001,SALE,16,42.5,DEMO
TX-00000795,2026-01-20T00:00:00+00:00,WH-MUC,ELEC-1001,SALE,12,42.5,DEMO
TX-00000796,2026-01-21T00:00:00+00:00,WH-MUC,ELEC-1001,SALE,24,42.5,DEMO
TX-00000797,2026-01-22T00:00:00+00:00,WH-MUC,ELEC-1001,SALE,16,42.5,DEMO
TX-00000798,2026-01-23T00:00:00+00:00,WH-MUC,ELEC-1001,SALE,21,42.5,DEMO
TX-00000799,2026-01-24T00:00:00+00:00,WH-MUC,ELEC-1001,SALE,19,42.5,DEMO
TX-00000800,2026-01-25T00:00:00+00:00,WH-MUC,ELEC-1001,SALE,21,42.5,DEMO
TX-00000801,2026-01-26T00:00:00+00:00,WH-MUC,ELEC-1001,SALE,17,42.5,DEMO
TX-00000802,2026-01-27T00:00:00+00:00,WH-MUC,ELEC-1001,SALE,18,42.5,DEMO
TX-00000803,2026-01-28T00:00:00+00:00,WH-MUC,ELEC-1001,SALE,29,42.5,DEMO
TX-00000804,2026-01-29T00:00:00+00:00,WH-MUC,ELEC-1001,SALE,21,42.5,DEMO
TX-00000805,2026-01-30T00:00:00+00:00,WH-MUC,ELEC-1001,SALE,14,42.5,DEMO
TX-00000806,2026-01-31T00:00:00+00:00,WH-MUC,ELEC-1001,SALE,16,42.5,DEMO
TX-00000807,2026-02-01T00:00:00+00:00,WH-MUC,ELEC-1001,SALE,23,42.5,DEMO
TX-00000808,2026-02-02T00:00:00+00:00,WH-MUC,ELEC-1001,SALE,17,42.5,DEMO
TX-00000809,2026-02-03T00:00:00+00:00,WH-MUC,ELEC-1001,SALE,25,42.5,DEMO
TX-00000810,2026-02-04T00:00:00+00:00,WH-MUC,ELEC-1001,SALE,24,42.5,DEMO
TX-00000811,2026-02-05T00:00:00+00:00,WH-MUC,ELEC-1001,SALE,25,42.5,DEMO
TX-00000812,2026-02-05T12:00:00+00:00,WH-MUC,ELEC-1001,RECEIPT,700,36.125,DEMO
TX-00000813,2026-02-06T00:00:00+00:00,WH-MUC,ELEC-1001,SALE,25,42.5,DEMO
TX-00000814,2026-02-07T00:00:00+00:00,WH-MUC,ELEC-1001,SALE,14,42.5,DEMO
TX-00000815,2026-02-08T00:00:00+00:00,WH-MUC,ELEC-1001,SALE,26,42.5,DEMO
TX-00000816,2026-02-09T00:00:00+00:00,WH-MUC,ELEC-1001,SALE,24,42.5,DEMO
TX-00000817,2026-02-10T00:00:00+00:00,WH-MUC,ELEC-1001,SALE,16,42.5,DEMO
TX-00000818,2026-02-11T00:00:00+00:00,WH-MUC,ELEC-1001,SALE,22,42.5,DEMO
TX-00000819,2026-02-12T00:00:00+00:00,WH-MUC,ELEC-1001,SALE,23,42.5,DEMO
TX-00000820,2026-02-13T00:00:00+00:00,WH-MUC,ELEC-1001,SALE,21,42.5,DEMO
TX-00000821,2026-02-14T00:00:00+00:00,WH-MUC,ELEC-1001,SALE,18,42.5,DEMO
TX-00000822,2026-02-15T00:00:00+00:00,WH-MUC,ELEC-1001,SALE,19,42.5,DEMO
TX-00000823,2026-02-16T00:00:00+00:00,WH-MUC,ELEC-1001,SALE,27,42.5,DEMO
TX-00000824,2026-02-17T00:00:00+00:00,WH-MUC,ELEC-1001,SALE,23,42.5,DEMO
TX-00000825,2026-02-18T00:00:00+00:00,WH-MUC,ELEC-1001,SALE,15,42.5,DEMO
TX-00000826,2026-02-19T00:00:00+00:00,WH-MUC,ELEC-1001,SALE,23,42.5,DEMO
TX-00000827,2026-02-20T00:00:00+00:00,WH-MUC,ELEC-1001,SALE,25,42.5,DEMO
TX-00000828,2026-02-21T00:00:00+00:00,WH-MUC,ELEC-1001,SALE,18,42.5,DEMO
TX-00000829,2026-02-22T00:00:00+00:00,WH-MUC,ELEC-1001,SALE,18,42.5,DEMO
TX-00000830,2026-02-23T00:00:00+00:00,WH-MUC,ELEC-1001,SALE,20,42.5,DEMO
TX-00000831,2026-02-24T00:00:00+00:00,WH-MUC,ELEC-1001,SALE,29,42.5,DEMO
TX-00000832,2026-02-25T00:00:00+00:00,WH-MUC,ELEC-1001,SALE,23,42.5,DEMO
TX-00000833,2026-02-26T00:00:00+00:00,WH-MUC,ELEC-1001,SALE,12,42.5,DEMO
TX-00000834,2026-02-27T00:00:00+00:00,WH-MUC,ELEC-1001,SALE,18,42.5,DEMO
TX-00000835,2026-02-28T00:00:00+00:00,WH-MUC,ELEC-1001,SALE,26,42.5,DEMO
TX-00000836,2026-03-01T00:00:00+00:00,WH-MUC,ELEC-1001,SALE,14,42.5,DEMO
TX-00000837,2026-03-02T00:00:00+00:00,WH-MUC,ELEC-1001,SALE,21,42.5,DEMO
TX-00000838,2026-03-03T00:00:00+00:00,WH-MUC,ELEC-1001,SALE,21,42.5,DEMO
TX-00000839,2026-03-04T00:00:00+00:00,WH-MUC,ELEC-1001,SALE,28,42.5,DEMO
TX-00000840,2026-03-05T00:00:00+00:00,WH-MUC,ELEC-1001,SALE,22,42.5,DEMO
TX-00000841,2026-03-06T00:00:00+00:00,WH-MUC,ELEC-1001,SALE,24,42.5,DEMO
TX-00000842,2026-03-07T00:00:00+00:00,WH-MUC,ELEC-1001,SALE,14,42.5,DEMO
TX-00000843,2026-03-08T00:00:00+00:00,WH-MUC,ELEC-1001,SALE,17,42.5,DEMO
TX-00000844,2026-03-09T00:00:00+00:00,WH-MUC,ELEC-1001,SALE,29,42.5,DEMO
TX-00000845,2026-03-10T00:00:00+00:00,WH-MUC,ELEC-1001,SALE,33,42.5,DEMO
TX-00000846,2026-03-10T12:00:00+00:00,WH-MUC,ELEC-1001,RECEIPT,700,36.125,DEMO
TX-00000847,2026-03-11T00:00:00+00:00,WH-MUC,ELEC-1001,SALE,26,42.5,DEMO
TX-00000848,2026-03-12T00:00:00+00:00,WH-MUC,ELEC-1001,SALE,22,42.5,DEMO
TX-00000849,2026-03-13T00:00:00+00:00,WH-MUC,ELEC-1001,SALE,16,42.5,DEMO
TX-00000850,2026-03-14T00:00:00+00:00,WH-MUC,ELEC-1001,SALE,23,42.5,DEMO
TX-00000851,2026-03-15T00:00:00+00:00,WH-MUC,ELEC-1001,SALE,14,42.5,DEMO
TX-00000852,2026-03-16T00:00:00+00:00,WH-MUC,ELEC-1001,SALE,19,42.5,DEMO
TX-00000853,2026-03-17T00:00:00+00:00,WH-MUC,ELEC-1001,SALE,25,42.5,DEMO
TX-00000854,2026-03-18T00:00:00+00:00,WH-MUC,ELEC-1001,SALE,31,42.5,DEMO
TX-00000855,2026-03-19T00:00:00+00:00,WH-MUC,ELEC-1001,SALE,26,42.5,DEMO
TX-00000856,2026-03-20T00:00:00+00:00,WH-MUC,ELEC-1001,SALE,26,42.5,DEMO
TX-00000857,2026-03-21T00:00:00+00:00,WH-MUC,ELEC-1001,SALE,19,42.5,DEMO
TX-00000858,2026-03-22T00:00:00+00:00,WH-MUC,ELEC-1001,SALE,16,42.5,DEMO
TX-00000859,2026-03-23T00:00:00+00:00,WH-MUC,ELEC-1001,SALE,24,42.5,DEMO
TX-00000860,2026-03-24T00:00:00+00:00,WH-MUC,ELEC-1001,SALE,23,42.5,DEMO
TX-00000861,2026-03-25T00:00:00+00:00,WH-MUC,ELEC-1001,SALE,20,42.5,DEMO
TX-00000862,2026-03-26T00:00:00+00:00,WH-MUC,ELEC-1001,SALE,19,42.5,DEMO
TX-00000863,2026-03-27T00:00:00+00:00,WH-MUC,ELEC-1001,SALE,21,42.5,DEMO
TX-00000864,2026-03-28T00:00:00+00:00,WH-MUC,ELEC-1001,SALE,18,42.5,DEMO
TX-00000865,2026-03-29T00:00:00+00:00,WH-MUC,ELEC-1001,SALE,28,42.5,DEMO
TX-00000866,2026-03-30T00:00:00+00:00,WH-MUC,ELEC-1001,SALE,27,42.5,DEMO
TX-00000867,2026-03-31T00:00:00+00:00,WH-MUC,ELEC-1001,SALE,21,42.5,DEMO
TX-00000868,2026-04-01T00:00:00+00:00,WH-MUC,ELEC-1001,SALE,27,42.5,DEMO
TX-00000869,2026-04-02T00:00:00+00:00,WH-MUC,ELEC-1001,SALE,25,42.5,DEMO
TX-00000870,2026-04-03T00:00:00+00:00,WH-MUC,ELEC-1001,SALE,23,42.5,DEMO
TX-00000871,2026-04-04T00:00:00+00:00,WH-MUC,ELEC-1001,SALE,12,42.5,DEMO
TX-00000872,2026-04-05T00:00:00+00:00,WH-MUC,ELEC-1001,SALE,19,42.5,DEMO
TX-00000873,2026-04-06T00:00:00+00:00,WH-MUC,ELEC-1001,SALE,30,42.5,DEMO
TX-00000874,2026-04-07T00:00:00+00:00,WH-MUC,ELEC-1001,SALE,26,42.5,DEMO
TX-00000875,2026-04-08T00:00:00+00:00,WH-MUC,ELEC-1001,SALE,31,42.5,DEMO
TX-00000876,2026-04-09T00:00:00+00:00,WH-MUC,ELEC-1001,SALE,33,42.5,DEMO
TX-00000877,2026-04-09T12:00:00+00:00,WH-MUC,ELEC-1001,RECEIPT,700,36.125,DEMO
TX-00000878,2026-04-10T00:00:00+00:00,WH-MUC,ELEC-1001,SALE,30,42.5,DEMO
TX-00000879,2026-04-11T00:00:00+00:00,WH-MUC,ELEC-1001,SALE,14,42.5,DEMO
TX-00000880,2026-04-12T00:00:00+00:00,WH-MUC,ELEC-1001,SALE,18,42.5,DEMO
TX-00000881,2026-04-13T00:00:00+00:00,WH-MUC,ELEC-1001,SALE,19,42.5,DEMO
TX-00000882,2026-04-14T00:00:00+00:00,WH-MUC,ELEC-1001,SALE,23,42.5,DEMO
TX-00000883,2026-04-15T00:00:00+00:00,WH-MUC,ELEC-1001,SALE,32,42.5,DEMO
TX-00000884,2026-04-16T00:00:00+00:00,WH-MUC,ELEC-1001,SALE,18,42.5,DEMO
TX-00000885,2026-04-17T00:00:00+00:00,WH-MUC,ELEC-1001,SALE,33,42.5,DEMO
TX-00000886,2026-04-18T00:00:00+00:00,WH-MUC,ELEC-1001,SALE,17,42.5,DEMO
TX-00000887,2026-04-19T00:00:00+00:00,WH-MUC,ELEC-1001,SALE,28,42.5,DEMO
TX-00000888,2026-04-20T00:00:00+00:00,WH-MUC,ELEC-1001,SALE,27,42.5,DEMO
TX-00000889,2026-04-21T00:00:00+00:00,WH-MUC,ELEC-1001,SALE,29,42.5,DEMO
TX-00000890,2026-04-22T00:00:00+00:00,WH-MUC,ELEC-1001,SALE,19,42.5,DEMO
TX-00000891,2026-04-23T00:00:00+00:00,WH-MUC,ELEC-1001,SALE,20,42.5,DEMO
TX-00000892,2026-04-24T00:00:00+00:00,WH-MUC,ELEC-1001,SALE,33,42.5,DEMO
TX-00000893,2026-04-25T00:00:00+00:00,WH-MUC,ELEC-1001,SALE,32,42.5,DEMO
TX-00000894,2026-04-26T00:00:00+00:00,WH-MUC,ELEC-1001,SALE,31,42.5,DEMO
TX-00000895,2026-04-27T00:00:00+00:00,WH-MUC,ELEC-1001,SALE,36,42.5,DEMO
TX-00000896,2026-04-28T00:00:00+00:00,WH-MUC,ELEC-1001,SALE,43,42.5,DEMO
TX-00000897,2026-04-29T00:00:00+00:00,WH-MUC,ELEC-1001,SALE,45,42.5,DEMO
TX-00000898,2026-04-30T00:00:00+00:00,WH-MUC,ELEC-1001,SALE,51,42.5,DEMO
TX-00000899,2026-05-01T00:00:00+00:00,WH-MUC,ELEC-1001,SALE,47,42.5,DEMO
TX-00000900,2026-05-02T00:00:00+00:00,WH-MUC,ELEC-1001,SALE,26,42.5,DEMO
TX-00000901,2026-05-03T00:00:00+00:00,WH-MUC,ELEC-1001,SALE,24,42.5,DEMO
TX-00000902,2026-05-03T12:00:00+00:00,WH-MUC,ELEC-1001,RECEIPT,700,36.125,DEMO
TX-00000903,2026-05-04T00:00:00+00:00,WH-MUC,ELEC-1001,SALE,31,42.5,DEMO
TX-00000904,2026-05-05T00:00:00+00:00,WH-MUC,ELEC-1001,SALE,36,42.5,DEMO
TX-00000905,2026-05-06T00:00:00+00:00,WH-MUC,ELEC-1001,SALE,38,42.5,DEMO
TX-00000906,2026-05-07T00:00:00+00:00,WH-MUC,ELEC-1001,SALE,35,42.5,DEMO
TX-00000907,2026-05-08T00:00:00+00:00,WH-MUC,ELEC-1001,SALE,30,42.5,DEMO
TX-00000908,2026-05-09T00:00:00+00:00,WH-MUC,ELEC-1001,SALE,14,42.5,DEMO
TX-00000909,2026-05-10T00:00:00+00:00,WH-MUC,ELEC-1001,SALE,22,42.5,DEMO
TX-00000910,2026-05-11T00:00:00+00:00,WH-MUC,ELEC-1001,SALE,31,42.5,DEMO
TX-00000911,2026-05-12T00:00:00+00:00,WH-MUC,ELEC-1001,SALE,30,42.5,DEMO
TX-00000912,2026-05-13T00:00:00+00:00,WH-MUC,ELEC-1001,SALE,23,42.5,DEMO
TX-00000913,2026-05-14T00:00:00+00:00,WH-MUC,ELEC-1001,SALE,28,42.5,DEMO
TX-00000914,2026-05-15T00:00:00+00:00,WH-MUC,ELEC-1001,SALE,34,42.5,DEMO
TX-00000915,2026-05-16T00:00:00+00:00,WH-MUC,ELEC-1001,SALE,19,42.5,DEMO
TX-00000916,2026-05-17T00:00:00+00:00,WH-MUC,ELEC-1001,SALE,15,42.5,DEMO
TX-00000917,2026-05-18T00:00:00+00:00,WH-MUC,ELEC-1001,SALE,23,42.5,DEMO
TX-00000918,2026-05-19T00:00:00+00:00,WH-MUC,ELEC-1001,SALE,21,42.5,DEMO
TX-00000919,2026-05-20T00:00:00+00:00,WH-MUC,ELEC-1001,SALE,15,42.5,DEMO
TX-00000920,2026-05-21T00:00:00+00:00,WH-MUC,ELEC-1001,SALE,24,42.5,DEMO
TX-00000921,2026-05-22T00:00:00+00:00,WH-MUC,ELEC-1001,SALE,24,42.5,DEMO
TX-00000922,2026-05-23T00:00:00+00:00,WH-MUC,ELEC-1001,SALE,18,42.5,DEMO
TX-00000923,2026-05-24T00:00:00+00:00,WH-MUC,ELEC-1001,SALE,18,42.5,DEMO
TX-00000924,2026-05-25T00:00:00+00:00,WH-MUC,ELEC-1001,SALE,22,42.5,DEMO
TX-00000925,2026-05-26T00:00:00+00:00,WH-MUC,ELEC-1001,SALE,31,42.5,DEMO
TX-00000926,2026-05-27T00:00:00+00:00,WH-MUC,ELEC-1001,SALE,26,42.5,DEMO
TX-00000927,2026-05-28T00:00:00+00:00,WH-MUC,ELEC-1001,SALE,28,42.5,DEMO
TX-00000928,2026-05-29T00:00:00+00:00,WH-MUC,ELEC-1001,SALE,27,42.5,DEMO
TX-00000929,2026-05-30T00:00:00+00:00,WH-MUC,ELEC-1001,SALE,17,42.5,DEMO
TX-00000930,2026-05-31T00:00:00+00:00,WH-MUC,ELEC-1001,SALE,24,42.5,DEMO
TX-00000931,2026-05-31T12:00:00+00:00,WH-MUC,ELEC-1001,RECEIPT,700,36.125,DEMO
TX-00000932,2026-06-01T00:00:00+00:00,WH-MUC,ELEC-1001,SALE,25,42.5,DEMO
TX-00000933,2026-06-02T00:00:00+00:00,WH-MUC,ELEC-1001,SALE,29,42.5,DEMO
TX-00000934,2026-06-03T00:00:00+00:00,WH-MUC,ELEC-1001,SALE,24,42.5,DEMO
TX-00000935,2026-06-04T00:00:00+00:00,WH-MUC,ELEC-1001,SALE,20,42.5,DEMO
TX-00000936,2026-06-05T00:00:00+00:00,WH-MUC,ELEC-1001,SALE,20,42.5,DEMO
TX-00000937,2026-06-06T00:00:00+00:00,WH-MUC,ELEC-1001,SALE,13,42.5,DEMO
TX-00000938,2026-06-07T00:00:00+00:00,WH-MUC,ELEC-1001,SALE,14,42.5,DEMO
TX-00000939,2026-06-08T00:00:00+00:00,WH-MUC,ELEC-1001,SALE,25,42.5,DEMO
TX-00000940,2026-06-09T00:00:00+00:00,WH-MUC,ELEC-1001,SALE,29,42.5,DEMO
TX-00000941,2026-06-10T00:00:00+00:00,WH-MUC,ELEC-1001,SALE,23,42.5,DEMO
TX-00000942,2026-06-11T00:00:00+00:00,WH-MUC,ELEC-1001,SALE,28,42.5,DEMO
TX-00000943,2026-06-12T00:00:00+00:00,WH-MUC,ELEC-1001,SALE,18,42.5,DEMO
TX-00000944,2026-06-13T00:00:00+00:00,WH-MUC,ELEC-1001,SALE,24,42.5,DEMO
TX-00000945,2026-06-14T00:00:00+00:00,WH-MUC,ELEC-1001,SALE,15,42.5,DEMO
TX-00000946,2026-06-15T00:00:00+00:00,WH-MUC,ELEC-1001,SALE,21,42.5,DEMO
TX-00000947,2026-06-16T00:00:00+00:00,WH-MUC,ELEC-1001,SALE,23,42.5,DEMO
TX-00000948,2026-06-17T00:00:00+00:00,WH-MUC,ELEC-1001,SALE,24,42.5,DEMO
TX-00000949,2026-06-18T00:00:00+00:00,WH-MUC,ELEC-1001,SALE,25,42.5,DEMO
TX-00000950,2026-06-19T00:00:00+00:00,WH-MUC,ELEC-1001,SALE,30,42.5,DEMO
TX-00000951,2026-06-20T00:00:00+00:00,WH-MUC,ELEC-1001,SALE,21,42.5,DEMO
TX-00000952,2026-06-21T00:00:00+00:00,WH-MUC,ELEC-1001,SALE,22,42.5,DEMO
TX-00000953,2026-06-22T00:00:00+00:00,WH-MUC,ELEC-1001,SALE,19,42.5,DEMO
TX-00000954,2026-06-23T00:00:00+00:00,WH-MUC,ELEC-1001,SALE,27,42.5,DEMO
TX-00000955,2026-06-24T00:00:00+00:00,WH-MUC,ELEC-1001,SALE,27,42.5,DEMO
TX-00000956,2026-06-25T00:00:00+00:00,WH-MUC,ELEC-1001,SALE,24,42.5,DEMO
TX-00000957,2026-06-26T00:00:00+00:00,WH-MUC,ELEC-1001,SALE,32,42.5,DEMO
TX-00000958,2026-06-27T00:00:00+00:00,WH-MUC,ELEC-1001,SALE,15,42.5,DEMO
TX-00000959,2026-06-28T00:00:00+00:00,WH-MUC,ELEC-1001,SALE,26,42.5,DEMO
TX-00000960,2026-06-29T00:00:00+00:00,WH-MUC,ELEC-1001,SALE,26,42.5,DEMO
TX-00000961,2026-06-30T00:00:00+00:00,WH-MUC,ELEC-1001,SALE,21,42.5,DEMO
TX-00000962,2026-07-01T00:00:00+00:00,WH-MUC,ELEC-1001,SALE,24,42.5,DEMO
TX-00000963,2026-07-01T12:00:00+00:00,WH-MUC,ELEC-1001,RECEIPT,700,36.125,DEMO
TX-00000964,2026-07-02T00:00:00+00:00,WH-MUC,ELEC-1001,SALE,17,42.5,DEMO
TX-00000965,2026-07-03T00:00:00+00:00,WH-MUC,ELEC-1001,SALE,16,42.5,DEMO
TX-00000966,2026-07-04T00:00:00+00:00,WH-MUC,ELEC-1001,SALE,16,42.5,DEMO
TX-00000967,2026-07-05T00:00:00+00:00,WH-MUC,ELEC-1001,SALE,20,42.5,DEMO
TX-00000968,2026-07-06T00:00:00+00:00,WH-MUC,ELEC-1001,SALE,22,42.5,DEMO
TX-00000969,2026-07-07T00:00:00+00:00,WH-MUC,ELEC-1001,SALE,15,42.5,DEMO
TX-00000970,2026-07-08T00:00:00+00:00,WH-MUC,ELEC-1001,SALE,24,42.5,DEMO
TX-00000971,2026-07-09T00:00:00+00:00,WH-MUC,ELEC-1001,SALE,21,42.5,DEMO
TX-00000972,2026-07-10T00:00:00+00:00,WH-MUC,ELEC-1001,SALE,23,42.5,DEMO
TX-00000973,2026-07-11T00:00:00+00:00,WH-MUC,ELEC-1001,SALE,18,42.5,DEMO
TX-00000974,2026-07-12T00:00:00+00:00,WH-MUC,ELEC-1001,SALE,14,42.5,DEMO
TX-00000975,2026-07-13T00:00:00+00:00,WH-MUC,ELEC-1001,SALE,26,42.5,DEMO
TX-00000976,2026-07-14T00:00:00+00:00,WH-MUC,ELEC-1001,SALE,18,42.5,DEMO
TX-00000977,2026-07-15T00:00:00+00:00,WH-MUC,ELEC-1001,SALE,29,42.5,DEMO
TX-00000978,2026-07-16T00:00:00+00:00,WH-MUC,ELEC-1001,SALE,11,42.5,DEMO
TX-00000979,2026-07-17T00:00:00+00:00,WH-MUC,ELEC-1001,SALE,24,42.5,DEMO
TX-00000980,2026-07-18T00:00:00+00:00,WH-MUC,ELEC-1001,SALE,18,42.5,DEMO
TX-00000981,2026-07-19T00:00:00+00:00,WH-MUC,ELEC-1001,SALE,24,42.5,DEMO
TX-00000982,2026-07-20T00:00:00+00:00,WH-MUC,ELEC-1001,SALE,25,42.5,DEMO
TX-00000983,2026-07-21T00:00:00+00:00,WH-MUC,ELEC-1001,SALE,26,42.5,DEMO
TX-00000984,2026-07-22T00:00:00+00:00,WH-MUC,ELEC-1001,SALE,18,42.5,DEMO
TX-00000985,2025-11-25T00:00:00+00:00,WH-MUC,ELEC-1002,SALE,10,88.0,DEMO
TX-00000986,2025-11-26T00:00:00+00:00,WH-MUC,ELEC-1002,SALE,7,88.0,DEMO
TX-00000987,2025-11-27T00:00:00+00:00,WH-MUC,ELEC-1002,SALE,14,88.0,DEMO
TX-00000988,2025-11-28T00:00:00+00:00,WH-MUC,ELEC-1002,SALE,6,88.0,DEMO
TX-00000989,2025-11-29T00:00:00+00:00,WH-MUC,ELEC-1002,SALE,4,88.0,DEMO
TX-00000990,2025-11-30T00:00:00+00:00,WH-MUC,ELEC-1002,SALE,4,88.0,DEMO
TX-00000991,2025-12-01T00:00:00+00:00,WH-MUC,ELEC-1002,SALE,6,88.0,DEMO
TX-00000992,2025-12-02T00:00:00+00:00,WH-MUC,ELEC-1002,SALE,8,88.0,DEMO
TX-00000993,2025-12-03T00:00:00+00:00,WH-MUC,ELEC-1002,SALE,11,88.0,DEMO
TX-00000994,2025-12-04T00:00:00+00:00,WH-MUC,ELEC-1002,SALE,10,88.0,DEMO
TX-00000995,2025-12-05T00:00:00+00:00,WH-MUC,ELEC-1002,SALE,5,88.0,DEMO
TX-00000996,2025-12-06T00:00:00+00:00,WH-MUC,ELEC-1002,SALE,11,88.0,DEMO
TX-00000997,2025-12-07T00:00:00+00:00,WH-MUC,ELEC-1002,SALE,2,88.0,DEMO
TX-00000998,2025-12-08T00:00:00+00:00,WH-MUC,ELEC-1002,SALE,12,88.0,DEMO
TX-00000999,2025-12-09T00:00:00+00:00,WH-MUC,ELEC-1002,SALE,7,88.0,DEMO
TX-00001000,2025-12-10T00:00:00+00:00,WH-MUC,ELEC-1002,SALE,9,88.0,DEMO
TX-00001001,2025-12-11T00:00:00+00:00,WH-MUC,ELEC-1002,SALE,13,88.0,DEMO
TX-00001002,2025-12-12T00:00:00+00:00,WH-MUC,ELEC-1002,SALE,9,88.0,DEMO
TX-00001003,2025-12-13T00:00:00+00:00,WH-MUC,ELEC-1002,SALE,8,88.0,DEMO
TX-00001004,2025-12-14T00:00:00+00:00,WH-MUC,ELEC-1002,SALE,4,88.0,DEMO
TX-00001005,2025-12-15T00:00:00+00:00,WH-MUC,ELEC-1002,SALE,12,88.0,DEMO
TX-00001006,2025-12-16T00:00:00+00:00,WH-MUC,ELEC-1002,SALE,9,88.0,DEMO
TX-00001007,2025-12-17T00:00:00+00:00,WH-MUC,ELEC-1002,SALE,6,88.0,DEMO
TX-00001008,2025-12-18T00:00:00+00:00,WH-MUC,ELEC-1002,SALE,17,88.0,DEMO
TX-00001009,2025-12-19T00:00:00+00:00,WH-MUC,ELEC-1002,SALE,6,88.0,DEMO
TX-00001010,2025-12-20T00:00:00+00:00,WH-MUC,ELEC-1002,SALE,8,88.0,DEMO
TX-00001011,2025-12-21T00:00:00+00:00,WH-MUC,ELEC-1002,SALE,9,88.0,DEMO
TX-00001012,2025-12-22T00:00:00+00:00,WH-MUC,ELEC-1002,SALE,11,88.0,DEMO
TX-00001013,2025-12-23T00:00:00+00:00,WH-MUC,ELEC-1002,SALE,7,88.0,DEMO
TX-00001014,2025-12-24T00:00:00+00:00,WH-MUC,ELEC-1002,SALE,12,88.0,DEMO
TX-00001015,2025-12-25T00:00:00+00:00,WH-MUC,ELEC-1002,SALE,13,88.0,DEMO
TX-00001016,2025-12-26T00:00:00+00:00,WH-MUC,ELEC-1002,SALE,7,88.0,DEMO
TX-00001017,2025-12-27T00:00:00+00:00,WH-MUC,ELEC-1002,SALE,9,88.0,DEMO
TX-00001018,2025-12-28T00:00:00+00:00,WH-MUC,ELEC-1002,SALE,10,88.0,DEMO
TX-00001019,2025-12-29T00:00:00+00:00,WH-MUC,ELEC-1002,SALE,17,88.0,DEMO
TX-00001020,2025-12-30T00:00:00+00:00,WH-MUC,ELEC-1002,SALE,8,88.0,DEMO
TX-00001021,2025-12-31T00:00:00+00:00,WH-MUC,ELEC-1002,SALE,12,88.0,DEMO
TX-00001022,2026-01-01T00:00:00+00:00,WH-MUC,ELEC-1002,SALE,12,88.0,DEMO
TX-00001023,2026-01-02T00:00:00+00:00,WH-MUC,ELEC-1002,SALE,12,88.0,DEMO
TX-00001024,2026-01-03T00:00:00+00:00,WH-MUC,ELEC-1002,SALE,6,88.0,DEMO
TX-00001025,2026-01-04T00:00:00+00:00,WH-MUC,ELEC-1002,SALE,7,88.0,DEMO
TX-00001026,2026-01-05T00:00:00+00:00,WH-MUC,ELEC-1002,SALE,13,88.0,DEMO
TX-00001027,2026-01-06T00:00:00+00:00,WH-MUC,ELEC-1002,SALE,15,88.0,DEMO
TX-00001028,2026-01-07T00:00:00+00:00,WH-MUC,ELEC-1002,SALE,14,88.0,DEMO
TX-00001029,2026-01-07T12:00:00+00:00,WH-MUC,ELEC-1002,RECEIPT,700,74.8,DEMO
TX-00001030,2026-01-08T00:00:00+00:00,WH-MUC,ELEC-1002,SALE,9,88.0,DEMO
TX-00001031,2026-01-09T00:00:00+00:00,WH-MUC,ELEC-1002,SALE,13,88.0,DEMO
TX-00001032,2026-01-10T00:00:00+00:00,WH-MUC,ELEC-1002,SALE,2,88.0,DEMO
TX-00001033,2026-01-11T00:00:00+00:00,WH-MUC,ELEC-1002,SALE,5,88.0,DEMO
TX-00001034,2026-01-12T00:00:00+00:00,WH-MUC,ELEC-1002,SALE,20,88.0,DEMO
TX-00001035,2026-01-13T00:00:00+00:00,WH-MUC,ELEC-1002,SALE,13,88.0,DEMO
TX-00001036,2026-01-14T00:00:00+00:00,WH-MUC,ELEC-1002,SALE,13,88.0,DEMO
TX-00001037,2026-01-15T00:00:00+00:00,WH-MUC,ELEC-1002,SALE,8,88.0,DEMO
TX-00001038,2026-01-16T00:00:00+00:00,WH-MUC,ELEC-1002,SALE,13,88.0,DEMO
TX-00001039,2026-01-17T00:00:00+00:00,WH-MUC,ELEC-1002,SALE,5,88.0,DEMO
TX-00001040,2026-01-18T00:00:00+00:00,WH-MUC,ELEC-1002,SALE,6,88.0,DEMO
TX-00001041,2026-01-19T00:00:00+00:00,WH-MUC,ELEC-1002,SALE,7,88.0,DEMO
TX-00001042,2026-01-20T00:00:00+00:00,WH-MUC,ELEC-1002,SALE,8,88.0,DEMO
TX-00001043,2026-01-21T00:00:00+00:00,WH-MUC,ELEC-1002,SALE,12,88.0,DEMO
TX-00001044,2026-01-22T00:00:00+00:00,WH-MUC,ELEC-1002,SALE,13,88.0,DEMO
TX-00001045,2026-01-23T00:00:00+00:00,WH-MUC,ELEC-1002,SALE,12,88.0,DEMO
TX-00001046,2026-01-24T00:00:00+00:00,WH-MUC,ELEC-1002,SALE,8,88.0,DEMO
TX-00001047,2026-01-25T00:00:00+00:00,WH-MUC,ELEC-1002,SALE,4,88.0,DEMO
TX-00001048,2026-01-26T00:00:00+00:00,WH-MUC,ELEC-1002,SALE,15,88.0,DEMO
TX-00001049,2026-01-27T00:00:00+00:00,WH-MUC,ELEC-1002,SALE,10,88.0,DEMO
TX-00001050,2026-01-28T00:00:00+00:00,WH-MUC,ELEC-1002,SALE,9,88.0,DEMO
TX-00001051,2026-01-29T00:00:00+00:00,WH-MUC,ELEC-1002,SALE,9,88.0,DEMO
TX-00001052,2026-01-30T00:00:00+00:00,WH-MUC,ELEC-1002,SALE,14,88.0,DEMO
TX-00001053,2026-01-31T00:00:00+00:00,WH-MUC,ELEC-1002,SALE,6,88.0,DEMO
TX-00001054,2026-02-01T00:00:00+00:00,WH-MUC,ELEC-1002,SALE,9,88.0,DEMO
TX-00001055,2026-02-02T00:00:00+00:00,WH-MUC,ELEC-1002,SALE,12,88.0,DEMO
TX-00001056,2026-02-03T00:00:00+00:00,WH-MUC,ELEC-1002,SALE,12,88.0,DEMO
TX-00001057,2026-02-04T00:00:00+00:00,WH-MUC,ELEC-1002,SALE,12,88.0,DEMO
TX-00001058,2026-02-05T00:00:00+00:00,WH-MUC,ELEC-1002,SALE,15,88.0,DEMO
TX-00001059,2026-02-06T00:00:00+00:00,WH-MUC,ELEC-1002,SALE,10,88.0,DEMO
TX-00001060,2026-02-07T00:00:00+00:00,WH-MUC,ELEC-1002,SALE,4,88.0,DEMO
TX-00001061,2026-02-08T00:00:00+00:00,WH-MUC,ELEC-1002,SALE,12,88.0,DEMO
TX-00001062,2026-02-09T00:00:00+00:00,WH-MUC,ELEC-1002,SALE,12,88.0,DEMO
TX-00001063,2026-02-10T00:00:00+00:00,WH-MUC,ELEC-1002,SALE,7,88.0,DEMO
TX-00001064,2026-02-11T00:00:00+00:00,WH-MUC,ELEC-1002,SALE,7,88.0,DEMO
TX-00001065,2026-02-12T00:00:00+00:00,WH-MUC,ELEC-1002,SALE,14,88.0,DEMO
TX-00001066,2026-02-13T00:00:00+00:00,WH-MUC,ELEC-1002,SALE,11,88.0,DEMO
TX-00001067,2026-02-14T00:00:00+00:00,WH-MUC,ELEC-1002,SALE,10,88.0,DEMO
TX-00001068,2026-02-15T00:00:00+00:00,WH-MUC,ELEC-1002,SALE,7,88.0,DEMO
TX-00001069,2026-02-16T00:00:00+00:00,WH-MUC,ELEC-1002,SALE,13,88.0,DEMO
TX-00001070,2026-02-17T00:00:00+00:00,WH-MUC,ELEC-1002,SALE,13,88.0,DEMO
TX-00001071,2026-02-18T00:00:00+00:00,WH-MUC,ELEC-1002,SALE,10,88.0,DEMO
TX-00001072,2026-02-19T00:00:00+00:00,WH-MUC,ELEC-1002,SALE,15,88.0,DEMO
TX-00001073,2026-02-20T00:00:00+00:00,WH-MUC,ELEC-1002,SALE,7,88.0,DEMO
TX-00001074,2026-02-21T00:00:00+00:00,WH-MUC,ELEC-1002,SALE,9,88.0,DEMO
TX-00001075,2026-02-22T00:00:00+00:00,WH-MUC,ELEC-1002,SALE,8,88.0,DEMO
TX-00001076,2026-02-23T00:00:00+00:00,WH-MUC,ELEC-1002,SALE,13,88.0,DEMO
TX-00001077,2026-02-24T00:00:00+00:00,WH-MUC,ELEC-1002,SALE,17,88.0,DEMO
TX-00001078,2026-02-25T00:00:00+00:00,WH-MUC,ELEC-1002,SALE,7,88.0,DEMO
TX-00001079,2026-02-26T00:00:00+00:00,WH-MUC,ELEC-1002,SALE,14,88.0,DEMO
TX-00001080,2026-02-27T00:00:00+00:00,WH-MUC,ELEC-1002,SALE,12,88.0,DEMO
TX-00001081,2026-02-28T00:00:00+00:00,WH-MUC,ELEC-1002,SALE,7,88.0,DEMO
TX-00001082,2026-03-01T00:00:00+00:00,WH-MUC,ELEC-1002,SALE,12,88.0,DEMO
TX-00001083,2026-03-02T00:00:00+00:00,WH-MUC,ELEC-1002,SALE,17,88.0,DEMO
TX-00001084,2026-03-03T00:00:00+00:00,WH-MUC,ELEC-1002,SALE,13,88.0,DEMO
TX-00001085,2026-03-04T00:00:00+00:00,WH-MUC,ELEC-1002,SALE,11,88.0,DEMO
TX-00001086,2026-03-05T00:00:00+00:00,WH-MUC,ELEC-1002,SALE,19,88.0,DEMO
TX-00001087,2026-03-06T00:00:00+00:00,WH-MUC,ELEC-1002,SALE,9,88.0,DEMO
TX-00001088,2026-03-07T00:00:00+00:00,WH-MUC,ELEC-1002,SALE,10,88.0,DEMO
TX-00001089,2026-03-08T00:00:00+00:00,WH-MUC,ELEC-1002,SALE,12,88.0,DEMO
TX-00001090,2026-03-09T00:00:00+00:00,WH-MUC,ELEC-1002,SALE,15,88.0,DEMO
TX-00001091,2026-03-10T00:00:00+00:00,WH-MUC,ELEC-1002,SALE,13,88.0,DEMO
TX-00001092,2026-03-11T00:00:00+00:00,WH-MUC,ELEC-1002,SALE,11,88.0,DEMO
TX-00001093,2026-03-12T00:00:00+00:00,WH-MUC,ELEC-1002,SALE,15,88.0,DEMO
TX-00001094,2026-03-12T12:00:00+00:00,WH-MUC,ELEC-1002,RECEIPT,700,74.8,DEMO
TX-00001095,2026-03-13T00:00:00+00:00,WH-MUC,ELEC-1002,SALE,18,88.0,DEMO
TX-00001096,2026-03-14T00:00:00+00:00,WH-MUC,ELEC-1002,SALE,12,88.0,DEMO
TX-00001097,2026-03-15T00:00:00+00:00,WH-MUC,ELEC-1002,SALE,6,88.0,DEMO
TX-00001098,2026-03-16T00:00:00+00:00,WH-MUC,ELEC-1002,SALE,18,88.0,DEMO
TX-00001099,2026-03-17T00:00:00+00:00,WH-MUC,ELEC-1002,SALE,15,88.0,DEMO
TX-00001100,2026-03-18T00:00:00+00:00,WH-MUC,ELEC-1002,SALE,11,88.0,DEMO
TX-00001101,2026-03-19T00:00:00+00:00,WH-MUC,ELEC-1002,SALE,16,88.0,DEMO
TX-00001102,2026-03-20T00:00:00+00:00,WH-MUC,ELEC-1002,SALE,13,88.0,DEMO
TX-00001103,2026-03-21T00:00:00+00:00,WH-MUC,ELEC-1002,SALE,11,88.0,DEMO
TX-00001104,2026-03-22T00:00:00+00:00,WH-MUC,ELEC-1002,SALE,9,88.0,DEMO
TX-00001105,2026-03-23T00:00:00+00:00,WH-MUC,ELEC-1002,SALE,14,88.0,DEMO
TX-00001106,2026-03-24T00:00:00+00:00,WH-MUC,ELEC-1002,SALE,14,88.0,DEMO
TX-00001107,2026-03-25T00:00:00+00:00,WH-MUC,ELEC-1002,SALE,20,88.0,DEMO
TX-00001108,2026-03-26T00:00:00+00:00,WH-MUC,ELEC-1002,SALE,13,88.0,DEMO
TX-00001109,2026-03-27T00:00:00+00:00,WH-MUC,ELEC-1002,SALE,18,88.0,DEMO
TX-00001110,2026-03-28T00:00:00+00:00,WH-MUC,ELEC-1002,SALE,12,88.0,DEMO
TX-00001111,2026-03-29T00:00:00+00:00,WH-MUC,ELEC-1002,SALE,12,88.0,DEMO
TX-00001112,2026-03-30T00:00:00+00:00,WH-MUC,ELEC-1002,SALE,10,88.0,DEMO
TX-00001113,2026-03-31T00:00:00+00:00,WH-MUC,ELEC-1002,SALE,15,88.0,DEMO
TX-00001114,2026-04-01T00:00:00+00:00,WH-MUC,ELEC-1002,SALE,18,88.0,DEMO
TX-00001115,2026-04-02T00:00:00+00:00,WH-MUC,ELEC-1002,SALE,9,88.0,DEMO
TX-00001116,2026-04-03T00:00:00+00:00,WH-MUC,ELEC-1002,SALE,16,88.0,DEMO
TX-00001117,2026-04-04T00:00:00+00:00,WH-MUC,ELEC-1002,SALE,9,88.0,DEMO
TX-00001118,2026-04-05T00:00:00+00:00,WH-MUC,ELEC-1002,SALE,9,88.0,DEMO
TX-00001119,2026-04-06T00:00:00+00:00,WH-MUC,ELEC-1002,SALE,16,88.0,DEMO
TX-00001120,2026-04-07T00:00:00+00:00,WH-MUC,ELEC-1002,SALE,14,88.0,DEMO
TX-00001121,2026-04-08T00:00:00+00:00,WH-MUC,ELEC-1002,SALE,16,88.0,DEMO
TX-00001122,2026-04-09T00:00:00+00:00,WH-MUC,ELEC-1002,SALE,20,88.0,DEMO
TX-00001123,2026-04-10T00:00:00+00:00,WH-MUC,ELEC-1002,SALE,15,88.0,DEMO
TX-00001124,2026-04-11T00:00:00+00:00,WH-MUC,ELEC-1002,SALE,11,88.0,DEMO
TX-00001125,2026-04-12T00:00:00+00:00,WH-MUC,ELEC-1002,SALE,11,88.0,DEMO
TX-00001126,2026-04-13T00:00:00+00:00,WH-MUC,ELEC-1002,SALE,8,88.0,DEMO
TX-00001127,2026-04-14T00:00:00+00:00,WH-MUC,ELEC-1002,SALE,14,88.0,DEMO
TX-00001128,2026-04-15T00:00:00+00:00,WH-MUC,ELEC-1002,SALE,8,88.0,DEMO
TX-00001129,2026-04-16T00:00:00+00:00,WH-MUC,ELEC-1002,SALE,18,88.0,DEMO
TX-00001130,2026-04-17T00:00:00+00:00,WH-MUC,ELEC-1002,SALE,5,88.0,DEMO
TX-00001131,2026-04-18T00:00:00+00:00,WH-MUC,ELEC-1002,SALE,10,88.0,DEMO
TX-00001132,2026-04-19T00:00:00+00:00,WH-MUC,ELEC-1002,SALE,12,88.0,DEMO
TX-00001133,2026-04-20T00:00:00+00:00,WH-MUC,ELEC-1002,SALE,11,88.0,DEMO
TX-00001134,2026-04-21T00:00:00+00:00,WH-MUC,ELEC-1002,SALE,9,88.0,DEMO
TX-00001135,2026-04-22T00:00:00+00:00,WH-MUC,ELEC-1002,SALE,19,88.0,DEMO
TX-00001136,2026-04-23T00:00:00+00:00,WH-MUC,ELEC-1002,SALE,19,88.0,DEMO
TX-00001137,2026-04-24T00:00:00+00:00,WH-MUC,ELEC-1002,SALE,18,88.0,DEMO
TX-00001138,2026-04-25T00:00:00+00:00,WH-MUC,ELEC-1002,SALE,10,88.0,DEMO
TX-00001139,2026-04-26T00:00:00+00:00,WH-MUC,ELEC-1002,SALE,20,88.0,DEMO
TX-00001140,2026-04-27T00:00:00+00:00,WH-MUC,ELEC-1002,SALE,18,88.0,DEMO
TX-00001141,2026-04-28T00:00:00+00:00,WH-MUC,ELEC-1002,SALE,17,88.0,DEMO
TX-00001142,2026-04-29T00:00:00+00:00,WH-MUC,ELEC-1002,SALE,20,88.0,DEMO
TX-00001143,2026-04-30T00:00:00+00:00,WH-MUC,ELEC-1002,SALE,22,88.0,DEMO
TX-00001144,2026-05-01T00:00:00+00:00,WH-MUC,ELEC-1002,SALE,23,88.0,DEMO
TX-00001145,2026-05-01T12:00:00+00:00,WH-MUC,ELEC-1002,RECEIPT,700,74.8,DEMO
TX-00001146,2026-05-02T00:00:00+00:00,WH-MUC,ELEC-1002,SALE,21,88.0,DEMO
TX-00001147,2026-05-03T00:00:00+00:00,WH-MUC,ELEC-1002,SALE,20,88.0,DEMO
TX-00001148,2026-05-04T00:00:00+00:00,WH-MUC,ELEC-1002,SALE,25,88.0,DEMO
TX-00001149,2026-05-05T00:00:00+00:00,WH-MUC,ELEC-1002,SALE,24,88.0,DEMO
TX-00001150,2026-05-06T00:00:00+00:00,WH-MUC,ELEC-1002,SALE,18,88.0,DEMO
TX-00001151,2026-05-07T00:00:00+00:00,WH-MUC,ELEC-1002,SALE,18,88.0,DEMO
TX-00001152,2026-05-08T00:00:00+00:00,WH-MUC,ELEC-1002,SALE,25,88.0,DEMO
TX-00001153,2026-05-09T00:00:00+00:00,WH-MUC,ELEC-1002,SALE,13,88.0,DEMO
TX-00001154,2026-05-10T00:00:00+00:00,WH-MUC,ELEC-1002,SALE,9,88.0,DEMO
TX-00001155,2026-05-11T00:00:00+00:00,WH-MUC,ELEC-1002,SALE,20,88.0,DEMO
TX-00001156,2026-05-12T00:00:00+00:00,WH-MUC,ELEC-1002,SALE,13,88.0,DEMO
TX-00001157,2026-05-13T00:00:00+00:00,WH-MUC,ELEC-1002,SALE,17,88.0,DEMO
TX-00001158,2026-05-14T00:00:00+00:00,WH-MUC,ELEC-1002,SALE,18,88.0,DEMO
TX-00001159,2026-05-15T00:00:00+00:00,WH-MUC,ELEC-1002,SALE,18,88.0,DEMO
TX-00001160,2026-05-16T00:00:00+00:00,WH-MUC,ELEC-1002,SALE,18,88.0,DEMO
TX-00001161,2026-05-17T00:00:00+00:00,WH-MUC,ELEC-1002,SALE,8,88.0,DEMO
TX-00001162,2026-05-18T00:00:00+00:00,WH-MUC,ELEC-1002,SALE,14,88.0,DEMO
TX-00001163,2026-05-19T00:00:00+00:00,WH-MUC,ELEC-1002,SALE,21,88.0,DEMO
TX-00001164,2026-05-20T00:00:00+00:00,WH-MUC,ELEC-1002,SALE,9,88.0,DEMO
TX-00001165,2026-05-21T00:00:00+00:00,WH-MUC,ELEC-1002,SALE,10,88.0,DEMO
TX-00001166,2026-05-22T00:00:00+00:00,WH-MUC,ELEC-1002,SALE,16,88.0,DEMO
TX-00001167,2026-05-23T00:00:00+00:00,WH-MUC,ELEC-1002,SALE,11,88.0,DEMO
TX-00001168,2026-05-24T00:00:00+00:00,WH-MUC,ELEC-1002,SALE,11,88.0,DEMO
TX-00001169,2026-05-25T00:00:00+00:00,WH-MUC,ELEC-1002,SALE,12,88.0,DEMO
TX-00001170,2026-05-26T00:00:00+00:00,WH-MUC,ELEC-1002,SALE,15,88.0,DEMO
TX-00001171,2026-05-27T00:00:00+00:00,WH-MUC,ELEC-1002,SALE,13,88.0,DEMO
TX-00001172,2026-05-28T00:00:00+00:00,WH-MUC,ELEC-1002,SALE,16,88.0,DEMO
TX-00001173,2026-05-29T00:00:00+00:00,WH-MUC,ELEC-1002,SALE,19,88.0,DEMO
TX-00001174,2026-05-30T00:00:00+00:00,WH-MUC,ELEC-1002,SALE,12,88.0,DEMO
TX-00001175,2026-05-31T00:00:00+00:00,WH-MUC,ELEC-1002,SALE,11,88.0,DEMO
TX-00001176,2026-06-01T00:00:00+00:00,WH-MUC,ELEC-1002,SALE,15,88.0,DEMO
TX-00001177,2026-06-02T00:00:00+00:00,WH-MUC,ELEC-1002,SALE,18,88.0,DEMO
TX-00001178,2026-06-03T00:00:00+00:00,WH-MUC,ELEC-1002,SALE,17,88.0,DEMO
TX-00001179,2026-06-04T00:00:00+00:00,WH-MUC,ELEC-1002,SALE,11,88.0,DEMO
TX-00001180,2026-06-05T00:00:00+00:00,WH-MUC,ELEC-1002,SALE,18,88.0,DEMO
TX-00001181,2026-06-06T00:00:00+00:00,WH-MUC,ELEC-1002,SALE,9,88.0,DEMO
TX-00001182,2026-06-07T00:00:00+00:00,WH-MUC,ELEC-1002,SALE,8,88.0,DEMO
TX-00001183,2026-06-08T00:00:00+00:00,WH-MUC,ELEC-1002,SALE,11,88.0,DEMO
TX-00001184,2026-06-09T00:00:00+00:00,WH-MUC,ELEC-1002,SALE,11,88.0,DEMO
TX-00001185,2026-06-10T00:00:00+00:00,WH-MUC,ELEC-1002,SALE,11,88.0,DEMO
TX-00001186,2026-06-11T00:00:00+00:00,WH-MUC,ELEC-1002,SALE,9,88.0,DEMO
TX-00001187,2026-06-12T00:00:00+00:00,WH-MUC,ELEC-1002,SALE,19,88.0,DEMO
TX-00001188,2026-06-13T00:00:00+00:00,WH-MUC,ELEC-1002,SALE,7,88.0,DEMO
TX-00001189,2026-06-14T00:00:00+00:00,WH-MUC,ELEC-1002,SALE,7,88.0,DEMO
TX-00001190,2026-06-15T00:00:00+00:00,WH-MUC,ELEC-1002,SALE,12,88.0,DEMO
TX-00001191,2026-06-16T00:00:00+00:00,WH-MUC,ELEC-1002,SALE,12,88.0,DEMO
TX-00001192,2026-06-17T00:00:00+00:00,WH-MUC,ELEC-1002,SALE,11,88.0,DEMO
TX-00001193,2026-06-18T00:00:00+00:00,WH-MUC,ELEC-1002,SALE,11,88.0,DEMO
TX-00001194,2026-06-19T00:00:00+00:00,WH-MUC,ELEC-1002,SALE,11,88.0,DEMO
TX-00001195,2026-06-19T12:00:00+00:00,WH-MUC,ELEC-1002,RECEIPT,700,74.8,DEMO
TX-00001196,2026-06-20T00:00:00+00:00,WH-MUC,ELEC-1002,SALE,12,88.0,DEMO
TX-00001197,2026-06-21T00:00:00+00:00,WH-MUC,ELEC-1002,SALE,9,88.0,DEMO
TX-00001198,2026-06-22T00:00:00+00:00,WH-MUC,ELEC-1002,SALE,10,88.0,DEMO
TX-00001199,2026-06-23T00:00:00+00:00,WH-MUC,ELEC-1002,SALE,12,88.0,DEMO
TX-00001200,2026-06-24T00:00:00+00:00,WH-MUC,ELEC-1002,SALE,15,88.0,DEMO
TX-00001201,2026-06-25T00:00:00+00:00,WH-MUC,ELEC-1002,SALE,7,88.0,DEMO
TX-00001202,2026-06-26T00:00:00+00:00,WH-MUC,ELEC-1002,SALE,16,88.0,DEMO
TX-00001203,2026-06-27T00:00:00+00:00,WH-MUC,ELEC-1002,SALE,8,88.0,DEMO
TX-00001204,2026-06-28T00:00:00+00:00,WH-MUC,ELEC-1002,SALE,14,88.0,DEMO
TX-00001205,2026-06-29T00:00:00+00:00,WH-MUC,ELEC-1002,SALE,14,88.0,DEMO
TX-00001206,2026-06-30T00:00:00+00:00,WH-MUC,ELEC-1002,SALE,6,88.0,DEMO
TX-00001207,2026-07-01T00:00:00+00:00,WH-MUC,ELEC-1002,SALE,11,88.0,DEMO
TX-00001208,2026-07-02T00:00:00+00:00,WH-MUC,ELEC-1002,SALE,13,88.0,DEMO
TX-00001209,2026-07-03T00:00:00+00:00,WH-MUC,ELEC-1002,SALE,20,88.0,DEMO
TX-00001210,2026-07-04T00:00:00+00:00,WH-MUC,ELEC-1002,SALE,19,88.0,DEMO
TX-00001211,2026-07-05T00:00:00+00:00,WH-MUC,ELEC-1002,SALE,9,88.0,DEMO
TX-00001212,2026-07-06T00:00:00+00:00,WH-MUC,ELEC-1002,SALE,7,88.0,DEMO
TX-00001213,2026-07-07T00:00:00+00:00,WH-MUC,ELEC-1002,SALE,13,88.0,DEMO
TX-00001214,2026-07-08T00:00:00+00:00,WH-MUC,ELEC-1002,SALE,13,88.0,DEMO
TX-00001215,2026-07-09T00:00:00+00:00,WH-MUC,ELEC-1002,SALE,10,88.0,DEMO
TX-00001216,2026-07-10T00:00:00+00:00,WH-MUC,ELEC-1002,SALE,20,88.0,DEMO
TX-00001217,2026-07-11T00:00:00+00:00,WH-MUC,ELEC-1002,SALE,8,88.0,DEMO
TX-00001218,2026-07-12T00:00:00+00:00,WH-MUC,ELEC-1002,SALE,15,88.0,DEMO
TX-00001219,2026-07-13T00:00:00+00:00,WH-MUC,ELEC-1002,SALE,8,88.0,DEMO
TX-00001220,2026-07-14T00:00:00+00:00,WH-MUC,ELEC-1002,SALE,15,88.0,DEMO
TX-00001221,2026-07-15T00:00:00+00:00,WH-MUC,ELEC-1002,SALE,11,88.0,DEMO
TX-00001222,2026-07-16T00:00:00+00:00,WH-MUC,ELEC-1002,SALE,9,88.0,DEMO
TX-00001223,2026-07-17T00:00:00+00:00,WH-MUC,ELEC-1002,SALE,15,88.0,DEMO
TX-00001224,2026-07-18T00:00:00+00:00,WH-MUC,ELEC-1002,SALE,6,88.0,DEMO
TX-00001225,2026-07-19T00:00:00+00:00,WH-MUC,ELEC-1002,SALE,8,88.0,DEMO
TX-00001226,2026-07-20T00:00:00+00:00,WH-MUC,ELEC-1002,SALE,6,88.0,DEMO
TX-00001227,2026-07-21T00:00:00+00:00,WH-MUC,ELEC-1002,SALE,12,88.0,DEMO
TX-00001228,2026-07-22T00:00:00+00:00,WH-MUC,ELEC-1002,SALE,10,88.0,DEMO
TX-00001229,2025-11-25T00:00:00+00:00,WH-MUC,MECH-2001,SALE,35,7.25,DEMO
TX-00001230,2025-11-26T00:00:00+00:00,WH-MUC,MECH-2001,SALE,31,7.25,DEMO
TX-00001231,2025-11-27T00:00:00+00:00,WH-MUC,MECH-2001,SALE,30,7.25,DEMO
TX-00001232,2025-11-28T00:00:00+00:00,WH-MUC,MECH-2001,SALE,31,7.25,DEMO
TX-00001233,2025-11-29T00:00:00+00:00,WH-MUC,MECH-2001,SALE,24,7.25,DEMO
TX-00001234,2025-11-30T00:00:00+00:00,WH-MUC,MECH-2001,SALE,22,7.25,DEMO
TX-00001235,2025-12-01T00:00:00+00:00,WH-MUC,MECH-2001,SALE,29,7.25,DEMO
TX-00001236,2025-12-02T00:00:00+00:00,WH-MUC,MECH-2001,SALE,26,7.25,DEMO
TX-00001237,2025-12-03T00:00:00+00:00,WH-MUC,MECH-2001,SALE,32,7.25,DEMO
TX-00001238,2025-12-04T00:00:00+00:00,WH-MUC,MECH-2001,SALE,30,7.25,DEMO
TX-00001239,2025-12-04T12:00:00+00:00,WH-MUC,MECH-2001,RECEIPT,1200,6.1625,DEMO
TX-00001240,2025-12-05T00:00:00+00:00,WH-MUC,MECH-2001,SALE,33,7.25,DEMO
TX-00001241,2025-12-06T00:00:00+00:00,WH-MUC,MECH-2001,SALE,19,7.25,DEMO
TX-00001242,2025-12-07T00:00:00+00:00,WH-MUC,MECH-2001,SALE,19,7.25,DEMO
TX-00001243,2025-12-08T00:00:00+00:00,WH-MUC,MECH-2001,SALE,28,7.25,DEMO
TX-00001244,2025-12-09T00:00:00+00:00,WH-MUC,MECH-2001,SALE,25,7.25,DEMO
TX-00001245,2025-12-10T00:00:00+00:00,WH-MUC,MECH-2001,SALE,29,7.25,DEMO
TX-00001246,2025-12-11T00:00:00+00:00,WH-MUC,MECH-2001,SALE,21,7.25,DEMO
TX-00001247,2025-12-12T00:00:00+00:00,WH-MUC,MECH-2001,SALE,28,7.25,DEMO
TX-00001248,2025-12-13T00:00:00+00:00,WH-MUC,MECH-2001,SALE,20,7.25,DEMO
TX-00001249,2025-12-14T00:00:00+00:00,WH-MUC,MECH-2001,SALE,19,7.25,DEMO
TX-00001250,2025-12-15T00:00:00+00:00,WH-MUC,MECH-2001,SALE,30,7.25,DEMO
TX-00001251,2025-12-16T00:00:00+00:00,WH-MUC,MECH-2001,SALE,25,7.25,DEMO
TX-00001252,2025-12-17T00:00:00+00:00,WH-MUC,MECH-2001,SALE,29,7.25,DEMO
TX-00001253,2025-12-18T00:00:00+00:00,WH-MUC,MECH-2001,SALE,44,7.25,DEMO
TX-00001254,2025-12-19T00:00:00+00:00,WH-MUC,MECH-2001,SALE,29,7.25,DEMO
TX-00001255,2025-12-20T00:00:00+00:00,WH-MUC,MECH-2001,SALE,31,7.25,DEMO
TX-00001256,2025-12-21T00:00:00+00:00,WH-MUC,MECH-2001,SALE,19,7.25,DEMO
TX-00001257,2025-12-22T00:00:00+00:00,WH-MUC,MECH-2001,SALE,34,7.25,DEMO
TX-00001258,2025-12-23T00:00:00+00:00,WH-MUC,MECH-2001,SALE,31,7.25,DEMO
TX-00001259,2025-12-24T00:00:00+00:00,WH-MUC,MECH-2001,SALE,33,7.25,DEMO
TX-00001260,2025-12-25T00:00:00+00:00,WH-MUC,MECH-2001,SALE,30,7.25,DEMO
TX-00001261,2025-12-26T00:00:00+00:00,WH-MUC,MECH-2001,SALE,26,7.25,DEMO
TX-00001262,2025-12-27T00:00:00+00:00,WH-MUC,MECH-2001,SALE,24,7.25,DEMO
TX-00001263,2025-12-28T00:00:00+00:00,WH-MUC,MECH-2001,SALE,26,7.25,DEMO
TX-00001264,2025-12-29T00:00:00+00:00,WH-MUC,MECH-2001,SALE,39,7.25,DEMO
TX-00001265,2025-12-30T00:00:00+00:00,WH-MUC,MECH-2001,SALE,38,7.25,DEMO
TX-00001266,2025-12-31T00:00:00+00:00,WH-MUC,MECH-2001,SALE,31,7.25,DEMO
TX-00001267,2026-01-01T00:00:00+00:00,WH-MUC,MECH-2001,SALE,30,7.25,DEMO
TX-00001268,2026-01-02T00:00:00+00:00,WH-MUC,MECH-2001,SALE,29,7.25,DEMO
TX-00001269,2026-01-03T00:00:00+00:00,WH-MUC,MECH-2001,SALE,25,7.25,DEMO
TX-00001270,2026-01-04T00:00:00+00:00,WH-MUC,MECH-2001,SALE,23,7.25,DEMO
TX-00001271,2026-01-05T00:00:00+00:00,WH-MUC,MECH-2001,SALE,40,7.25,DEMO
TX-00001272,2026-01-06T00:00:00+00:00,WH-MUC,MECH-2001,SALE,42,7.25,DEMO
TX-00001273,2026-01-07T00:00:00+00:00,WH-MUC,MECH-2001,SALE,33,7.25,DEMO
TX-00001274,2026-01-08T00:00:00+00:00,WH-MUC,MECH-2001,SALE,39,7.25,DEMO
TX-00001275,2026-01-09T00:00:00+00:00,WH-MUC,MECH-2001,SALE,42,7.25,DEMO
TX-00001276,2026-01-10T00:00:00+00:00,WH-MUC,MECH-2001,SALE,26,7.25,DEMO
TX-00001277,2026-01-11T00:00:00+00:00,WH-MUC,MECH-2001,SALE,21,7.25,DEMO
TX-00001278,2026-01-12T00:00:00+00:00,WH-MUC,MECH-2001,SALE,35,7.25,DEMO
TX-00001279,2026-01-13T00:00:00+00:00,WH-MUC,MECH-2001,SALE,24,7.25,DEMO
TX-00001280,2026-01-14T00:00:00+00:00,WH-MUC,MECH-2001,SALE,27,7.25,DEMO
TX-00001281,2026-01-14T12:00:00+00:00,WH-MUC,MECH-2001,RECEIPT,1200,6.1625,DEMO
TX-00001282,2026-01-15T00:00:00+00:00,WH-MUC,MECH-2001,SALE,35,7.25,DEMO
TX-00001283,2026-01-16T00:00:00+00:00,WH-MUC,MECH-2001,SALE,41,7.25,DEMO
TX-00001284,2026-01-17T00:00:00+00:00,WH-MUC,MECH-2001,SALE,17,7.25,DEMO
TX-00001285,2026-01-18T00:00:00+00:00,WH-MUC,MECH-2001,SALE,22,7.25,DEMO
TX-00001286,2026-01-19T00:00:00+00:00,WH-MUC,MECH-2001,SALE,37,7.25,DEMO
TX-00001287,2026-01-20T00:00:00+00:00,WH-MUC,MECH-2001,SALE,46,7.25,DEMO
TX-00001288,2026-01-21T00:00:00+00:00,WH-MUC,MECH-2001,SALE,32,7.25,DEMO
TX-00001289,2026-01-22T00:00:00+00:00,WH-MUC,MECH-2001,SALE,26,7.25,DEMO
TX-00001290,2026-01-23T00:00:00+00:00,WH-MUC,MECH-2001,SALE,29,7.25,DEMO
TX-00001291,2026-01-24T00:00:00+00:00,WH-MUC,MECH-2001,SALE,17,7.25,DEMO
TX-00001292,2026-01-25T00:00:00+00:00,WH-MUC,MECH-2001,SALE,19,7.25,DEMO
TX-00001293,2026-01-26T00:00:00+00:00,WH-MUC,MECH-2001,SALE,27,7.25,DEMO
TX-00001294,2026-01-27T00:00:00+00:00,WH-MUC,MECH-2001,SALE,28,7.25,DEMO
TX-00001295,2026-01-28T00:00:00+00:00,WH-MUC,MECH-2001,SALE,28,7.25,DEMO
TX-00001296,2026-01-29T00:00:00+00:00,WH-MUC,MECH-2001,SALE,27,7.25,DEMO
TX-00001297,2026-01-30T00:00:00+00:00,WH-MUC,MECH-2001,SALE,37,7.25,DEMO
TX-00001298,2026-01-31T00:00:00+00:00,WH-MUC,MECH-2001,SALE,25,7.25,DEMO
TX-00001299,2026-02-01T00:00:00+00:00,WH-MUC,MECH-2001,SALE,21,7.25,DEMO
TX-00001300,2026-02-02T00:00:00+00:00,WH-MUC,MECH-2001,SALE,23,7.25,DEMO
TX-00001301,2026-02-03T00:00:00+00:00,WH-MUC,MECH-2001,SALE,33,7.25,DEMO
TX-00001302,2026-02-04T00:00:00+00:00,WH-MUC,MECH-2001,SALE,31,7.25,DEMO
TX-00001303,2026-02-05T00:00:00+00:00,WH-MUC,MECH-2001,SALE,34,7.25,DEMO
TX-00001304,2026-02-06T00:00:00+00:00,WH-MUC,MECH-2001,SALE,28,7.25,DEMO
TX-00001305,2026-02-07T00:00:00+00:00,WH-MUC,MECH-2001,SALE,24,7.25,DEMO
TX-00001306,2026-02-08T00:00:00+00:00,WH-MUC,MECH-2001,SALE,22,7.25,DEMO
TX-00001307,2026-02-09T00:00:00+00:00,WH-MUC,MECH-2001,SALE,28,7.25,DEMO
TX-00001308,2026-02-10T00:00:00+00:00,WH-MUC,MECH-2001,SALE,28,7.25,DEMO
TX-00001309,2026-02-11T00:00:00+00:00,WH-MUC,MECH-2001,SALE,37,7.25,DEMO
TX-00001310,2026-02-12T00:00:00+00:00,WH-MUC,MECH-2001,SALE,36,7.25,DEMO
TX-00001311,2026-02-13T00:00:00+00:00,WH-MUC,MECH-2001,SALE,34,7.25,DEMO
TX-00001312,2026-02-14T00:00:00+00:00,WH-MUC,MECH-2001,SALE,30,7.25,DEMO
TX-00001313,2026-02-15T00:00:00+00:00,WH-MUC,MECH-2001,SALE,21,7.25,DEMO
TX-00001314,2026-02-16T00:00:00+00:00,WH-MUC,MECH-2001,SALE,44,7.25,DEMO
TX-00001315,2026-02-17T00:00:00+00:00,WH-MUC,MECH-2001,SALE,48,7.25,DEMO
TX-00001316,2026-02-18T00:00:00+00:00,WH-MUC,MECH-2001,SALE,38,7.25,DEMO
TX-00001317,2026-02-19T00:00:00+00:00,WH-MUC,MECH-2001,SALE,44,7.25,DEMO
TX-00001318,2026-02-20T00:00:00+00:00,WH-MUC,MECH-2001,SALE,33,7.25,DEMO
TX-00001319,2026-02-21T00:00:00+00:00,WH-MUC,MECH-2001,SALE,27,7.25,DEMO
TX-00001320,2026-02-22T00:00:00+00:00,WH-MUC,MECH-2001,SALE,25,7.25,DEMO
TX-00001321,2026-02-23T00:00:00+00:00,WH-MUC,MECH-2001,SALE,42,7.25,DEMO
TX-00001322,2026-02-23T12:00:00+00:00,WH-MUC,MECH-2001,RECEIPT,1200,6.1625,DEMO
TX-00001323,2026-02-24T00:00:00+00:00,WH-MUC,MECH-2001,SALE,42,7.25,DEMO
TX-00001324,2026-02-25T00:00:00+00:00,WH-MUC,MECH-2001,SALE,40,7.25,DEMO
TX-00001325,2026-02-26T00:00:00+00:00,WH-MUC,MECH-2001,SALE,46,7.25,DEMO
TX-00001326,2026-02-27T00:00:00+00:00,WH-MUC,MECH-2001,SALE,31,7.25,DEMO
TX-00001327,2026-02-28T00:00:00+00:00,WH-MUC,MECH-2001,SALE,23,7.25,DEMO
TX-00001328,2026-03-01T00:00:00+00:00,WH-MUC,MECH-2001,SALE,29,7.25,DEMO
TX-00001329,2026-03-02T00:00:00+00:00,WH-MUC,MECH-2001,SALE,35,7.25,DEMO
TX-00001330,2026-03-03T00:00:00+00:00,WH-MUC,MECH-2001,SALE,43,7.25,DEMO
TX-00001331,2026-03-04T00:00:00+00:00,WH-MUC,MECH-2001,SALE,49,7.25,DEMO
TX-00001332,2026-03-05T00:00:00+00:00,WH-MUC,MECH-2001,SALE,39,7.25,DEMO
TX-00001333,2026-03-06T00:00:00+00:00,WH-MUC,MECH-2001,SALE,37,7.25,DEMO
TX-00001334,2026-03-07T00:00:00+00:00,WH-MUC,MECH-2001,SALE,32,7.25,DEMO
TX-00001335,2026-03-08T00:00:00+00:00,WH-MUC,MECH-2001,SALE,21,7.25,DEMO
TX-00001336,2026-03-09T00:00:00+00:00,WH-MUC,MECH-2001,SALE,38,7.25,DEMO
TX-00001337,2026-03-10T00:00:00+00:00,WH-MUC,MECH-2001,SALE,29,7.25,DEMO
TX-00001338,2026-03-11T00:00:00+00:00,WH-MUC,MECH-2001,SALE,34,7.25,DEMO
TX-00001339,2026-03-12T00:00:00+00:00,WH-MUC,MECH-2001,SALE,37,7.25,DEMO
TX-00001340,2026-03-13T00:00:00+00:00,WH-MUC,MECH-2001,SALE,35,7.25,DEMO
TX-00001341,2026-03-14T00:00:00+00:00,WH-MUC,MECH-2001,SALE,23,7.25,DEMO
TX-00001342,2026-03-15T00:00:00+00:00,WH-MUC,MECH-2001,SALE,24,7.25,DEMO
TX-00001343,2026-03-16T00:00:00+00:00,WH-MUC,MECH-2001,SALE,46,7.25,DEMO
TX-00001344,2026-03-17T00:00:00+00:00,WH-MUC,MECH-2001,SALE,38,7.25,DEMO
TX-00001345,2026-03-18T00:00:00+00:00,WH-MUC,MECH-2001,SALE,30,7.25,DEMO
TX-00001346,2026-03-19T00:00:00+00:00,WH-MUC,MECH-2001,SALE,30,7.25,DEMO
TX-00001347,2026-03-20T00:00:00+00:00,WH-MUC,MECH-2001,SALE,33,7.25,DEMO
TX-00001348,2026-03-21T00:00:00+00:00,WH-MUC,MECH-2001,SALE,29,7.25,DEMO
TX-00001349,2026-03-22T00:00:00+00:00,WH-MUC,MECH-2001,SALE,35,7.25,DEMO
TX-00001350,2026-03-23T00:00:00+00:00,WH-MUC,MECH-2001,SALE,39,7.25,DEMO
TX-00001351,2026-03-24T00:00:00+00:00,WH-MUC,MECH-2001,SALE,27,7.25,DEMO
TX-00001352,2026-03-25T00:00:00+00:00,WH-MUC,MECH-2001,SALE,36,7.25,DEMO
TX-00001353,2026-03-26T00:00:00+00:00,WH-MUC,MECH-2001,SALE,36,7.25,DEMO
TX-00001354,2026-03-27T00:00:00+00:00,WH-MUC,MECH-2001,SALE,32,7.25,DEMO
TX-00001355,2026-03-28T00:00:00+00:00,WH-MUC,MECH-2001,SALE,34,7.25,DEMO
TX-00001356,2026-03-29T00:00:00+00:00,WH-MUC,MECH-2001,SALE,27,7.25,DEMO
TX-00001357,2026-03-30T00:00:00+00:00,WH-MUC,MECH-2001,SALE,29,7.25,DEMO
TX-00001358,2026-03-30T12:00:00+00:00,WH-MUC,MECH-2001,RECEIPT,1200,6.1625,DEMO
TX-00001359,2026-03-31T00:00:00+00:00,WH-MUC,MECH-2001,SALE,36,7.25,DEMO
TX-00001360,2026-04-01T00:00:00+00:00,WH-MUC,MECH-2001,SALE,46,7.25,DEMO
TX-00001361,2026-04-02T00:00:00+00:00,WH-MUC,MECH-2001,SALE,38,7.25,DEMO
TX-00001362,2026-04-03T00:00:00+00:00,WH-MUC,MECH-2001,SALE,36,7.25,DEMO
TX-00001363,2026-04-04T00:00:00+00:00,WH-MUC,MECH-2001,SALE,33,7.25,DEMO
TX-00001364,2026-04-05T00:00:00+00:00,WH-MUC,MECH-2001,SALE,32,7.25,DEMO
TX-00001365,2026-04-06T00:00:00+00:00,WH-MUC,MECH-2001,SALE,36,7.25,DEMO
TX-00001366,2026-04-07T00:00:00+00:00,WH-MUC,MECH-2001,SALE,34,7.25,DEMO
TX-00001367,2026-04-08T00:00:00+00:00,WH-MUC,MECH-2001,SALE,31,7.25,DEMO
TX-00001368,2026-04-09T00:00:00+00:00,WH-MUC,MECH-2001,SALE,39,7.25,DEMO
TX-00001369,2026-04-10T00:00:00+00:00,WH-MUC,MECH-2001,SALE,34,7.25,DEMO
TX-00001370,2026-04-11T00:00:00+00:00,WH-MUC,MECH-2001,SALE,27,7.25,DEMO
TX-00001371,2026-04-12T00:00:00+00:00,WH-MUC,MECH-2001,SALE,26,7.25,DEMO
TX-00001372,2026-04-13T00:00:00+00:00,WH-MUC,MECH-2001,SALE,25,7.25,DEMO
TX-00001373,2026-04-14T00:00:00+00:00,WH-MUC,MECH-2001,SALE,30,7.25,DEMO
TX-00001374,2026-04-15T00:00:00+00:00,WH-MUC,MECH-2001,SALE,32,7.25,DEMO
TX-00001375,2026-04-16T00:00:00+00:00,WH-MUC,MECH-2001,SALE,34,7.25,DEMO
TX-00001376,2026-04-17T00:00:00+00:00,WH-MUC,MECH-2001,SALE,31,7.25,DEMO
TX-00001377,2026-04-18T00:00:00+00:00,WH-MUC,MECH-2001,SALE,25,7.25,DEMO
TX-00001378,2026-04-19T00:00:00+00:00,WH-MUC,MECH-2001,SALE,26,7.25,DEMO
TX-00001379,2026-04-20T00:00:00+00:00,WH-MUC,MECH-2001,SALE,32,7.25,DEMO
TX-00001380,2026-04-21T00:00:00+00:00,WH-MUC,MECH-2001,SALE,37,7.25,DEMO
TX-00001381,2026-04-22T00:00:00+00:00,WH-MUC,MECH-2001,SALE,45,7.25,DEMO
TX-00001382,2026-04-23T00:00:00+00:00,WH-MUC,MECH-2001,SALE,28,7.25,DEMO
TX-00001383,2026-04-24T00:00:00+00:00,WH-MUC,MECH-2001,SALE,35,7.25,DEMO
TX-00001384,2026-04-25T00:00:00+00:00,WH-MUC,MECH-2001,SALE,32,7.25,DEMO
TX-00001385,2026-04-26T00:00:00+00:00,WH-MUC,MECH-2001,SALE,20,7.25,DEMO
TX-00001386,2026-04-27T00:00:00+00:00,WH-MUC,MECH-2001,SALE,35,7.25,DEMO
TX-00001387,2026-04-28T00:00:00+00:00,WH-MUC,MECH-2001,SALE,39,7.25,DEMO
TX-00001388,2026-04-29T00:00:00+00:00,WH-MUC,MECH-2001,SALE,42,7.25,DEMO
TX-00001389,2026-04-30T00:00:00+00:00,WH-MUC,MECH-2001,SALE,36,7.25,DEMO
TX-00001390,2026-05-01T00:00:00+00:00,WH-MUC,MECH-2001,SALE,44,7.25,DEMO
TX-00001391,2026-05-02T00:00:00+00:00,WH-MUC,MECH-2001,SALE,19,7.25,DEMO
TX-00001392,2026-05-03T00:00:00+00:00,WH-MUC,MECH-2001,SALE,32,7.25,DEMO
TX-00001393,2026-05-04T00:00:00+00:00,WH-MUC,MECH-2001,SALE,37,7.25,DEMO
TX-00001394,2026-05-05T00:00:00+00:00,WH-MUC,MECH-2001,SALE,40,7.25,DEMO
TX-00001395,2026-05-05T12:00:00+00:00,WH-MUC,MECH-2001,RECEIPT,1200,6.1625,DEMO
TX-00001396,2026-05-06T00:00:00+00:00,WH-MUC,MECH-2001,SALE,23,7.25,DEMO
TX-00001397,2026-05-07T00:00:00+00:00,WH-MUC,MECH-2001,SALE,29,7.25,DEMO
TX-00001398,2026-05-08T00:00:00+00:00,WH-MUC,MECH-2001,SALE,32,7.25,DEMO
TX-00001399,2026-05-09T00:00:00+00:00,WH-MUC,MECH-2001,SALE,19,7.25,DEMO
TX-00001400,2026-05-10T00:00:00+00:00,WH-MUC,MECH-2001,SALE,21,7.25,DEMO
TX-00001401,2026-05-11T00:00:00+00:00,WH-MUC,MECH-2001,SALE,38,7.25,DEMO
TX-00001402,2026-05-12T00:00:00+00:00,WH-MUC,MECH-2001,SALE,28,7.25,DEMO
TX-00001403,2026-05-13T00:00:00+00:00,WH-MUC,MECH-2001,SALE,42,7.25,DEMO
TX-00001404,2026-05-14T00:00:00+00:00,WH-MUC,MECH-2001,SALE,28,7.25,DEMO
TX-00001405,2026-05-15T00:00:00+00:00,WH-MUC,MECH-2001,SALE,40,7.25,DEMO
TX-00001406,2026-05-16T00:00:00+00:00,WH-MUC,MECH-2001,SALE,20,7.25,DEMO
TX-00001407,2026-05-17T00:00:00+00:00,WH-MUC,MECH-2001,SALE,32,7.25,DEMO
TX-00001408,2026-05-18T00:00:00+00:00,WH-MUC,MECH-2001,SALE,37,7.25,DEMO
TX-00001409,2026-05-19T00:00:00+00:00,WH-MUC,MECH-2001,SALE,41,7.25,DEMO
TX-00001410,2026-05-20T00:00:00+00:00,WH-MUC,MECH-2001,SALE,34,7.25,DEMO
TX-00001411,2026-05-21T00:00:00+00:00,WH-MUC,MECH-2001,SALE,30,7.25,DEMO
TX-00001412,2026-05-22T00:00:00+00:00,WH-MUC,MECH-2001,SALE,40,7.25,DEMO
TX-00001413,2026-05-23T00:00:00+00:00,WH-MUC,MECH-2001,SALE,19,7.25,DEMO
TX-00001414,2026-05-24T00:00:00+00:00,WH-MUC,MECH-2001,SALE,26,7.25,DEMO
TX-00001415,2026-05-25T00:00:00+00:00,WH-MUC,MECH-2001,SALE,23,7.25,DEMO
TX-00001416,2026-05-26T00:00:00+00:00,WH-MUC,MECH-2001,SALE,33,7.25,DEMO
TX-00001417,2026-05-27T00:00:00+00:00,WH-MUC,MECH-2001,SALE,42,7.25,DEMO
TX-00001418,2026-05-28T00:00:00+00:00,WH-MUC,MECH-2001,SALE,40,7.25,DEMO
TX-00001419,2026-05-29T00:00:00+00:00,WH-MUC,MECH-2001,SALE,34,7.25,DEMO
TX-00001420,2026-05-30T00:00:00+00:00,WH-MUC,MECH-2001,SALE,30,7.25,DEMO
TX-00001421,2026-05-31T00:00:00+00:00,WH-MUC,MECH-2001,SALE,25,7.25,DEMO
TX-00001422,2026-06-01T00:00:00+00:00,WH-MUC,MECH-2001,SALE,41,7.25,DEMO
TX-00001423,2026-06-02T00:00:00+00:00,WH-MUC,MECH-2001,SALE,40,7.25,DEMO
TX-00001424,2026-06-03T00:00:00+00:00,WH-MUC,MECH-2001,SALE,37,7.25,DEMO
TX-00001425,2026-06-04T00:00:00+00:00,WH-MUC,MECH-2001,SALE,31,7.25,DEMO
TX-00001426,2026-06-05T00:00:00+00:00,WH-MUC,MECH-2001,SALE,35,7.25,DEMO
TX-00001427,2026-06-06T00:00:00+00:00,WH-MUC,MECH-2001,SALE,15,7.25,DEMO
TX-00001428,2026-06-07T00:00:00+00:00,WH-MUC,MECH-2001,SALE,26,7.25,DEMO
TX-00001429,2026-06-08T00:00:00+00:00,WH-MUC,MECH-2001,SALE,31,7.25,DEMO
TX-00001430,2026-06-09T00:00:00+00:00,WH-MUC,MECH-2001,SALE,34,7.25,DEMO
TX-00001431,2026-06-10T00:00:00+00:00,WH-MUC,MECH-2001,SALE,36,7.25,DEMO
TX-00001432,2026-06-11T00:00:00+00:00,WH-MUC,MECH-2001,SALE,30,7.25,DEMO
TX-00001433,2026-06-12T00:00:00+00:00,WH-MUC,MECH-2001,SALE,25,7.25,DEMO
TX-00001434,2026-06-12T12:00:00+00:00,WH-MUC,MECH-2001,RECEIPT,1200,6.1625,DEMO
TX-00001435,2026-06-13T00:00:00+00:00,WH-MUC,MECH-2001,SALE,22,7.25,DEMO
TX-00001436,2026-06-14T00:00:00+00:00,WH-MUC,MECH-2001,SALE,26,7.25,DEMO
TX-00001437,2026-06-15T00:00:00+00:00,WH-MUC,MECH-2001,SALE,38,7.25,DEMO
TX-00001438,2026-06-16T00:00:00+00:00,WH-MUC,MECH-2001,SALE,38,7.25,DEMO
TX-00001439,2026-06-17T00:00:00+00:00,WH-MUC,MECH-2001,SALE,30,7.25,DEMO
TX-00001440,2026-06-18T00:00:00+00:00,WH-MUC,MECH-2001,SALE,33,7.25,DEMO
TX-00001441,2026-06-19T00:00:00+00:00,WH-MUC,MECH-2001,SALE,20,7.25,DEMO
TX-00001442,2026-06-20T00:00:00+00:00,WH-MUC,MECH-2001,SALE,25,7.25,DEMO
TX-00001443,2026-06-21T00:00:00+00:00,WH-MUC,MECH-2001,SALE,27,7.25,DEMO
TX-00001444,2026-06-22T00:00:00+00:00,WH-MUC,MECH-2001,SALE,41,7.25,DEMO
TX-00001445,2026-06-23T00:00:00+00:00,WH-MUC,MECH-2001,SALE,43,7.25,DEMO
TX-00001446,2026-06-24T00:00:00+00:00,WH-MUC,MECH-2001,SALE,31,7.25,DEMO
TX-00001447,2026-06-25T00:00:00+00:00,WH-MUC,MECH-2001,SALE,21,7.25,DEMO
TX-00001448,2026-06-26T00:00:00+00:00,WH-MUC,MECH-2001,SALE,37,7.25,DEMO
TX-00001449,2026-06-27T00:00:00+00:00,WH-MUC,MECH-2001,SALE,17,7.25,DEMO
TX-00001450,2026-06-28T00:00:00+00:00,WH-MUC,MECH-2001,SALE,19,7.25,DEMO
TX-00001451,2026-06-29T00:00:00+00:00,WH-MUC,MECH-2001,SALE,43,7.25,DEMO
TX-00001452,2026-06-30T00:00:00+00:00,WH-MUC,MECH-2001,SALE,39,7.25,DEMO
TX-00001453,2026-07-01T00:00:00+00:00,WH-MUC,MECH-2001,SALE,37,7.25,DEMO
TX-00001454,2026-07-02T00:00:00+00:00,WH-MUC,MECH-2001,SALE,20,7.25,DEMO
TX-00001455,2026-07-03T00:00:00+00:00,WH-MUC,MECH-2001,SALE,28,7.25,DEMO
TX-00001456,2026-07-04T00:00:00+00:00,WH-MUC,MECH-2001,SALE,27,7.25,DEMO
TX-00001457,2026-07-05T00:00:00+00:00,WH-MUC,MECH-2001,SALE,23,7.25,DEMO
TX-00001458,2026-07-06T00:00:00+00:00,WH-MUC,MECH-2001,SALE,23,7.25,DEMO
TX-00001459,2026-07-07T00:00:00+00:00,WH-MUC,MECH-2001,SALE,32,7.25,DEMO
TX-00001460,2026-07-08T00:00:00+00:00,WH-MUC,MECH-2001,SALE,29,7.25,DEMO
TX-00001461,2026-07-09T00:00:00+00:00,WH-MUC,MECH-2001,SALE,23,7.25,DEMO
TX-00001462,2026-07-10T00:00:00+00:00,WH-MUC,MECH-2001,SALE,24,7.25,DEMO
TX-00001463,2026-07-11T00:00:00+00:00,WH-MUC,MECH-2001,SALE,17,7.25,DEMO
TX-00001464,2026-07-12T00:00:00+00:00,WH-MUC,MECH-2001,SALE,18,7.25,DEMO
TX-00001465,2026-07-13T00:00:00+00:00,WH-MUC,MECH-2001,SALE,27,7.25,DEMO
TX-00001466,2026-07-14T00:00:00+00:00,WH-MUC,MECH-2001,SALE,29,7.25,DEMO
TX-00001467,2026-07-15T00:00:00+00:00,WH-MUC,MECH-2001,SALE,39,7.25,DEMO
TX-00001468,2026-07-16T00:00:00+00:00,WH-MUC,MECH-2001,SALE,23,7.25,DEMO
TX-00001469,2026-07-17T00:00:00+00:00,WH-MUC,MECH-2001,SALE,31,7.25,DEMO
TX-00001470,2026-07-18T00:00:00+00:00,WH-MUC,MECH-2001,SALE,26,7.25,DEMO
TX-00001471,2026-07-19T00:00:00+00:00,WH-MUC,MECH-2001,SALE,24,7.25,DEMO
TX-00001472,2026-07-20T00:00:00+00:00,WH-MUC,MECH-2001,SALE,28,7.25,DEMO
TX-00001473,2026-07-21T00:00:00+00:00,WH-MUC,MECH-2001,SALE,34,7.25,DEMO
TX-00001474,2026-07-22T00:00:00+00:00,WH-MUC,MECH-2001,SALE,34,7.25,DEMO
