ForecastID,TargetDate,ProductID,StoreID,ModelName,FeatureName,FeatureValue,ShapValue,AbsoluteImpact,Direction,ContributionRank,ExplanationText
F330FA61-40BF-50B7-BE03-89961CC59380,2016-01-29,SAMPLE_ITEM_001,SAMPLE_CA_1,XGBoost,days_of_supply,25.333333333333332,-0.93049163,0.93049163,NEGATIVE,1,Days of supply (25.333333333333332) decreased the forecast by 0.930 units relative to the model baseline.
F330FA61-40BF-50B7-BE03-89961CC59380,2016-01-29,SAMPLE_ITEM_001,SAMPLE_CA_1,XGBoost,lag_1,0.0,0.92261267,0.92261267,POSITIVE,2,Yesterday's demand (0.0) increased the forecast by 0.923 units relative to the model baseline.
F330FA61-40BF-50B7-BE03-89961CC59380,2016-01-29,SAMPLE_ITEM_001,SAMPLE_CA_1,XGBoost,day_of_month,29,-0.52969450,0.52969450,NEGATIVE,3,Day of month (29) decreased the forecast by 0.530 units relative to the model baseline.
F330FA61-40BF-50B7-BE03-89961CC59380,2016-01-29,SAMPLE_ITEM_001,SAMPLE_CA_1,XGBoost,rolling_mean_7,3.0,-0.47101244,0.47101244,NEGATIVE,4,The recent seven-day demand average (3.0) decreased the forecast by 0.471 units relative to the model baseline.
F330FA61-40BF-50B7-BE03-89961CC59380,2016-01-29,SAMPLE_ITEM_001,SAMPLE_CA_1,XGBoost,current_stock,76.0,-0.21510150,0.21510150,NEGATIVE,5,Current stock (76.0) decreased the forecast by 0.215 units relative to the model baseline.
9D2BCDD0-840F-5948-A6CA-39403C459C4E,2016-01-30,SAMPLE_ITEM_001,SAMPLE_CA_1,XGBoost,days_of_supply,25.39994474406898,-1.18972230,1.18972230,NEGATIVE,1,Days of supply (25.39994474406898) decreased the forecast by 1.190 units relative to the model baseline.
9D2BCDD0-840F-5948-A6CA-39403C459C4E,2016-01-30,SAMPLE_ITEM_001,SAMPLE_CA_1,XGBoost,day_of_month,30,-0.55530787,0.55530787,NEGATIVE,2,Day of month (30) decreased the forecast by 0.555 units relative to the model baseline.
9D2BCDD0-840F-5948-A6CA-39403C459C4E,2016-01-30,SAMPLE_ITEM_001,SAMPLE_CA_1,XGBoost,rolling_mean_7,2.9921324934278215,-0.49584052,0.49584052,NEGATIVE,3,The recent seven-day demand average (2.9921324934278215) decreased the forecast by 0.496 units relative to the model baseline.
9D2BCDD0-840F-5948-A6CA-39403C459C4E,2016-01-30,SAMPLE_ITEM_001,SAMPLE_CA_1,XGBoost,current_stock,76.0,-0.35120726,0.35120726,NEGATIVE,4,Current stock (76.0) decreased the forecast by 0.351 units relative to the model baseline.
9D2BCDD0-840F-5948-A6CA-39403C459C4E,2016-01-30,SAMPLE_ITEM_001,SAMPLE_CA_1,XGBoost,lag_1,3.944927453994751,0.29976651,0.29976651,POSITIVE,5,Yesterday's demand (3.944927453994751) increased the forecast by 0.300 units relative to the model baseline.
CD515A45-76C4-5BA3-8E17-1E588ED8FCAA,2016-01-31,SAMPLE_ITEM_001,SAMPLE_CA_1,XGBoost,days_of_supply,28.065763425849603,-1.05280685,1.05280685,NEGATIVE,1,Days of supply (28.065763425849603) decreased the forecast by 1.053 units relative to the model baseline.
CD515A45-76C4-5BA3-8E17-1E588ED8FCAA,2016-01-31,SAMPLE_ITEM_001,SAMPLE_CA_1,XGBoost,day_of_week,6,0.45456976,0.45456976,POSITIVE,2,The day of week (6) increased the forecast by 0.455 units relative to the model baseline.
CD515A45-76C4-5BA3-8E17-1E588ED8FCAA,2016-01-31,SAMPLE_ITEM_001,SAMPLE_CA_1,XGBoost,day_of_month,31,-0.44629100,0.44629100,NEGATIVE,3,Day of month (31) decreased the forecast by 0.446 units relative to the model baseline.
CD515A45-76C4-5BA3-8E17-1E588ED8FCAA,2016-01-31,SAMPLE_ITEM_001,SAMPLE_CA_1,XGBoost,current_stock,76.0,-0.40127403,0.40127403,NEGATIVE,4,Current stock (76.0) decreased the forecast by 0.401 units relative to the model baseline.
CD515A45-76C4-5BA3-8E17-1E588ED8FCAA,2016-01-31,SAMPLE_ITEM_001,SAMPLE_CA_1,XGBoost,rolling_mean_7,2.707925626209804,-0.37677738,0.37677738,NEGATIVE,5,The recent seven-day demand average (2.707925626209804) decreased the forecast by 0.377 units relative to the model baseline.
6ECEF6BE-B391-5B3B-8511-126ABA95813C,2016-02-01,SAMPLE_ITEM_001,SAMPLE_CA_1,XGBoost,days_of_supply,26.50358896649436,-1.14516497,1.14516497,NEGATIVE,1,Days of supply (26.50358896649436) decreased the forecast by 1.145 units relative to the model baseline.
6ECEF6BE-B391-5B3B-8511-126ABA95813C,2016-02-01,SAMPLE_ITEM_001,SAMPLE_CA_1,XGBoost,day_of_month,1,0.66774678,0.66774678,POSITIVE,2,Day of month (1) increased the forecast by 0.668 units relative to the model baseline.
6ECEF6BE-B391-5B3B-8511-126ABA95813C,2016-02-01,SAMPLE_ITEM_001,SAMPLE_CA_1,XGBoost,rolling_mean_7,2.8675361701420377,-0.54797232,0.54797232,NEGATIVE,3,The recent seven-day demand average (2.8675361701420377) decreased the forecast by 0.548 units relative to the model baseline.
6ECEF6BE-B391-5B3B-8511-126ABA95813C,2016-02-01,SAMPLE_ITEM_001,SAMPLE_CA_1,XGBoost,lag_1,4.117273807525635,-0.46443334,0.46443334,NEGATIVE,4,Yesterday's demand (4.117273807525635) decreased the forecast by 0.464 units relative to the model baseline.
6ECEF6BE-B391-5B3B-8511-126ABA95813C,2016-02-01,SAMPLE_ITEM_001,SAMPLE_CA_1,XGBoost,current_stock,76.0,-0.40931168,0.40931168,NEGATIVE,5,Current stock (76.0) decreased the forecast by 0.409 units relative to the model baseline.
4F2828D3-7038-5B66-9DBD-120FE76898D0,2016-02-02,SAMPLE_ITEM_001,SAMPLE_CA_1,XGBoost,days_of_supply,26.30249295708604,-1.10717559,1.10717559,NEGATIVE,1,Days of supply (26.30249295708604) decreased the forecast by 1.107 units relative to the model baseline.
4F2828D3-7038-5B66-9DBD-120FE76898D0,2016-02-02,SAMPLE_ITEM_001,SAMPLE_CA_1,XGBoost,day_of_month,2,0.65849370,0.65849370,POSITIVE,2,Day of month (2) increased the forecast by 0.658 units relative to the model baseline.
4F2828D3-7038-5B66-9DBD-120FE76898D0,2016-02-02,SAMPLE_ITEM_001,SAMPLE_CA_1,XGBoost,lag_14,0.0,-0.51410872,0.51410872,NEGATIVE,3,Demand fourteen days ago (0.0) decreased the forecast by 0.514 units relative to the model baseline.
4F2828D3-7038-5B66-9DBD-120FE76898D0,2016-02-02,SAMPLE_ITEM_001,SAMPLE_CA_1,XGBoost,rolling_mean_7,2.889459950583322,-0.43816659,0.43816659,NEGATIVE,4,The recent seven-day demand average (2.889459950583322) decreased the forecast by 0.438 units relative to the model baseline.
4F2828D3-7038-5B66-9DBD-120FE76898D0,2016-02-02,SAMPLE_ITEM_001,SAMPLE_CA_1,XGBoost,current_stock,76.0,-0.31972748,0.31972748,NEGATIVE,5,Current stock (76.0) decreased the forecast by 0.320 units relative to the model baseline.
4C389789-FD96-5BA5-B34B-F24F36629F6D,2016-02-03,SAMPLE_ITEM_001,SAMPLE_CA_1,XGBoost,days_of_supply,26.993147223498067,-1.12012672,1.12012672,NEGATIVE,1,Days of supply (26.993147223498067) decreased the forecast by 1.120 units relative to the model baseline.
4C389789-FD96-5BA5-B34B-F24F36629F6D,2016-02-03,SAMPLE_ITEM_001,SAMPLE_CA_1,XGBoost,day_of_month,3,0.66509193,0.66509193,POSITIVE,2,Day of month (3) increased the forecast by 0.665 units relative to the model baseline.
4C389789-FD96-5BA5-B34B-F24F36629F6D,2016-02-03,SAMPLE_ITEM_001,SAMPLE_CA_1,XGBoost,rolling_mean_7,2.8155294145856584,-0.47611043,0.47611043,NEGATIVE,3,The recent seven-day demand average (2.8155294145856584) decreased the forecast by 0.476 units relative to the model baseline.
4C389789-FD96-5BA5-B34B-F24F36629F6D,2016-02-03,SAMPLE_ITEM_001,SAMPLE_CA_1,XGBoost,current_stock,76.0,-0.33406740,0.33406740,NEGATIVE,4,Current stock (76.0) decreased the forecast by 0.334 units relative to the model baseline.
4C389789-FD96-5BA5-B34B-F24F36629F6D,2016-02-03,SAMPLE_ITEM_001,SAMPLE_CA_1,XGBoost,lag_1,3.4824862480163574,0.25655597,0.25655597,POSITIVE,5,Yesterday's demand (3.4824862480163574) increased the forecast by 0.257 units relative to the model baseline.
AD0F8134-3538-59B3-AF30-934DB27C0BA4,2016-02-04,SAMPLE_ITEM_001,SAMPLE_CA_1,XGBoost,days_of_supply,24.595639381104736,-1.08907783,1.08907783,NEGATIVE,1,Days of supply (24.595639381104736) decreased the forecast by 1.089 units relative to the model baseline.
AD0F8134-3538-59B3-AF30-934DB27C0BA4,2016-02-04,SAMPLE_ITEM_001,SAMPLE_CA_1,XGBoost,day_of_month,4,0.69354463,0.69354463,POSITIVE,2,Day of month (4) increased the forecast by 0.694 units relative to the model baseline.
AD0F8134-3538-59B3-AF30-934DB27C0BA4,2016-02-04,SAMPLE_ITEM_001,SAMPLE_CA_1,XGBoost,lag_14,1.0,-0.48763591,0.48763591,NEGATIVE,3,Demand fourteen days ago (1.0) decreased the forecast by 0.488 units relative to the model baseline.
AD0F8134-3538-59B3-AF30-934DB27C0BA4,2016-02-04,SAMPLE_ITEM_001,SAMPLE_CA_1,XGBoost,rolling_mean_7,3.0899786267961775,-0.45013538,0.45013538,NEGATIVE,4,The recent seven-day demand average (3.0899786267961775) decreased the forecast by 0.450 units relative to the model baseline.
AD0F8134-3538-59B3-AF30-934DB27C0BA4,2016-02-04,SAMPLE_ITEM_001,SAMPLE_CA_1,XGBoost,current_stock,76.0,-0.42664939,0.42664939,NEGATIVE,5,Current stock (76.0) decreased the forecast by 0.427 units relative to the model baseline.
645E33BD-EC7B-56E8-AEA6-E55CFF55C18B,2016-02-05,SAMPLE_ITEM_001,SAMPLE_CA_1,XGBoost,days_of_supply,21.143910635528492,-1.11464953,1.11464953,NEGATIVE,1,Days of supply (21.143910635528492) decreased the forecast by 1.115 units relative to the model baseline.
645E33BD-EC7B-56E8-AEA6-E55CFF55C18B,2016-02-05,SAMPLE_ITEM_001,SAMPLE_CA_1,XGBoost,day_of_month,5,0.64375710,0.64375710,POSITIVE,2,Day of month (5) increased the forecast by 0.644 units relative to the model baseline.
645E33BD-EC7B-56E8-AEA6-E55CFF55C18B,2016-02-05,SAMPLE_ITEM_001,SAMPLE_CA_1,XGBoost,rolling_mean_7,3.5944154943738664,-0.42671475,0.42671475,NEGATIVE,3,The recent seven-day demand average (3.5944154943738664) decreased the forecast by 0.427 units relative to the model baseline.
645E33BD-EC7B-56E8-AEA6-E55CFF55C18B,2016-02-05,SAMPLE_ITEM_001,SAMPLE_CA_1,XGBoost,current_stock,76.0,-0.33639678,0.33639678,NEGATIVE,4,Current stock (76.0) decreased the forecast by 0.336 units relative to the model baseline.
645E33BD-EC7B-56E8-AEA6-E55CFF55C18B,2016-02-05,SAMPLE_ITEM_001,SAMPLE_CA_1,XGBoost,lag_1,3.5310580730438232,0.26388937,0.26388937,POSITIVE,5,Yesterday's demand (3.5310580730438232) increased the forecast by 0.264 units relative to the model baseline.
F532CA6A-C893-5BDA-9607-7157879CD788,2016-02-06,SAMPLE_ITEM_001,SAMPLE_CA_1,XGBoost,days_of_supply,20.811858618763285,-1.23443043,1.23443043,NEGATIVE,1,Days of supply (20.811858618763285) decreased the forecast by 1.234 units relative to the model baseline.
F532CA6A-C893-5BDA-9607-7157879CD788,2016-02-06,SAMPLE_ITEM_001,SAMPLE_CA_1,XGBoost,day_of_month,6,0.65114123,0.65114123,POSITIVE,2,Day of month (6) increased the forecast by 0.651 units relative to the model baseline.
F532CA6A-C893-5BDA-9607-7157879CD788,2016-02-06,SAMPLE_ITEM_001,SAMPLE_CA_1,XGBoost,rolling_mean_7,3.6517641884940013,-0.61585313,0.61585313,NEGATIVE,3,The recent seven-day demand average (3.6517641884940013) decreased the forecast by 0.616 units relative to the model baseline.
F532CA6A-C893-5BDA-9607-7157879CD788,2016-02-06,SAMPLE_ITEM_001,SAMPLE_CA_1,XGBoost,lag_1,4.346368312835693,-0.41864169,0.41864169,NEGATIVE,4,Yesterday's demand (4.346368312835693) decreased the forecast by 0.419 units relative to the model baseline.
F532CA6A-C893-5BDA-9607-7157879CD788,2016-02-06,SAMPLE_ITEM_001,SAMPLE_CA_1,XGBoost,current_stock,76.0,-0.37389675,0.37389675,NEGATIVE,5,Current stock (76.0) decreased the forecast by 0.374 units relative to the model baseline.
6D67B793-AE47-5C3A-A37C-265D7CF96799,2016-02-07,SAMPLE_ITEM_001,SAMPLE_CA_1,XGBoost,days_of_supply,20.53294970286632,-0.97767597,0.97767597,NEGATIVE,1,Days of supply (20.53294970286632) decreased the forecast by 0.978 units relative to the model baseline.
6D67B793-AE47-5C3A-A37C-265D7CF96799,2016-02-07,SAMPLE_ITEM_001,SAMPLE_CA_1,XGBoost,day_of_month,7,0.59009826,0.59009826,POSITIVE,2,Day of month (7) increased the forecast by 0.590 units relative to the model baseline.
6D67B793-AE47-5C3A-A37C-265D7CF96799,2016-02-07,SAMPLE_ITEM_001,SAMPLE_CA_1,XGBoost,current_stock,76.0,-0.40986419,0.40986419,NEGATIVE,3,Current stock (76.0) decreased the forecast by 0.410 units relative to the model baseline.
6D67B793-AE47-5C3A-A37C-265D7CF96799,2016-02-07,SAMPLE_ITEM_001,SAMPLE_CA_1,XGBoost,rolling_mean_7,3.7013678550720215,-0.39736140,0.39736140,NEGATIVE,4,The recent seven-day demand average (3.7013678550720215) decreased the forecast by 0.397 units relative to the model baseline.
6D67B793-AE47-5C3A-A37C-265D7CF96799,2016-02-07,SAMPLE_ITEM_001,SAMPLE_CA_1,XGBoost,day_of_week,6,0.39460540,0.39460540,POSITIVE,5,The day of week (6) increased the forecast by 0.395 units relative to the model baseline.
A3D51976-E11B-5DEF-91F4-A6E1ABEC2939,2016-02-08,SAMPLE_ITEM_001,SAMPLE_CA_1,XGBoost,days_of_supply,19.947627051230143,-1.13441920,1.13441920,NEGATIVE,1,Days of supply (19.947627051230143) decreased the forecast by 1.134 units relative to the model baseline.
A3D51976-E11B-5DEF-91F4-A6E1ABEC2939,2016-02-08,SAMPLE_ITEM_001,SAMPLE_CA_1,XGBoost,day_of_month,8,0.63394409,0.63394409,POSITIVE,2,Day of month (8) increased the forecast by 0.634 units relative to the model baseline.
A3D51976-E11B-5DEF-91F4-A6E1ABEC2939,2016-02-08,SAMPLE_ITEM_001,SAMPLE_CA_1,XGBoost,rolling_mean_7,3.8099769864763533,-0.55219138,0.55219138,NEGATIVE,3,The recent seven-day demand average (3.8099769864763533) decreased the forecast by 0.552 units relative to the model baseline.
A3D51976-E11B-5DEF-91F4-A6E1ABEC2939,2016-02-08,SAMPLE_ITEM_001,SAMPLE_CA_1,XGBoost,lag_1,4.877537727355957,-0.44410279,0.44410279,NEGATIVE,4,Yesterday's demand (4.877537727355957) decreased the forecast by 0.444 units relative to the model baseline.
A3D51976-E11B-5DEF-91F4-A6E1ABEC2939,2016-02-08,SAMPLE_ITEM_001,SAMPLE_CA_1,XGBoost,current_stock,76.0,-0.40931168,0.40931168,NEGATIVE,5,Current stock (76.0) decreased the forecast by 0.409 units relative to the model baseline.
9592F44A-7632-5D60-B6DD-08944EA00FA9,2016-02-09,SAMPLE_ITEM_001,SAMPLE_CA_1,XGBoost,days_of_supply,19.69744414206095,-1.09893215,1.09893215,NEGATIVE,1,Days of supply (19.69744414206095) decreased the forecast by 1.099 units relative to the model baseline.
9592F44A-7632-5D60-B6DD-08944EA00FA9,2016-02-09,SAMPLE_ITEM_001,SAMPLE_CA_1,XGBoost,day_of_month,9,0.62848735,0.62848735,POSITIVE,2,Day of month (9) increased the forecast by 0.628 units relative to the model baseline.
9592F44A-7632-5D60-B6DD-08944EA00FA9,2016-02-09,SAMPLE_ITEM_001,SAMPLE_CA_1,XGBoost,rolling_mean_7,3.858368601117815,-0.53084433,0.53084433,NEGATIVE,3,The recent seven-day demand average (3.858368601117815) decreased the forecast by 0.531 units relative to the model baseline.
9592F44A-7632-5D60-B6DD-08944EA00FA9,2016-02-09,SAMPLE_ITEM_001,SAMPLE_CA_1,XGBoost,current_stock,76.0,-0.32911271,0.32911271,NEGATIVE,4,Current stock (76.0) decreased the forecast by 0.329 units relative to the model baseline.
9592F44A-7632-5D60-B6DD-08944EA00FA9,2016-02-09,SAMPLE_ITEM_001,SAMPLE_CA_1,XGBoost,lag_1,3.4922077655792236,0.17822890,0.17822890,POSITIVE,5,Yesterday's demand (3.4922077655792236) increased the forecast by 0.178 units relative to the model baseline.
D4930290-D0CC-531D-B743-B89815AE00B6,2016-02-10,SAMPLE_ITEM_001,SAMPLE_CA_1,XGBoost,days_of_supply,19.28202365103547,-1.15251362,1.15251362,NEGATIVE,1,Days of supply (19.28202365103547) decreased the forecast by 1.153 units relative to the model baseline.
D4930290-D0CC-531D-B743-B89815AE00B6,2016-02-10,SAMPLE_ITEM_001,SAMPLE_CA_1,XGBoost,day_of_month,10,0.68350416,0.68350416,POSITIVE,2,Day of month (10) increased the forecast by 0.684 units relative to the model baseline.
D4930290-D0CC-531D-B743-B89815AE00B6,2016-02-10,SAMPLE_ITEM_001,SAMPLE_CA_1,XGBoost,rolling_mean_7,3.9414950098310197,-0.64997536,0.64997536,NEGATIVE,3,The recent seven-day demand average (3.9414950098310197) decreased the forecast by 0.650 units relative to the model baseline.
D4930290-D0CC-531D-B743-B89815AE00B6,2016-02-10,SAMPLE_ITEM_001,SAMPLE_CA_1,XGBoost,lag_1,4.064371109008789,-0.46270260,0.46270260,NEGATIVE,4,Yesterday's demand (4.064371109008789) decreased the forecast by 0.463 units relative to the model baseline.
D4930290-D0CC-531D-B743-B89815AE00B6,2016-02-10,SAMPLE_ITEM_001,SAMPLE_CA_1,XGBoost,current_stock,76.0,-0.41361579,0.41361579,NEGATIVE,5,Current stock (76.0) decreased the forecast by 0.414 units relative to the model baseline.
681ABC47-DBF4-5D29-B13F-8026BD6D957F,2016-02-11,SAMPLE_ITEM_001,SAMPLE_CA_1,XGBoost,days_of_supply,20.06757964690653,-0.93349141,0.93349141,NEGATIVE,1,Days of supply (20.06757964690653) decreased the forecast by 0.933 units relative to the model baseline.
681ABC47-DBF4-5D29-B13F-8026BD6D957F,2016-02-11,SAMPLE_ITEM_001,SAMPLE_CA_1,XGBoost,lag_1,2.8411011695861816,0.81842440,0.81842440,POSITIVE,2,Yesterday's demand (2.8411011695861816) increased the forecast by 0.818 units relative to the model baseline.
681ABC47-DBF4-5D29-B13F-8026BD6D957F,2016-02-11,SAMPLE_ITEM_001,SAMPLE_CA_1,XGBoost,day_of_month,11,0.53377098,0.53377098,POSITIVE,3,Day of month (11) increased the forecast by 0.534 units relative to the model baseline.
681ABC47-DBF4-5D29-B13F-8026BD6D957F,2016-02-11,SAMPLE_ITEM_001,SAMPLE_CA_1,XGBoost,lag_14,0.0,-0.39256492,0.39256492,NEGATIVE,4,Demand fourteen days ago (0.0) decreased the forecast by 0.393 units relative to the model baseline.
681ABC47-DBF4-5D29-B13F-8026BD6D957F,2016-02-11,SAMPLE_ITEM_001,SAMPLE_CA_1,XGBoost,rolling_mean_7,3.787203107561384,-0.37505302,0.37505302,NEGATIVE,5,The recent seven-day demand average (3.787203107561384) decreased the forecast by 0.375 units relative to the model baseline.
9E1AB8A4-EE13-501E-98E5-C628BBD2FEFC,2016-02-12,SAMPLE_ITEM_001,SAMPLE_CA_1,XGBoost,days_of_supply,19.335707681380892,-1.12965536,1.12965536,NEGATIVE,1,Days of supply (19.335707681380892) decreased the forecast by 1.130 units relative to the model baseline.
9E1AB8A4-EE13-501E-98E5-C628BBD2FEFC,2016-02-12,SAMPLE_ITEM_001,SAMPLE_CA_1,XGBoost,day_of_month,12,0.71313280,0.71313280,POSITIVE,2,Day of month (12) increased the forecast by 0.713 units relative to the model baseline.
9E1AB8A4-EE13-501E-98E5-C628BBD2FEFC,2016-02-12,SAMPLE_ITEM_001,SAMPLE_CA_1,XGBoost,rolling_mean_7,3.930551767349243,-0.65716803,0.65716803,NEGATIVE,3,The recent seven-day demand average (3.930551767349243) decreased the forecast by 0.657 units relative to the model baseline.
9E1AB8A4-EE13-501E-98E5-C628BBD2FEFC,2016-02-12,SAMPLE_ITEM_001,SAMPLE_CA_1,XGBoost,current_stock,76.0,-0.37605664,0.37605664,NEGATIVE,4,Current stock (76.0) decreased the forecast by 0.376 units relative to the model baseline.
9E1AB8A4-EE13-501E-98E5-C628BBD2FEFC,2016-02-12,SAMPLE_ITEM_001,SAMPLE_CA_1,XGBoost,lag_1,4.534498691558838,-0.33605495,0.33605495,NEGATIVE,5,Yesterday's demand (4.534498691558838) decreased the forecast by 0.336 units relative to the model baseline.
BC05AC8D-0D3D-5572-8DC5-09DF9D6E74A2,2016-02-13,SAMPLE_ITEM_001,SAMPLE_CA_1,XGBoost,days_of_supply,19.8045300623647,-1.09640706,1.09640706,NEGATIVE,1,Days of supply (19.8045300623647) decreased the forecast by 1.096 units relative to the model baseline.
BC05AC8D-0D3D-5572-8DC5-09DF9D6E74A2,2016-02-13,SAMPLE_ITEM_001,SAMPLE_CA_1,XGBoost,day_of_month,13,0.63397324,0.63397324,POSITIVE,2,Day of month (13) increased the forecast by 0.634 units relative to the model baseline.
BC05AC8D-0D3D-5572-8DC5-09DF9D6E74A2,2016-02-13,SAMPLE_ITEM_001,SAMPLE_CA_1,XGBoost,rolling_mean_7,3.8375058514731273,-0.44712797,0.44712797,NEGATIVE,3,The recent seven-day demand average (3.8375058514731273) decreased the forecast by 0.447 units relative to the model baseline.
BC05AC8D-0D3D-5572-8DC5-09DF9D6E74A2,2016-02-13,SAMPLE_ITEM_001,SAMPLE_CA_1,XGBoost,current_stock,76.0,-0.30547446,0.30547446,NEGATIVE,4,Current stock (76.0) decreased the forecast by 0.305 units relative to the model baseline.
BC05AC8D-0D3D-5572-8DC5-09DF9D6E74A2,2016-02-13,SAMPLE_ITEM_001,SAMPLE_CA_1,XGBoost,lag_1,3.695046901702881,0.26262113,0.26262113,POSITIVE,5,Yesterday's demand (3.695046901702881) increased the forecast by 0.263 units relative to the model baseline.
95FE71F8-FA33-5038-95B1-8E600425D04B,2016-02-14,SAMPLE_ITEM_001,SAMPLE_CA_1,XGBoost,days_of_supply,19.0443481323684,-0.99349487,0.99349487,NEGATIVE,1,Days of supply (19.0443481323684) decreased the forecast by 0.993 units relative to the model baseline.
95FE71F8-FA33-5038-95B1-8E600425D04B,2016-02-14,SAMPLE_ITEM_001,SAMPLE_CA_1,XGBoost,day_of_month,14,0.64044839,0.64044839,POSITIVE,2,Day of month (14) increased the forecast by 0.640 units relative to the model baseline.
95FE71F8-FA33-5038-95B1-8E600425D04B,2016-02-14,SAMPLE_ITEM_001,SAMPLE_CA_1,XGBoost,rolling_mean_7,3.990685292652675,-0.62361008,0.62361008,NEGATIVE,3,The recent seven-day demand average (3.990685292652675) decreased the forecast by 0.624 units relative to the model baseline.
95FE71F8-FA33-5038-95B1-8E600425D04B,2016-02-14,SAMPLE_ITEM_001,SAMPLE_CA_1,XGBoost,current_stock,76.0,-0.42381179,0.42381179,NEGATIVE,4,Current stock (76.0) decreased the forecast by 0.424 units relative to the model baseline.
95FE71F8-FA33-5038-95B1-8E600425D04B,2016-02-14,SAMPLE_ITEM_001,SAMPLE_CA_1,XGBoost,day_of_week,6,0.38484520,0.38484520,POSITIVE,5,The day of week (6) increased the forecast by 0.385 units relative to the model baseline.
4E61C22D-290D-509E-8C19-937F98D3DADC,2016-02-15,SAMPLE_ITEM_001,SAMPLE_CA_1,XGBoost,days_of_supply,19.587345441094104,-1.10963845,1.10963845,NEGATIVE,1,Days of supply (19.587345441094104) decreased the forecast by 1.110 units relative to the model baseline.
4E61C22D-290D-509E-8C19-937F98D3DADC,2016-02-15,SAMPLE_ITEM_001,SAMPLE_CA_1,XGBoost,day_of_month,15,0.63633317,0.63633317,POSITIVE,2,Day of month (15) increased the forecast by 0.636 units relative to the model baseline.
4E61C22D-290D-509E-8C19-937F98D3DADC,2016-02-15,SAMPLE_ITEM_001,SAMPLE_CA_1,XGBoost,rolling_mean_7,3.880056142807007,-0.58747327,0.58747327,NEGATIVE,3,The recent seven-day demand average (3.880056142807007) decreased the forecast by 0.587 units relative to the model baseline.
4E61C22D-290D-509E-8C19-937F98D3DADC,2016-02-15,SAMPLE_ITEM_001,SAMPLE_CA_1,XGBoost,lag_1,4.103133678436279,-0.40276018,0.40276018,NEGATIVE,4,Yesterday's demand (4.103133678436279) decreased the forecast by 0.403 units relative to the model baseline.
4E61C22D-290D-509E-8C19-937F98D3DADC,2016-02-15,SAMPLE_ITEM_001,SAMPLE_CA_1,XGBoost,current_stock,76.0,-0.36877257,0.36877257,NEGATIVE,5,Current stock (76.0) decreased the forecast by 0.369 units relative to the model baseline.
0EA814E9-746F-5D96-8F60-92818EC4ED2D,2016-02-16,SAMPLE_ITEM_001,SAMPLE_CA_1,XGBoost,days_of_supply,19.50271738140032,-1.09670544,1.09670544,NEGATIVE,1,Days of supply (19.50271738140032) decreased the forecast by 1.097 units relative to the model baseline.
0EA814E9-746F-5D96-8F60-92818EC4ED2D,2016-02-16,SAMPLE_ITEM_001,SAMPLE_CA_1,XGBoost,rolling_mean_7,3.896892854145595,-0.56829137,0.56829137,NEGATIVE,2,The recent seven-day demand average (3.896892854145595) decreased the forecast by 0.568 units relative to the model baseline.
0EA814E9-746F-5D96-8F60-92818EC4ED2D,2016-02-16,SAMPLE_ITEM_001,SAMPLE_CA_1,XGBoost,current_stock,76.0,-0.30999085,0.30999085,NEGATIVE,3,Current stock (76.0) decreased the forecast by 0.310 units relative to the model baseline.
0EA814E9-746F-5D96-8F60-92818EC4ED2D,2016-02-16,SAMPLE_ITEM_001,SAMPLE_CA_1,XGBoost,lag_1,3.610064744949341,0.19226539,0.19226539,POSITIVE,4,Yesterday's demand (3.610064744949341) increased the forecast by 0.192 units relative to the model baseline.
0EA814E9-746F-5D96-8F60-92818EC4ED2D,2016-02-16,SAMPLE_ITEM_001,SAMPLE_CA_1,XGBoost,day_of_month,16,0.15464617,0.15464617,POSITIVE,5,Day of month (16) increased the forecast by 0.155 units relative to the model baseline.
AECF20ED-B598-5696-B7AA-8DF3DD6F2B12,2016-02-17,SAMPLE_ITEM_001,SAMPLE_CA_1,XGBoost,days_of_supply,19.68795767799297,-1.05780959,1.05780959,NEGATIVE,1,Days of supply (19.68795767799297) decreased the forecast by 1.058 units relative to the model baseline.
AECF20ED-B598-5696-B7AA-8DF3DD6F2B12,2016-02-17,SAMPLE_ITEM_001,SAMPLE_CA_1,XGBoost,rolling_mean_7,3.860227721078055,-0.49253574,0.49253574,NEGATIVE,2,The recent seven-day demand average (3.860227721078055) decreased the forecast by 0.493 units relative to the model baseline.
AECF20ED-B598-5696-B7AA-8DF3DD6F2B12,2016-02-17,SAMPLE_ITEM_001,SAMPLE_CA_1,XGBoost,current_stock,76.0,-0.31937489,0.31937489,NEGATIVE,3,Current stock (76.0) decreased the forecast by 0.319 units relative to the model baseline.
AECF20ED-B598-5696-B7AA-8DF3DD6F2B12,2016-02-17,SAMPLE_ITEM_001,SAMPLE_CA_1,XGBoost,lag_1,3.8077151775360107,0.22126223,0.22126223,POSITIVE,4,Yesterday's demand (3.8077151775360107) increased the forecast by 0.221 units relative to the model baseline.
AECF20ED-B598-5696-B7AA-8DF3DD6F2B12,2016-02-17,SAMPLE_ITEM_001,SAMPLE_CA_1,XGBoost,price_change_percentage,0.0,0.15213980,0.15213980,POSITIVE,5,Price change percentage (0.0) increased the forecast by 0.152 units relative to the model baseline.
72ADBD88-AAC2-56BD-A1C8-DA4CC2316B1D,2016-02-18,SAMPLE_ITEM_001,SAMPLE_CA_1,XGBoost,days_of_supply,19.08183543510878,-1.06292284,1.06292284,NEGATIVE,1,Days of supply (19.08183543510878) decreased the forecast by 1.063 units relative to the model baseline.
72ADBD88-AAC2-56BD-A1C8-DA4CC2316B1D,2016-02-18,SAMPLE_ITEM_001,SAMPLE_CA_1,XGBoost,rolling_mean_7,3.9828453745160783,-0.47900581,0.47900581,NEGATIVE,2,The recent seven-day demand average (3.9828453745160783) decreased the forecast by 0.479 units relative to the model baseline.
72ADBD88-AAC2-56BD-A1C8-DA4CC2316B1D,2016-02-18,SAMPLE_ITEM_001,SAMPLE_CA_1,XGBoost,current_stock,76.0,-0.32170427,0.32170427,NEGATIVE,3,Current stock (76.0) decreased the forecast by 0.322 units relative to the model baseline.
72ADBD88-AAC2-56BD-A1C8-DA4CC2316B1D,2016-02-18,SAMPLE_ITEM_001,SAMPLE_CA_1,XGBoost,lag_1,3.6994247436523438,0.26068866,0.26068866,POSITIVE,4,Yesterday's demand (3.6994247436523438) increased the forecast by 0.261 units relative to the model baseline.
72ADBD88-AAC2-56BD-A1C8-DA4CC2316B1D,2016-02-18,SAMPLE_ITEM_001,SAMPLE_CA_1,XGBoost,day_of_week,3,-0.18389130,0.18389130,NEGATIVE,5,The day of week (3) decreased the forecast by 0.184 units relative to the model baseline.
C3DAB9CD-58CC-59C5-9C8F-45AD10C3B018,2016-02-19,SAMPLE_ITEM_001,SAMPLE_CA_1,XGBoost,days_of_supply,19.618836617626588,-1.09156263,1.09156263,NEGATIVE,1,Days of supply (19.618836617626588) decreased the forecast by 1.092 units relative to the model baseline.
C3DAB9CD-58CC-59C5-9C8F-45AD10C3B018,2016-02-19,SAMPLE_ITEM_001,SAMPLE_CA_1,XGBoost,rolling_mean_7,3.8738280705043246,-0.51377070,0.51377070,NEGATIVE,2,The recent seven-day demand average (3.8738280705043246) decreased the forecast by 0.514 units relative to the model baseline.
C3DAB9CD-58CC-59C5-9C8F-45AD10C3B018,2016-02-19,SAMPLE_ITEM_001,SAMPLE_CA_1,XGBoost,current_stock,76.0,-0.32170427,0.32170427,NEGATIVE,3,Current stock (76.0) decreased the forecast by 0.322 units relative to the model baseline.
C3DAB9CD-58CC-59C5-9C8F-45AD10C3B018,2016-02-19,SAMPLE_ITEM_001,SAMPLE_CA_1,XGBoost,lag_1,3.7713775634765625,0.22823052,0.22823052,POSITIVE,4,Yesterday's demand (3.7713775634765625) increased the forecast by 0.228 units relative to the model baseline.
C3DAB9CD-58CC-59C5-9C8F-45AD10C3B018,2016-02-19,SAMPLE_ITEM_001,SAMPLE_CA_1,XGBoost,price_change_percentage,0.0,0.15263404,0.15263404,POSITIVE,5,Price change percentage (0.0) increased the forecast by 0.153 units relative to the model baseline.
26624B54-AF66-501D-BAEF-74916F55C155,2016-02-20,SAMPLE_ITEM_001,SAMPLE_CA_1,XGBoost,days_of_supply,19.714757742461213,-1.09819329,1.09819329,NEGATIVE,1,Days of supply (19.714757742461213) decreased the forecast by 1.098 units relative to the model baseline.
26624B54-AF66-501D-BAEF-74916F55C155,2016-02-20,SAMPLE_ITEM_001,SAMPLE_CA_1,XGBoost,rolling_mean_7,3.854980162211827,-0.41091806,0.41091806,NEGATIVE,2,The recent seven-day demand average (3.854980162211827) decreased the forecast by 0.411 units relative to the model baseline.
26624B54-AF66-501D-BAEF-74916F55C155,2016-02-20,SAMPLE_ITEM_001,SAMPLE_CA_1,XGBoost,current_stock,76.0,-0.31643799,0.31643799,NEGATIVE,3,Current stock (76.0) decreased the forecast by 0.316 units relative to the model baseline.
26624B54-AF66-501D-BAEF-74916F55C155,2016-02-20,SAMPLE_ITEM_001,SAMPLE_CA_1,XGBoost,lag_1,3.5631115436553955,0.25672880,0.25672880,POSITIVE,4,Yesterday's demand (3.5631115436553955) increased the forecast by 0.257 units relative to the model baseline.
26624B54-AF66-501D-BAEF-74916F55C155,2016-02-20,SAMPLE_ITEM_001,SAMPLE_CA_1,XGBoost,day_of_month,20,-0.17442571,0.17442571,NEGATIVE,5,Day of month (20) decreased the forecast by 0.174 units relative to the model baseline.
375FD05D-C046-55CE-A58B-633B05131B8C,2016-02-21,SAMPLE_ITEM_001,SAMPLE_CA_1,XGBoost,days_of_supply,20.209108952412564,-0.93600434,0.93600434,NEGATIVE,1,Days of supply (20.209108952412564) decreased the forecast by 0.936 units relative to the model baseline.
375FD05D-C046-55CE-A58B-633B05131B8C,2016-02-21,SAMPLE_ITEM_001,SAMPLE_CA_1,XGBoost,day_of_month,21,-0.51850611,0.51850611,NEGATIVE,2,Day of month (21) decreased the forecast by 0.519 units relative to the model baseline.
375FD05D-C046-55CE-A58B-633B05131B8C,2016-02-21,SAMPLE_ITEM_001,SAMPLE_CA_1,XGBoost,day_of_week,6,0.44984394,0.44984394,POSITIVE,3,The day of week (6) increased the forecast by 0.450 units relative to the model baseline.
375FD05D-C046-55CE-A58B-633B05131B8C,2016-02-21,SAMPLE_ITEM_001,SAMPLE_CA_1,XGBoost,current_stock,76.0,-0.39715588,0.39715588,NEGATIVE,4,Current stock (76.0) decreased the forecast by 0.397 units relative to the model baseline.
375FD05D-C046-55CE-A58B-633B05131B8C,2016-02-21,SAMPLE_ITEM_001,SAMPLE_CA_1,XGBoost,rolling_mean_7,3.7606804030282155,-0.35454252,0.35454252,NEGATIVE,5,The recent seven-day demand average (3.7606804030282155) decreased the forecast by 0.355 units relative to the model baseline.
85788B9F-A2EA-5AE5-9747-6E240C828C7C,2016-02-22,SAMPLE_ITEM_001,SAMPLE_CA_1,XGBoost,days_of_supply,20.331999689503174,-1.06992161,1.06992161,NEGATIVE,1,Days of supply (20.331999689503174) decreased the forecast by 1.070 units relative to the model baseline.
85788B9F-A2EA-5AE5-9747-6E240C828C7C,2016-02-22,SAMPLE_ITEM_001,SAMPLE_CA_1,XGBoost,day_of_month,22,-0.50672853,0.50672853,NEGATIVE,2,Day of month (22) decreased the forecast by 0.507 units relative to the model baseline.
85788B9F-A2EA-5AE5-9747-6E240C828C7C,2016-02-22,SAMPLE_ITEM_001,SAMPLE_CA_1,XGBoost,rolling_mean_7,3.737950086593628,-0.36168453,0.36168453,NEGATIVE,3,The recent seven-day demand average (3.737950086593628) decreased the forecast by 0.362 units relative to the model baseline.
85788B9F-A2EA-5AE5-9747-6E240C828C7C,2016-02-22,SAMPLE_ITEM_001,SAMPLE_CA_1,XGBoost,current_stock,76.0,-0.31640434,0.31640434,NEGATIVE,4,Current stock (76.0) decreased the forecast by 0.316 units relative to the model baseline.
85788B9F-A2EA-5AE5-9747-6E240C828C7C,2016-02-22,SAMPLE_ITEM_001,SAMPLE_CA_1,XGBoost,price_change_percentage,0.0,0.16219151,0.16219151,POSITIVE,5,Price change percentage (0.0) increased the forecast by 0.162 units relative to the model baseline.
BA12986B-B827-5A1B-9303-F3148E25A1DE,2016-02-23,SAMPLE_ITEM_001,SAMPLE_CA_1,XGBoost,days_of_supply,20.57019965791093,-1.07613921,1.07613921,NEGATIVE,1,Days of supply (20.57019965791093) decreased the forecast by 1.076 units relative to the model baseline.
BA12986B-B827-5A1B-9303-F3148E25A1DE,2016-02-23,SAMPLE_ITEM_001,SAMPLE_CA_1,XGBoost,day_of_month,23,-0.52143580,0.52143580,NEGATIVE,2,Day of month (23) decreased the forecast by 0.521 units relative to the model baseline.
BA12986B-B827-5A1B-9303-F3148E25A1DE,2016-02-23,SAMPLE_ITEM_001,SAMPLE_CA_1,XGBoost,rolling_mean_7,3.694665159497942,-0.42050529,0.42050529,NEGATIVE,3,The recent seven-day demand average (3.694665159497942) decreased the forecast by 0.421 units relative to the model baseline.
BA12986B-B827-5A1B-9303-F3148E25A1DE,2016-02-23,SAMPLE_ITEM_001,SAMPLE_CA_1,XGBoost,current_stock,76.0,-0.31640434,0.31640434,NEGATIVE,4,Current stock (76.0) decreased the forecast by 0.316 units relative to the model baseline.
BA12986B-B827-5A1B-9303-F3148E25A1DE,2016-02-23,SAMPLE_ITEM_001,SAMPLE_CA_1,XGBoost,price_change_percentage,0.0,0.16151403,0.16151403,POSITIVE,5,Price change percentage (0.0) increased the forecast by 0.162 units relative to the model baseline.
38B369ED-B598-5E18-B452-C7C78BF9D5DE,2016-02-24,SAMPLE_ITEM_001,SAMPLE_CA_1,XGBoost,days_of_supply,21.093610172525363,-1.07951581,1.07951581,NEGATIVE,1,Days of supply (21.093610172525363) decreased the forecast by 1.080 units relative to the model baseline.
38B369ED-B598-5E18-B452-C7C78BF9D5DE,2016-02-24,SAMPLE_ITEM_001,SAMPLE_CA_1,XGBoost,day_of_month,24,-0.46944082,0.46944082,NEGATIVE,2,Day of month (24) decreased the forecast by 0.469 units relative to the model baseline.
38B369ED-B598-5E18-B452-C7C78BF9D5DE,2016-02-24,SAMPLE_ITEM_001,SAMPLE_CA_1,XGBoost,rolling_mean_7,3.60298684665135,-0.37297067,0.37297067,NEGATIVE,3,The recent seven-day demand average (3.60298684665135) decreased the forecast by 0.373 units relative to the model baseline.
38B369ED-B598-5E18-B452-C7C78BF9D5DE,2016-02-24,SAMPLE_ITEM_001,SAMPLE_CA_1,XGBoost,current_stock,76.0,-0.32054761,0.32054761,NEGATIVE,4,Current stock (76.0) decreased the forecast by 0.321 units relative to the model baseline.
38B369ED-B598-5E18-B452-C7C78BF9D5DE,2016-02-24,SAMPLE_ITEM_001,SAMPLE_CA_1,XGBoost,lag_14,2.8411011695861816,-0.30459455,0.30459455,NEGATIVE,5,Demand fourteen days ago (2.8411011695861816) decreased the forecast by 0.305 units relative to the model baseline.
B55D9056-7BA8-5C4E-A746-DCE7C9BD7F1E,2016-02-25,SAMPLE_ITEM_001,SAMPLE_CA_1,XGBoost,days_of_supply,21.72372691138776,-0.93231702,0.93231702,NEGATIVE,1,Days of supply (21.72372691138776) decreased the forecast by 0.932 units relative to the model baseline.
B55D9056-7BA8-5C4E-A746-DCE7C9BD7F1E,2016-02-25,SAMPLE_ITEM_001,SAMPLE_CA_1,XGBoost,lag_1,2.9678690433502197,0.72407609,0.72407609,POSITIVE,2,Yesterday's demand (2.9678690433502197) increased the forecast by 0.724 units relative to the model baseline.
B55D9056-7BA8-5C4E-A746-DCE7C9BD7F1E,2016-02-25,SAMPLE_ITEM_001,SAMPLE_CA_1,XGBoost,day_of_month,25,-0.52295190,0.52295190,NEGATIVE,3,Day of month (25) decreased the forecast by 0.523 units relative to the model baseline.
B55D9056-7BA8-5C4E-A746-DCE7C9BD7F1E,2016-02-25,SAMPLE_ITEM_001,SAMPLE_CA_1,XGBoost,rolling_mean_7,3.498478889465332,-0.36244586,0.36244586,NEGATIVE,4,The recent seven-day demand average (3.498478889465332) decreased the forecast by 0.362 units relative to the model baseline.
B55D9056-7BA8-5C4E-A746-DCE7C9BD7F1E,2016-02-25,SAMPLE_ITEM_001,SAMPLE_CA_1,XGBoost,day_of_week,3,-0.23571321,0.23571321,NEGATIVE,5,The day of week (3) decreased the forecast by 0.236 units relative to the model baseline.
BB30B63C-DB63-583E-83C0-270CB5B5E061,2016-02-26,SAMPLE_ITEM_001,SAMPLE_CA_1,XGBoost,days_of_supply,21.64412564747383,-1.12940550,1.12940550,NEGATIVE,1,Days of supply (21.64412564747383) decreased the forecast by 1.129 units relative to the model baseline.
BB30B63C-DB63-583E-83C0-270CB5B5E061,2016-02-26,SAMPLE_ITEM_001,SAMPLE_CA_1,XGBoost,day_of_month,26,-0.52673733,0.52673733,NEGATIVE,2,Day of month (26) decreased the forecast by 0.527 units relative to the model baseline.
BB30B63C-DB63-583E-83C0-270CB5B5E061,2016-02-26,SAMPLE_ITEM_001,SAMPLE_CA_1,XGBoost,rolling_mean_7,3.5113453524453297,-0.42731741,0.42731741,NEGATIVE,3,The recent seven-day demand average (3.5113453524453297) decreased the forecast by 0.427 units relative to the model baseline.
BB30B63C-DB63-583E-83C0-270CB5B5E061,2016-02-26,SAMPLE_ITEM_001,SAMPLE_CA_1,XGBoost,current_stock,76.0,-0.34837317,0.34837317,NEGATIVE,4,Current stock (76.0) decreased the forecast by 0.348 units relative to the model baseline.
BB30B63C-DB63-583E-83C0-270CB5B5E061,2016-02-26,SAMPLE_ITEM_001,SAMPLE_CA_1,XGBoost,lag_1,3.861442804336548,0.22955547,0.22955547,POSITIVE,5,Yesterday's demand (3.861442804336548) increased the forecast by 0.230 units relative to the model baseline.
77B8430A-221F-5A6F-B66E-A28D0390007C,2016-02-27,SAMPLE_ITEM_001,SAMPLE_CA_1,XGBoost,days_of_supply,22.021765959771944,-1.13701355,1.13701355,NEGATIVE,1,Days of supply (22.021765959771944) decreased the forecast by 1.137 units relative to the model baseline.
77B8430A-221F-5A6F-B66E-A28D0390007C,2016-02-27,SAMPLE_ITEM_001,SAMPLE_CA_1,XGBoost,day_of_month,27,-0.52429682,0.52429682,NEGATIVE,2,Day of month (27) decreased the forecast by 0.524 units relative to the model baseline.
77B8430A-221F-5A6F-B66E-A28D0390007C,2016-02-27,SAMPLE_ITEM_001,SAMPLE_CA_1,XGBoost,rolling_mean_7,3.4511310373033797,-0.42974430,0.42974430,NEGATIVE,3,The recent seven-day demand average (3.4511310373033797) decreased the forecast by 0.430 units relative to the model baseline.
77B8430A-221F-5A6F-B66E-A28D0390007C,2016-02-27,SAMPLE_ITEM_001,SAMPLE_CA_1,XGBoost,current_stock,76.0,-0.34213555,0.34213555,NEGATIVE,4,Current stock (76.0) decreased the forecast by 0.342 units relative to the model baseline.
77B8430A-221F-5A6F-B66E-A28D0390007C,2016-02-27,SAMPLE_ITEM_001,SAMPLE_CA_1,XGBoost,lag_1,3.141611337661743,0.24127585,0.24127585,POSITIVE,5,Yesterday's demand (3.141611337661743) increased the forecast by 0.241 units relative to the model baseline.
6B795337-CDC5-5202-B4C7-94948422BE61,2016-02-28,SAMPLE_ITEM_001,SAMPLE_CA_1,XGBoost,days_of_supply,22.576018194611375,-0.97334701,0.97334701,NEGATIVE,1,Days of supply (22.576018194611375) decreased the forecast by 0.973 units relative to the model baseline.
6B795337-CDC5-5202-B4C7-94948422BE61,2016-02-28,SAMPLE_ITEM_001,SAMPLE_CA_1,XGBoost,day_of_month,28,-0.51532400,0.51532400,NEGATIVE,2,Day of month (28) decreased the forecast by 0.515 units relative to the model baseline.
6B795337-CDC5-5202-B4C7-94948422BE61,2016-02-28,SAMPLE_ITEM_001,SAMPLE_CA_1,XGBoost,day_of_week,6,0.43904957,0.43904957,POSITIVE,3,The day of week (6) increased the forecast by 0.439 units relative to the model baseline.
6B795337-CDC5-5202-B4C7-94948422BE61,2016-02-28,SAMPLE_ITEM_001,SAMPLE_CA_1,XGBoost,current_stock,76.0,-0.42184061,0.42184061,NEGATIVE,4,Current stock (76.0) decreased the forecast by 0.422 units relative to the model baseline.
6B795337-CDC5-5202-B4C7-94948422BE61,2016-02-28,SAMPLE_ITEM_001,SAMPLE_CA_1,XGBoost,rolling_mean_7,3.3664040906088695,-0.35736746,0.35736746,NEGATIVE,5,The recent seven-day demand average (3.3664040906088695) decreased the forecast by 0.357 units relative to the model baseline.
6A960926-EC9A-5528-AC73-21F95A707839,2016-02-29,SAMPLE_ITEM_001,SAMPLE_CA_1,XGBoost,days_of_supply,22.752497626245216,-1.10640049,1.10640049,NEGATIVE,1,Days of supply (22.752497626245216) decreased the forecast by 1.106 units relative to the model baseline.
6A960926-EC9A-5528-AC73-21F95A707839,2016-02-29,SAMPLE_ITEM_001,SAMPLE_CA_1,XGBoost,day_of_month,29,-0.51758552,0.51758552,NEGATIVE,2,Day of month (29) decreased the forecast by 0.518 units relative to the model baseline.
6A960926-EC9A-5528-AC73-21F95A707839,2016-02-29,SAMPLE_ITEM_001,SAMPLE_CA_1,XGBoost,rolling_mean_7,3.3402926240648543,-0.36139163,0.36139163,NEGATIVE,3,The recent seven-day demand average (3.3402926240648543) decreased the forecast by 0.361 units relative to the model baseline.
6A960926-EC9A-5528-AC73-21F95A707839,2016-02-29,SAMPLE_ITEM_001,SAMPLE_CA_1,XGBoost,current_stock,76.0,-0.34108910,0.34108910,NEGATIVE,4,Current stock (76.0) decreased the forecast by 0.341 units relative to the model baseline.
6A960926-EC9A-5528-AC73-21F95A707839,2016-02-29,SAMPLE_ITEM_001,SAMPLE_CA_1,XGBoost,price_change_percentage,0.0,0.16151839,0.16151839,POSITIVE,5,Price change percentage (0.0) increased the forecast by 0.162 units relative to the model baseline.
84F95492-2111-5F68-9669-E4D5C0CDE706,2016-03-01,SAMPLE_ITEM_001,SAMPLE_CA_1,XGBoost,days_of_supply,22.8965230069414,-1.10849047,1.10849047,NEGATIVE,1,Days of supply (22.8965230069414) decreased the forecast by 1.108 units relative to the model baseline.
84F95492-2111-5F68-9669-E4D5C0CDE706,2016-03-01,SAMPLE_ITEM_001,SAMPLE_CA_1,XGBoost,day_of_month,1,0.63417280,0.63417280,POSITIVE,2,Day of month (1) increased the forecast by 0.634 units relative to the model baseline.
84F95492-2111-5F68-9669-E4D5C0CDE706,2016-03-01,SAMPLE_ITEM_001,SAMPLE_CA_1,XGBoost,rolling_mean_7,3.3192812715257918,-0.42977229,0.42977229,NEGATIVE,3,The recent seven-day demand average (3.3192812715257918) decreased the forecast by 0.430 units relative to the model baseline.
84F95492-2111-5F68-9669-E4D5C0CDE706,2016-03-01,SAMPLE_ITEM_001,SAMPLE_CA_1,XGBoost,current_stock,76.0,-0.32911271,0.32911271,NEGATIVE,4,Current stock (76.0) decreased the forecast by 0.329 units relative to the model baseline.
84F95492-2111-5F68-9669-E4D5C0CDE706,2016-03-01,SAMPLE_ITEM_001,SAMPLE_CA_1,XGBoost,lag_1,3.1599907875061035,0.18379934,0.18379934,POSITIVE,5,Yesterday's demand (3.1599907875061035) increased the forecast by 0.184 units relative to the model baseline.
9DB394D7-4159-5753-8815-E0C3CD96ECF3,2016-03-02,SAMPLE_ITEM_001,SAMPLE_CA_1,XGBoost,days_of_supply,21.966577252604665,-1.16520560,1.16520560,NEGATIVE,1,Days of supply (21.966577252604665) decreased the forecast by 1.165 units relative to the model baseline.
9DB394D7-4159-5753-8815-E0C3CD96ECF3,2016-03-02,SAMPLE_ITEM_001,SAMPLE_CA_1,XGBoost,day_of_month,2,0.69825619,0.69825619,POSITIVE,2,Day of month (2) increased the forecast by 0.698 units relative to the model baseline.
9DB394D7-4159-5753-8815-E0C3CD96ECF3,2016-03-02,SAMPLE_ITEM_001,SAMPLE_CA_1,XGBoost,rolling_mean_7,3.459801639829363,-0.60570538,0.60570538,NEGATIVE,3,The recent seven-day demand average (3.459801639829363) decreased the forecast by 0.606 units relative to the model baseline.
9DB394D7-4159-5753-8815-E0C3CD96ECF3,2016-03-02,SAMPLE_ITEM_001,SAMPLE_CA_1,XGBoost,lag_1,4.149609565734863,-0.42077902,0.42077902,NEGATIVE,4,Yesterday's demand (4.149609565734863) decreased the forecast by 0.421 units relative to the model baseline.
9DB394D7-4159-5753-8815-E0C3CD96ECF3,2016-03-02,SAMPLE_ITEM_001,SAMPLE_CA_1,XGBoost,current_stock,76.0,-0.41426638,0.41426638,NEGATIVE,5,Current stock (76.0) decreased the forecast by 0.414 units relative to the model baseline.
311BBB5C-A12B-5FA5-816D-25AF7E4AF0DB,2016-03-03,SAMPLE_ITEM_001,SAMPLE_CA_1,XGBoost,days_of_supply,21.724334126349465,-1.12926221,1.12926221,NEGATIVE,1,Days of supply (21.724334126349465) decreased the forecast by 1.129 units relative to the model baseline.
311BBB5C-A12B-5FA5-816D-25AF7E4AF0DB,2016-03-03,SAMPLE_ITEM_001,SAMPLE_CA_1,XGBoost,day_of_month,3,0.64393568,0.64393568,POSITIVE,2,Day of month (3) increased the forecast by 0.644 units relative to the model baseline.
311BBB5C-A12B-5FA5-816D-25AF7E4AF0DB,2016-03-03,SAMPLE_ITEM_001,SAMPLE_CA_1,XGBoost,rolling_mean_7,3.498381103788103,-0.42498481,0.42498481,NEGATIVE,3,The recent seven-day demand average (3.498381103788103) decreased the forecast by 0.425 units relative to the model baseline.
311BBB5C-A12B-5FA5-816D-25AF7E4AF0DB,2016-03-03,SAMPLE_ITEM_001,SAMPLE_CA_1,XGBoost,current_stock,76.0,-0.33639678,0.33639678,NEGATIVE,4,Current stock (76.0) decreased the forecast by 0.336 units relative to the model baseline.
311BBB5C-A12B-5FA5-816D-25AF7E4AF0DB,2016-03-03,SAMPLE_ITEM_001,SAMPLE_CA_1,XGBoost,lag_1,3.2379252910614014,0.24570666,0.24570666,POSITIVE,5,Yesterday's demand (3.2379252910614014) increased the forecast by 0.246 units relative to the model baseline.
2112C7F7-E335-5708-80A5-4F233E798077,2016-03-04,SAMPLE_ITEM_001,SAMPLE_CA_1,XGBoost,days_of_supply,21.455747588522602,-1.16805232,1.16805232,NEGATIVE,1,Days of supply (21.455747588522602) decreased the forecast by 1.168 units relative to the model baseline.
2112C7F7-E335-5708-80A5-4F233E798077,2016-03-04,SAMPLE_ITEM_001,SAMPLE_CA_1,XGBoost,day_of_month,4,0.70604730,0.70604730,POSITIVE,2,Day of month (4) increased the forecast by 0.706 units relative to the model baseline.
2112C7F7-E335-5708-80A5-4F233E798077,2016-03-04,SAMPLE_ITEM_001,SAMPLE_CA_1,XGBoost,rolling_mean_7,3.5421744074140276,-0.59313899,0.59313899,NEGATIVE,3,The recent seven-day demand average (3.5421744074140276) decreased the forecast by 0.593 units relative to the model baseline.
2112C7F7-E335-5708-80A5-4F233E798077,2016-03-04,SAMPLE_ITEM_001,SAMPLE_CA_1,XGBoost,current_stock,76.0,-0.41659576,0.41659576,NEGATIVE,4,Current stock (76.0) decreased the forecast by 0.417 units relative to the model baseline.
2112C7F7-E335-5708-80A5-4F233E798077,2016-03-04,SAMPLE_ITEM_001,SAMPLE_CA_1,XGBoost,lag_1,4.167995929718018,-0.39098984,0.39098984,NEGATIVE,5,Yesterday's demand (4.167995929718018) decreased the forecast by 0.391 units relative to the model baseline.
C64ACA77-6720-578F-99AE-03B2450CE2F8,2016-03-05,SAMPLE_ITEM_001,SAMPLE_CA_1,XGBoost,days_of_supply,21.24539045466143,-1.13288581,1.13288581,NEGATIVE,1,Days of supply (21.24539045466143) decreased the forecast by 1.133 units relative to the model baseline.
C64ACA77-6720-578F-99AE-03B2450CE2F8,2016-03-05,SAMPLE_ITEM_001,SAMPLE_CA_1,XGBoost,day_of_month,5,0.64186919,0.64186919,POSITIVE,2,Day of month (5) increased the forecast by 0.642 units relative to the model baseline.
C64ACA77-6720-578F-99AE-03B2450CE2F8,2016-03-05,SAMPLE_ITEM_001,SAMPLE_CA_1,XGBoost,rolling_mean_7,3.5772465637751987,-0.43120003,0.43120003,NEGATIVE,3,The recent seven-day demand average (3.5772465637751987) decreased the forecast by 0.431 units relative to the model baseline.
C64ACA77-6720-578F-99AE-03B2450CE2F8,2016-03-05,SAMPLE_ITEM_001,SAMPLE_CA_1,XGBoost,current_stock,76.0,-0.33015913,0.33015913,NEGATIVE,4,Current stock (76.0) decreased the forecast by 0.330 units relative to the model baseline.
C64ACA77-6720-578F-99AE-03B2450CE2F8,2016-03-05,SAMPLE_ITEM_001,SAMPLE_CA_1,XGBoost,lag_1,3.3871164321899414,0.29297090,0.29297090,POSITIVE,5,Yesterday's demand (3.3871164321899414) increased the forecast by 0.293 units relative to the model baseline.
E225EC4E-2F64-504E-A6CA-CCB82874ED17,2016-03-06,SAMPLE_ITEM_001,SAMPLE_CA_1,XGBoost,days_of_supply,20.311690163455886,-1.03189194,1.03189194,NEGATIVE,1,Days of supply (20.311690163455886) decreased the forecast by 1.032 units relative to the model baseline.
E225EC4E-2F64-504E-A6CA-CCB82874ED17,2016-03-06,SAMPLE_ITEM_001,SAMPLE_CA_1,XGBoost,day_of_month,6,0.62564558,0.62564558,POSITIVE,2,Day of month (6) increased the forecast by 0.626 units relative to the model baseline.
E225EC4E-2F64-504E-A6CA-CCB82874ED17,2016-03-06,SAMPLE_ITEM_001,SAMPLE_CA_1,XGBoost,rolling_mean_7,3.741687638419015,-0.60222089,0.60222089,NEGATIVE,3,The recent seven-day demand average (3.741687638419015) decreased the forecast by 0.602 units relative to the model baseline.
E225EC4E-2F64-504E-A6CA-CCB82874ED17,2016-03-06,SAMPLE_ITEM_001,SAMPLE_CA_1,XGBoost,current_stock,76.0,-0.46435091,0.46435091,NEGATIVE,4,Current stock (76.0) decreased the forecast by 0.464 units relative to the model baseline.
E225EC4E-2F64-504E-A6CA-CCB82874ED17,2016-03-06,SAMPLE_ITEM_001,SAMPLE_CA_1,XGBoost,lag_1,4.327934265136719,-0.38958177,0.38958177,NEGATIVE,5,Yesterday's demand (4.327934265136719) decreased the forecast by 0.390 units relative to the model baseline.
63BF5C3B-8E2A-5D90-BA94-F808E2ED2E83,2016-03-07,SAMPLE_ITEM_001,SAMPLE_CA_1,XGBoost,days_of_supply,20.344442150590794,-1.10227275,1.10227275,NEGATIVE,1,Days of supply (20.344442150590794) decreased the forecast by 1.102 units relative to the model baseline.
63BF5C3B-8E2A-5D90-BA94-F808E2ED2E83,2016-03-07,SAMPLE_ITEM_001,SAMPLE_CA_1,XGBoost,day_of_month,7,0.59248292,0.59248292,POSITIVE,2,Day of month (7) increased the forecast by 0.592 units relative to the model baseline.
63BF5C3B-8E2A-5D90-BA94-F808E2ED2E83,2016-03-07,SAMPLE_ITEM_001,SAMPLE_CA_1,XGBoost,rolling_mean_7,3.735663993018014,-0.41947159,0.41947159,NEGATIVE,3,The recent seven-day demand average (3.735663993018014) decreased the forecast by 0.419 units relative to the model baseline.
63BF5C3B-8E2A-5D90-BA94-F808E2ED2E83,2016-03-07,SAMPLE_ITEM_001,SAMPLE_CA_1,XGBoost,current_stock,76.0,-0.32911271,0.32911271,NEGATIVE,4,Current stock (76.0) decreased the forecast by 0.329 units relative to the model baseline.
63BF5C3B-8E2A-5D90-BA94-F808E2ED2E83,2016-03-07,SAMPLE_ITEM_001,SAMPLE_CA_1,XGBoost,lag_1,3.7190756797790527,0.14172122,0.14172122,POSITIVE,5,Yesterday's demand (3.7190756797790527) increased the forecast by 0.142 units relative to the model baseline.
A7746FAC-BD84-5A0B-A733-2848149BD7C3,2016-03-08,SAMPLE_ITEM_001,SAMPLE_CA_1,XGBoost,days_of_supply,19.602752466192634,-1.15025222,1.15025222,NEGATIVE,1,Days of supply (19.602752466192634) decreased the forecast by 1.150 units relative to the model baseline.
A7746FAC-BD84-5A0B-A733-2848149BD7C3,2016-03-08,SAMPLE_ITEM_001,SAMPLE_CA_1,XGBoost,day_of_month,8,0.70336998,0.70336998,POSITIVE,2,Day of month (8) increased the forecast by 0.703 units relative to the model baseline.
A7746FAC-BD84-5A0B-A733-2848149BD7C3,2016-03-08,SAMPLE_ITEM_001,SAMPLE_CA_1,XGBoost,rolling_mean_7,3.877006564821516,-0.70079207,0.70079207,NEGATIVE,3,The recent seven-day demand average (3.877006564821516) decreased the forecast by 0.701 units relative to the model baseline.
A7746FAC-BD84-5A0B-A733-2848149BD7C3,2016-03-08,SAMPLE_ITEM_001,SAMPLE_CA_1,XGBoost,lag_1,4.149388790130615,-0.47851512,0.47851512,NEGATIVE,4,Yesterday's demand (4.149388790130615) decreased the forecast by 0.479 units relative to the model baseline.
A7746FAC-BD84-5A0B-A733-2848149BD7C3,2016-03-08,SAMPLE_ITEM_001,SAMPLE_CA_1,XGBoost,current_stock,76.0,-0.40931168,0.40931168,NEGATIVE,5,Current stock (76.0) decreased the forecast by 0.409 units relative to the model baseline.
30F982AD-96D4-55E7-84F5-9A77D4D67056,2016-03-09,SAMPLE_ITEM_001,SAMPLE_CA_1,XGBoost,days_of_supply,20.34124796133517,-1.11121535,1.11121535,NEGATIVE,1,Days of supply (20.34124796133517) decreased the forecast by 1.111 units relative to the model baseline.
30F982AD-96D4-55E7-84F5-9A77D4D67056,2016-03-09,SAMPLE_ITEM_001,SAMPLE_CA_1,XGBoost,day_of_month,9,0.61900353,0.61900353,POSITIVE,2,Day of month (9) increased the forecast by 0.619 units relative to the model baseline.
30F982AD-96D4-55E7-84F5-9A77D4D67056,2016-03-09,SAMPLE_ITEM_001,SAMPLE_CA_1,XGBoost,rolling_mean_7,3.736250604901995,-0.41032207,0.41032207,NEGATIVE,3,The recent seven-day demand average (3.736250604901995) decreased the forecast by 0.410 units relative to the model baseline.
30F982AD-96D4-55E7-84F5-9A77D4D67056,2016-03-09,SAMPLE_ITEM_001,SAMPLE_CA_1,XGBoost,current_stock,76.0,-0.33341682,0.33341682,NEGATIVE,4,Current stock (76.0) decreased the forecast by 0.333 units relative to the model baseline.
30F982AD-96D4-55E7-84F5-9A77D4D67056,2016-03-09,SAMPLE_ITEM_001,SAMPLE_CA_1,XGBoost,lag_14,2.9678690433502197,-0.31213257,0.31213257,NEGATIVE,5,Demand fourteen days ago (2.9678690433502197) decreased the forecast by 0.312 units relative to the model baseline.
AE5FC56B-B2CB-5F83-BDC4-F5626732B8EE,2016-03-10,SAMPLE_ITEM_001,SAMPLE_CA_1,XGBoost,days_of_supply,19.913838219671927,-1.12844932,1.12844932,NEGATIVE,1,Days of supply (19.913838219671927) decreased the forecast by 1.128 units relative to the model baseline.
AE5FC56B-B2CB-5F83-BDC4-F5626732B8EE,2016-03-10,SAMPLE_ITEM_001,SAMPLE_CA_1,XGBoost,day_of_month,10,0.64863199,0.64863199,POSITIVE,2,Day of month (10) increased the forecast by 0.649 units relative to the model baseline.
AE5FC56B-B2CB-5F83-BDC4-F5626732B8EE,2016-03-10,SAMPLE_ITEM_001,SAMPLE_CA_1,XGBoost,rolling_mean_7,3.8164415700095042,-0.45282760,0.45282760,NEGATIVE,3,The recent seven-day demand average (3.8164415700095042) decreased the forecast by 0.453 units relative to the model baseline.
AE5FC56B-B2CB-5F83-BDC4-F5626732B8EE,2016-03-10,SAMPLE_ITEM_001,SAMPLE_CA_1,XGBoost,current_stock,76.0,-0.33639678,0.33639678,NEGATIVE,4,Current stock (76.0) decreased the forecast by 0.336 units relative to the model baseline.
AE5FC56B-B2CB-5F83-BDC4-F5626732B8EE,2016-03-10,SAMPLE_ITEM_001,SAMPLE_CA_1,XGBoost,lag_1,3.799262046813965,0.25187829,0.25187829,POSITIVE,5,Yesterday's demand (3.799262046813965) increased the forecast by 0.252 units relative to the model baseline.
EEB783ED-78C6-54C9-9AFA-8AF9B913C57C,2016-03-11,SAMPLE_ITEM_001,SAMPLE_CA_1,XGBoost,days_of_supply,19.914029449156317,-1.16805232,1.16805232,NEGATIVE,1,Days of supply (19.914029449156317) decreased the forecast by 1.168 units relative to the model baseline.
EEB783ED-78C6-54C9-9AFA-8AF9B913C57C,2016-03-11,SAMPLE_ITEM_001,SAMPLE_CA_1,XGBoost,day_of_month,11,0.69815135,0.69815135,POSITIVE,2,Day of month (11) increased the forecast by 0.698 units relative to the model baseline.
EEB783ED-78C6-54C9-9AFA-8AF9B913C57C,2016-03-11,SAMPLE_ITEM_001,SAMPLE_CA_1,XGBoost,rolling_mean_7,3.8164049216679166,-0.62110543,0.62110543,NEGATIVE,3,The recent seven-day demand average (3.8164049216679166) decreased the forecast by 0.621 units relative to the model baseline.
EEB783ED-78C6-54C9-9AFA-8AF9B913C57C,2016-03-11,SAMPLE_ITEM_001,SAMPLE_CA_1,XGBoost,current_stock,76.0,-0.41659576,0.41659576,NEGATIVE,4,Current stock (76.0) decreased the forecast by 0.417 units relative to the model baseline.
EEB783ED-78C6-54C9-9AFA-8AF9B913C57C,2016-03-11,SAMPLE_ITEM_001,SAMPLE_CA_1,XGBoost,lag_1,4.167739391326904,-0.39114282,0.39114282,NEGATIVE,5,Yesterday's demand (4.167739391326904) decreased the forecast by 0.391 units relative to the model baseline.
EB836617-3555-5F17-932F-20916CFDD5C0,2016-03-12,SAMPLE_ITEM_001,SAMPLE_CA_1,XGBoost,days_of_supply,19.94761510349778,-1.13207293,1.13207293,NEGATIVE,1,Days of supply (19.94761510349778) decreased the forecast by 1.132 units relative to the model baseline.
EB836617-3555-5F17-932F-20916CFDD5C0,2016-03-12,SAMPLE_ITEM_001,SAMPLE_CA_1,XGBoost,day_of_month,12,0.64656556,0.64656556,POSITIVE,2,Day of month (12) increased the forecast by 0.647 units relative to the model baseline.
EB836617-3555-5F17-932F-20916CFDD5C0,2016-03-12,SAMPLE_ITEM_001,SAMPLE_CA_1,XGBoost,rolling_mean_7,3.809979268482753,-0.45916644,0.45916644,NEGATIVE,3,The recent seven-day demand average (3.809979268482753) decreased the forecast by 0.459 units relative to the model baseline.
EB836617-3555-5F17-932F-20916CFDD5C0,2016-03-12,SAMPLE_ITEM_001,SAMPLE_CA_1,XGBoost,current_stock,76.0,-0.33015913,0.33015913,NEGATIVE,4,Current stock (76.0) decreased the forecast by 0.330 units relative to the model baseline.
EB836617-3555-5F17-932F-20916CFDD5C0,2016-03-12,SAMPLE_ITEM_001,SAMPLE_CA_1,XGBoost,lag_1,3.342136859893799,0.29372501,0.29372501,POSITIVE,5,Yesterday's demand (3.342136859893799) increased the forecast by 0.294 units relative to the model baseline.
2CC5A62F-DC58-5AF5-99D4-0BB96689A189,2016-03-13,SAMPLE_ITEM_001,SAMPLE_CA_1,XGBoost,days_of_supply,19.902888818541122,-0.99541301,0.99541301,NEGATIVE,1,Days of supply (19.902888818541122) decreased the forecast by 0.995 units relative to the model baseline.
2CC5A62F-DC58-5AF5-99D4-0BB96689A189,2016-03-13,SAMPLE_ITEM_001,SAMPLE_CA_1,XGBoost,day_of_month,13,0.62564558,0.62564558,POSITIVE,2,Day of month (13) increased the forecast by 0.626 units relative to the model baseline.
2CC5A62F-DC58-5AF5-99D4-0BB96689A189,2016-03-13,SAMPLE_ITEM_001,SAMPLE_CA_1,XGBoost,rolling_mean_7,3.8185411521366666,-0.54495013,0.54495013,NEGATIVE,3,The recent seven-day demand average (3.8185411521366666) decreased the forecast by 0.545 units relative to the model baseline.
2CC5A62F-DC58-5AF5-99D4-0BB96689A189,2016-03-13,SAMPLE_ITEM_001,SAMPLE_CA_1,XGBoost,current_stock,76.0,-0.42381179,0.42381179,NEGATIVE,4,Current stock (76.0) decreased the forecast by 0.424 units relative to the model baseline.
2CC5A62F-DC58-5AF5-99D4-0BB96689A189,2016-03-13,SAMPLE_ITEM_001,SAMPLE_CA_1,XGBoost,day_of_week,6,0.37045914,0.37045914,POSITIVE,5,The day of week (6) increased the forecast by 0.370 units relative to the model baseline.
5F6A865B-B141-5535-967B-2F6928EFA696,2016-03-14,SAMPLE_ITEM_001,SAMPLE_CA_1,XGBoost,days_of_supply,19.61839279961279,-1.10755575,1.10755575,NEGATIVE,1,Days of supply (19.61839279961279) decreased the forecast by 1.108 units relative to the model baseline.
5F6A865B-B141-5535-967B-2F6928EFA696,2016-03-14,SAMPLE_ITEM_001,SAMPLE_CA_1,XGBoost,day_of_month,14,0.64892548,0.64892548,POSITIVE,2,Day of month (14) increased the forecast by 0.649 units relative to the model baseline.
5F6A865B-B141-5535-967B-2F6928EFA696,2016-03-14,SAMPLE_ITEM_001,SAMPLE_CA_1,XGBoost,rolling_mean_7,3.8739157063620433,-0.58747327,0.58747327,NEGATIVE,3,The recent seven-day demand average (3.8739157063620433) decreased the forecast by 0.587 units relative to the model baseline.
5F6A865B-B141-5535-967B-2F6928EFA696,2016-03-14,SAMPLE_ITEM_001,SAMPLE_CA_1,XGBoost,lag_1,4.1066975593566895,-0.40312302,0.40312302,NEGATIVE,4,Yesterday's demand (4.1066975593566895) decreased the forecast by 0.403 units relative to the model baseline.
5F6A865B-B141-5535-967B-2F6928EFA696,2016-03-14,SAMPLE_ITEM_001,SAMPLE_CA_1,XGBoost,current_stock,76.0,-0.36877257,0.36877257,NEGATIVE,5,Current stock (76.0) decreased the forecast by 0.369 units relative to the model baseline.
1E5C74E3-B113-50F9-814F-39655EB67014,2016-03-15,SAMPLE_ITEM_001,SAMPLE_CA_1,XGBoost,days_of_supply,19.964501535982972,-1.07201159,1.07201159,NEGATIVE,1,Days of supply (19.964501535982972) decreased the forecast by 1.072 units relative to the model baseline.
1E5C74E3-B113-50F9-814F-39655EB67014,2016-03-15,SAMPLE_ITEM_001,SAMPLE_CA_1,XGBoost,day_of_month,15,0.62609828,0.62609828,POSITIVE,2,Day of month (15) increased the forecast by 0.626 units relative to the model baseline.
1E5C74E3-B113-50F9-814F-39655EB67014,2016-03-15,SAMPLE_ITEM_001,SAMPLE_CA_1,XGBoost,rolling_mean_7,3.8067567007882253,-0.44570023,0.44570023,NEGATIVE,3,The recent seven-day demand average (3.8067567007882253) decreased the forecast by 0.446 units relative to the model baseline.
1E5C74E3-B113-50F9-814F-39655EB67014,2016-03-15,SAMPLE_ITEM_001,SAMPLE_CA_1,XGBoost,current_stock,76.0,-0.30442801,0.30442801,NEGATIVE,4,Current stock (76.0) decreased the forecast by 0.304 units relative to the model baseline.
1E5C74E3-B113-50F9-814F-39655EB67014,2016-03-15,SAMPLE_ITEM_001,SAMPLE_CA_1,XGBoost,lag_1,3.6792757511138916,0.15344958,0.15344958,POSITIVE,5,Yesterday's demand (3.6792757511138916) increased the forecast by 0.153 units relative to the model baseline.
7A4EF7B9-DD65-507A-BC0F-39FDEAA94960,2016-03-16,SAMPLE_ITEM_001,SAMPLE_CA_1,XGBoost,days_of_supply,19.18175532256875,-1.15423346,1.15423346,NEGATIVE,1,Days of supply (19.18175532256875) decreased the forecast by 1.154 units relative to the model baseline.
7A4EF7B9-DD65-507A-BC0F-39FDEAA94960,2016-03-16,SAMPLE_ITEM_001,SAMPLE_CA_1,XGBoost,rolling_mean_7,3.9620982919420515,-0.71068412,0.71068412,NEGATIVE,2,The recent seven-day demand average (3.9620982919420515) decreased the forecast by 0.711 units relative to the model baseline.
7A4EF7B9-DD65-507A-BC0F-39FDEAA94960,2016-03-16,SAMPLE_ITEM_001,SAMPLE_CA_1,XGBoost,lag_1,4.251708984375,-0.42396629,0.42396629,NEGATIVE,3,Yesterday's demand (4.251708984375) decreased the forecast by 0.424 units relative to the model baseline.
7A4EF7B9-DD65-507A-BC0F-39FDEAA94960,2016-03-16,SAMPLE_ITEM_001,SAMPLE_CA_1,XGBoost,current_stock,76.0,-0.37929010,0.37929010,NEGATIVE,4,Current stock (76.0) decreased the forecast by 0.379 units relative to the model baseline.
7A4EF7B9-DD65-507A-BC0F-39FDEAA94960,2016-03-16,SAMPLE_ITEM_001,SAMPLE_CA_1,XGBoost,rolling_mean_14,3.849174448422023,0.18095724,0.18095724,POSITIVE,5,The recent fourteen-day demand average (3.849174448422023) increased the forecast by 0.181 units relative to the model baseline.
F8B183DA-8C98-5E35-86BE-378AE869A67E,2016-03-17,SAMPLE_ITEM_001,SAMPLE_CA_1,XGBoost,days_of_supply,19.856901364412064,-0.88994575,0.88994575,NEGATIVE,1,Days of supply (19.856901364412064) decreased the forecast by 0.890 units relative to the model baseline.
F8B183DA-8C98-5E35-86BE-378AE869A67E,2016-03-17,SAMPLE_ITEM_001,SAMPLE_CA_1,XGBoost,lag_1,2.856266736984253,0.79989868,0.79989868,POSITIVE,2,Yesterday's demand (2.856266736984253) increased the forecast by 0.800 units relative to the model baseline.
F8B183DA-8C98-5E35-86BE-378AE869A67E,2016-03-17,SAMPLE_ITEM_001,SAMPLE_CA_1,XGBoost,rolling_mean_7,3.8273846762520924,-0.33339879,0.33339879,NEGATIVE,3,The recent seven-day demand average (3.8273846762520924) decreased the forecast by 0.333 units relative to the model baseline.
F8B183DA-8C98-5E35-86BE-378AE869A67E,2016-03-17,SAMPLE_ITEM_001,SAMPLE_CA_1,XGBoost,day_of_week,3,-0.22927302,0.22927302,NEGATIVE,4,The day of week (3) decreased the forecast by 0.229 units relative to the model baseline.
F8B183DA-8C98-5E35-86BE-378AE869A67E,2016-03-17,SAMPLE_ITEM_001,SAMPLE_CA_1,XGBoost,current_stock,76.0,-0.20524737,0.20524737,NEGATIVE,5,Current stock (76.0) decreased the forecast by 0.205 units relative to the model baseline.
0C29DEEF-CB1A-504E-907B-FBB6E2374D98,2016-03-18,SAMPLE_ITEM_001,SAMPLE_CA_1,XGBoost,days_of_supply,19.51267161200762,-1.10252571,1.10252571,NEGATIVE,1,Days of supply (19.51267161200762) decreased the forecast by 1.103 units relative to the model baseline.
0C29DEEF-CB1A-504E-907B-FBB6E2374D98,2016-03-18,SAMPLE_ITEM_001,SAMPLE_CA_1,XGBoost,rolling_mean_7,3.8949048859732494,-0.61752206,0.61752206,NEGATIVE,2,The recent seven-day demand average (3.8949048859732494) decreased the forecast by 0.618 units relative to the model baseline.
0C29DEEF-CB1A-504E-907B-FBB6E2374D98,2016-03-18,SAMPLE_ITEM_001,SAMPLE_CA_1,XGBoost,lag_1,4.640380859375,-0.38835156,0.38835156,NEGATIVE,3,Yesterday's demand (4.640380859375) decreased the forecast by 0.388 units relative to the model baseline.
0C29DEEF-CB1A-504E-907B-FBB6E2374D98,2016-03-18,SAMPLE_ITEM_001,SAMPLE_CA_1,XGBoost,current_stock,76.0,-0.38604882,0.38604882,NEGATIVE,4,Current stock (76.0) decreased the forecast by 0.386 units relative to the model baseline.
0C29DEEF-CB1A-504E-907B-FBB6E2374D98,2016-03-18,SAMPLE_ITEM_001,SAMPLE_CA_1,XGBoost,price_change_percentage,0.0,0.16635966,0.16635966,POSITIVE,5,Price change percentage (0.0) increased the forecast by 0.166 units relative to the model baseline.
8B04C725-CD0C-5333-BBBC-CF641954EB12,2016-03-19,SAMPLE_ITEM_001,SAMPLE_CA_1,XGBoost,days_of_supply,19.78541750612557,-0.94160765,0.94160765,NEGATIVE,1,Days of supply (19.78541750612557) decreased the forecast by 0.942 units relative to the model baseline.
8B04C725-CD0C-5333-BBBC-CF641954EB12,2016-03-19,SAMPLE_ITEM_001,SAMPLE_CA_1,XGBoost,lag_1,2.9662926197052,0.82030898,0.82030898,POSITIVE,2,Yesterday's demand (2.9662926197052) increased the forecast by 0.820 units relative to the model baseline.
8B04C725-CD0C-5333-BBBC-CF641954EB12,2016-03-19,SAMPLE_ITEM_001,SAMPLE_CA_1,XGBoost,rolling_mean_7,3.8412128516605923,-0.34861624,0.34861624,NEGATIVE,3,The recent seven-day demand average (3.8412128516605923) decreased the forecast by 0.349 units relative to the model baseline.
8B04C725-CD0C-5333-BBBC-CF641954EB12,2016-03-19,SAMPLE_ITEM_001,SAMPLE_CA_1,XGBoost,current_stock,76.0,-0.19900976,0.19900976,NEGATIVE,4,Current stock (76.0) decreased the forecast by 0.199 units relative to the model baseline.
8B04C725-CD0C-5333-BBBC-CF641954EB12,2016-03-19,SAMPLE_ITEM_001,SAMPLE_CA_1,XGBoost,price_change_percentage,0.0,0.14879839,0.14879839,POSITIVE,5,Price change percentage (0.0) increased the forecast by 0.149 units relative to the model baseline.
C4FDBDAB-6D8E-537D-B879-36A80CB8D86B,2016-03-20,SAMPLE_ITEM_001,SAMPLE_CA_1,XGBoost,days_of_supply,19.63748077995316,-0.97619611,0.97619611,NEGATIVE,1,Days of supply (19.63748077995316) decreased the forecast by 0.976 units relative to the model baseline.
C4FDBDAB-6D8E-537D-B879-36A80CB8D86B,2016-03-20,SAMPLE_ITEM_001,SAMPLE_CA_1,XGBoost,rolling_mean_7,3.870150191443307,-0.55510193,0.55510193,NEGATIVE,2,The recent seven-day demand average (3.870150191443307) decreased the forecast by 0.555 units relative to the model baseline.
C4FDBDAB-6D8E-537D-B879-36A80CB8D86B,2016-03-20,SAMPLE_ITEM_001,SAMPLE_CA_1,XGBoost,current_stock,76.0,-0.43477532,0.43477532,NEGATIVE,3,Current stock (76.0) decreased the forecast by 0.435 units relative to the model baseline.
C4FDBDAB-6D8E-537D-B879-36A80CB8D86B,2016-03-20,SAMPLE_ITEM_001,SAMPLE_CA_1,XGBoost,day_of_week,6,0.43417969,0.43417969,POSITIVE,4,The day of week (6) increased the forecast by 0.434 units relative to the model baseline.
C4FDBDAB-6D8E-537D-B879-36A80CB8D86B,2016-03-20,SAMPLE_ITEM_001,SAMPLE_CA_1,XGBoost,lag_1,4.590428829193115,-0.39010188,0.39010188,NEGATIVE,5,Yesterday's demand (4.590428829193115) decreased the forecast by 0.390 units relative to the model baseline.
287991D9-3376-50B4-90C7-02506A57FA22,2016-03-21,SAMPLE_ITEM_001,SAMPLE_CA_1,XGBoost,days_of_supply,20.171632127935553,-1.06992161,1.06992161,NEGATIVE,1,Days of supply (20.171632127935553) decreased the forecast by 1.070 units relative to the model baseline.
287991D9-3376-50B4-90C7-02506A57FA22,2016-03-21,SAMPLE_ITEM_001,SAMPLE_CA_1,XGBoost,day_of_month,21,-0.50560611,0.50560611,NEGATIVE,2,Day of month (21) decreased the forecast by 0.506 units relative to the model baseline.
287991D9-3376-50B4-90C7-02506A57FA22,2016-03-21,SAMPLE_ITEM_001,SAMPLE_CA_1,XGBoost,rolling_mean_7,3.767667361668178,-0.36168453,0.36168453,NEGATIVE,3,The recent seven-day demand average (3.767667361668178) decreased the forecast by 0.362 units relative to the model baseline.
287991D9-3376-50B4-90C7-02506A57FA22,2016-03-21,SAMPLE_ITEM_001,SAMPLE_CA_1,XGBoost,current_stock,76.0,-0.31640434,0.31640434,NEGATIVE,4,Current stock (76.0) decreased the forecast by 0.316 units relative to the model baseline.
287991D9-3376-50B4-90C7-02506A57FA22,2016-03-21,SAMPLE_ITEM_001,SAMPLE_CA_1,XGBoost,price_change_percentage,0.0,0.16219151,0.16219151,POSITIVE,5,Price change percentage (0.0) increased the forecast by 0.162 units relative to the model baseline.
140A6D30-7D42-52EB-9E51-D2CF2768F119,2016-03-22,SAMPLE_ITEM_001,SAMPLE_CA_1,XGBoost,days_of_supply,20.460384782405754,-1.07527530,1.07527530,NEGATIVE,1,Days of supply (20.460384782405754) decreased the forecast by 1.075 units relative to the model baseline.
140A6D30-7D42-52EB-9E51-D2CF2768F119,2016-03-22,SAMPLE_ITEM_001,SAMPLE_CA_1,XGBoost,day_of_month,22,-0.52574033,0.52574033,NEGATIVE,2,Day of month (22) decreased the forecast by 0.526 units relative to the model baseline.
140A6D30-7D42-52EB-9E51-D2CF2768F119,2016-03-22,SAMPLE_ITEM_001,SAMPLE_CA_1,XGBoost,rolling_mean_7,3.7144951479775563,-0.42971885,0.42971885,NEGATIVE,3,The recent seven-day demand average (3.7144951479775563) decreased the forecast by 0.430 units relative to the model baseline.
140A6D30-7D42-52EB-9E51-D2CF2768F119,2016-03-22,SAMPLE_ITEM_001,SAMPLE_CA_1,XGBoost,current_stock,76.0,-0.31640434,0.31640434,NEGATIVE,4,Current stock (76.0) decreased the forecast by 0.316 units relative to the model baseline.
140A6D30-7D42-52EB-9E51-D2CF2768F119,2016-03-22,SAMPLE_ITEM_001,SAMPLE_CA_1,XGBoost,price_change_percentage,0.0,0.16218714,0.16218714,POSITIVE,5,Price change percentage (0.0) increased the forecast by 0.162 units relative to the model baseline.
B13EF3CC-CDE1-5D1F-8B36-19E38CE03B91,2016-03-23,SAMPLE_ITEM_001,SAMPLE_CA_1,XGBoost,days_of_supply,21.351978339686717,-1.09007978,1.09007978,NEGATIVE,1,Days of supply (21.351978339686717) decreased the forecast by 1.090 units relative to the model baseline.
B13EF3CC-CDE1-5D1F-8B36-19E38CE03B91,2016-03-23,SAMPLE_ITEM_001,SAMPLE_CA_1,XGBoost,day_of_month,23,-0.52414405,0.52414405,NEGATIVE,2,Day of month (23) decreased the forecast by 0.524 units relative to the model baseline.
B13EF3CC-CDE1-5D1F-8B36-19E38CE03B91,2016-03-23,SAMPLE_ITEM_001,SAMPLE_CA_1,XGBoost,rolling_mean_7,3.55938914843968,-0.44380102,0.44380102,NEGATIVE,3,The recent seven-day demand average (3.55938914843968) decreased the forecast by 0.444 units relative to the model baseline.
B13EF3CC-CDE1-5D1F-8B36-19E38CE03B91,2016-03-23,SAMPLE_ITEM_001,SAMPLE_CA_1,XGBoost,current_stock,76.0,-0.32135904,0.32135904,NEGATIVE,4,Current stock (76.0) decreased the forecast by 0.321 units relative to the model baseline.
B13EF3CC-CDE1-5D1F-8B36-19E38CE03B91,2016-03-23,SAMPLE_ITEM_001,SAMPLE_CA_1,XGBoost,price_change_percentage,0.0,0.16762313,0.16762313,POSITIVE,5,Price change percentage (0.0) increased the forecast by 0.168 units relative to the model baseline.
007806E0-714D-5328-BBEF-AA305AF9080B,2016-03-24,SAMPLE_ITEM_001,SAMPLE_CA_1,XGBoost,days_of_supply,21.144226198569058,-1.13252604,1.13252604,NEGATIVE,1,Days of supply (21.144226198569058) decreased the forecast by 1.133 units relative to the model baseline.
007806E0-714D-5328-BBEF-AA305AF9080B,2016-03-24,SAMPLE_ITEM_001,SAMPLE_CA_1,XGBoost,day_of_month,24,-0.53965396,0.53965396,NEGATIVE,2,Day of month (24) decreased the forecast by 0.540 units relative to the model baseline.
007806E0-714D-5328-BBEF-AA305AF9080B,2016-03-24,SAMPLE_ITEM_001,SAMPLE_CA_1,XGBoost,rolling_mean_7,3.5943618501935686,-0.42558748,0.42558748,NEGATIVE,3,The recent seven-day demand average (3.5943618501935686) decreased the forecast by 0.426 units relative to the model baseline.
007806E0-714D-5328-BBEF-AA305AF9080B,2016-03-24,SAMPLE_ITEM_001,SAMPLE_CA_1,XGBoost,current_stock,76.0,-0.34837317,0.34837317,NEGATIVE,4,Current stock (76.0) decreased the forecast by 0.348 units relative to the model baseline.
007806E0-714D-5328-BBEF-AA305AF9080B,2016-03-24,SAMPLE_ITEM_001,SAMPLE_CA_1,XGBoost,lag_1,3.1010756492614746,0.21227981,0.21227981,POSITIVE,5,Yesterday's demand (3.1010756492614746) increased the forecast by 0.212 units relative to the model baseline.
E218999A-9D64-53AC-A884-BF896B02435A,2016-03-25,SAMPLE_ITEM_001,SAMPLE_CA_1,XGBoost,days_of_supply,22.626192144952366,-0.95222437,0.95222437,NEGATIVE,1,Days of supply (22.626192144952366) decreased the forecast by 0.952 units relative to the model baseline.
E218999A-9D64-53AC-A884-BF896B02435A,2016-03-25,SAMPLE_ITEM_001,SAMPLE_CA_1,XGBoost,lag_1,2.9924211502075195,0.77845395,0.77845395,POSITIVE,2,Yesterday's demand (2.9924211502075195) increased the forecast by 0.778 units relative to the model baseline.
E218999A-9D64-53AC-A884-BF896B02435A,2016-03-25,SAMPLE_ITEM_001,SAMPLE_CA_1,XGBoost,day_of_month,25,-0.52432865,0.52432865,NEGATIVE,3,Day of month (25) decreased the forecast by 0.524 units relative to the model baseline.
E218999A-9D64-53AC-A884-BF896B02435A,2016-03-25,SAMPLE_ITEM_001,SAMPLE_CA_1,XGBoost,rolling_mean_7,3.3589390345982144,-0.39950058,0.39950058,NEGATIVE,4,The recent seven-day demand average (3.3589390345982144) decreased the forecast by 0.400 units relative to the model baseline.
E218999A-9D64-53AC-A884-BF896B02435A,2016-03-25,SAMPLE_ITEM_001,SAMPLE_CA_1,XGBoost,current_stock,76.0,-0.22892494,0.22892494,NEGATIVE,5,Current stock (76.0) decreased the forecast by 0.229 units relative to the model baseline.
6E560423-7F46-5945-8E3D-4A86C2C6D120,2016-03-26,SAMPLE_ITEM_001,SAMPLE_CA_1,XGBoost,days_of_supply,21.77862265569672,-1.13614964,1.13614964,NEGATIVE,1,Days of supply (21.77862265569672) decreased the forecast by 1.136 units relative to the model baseline.
6E560423-7F46-5945-8E3D-4A86C2C6D120,2016-03-26,SAMPLE_ITEM_001,SAMPLE_CA_1,XGBoost,day_of_month,26,-0.53833598,0.53833598,NEGATIVE,2,Day of month (26) decreased the forecast by 0.538 units relative to the model baseline.
6E560423-7F46-5945-8E3D-4A86C2C6D120,2016-03-26,SAMPLE_ITEM_001,SAMPLE_CA_1,XGBoost,rolling_mean_7,3.4896605355398997,-0.42974430,0.42974430,NEGATIVE,3,The recent seven-day demand average (3.4896605355398997) decreased the forecast by 0.430 units relative to the model baseline.
6E560423-7F46-5945-8E3D-4A86C2C6D120,2016-03-26,SAMPLE_ITEM_001,SAMPLE_CA_1,XGBoost,current_stock,76.0,-0.34213555,0.34213555,NEGATIVE,4,Current stock (76.0) decreased the forecast by 0.342 units relative to the model baseline.
6E560423-7F46-5945-8E3D-4A86C2C6D120,2016-03-26,SAMPLE_ITEM_001,SAMPLE_CA_1,XGBoost,lag_1,3.881343126296997,0.24218294,0.24218294,POSITIVE,5,Yesterday's demand (3.881343126296997) increased the forecast by 0.242 units relative to the model baseline.
6CFBCDCC-E730-51AF-88EA-39D4FF774998,2016-03-27,SAMPLE_ITEM_001,SAMPLE_CA_1,XGBoost,days_of_supply,23.08051770694542,-0.97334701,0.97334701,NEGATIVE,1,Days of supply (23.08051770694542) decreased the forecast by 0.973 units relative to the model baseline.
6CFBCDCC-E730-51AF-88EA-39D4FF774998,2016-03-27,SAMPLE_ITEM_001,SAMPLE_CA_1,XGBoost,day_of_month,27,-0.51532400,0.51532400,NEGATIVE,2,Day of month (27) decreased the forecast by 0.515 units relative to the model baseline.
6CFBCDCC-E730-51AF-88EA-39D4FF774998,2016-03-27,SAMPLE_ITEM_001,SAMPLE_CA_1,XGBoost,day_of_week,6,0.43904957,0.43904957,POSITIVE,3,The day of week (6) increased the forecast by 0.439 units relative to the model baseline.
6CFBCDCC-E730-51AF-88EA-39D4FF774998,2016-03-27,SAMPLE_ITEM_001,SAMPLE_CA_1,XGBoost,current_stock,76.0,-0.42184061,0.42184061,NEGATIVE,4,Current stock (76.0) decreased the forecast by 0.422 units relative to the model baseline.
6CFBCDCC-E730-51AF-88EA-39D4FF774998,2016-03-27,SAMPLE_ITEM_001,SAMPLE_CA_1,XGBoost,rolling_mean_7,3.2928204195840016,-0.35736746,0.35736746,NEGATIVE,5,The recent seven-day demand average (3.2928204195840016) decreased the forecast by 0.357 units relative to the model baseline.
D1B01E46-246D-57B1-A7E0-EBFD741DD574,2016-03-28,SAMPLE_ITEM_001,SAMPLE_CA_1,XGBoost,days_of_supply,22.71401151752615,-1.10640049,1.10640049,NEGATIVE,1,Days of supply (22.71401151752615) decreased the forecast by 1.106 units relative to the model baseline.
D1B01E46-246D-57B1-A7E0-EBFD741DD574,2016-03-28,SAMPLE_ITEM_001,SAMPLE_CA_1,XGBoost,day_of_month,28,-0.51758552,0.51758552,NEGATIVE,2,Day of month (28) decreased the forecast by 0.518 units relative to the model baseline.
D1B01E46-246D-57B1-A7E0-EBFD741DD574,2016-03-28,SAMPLE_ITEM_001,SAMPLE_CA_1,XGBoost,rolling_mean_7,3.345952340534755,-0.36139163,0.36139163,NEGATIVE,3,The recent seven-day demand average (3.345952340534755) decreased the forecast by 0.361 units relative to the model baseline.
D1B01E46-246D-57B1-A7E0-EBFD741DD574,2016-03-28,SAMPLE_ITEM_001,SAMPLE_CA_1,XGBoost,current_stock,76.0,-0.34108910,0.34108910,NEGATIVE,4,Current stock (76.0) decreased the forecast by 0.341 units relative to the model baseline.
D1B01E46-246D-57B1-A7E0-EBFD741DD574,2016-03-28,SAMPLE_ITEM_001,SAMPLE_CA_1,XGBoost,price_change_percentage,0.0,0.16151839,0.16151839,POSITIVE,5,Price change percentage (0.0) increased the forecast by 0.162 units relative to the model baseline.
8E0D13E3-35D2-5C4E-A757-05838FD0B1F0,2016-03-29,SAMPLE_ITEM_001,SAMPLE_CA_1,XGBoost,days_of_supply,22.857548532256374,-1.11261809,1.11261809,NEGATIVE,1,Days of supply (22.857548532256374) decreased the forecast by 1.113 units relative to the model baseline.
8E0D13E3-35D2-5C4E-A757-05838FD0B1F0,2016-03-29,SAMPLE_ITEM_001,SAMPLE_CA_1,XGBoost,day_of_month,29,-0.52143580,0.52143580,NEGATIVE,2,Day of month (29) decreased the forecast by 0.521 units relative to the model baseline.
8E0D13E3-35D2-5C4E-A757-05838FD0B1F0,2016-03-29,SAMPLE_ITEM_001,SAMPLE_CA_1,XGBoost,rolling_mean_7,3.3249409879956926,-0.43254378,0.43254378,NEGATIVE,3,The recent seven-day demand average (3.3249409879956926) decreased the forecast by 0.433 units relative to the model baseline.
8E0D13E3-35D2-5C4E-A757-05838FD0B1F0,2016-03-29,SAMPLE_ITEM_001,SAMPLE_CA_1,XGBoost,current_stock,76.0,-0.34108910,0.34108910,NEGATIVE,4,Current stock (76.0) decreased the forecast by 0.341 units relative to the model baseline.
8E0D13E3-35D2-5C4E-A757-05838FD0B1F0,2016-03-29,SAMPLE_ITEM_001,SAMPLE_CA_1,XGBoost,price_change_percentage,0.0,0.16151403,0.16151403,POSITIVE,5,Price change percentage (0.0) increased the forecast by 0.162 units relative to the model baseline.
6AD5EE5D-4608-56A7-9133-C5BE2860B749,2016-03-30,SAMPLE_ITEM_001,SAMPLE_CA_1,XGBoost,days_of_supply,23.002910721053308,-1.11599469,1.11599469,NEGATIVE,1,Days of supply (23.002910721053308) decreased the forecast by 1.116 units relative to the model baseline.
6AD5EE5D-4608-56A7-9133-C5BE2860B749,2016-03-30,SAMPLE_ITEM_001,SAMPLE_CA_1,XGBoost,day_of_month,30,-0.46944082,0.46944082,NEGATIVE,2,Day of month (30) decreased the forecast by 0.469 units relative to the model baseline.
6AD5EE5D-4608-56A7-9133-C5BE2860B749,2016-03-30,SAMPLE_ITEM_001,SAMPLE_CA_1,XGBoost,rolling_mean_7,3.303929703576224,-0.38568908,0.38568908,NEGATIVE,3,The recent seven-day demand average (3.303929703576224) decreased the forecast by 0.386 units relative to the model baseline.
6AD5EE5D-4608-56A7-9133-C5BE2860B749,2016-03-30,SAMPLE_ITEM_001,SAMPLE_CA_1,XGBoost,current_stock,76.0,-0.34523234,0.34523234,NEGATIVE,4,Current stock (76.0) decreased the forecast by 0.345 units relative to the model baseline.
6AD5EE5D-4608-56A7-9133-C5BE2860B749,2016-03-30,SAMPLE_ITEM_001,SAMPLE_CA_1,XGBoost,lag_14,2.856266736984253,-0.30459455,0.30459455,NEGATIVE,5,Demand fourteen days ago (2.856266736984253) decreased the forecast by 0.305 units relative to the model baseline.
B4237A89-D702-5105-9EA3-AD2A28CE4451,2016-03-31,SAMPLE_ITEM_001,SAMPLE_CA_1,XGBoost,days_of_supply,23.260175693535093,-0.93998194,0.93998194,NEGATIVE,1,Days of supply (23.260175693535093) decreased the forecast by 0.940 units relative to the model baseline.
B4237A89-D702-5105-9EA3-AD2A28CE4451,2016-03-31,SAMPLE_ITEM_001,SAMPLE_CA_1,XGBoost,lag_1,2.845278024673462,0.78066581,0.78066581,POSITIVE,2,Yesterday's demand (2.845278024673462) increased the forecast by 0.781 units relative to the model baseline.
B4237A89-D702-5105-9EA3-AD2A28CE4451,2016-03-31,SAMPLE_ITEM_001,SAMPLE_CA_1,XGBoost,day_of_month,31,-0.52320623,0.52320623,NEGATIVE,3,Day of month (31) decreased the forecast by 0.523 units relative to the model baseline.
B4237A89-D702-5105-9EA3-AD2A28CE4451,2016-03-31,SAMPLE_ITEM_001,SAMPLE_CA_1,XGBoost,rolling_mean_7,3.267387185777937,-0.39348280,0.39348280,NEGATIVE,4,The recent seven-day demand average (3.267387185777937) decreased the forecast by 0.393 units relative to the model baseline.
B4237A89-D702-5105-9EA3-AD2A28CE4451,2016-03-31,SAMPLE_ITEM_001,SAMPLE_CA_1,XGBoost,day_of_week,3,-0.23773563,0.23773563,NEGATIVE,5,The day of week (3) decreased the forecast by 0.238 units relative to the model baseline.
1BCE3715-782F-5B42-8A67-F3F6A4A8A168,2016-04-01,SAMPLE_ITEM_001,SAMPLE_CA_1,XGBoost,days_of_supply,22.44116737450901,-1.11151588,1.11151588,NEGATIVE,1,Days of supply (22.44116737450901) decreased the forecast by 1.112 units relative to the model baseline.
1BCE3715-782F-5B42-8A67-F3F6A4A8A168,2016-04-01,SAMPLE_ITEM_001,SAMPLE_CA_1,XGBoost,day_of_month,1,0.63638604,0.63638604,POSITIVE,2,Day of month (1) increased the forecast by 0.636 units relative to the model baseline.
1BCE3715-782F-5B42-8A67-F3F6A4A8A168,2016-04-01,SAMPLE_ITEM_001,SAMPLE_CA_1,XGBoost,rolling_mean_7,3.3866330896105086,-0.37369171,0.37369171,NEGATIVE,3,The recent seven-day demand average (3.3866330896105086) decreased the forecast by 0.374 units relative to the model baseline.
1BCE3715-782F-5B42-8A67-F3F6A4A8A168,2016-04-01,SAMPLE_ITEM_001,SAMPLE_CA_1,XGBoost,current_stock,76.0,-0.33574620,0.33574620,NEGATIVE,4,Current stock (76.0) decreased the forecast by 0.336 units relative to the model baseline.
1BCE3715-782F-5B42-8A67-F3F6A4A8A168,2016-04-01,SAMPLE_ITEM_001,SAMPLE_CA_1,XGBoost,lag_14,2.9662926197052,-0.31897339,0.31897339,NEGATIVE,5,Demand fourteen days ago (2.9662926197052) decreased the forecast by 0.319 units relative to the model baseline.
0B5EB266-BE87-5DCE-935A-9D5B052FB1D2,2016-04-02,SAMPLE_ITEM_001,SAMPLE_CA_1,XGBoost,days_of_supply,22.299123910559494,-1.17566037,1.17566037,NEGATIVE,1,Days of supply (22.299123910559494) decreased the forecast by 1.176 units relative to the model baseline.
0B5EB266-BE87-5DCE-935A-9D5B052FB1D2,2016-04-02,SAMPLE_ITEM_001,SAMPLE_CA_1,XGBoost,day_of_month,2,0.69454360,0.69454360,POSITIVE,2,Day of month (2) increased the forecast by 0.695 units relative to the model baseline.
0B5EB266-BE87-5DCE-935A-9D5B052FB1D2,2016-04-02,SAMPLE_ITEM_001,SAMPLE_CA_1,XGBoost,rolling_mean_7,3.408205645424979,-0.61493254,0.61493254,NEGATIVE,3,The recent seven-day demand average (3.408205645424979) decreased the forecast by 0.615 units relative to the model baseline.
0B5EB266-BE87-5DCE-935A-9D5B052FB1D2,2016-04-02,SAMPLE_ITEM_001,SAMPLE_CA_1,XGBoost,lag_1,4.032351016998291,-0.40081987,0.40081987,NEGATIVE,4,Yesterday's demand (4.032351016998291) decreased the forecast by 0.401 units relative to the model baseline.
0B5EB266-BE87-5DCE-935A-9D5B052FB1D2,2016-04-02,SAMPLE_ITEM_001,SAMPLE_CA_1,XGBoost,current_stock,76.0,-0.38464579,0.38464579,NEGATIVE,5,Current stock (76.0) decreased the forecast by 0.385 units relative to the model baseline.
61133831-52C8-5DD2-B278-136A4AC55D75,2016-04-03,SAMPLE_ITEM_001,SAMPLE_CA_1,XGBoost,days_of_supply,22.13066495159786,-0.97848880,0.97848880,NEGATIVE,1,Days of supply (22.13066495159786) decreased the forecast by 0.978 units relative to the model baseline.
61133831-52C8-5DD2-B278-136A4AC55D75,2016-04-03,SAMPLE_ITEM_001,SAMPLE_CA_1,XGBoost,day_of_month,3,0.58068842,0.58068842,POSITIVE,2,Day of month (3) increased the forecast by 0.581 units relative to the model baseline.
61133831-52C8-5DD2-B278-136A4AC55D75,2016-04-03,SAMPLE_ITEM_001,SAMPLE_CA_1,XGBoost,current_stock,76.0,-0.40986419,0.40986419,NEGATIVE,3,Current stock (76.0) decreased the forecast by 0.410 units relative to the model baseline.
61133831-52C8-5DD2-B278-136A4AC55D75,2016-04-03,SAMPLE_ITEM_001,SAMPLE_CA_1,XGBoost,rolling_mean_7,3.4341489587511336,-0.39076906,0.39076906,NEGATIVE,4,The recent seven-day demand average (3.4341489587511336) decreased the forecast by 0.391 units relative to the model baseline.
61133831-52C8-5DD2-B278-136A4AC55D75,2016-04-03,SAMPLE_ITEM_001,SAMPLE_CA_1,XGBoost,day_of_week,6,0.38570979,0.38570979,POSITIVE,5,The day of week (6) increased the forecast by 0.386 units relative to the model baseline.
E1B604B5-E5D7-572B-9732-E651FB1BBAAC,2016-04-04,SAMPLE_ITEM_001,SAMPLE_CA_1,XGBoost,days_of_supply,21.220027664200916,-1.14504743,1.14504743,NEGATIVE,1,Days of supply (21.220027664200916) decreased the forecast by 1.145 units relative to the model baseline.
E1B604B5-E5D7-572B-9732-E651FB1BBAAC,2016-04-04,SAMPLE_ITEM_001,SAMPLE_CA_1,XGBoost,day_of_month,4,0.64184004,0.64184004,POSITIVE,2,Day of month (4) increased the forecast by 0.642 units relative to the model baseline.
E1B604B5-E5D7-572B-9732-E651FB1BBAAC,2016-04-04,SAMPLE_ITEM_001,SAMPLE_CA_1,XGBoost,rolling_mean_7,3.581522192273821,-0.52422494,0.52422494,NEGATIVE,3,The recent seven-day demand average (3.581522192273821) decreased the forecast by 0.524 units relative to the model baseline.
E1B604B5-E5D7-572B-9732-E651FB1BBAAC,2016-04-04,SAMPLE_ITEM_001,SAMPLE_CA_1,XGBoost,lag_1,4.792853832244873,-0.44394982,0.44394982,NEGATIVE,4,Yesterday's demand (4.792853832244873) decreased the forecast by 0.444 units relative to the model baseline.
E1B604B5-E5D7-572B-9732-E651FB1BBAAC,2016-04-04,SAMPLE_ITEM_001,SAMPLE_CA_1,XGBoost,current_stock,76.0,-0.40931168,0.40931168,NEGATIVE,5,Current stock (76.0) decreased the forecast by 0.409 units relative to the model baseline.
7BF53954-9BA4-545F-991E-1F62B8A25C1A,2016-04-05,SAMPLE_ITEM_001,SAMPLE_CA_1,XGBoost,days_of_supply,20.929496757145557,-1.10849047,1.10849047,NEGATIVE,1,Days of supply (20.929496757145557) decreased the forecast by 1.108 units relative to the model baseline.
7BF53954-9BA4-545F-991E-1F62B8A25C1A,2016-04-05,SAMPLE_ITEM_001,SAMPLE_CA_1,XGBoost,day_of_month,5,0.63417280,0.63417280,POSITIVE,2,Day of month (5) increased the forecast by 0.634 units relative to the model baseline.
7BF53954-9BA4-545F-991E-1F62B8A25C1A,2016-04-05,SAMPLE_ITEM_001,SAMPLE_CA_1,XGBoost,rolling_mean_7,3.6312387670789446,-0.43045229,0.43045229,NEGATIVE,3,The recent seven-day demand average (3.6312387670789446) decreased the forecast by 0.430 units relative to the model baseline.
7BF53954-9BA4-545F-991E-1F62B8A25C1A,2016-04-05,SAMPLE_ITEM_001,SAMPLE_CA_1,XGBoost,current_stock,76.0,-0.32911271,0.32911271,NEGATIVE,4,Current stock (76.0) decreased the forecast by 0.329 units relative to the model baseline.
7BF53954-9BA4-545F-991E-1F62B8A25C1A,2016-04-05,SAMPLE_ITEM_001,SAMPLE_CA_1,XGBoost,lag_1,3.5080068111419678,0.17838188,0.17838188,POSITIVE,5,Yesterday's demand (3.5080068111419678) increased the forecast by 0.178 units relative to the model baseline.
23397833-5CDE-538D-9E05-E0EFD1406F7A,2016-04-06,SAMPLE_ITEM_001,SAMPLE_CA_1,XGBoost,days_of_supply,20.019656996734916,-1.16520560,1.16520560,NEGATIVE,1,Days of supply (20.019656996734916) decreased the forecast by 1.165 units relative to the model baseline.
23397833-5CDE-538D-9E05-E0EFD1406F7A,2016-04-06,SAMPLE_ITEM_001,SAMPLE_CA_1,XGBoost,day_of_month,6,0.69036025,0.69036025,POSITIVE,2,Day of month (6) increased the forecast by 0.690 units relative to the model baseline.
23397833-5CDE-538D-9E05-E0EFD1406F7A,2016-04-06,SAMPLE_ITEM_001,SAMPLE_CA_1,XGBoost,rolling_mean_7,3.7962688377925327,-0.63367182,0.63367182,NEGATIVE,3,The recent seven-day demand average (3.7962688377925327) decreased the forecast by 0.634 units relative to the model baseline.
23397833-5CDE-538D-9E05-E0EFD1406F7A,2016-04-06,SAMPLE_ITEM_001,SAMPLE_CA_1,XGBoost,lag_1,4.174098491668701,-0.42093199,0.42093199,NEGATIVE,4,Yesterday's demand (4.174098491668701) decreased the forecast by 0.421 units relative to the model baseline.
23397833-5CDE-538D-9E05-E0EFD1406F7A,2016-04-06,SAMPLE_ITEM_001,SAMPLE_CA_1,XGBoost,current_stock,76.0,-0.41426638,0.41426638,NEGATIVE,5,Current stock (76.0) decreased the forecast by 0.414 units relative to the model baseline.
7C7EE821-0E26-52A6-9D93-003CBA4F5088,2016-04-07,SAMPLE_ITEM_001,SAMPLE_CA_1,XGBoost,days_of_supply,19.76112106181768,-1.11804664,1.11804664,NEGATIVE,1,Days of supply (19.76112106181768) decreased the forecast by 1.118 units relative to the model baseline.
7C7EE821-0E26-52A6-9D93-003CBA4F5088,2016-04-07,SAMPLE_ITEM_001,SAMPLE_CA_1,XGBoost,day_of_month,7,0.62849009,0.62849009,POSITIVE,2,Day of month (7) increased the forecast by 0.628 units relative to the model baseline.
7C7EE821-0E26-52A6-9D93-003CBA4F5088,2016-04-07,SAMPLE_ITEM_001,SAMPLE_CA_1,XGBoost,rolling_mean_7,3.845935651234218,-0.39980456,0.39980456,NEGATIVE,3,The recent seven-day demand average (3.845935651234218) decreased the forecast by 0.400 units relative to the model baseline.
7C7EE821-0E26-52A6-9D93-003CBA4F5088,2016-04-07,SAMPLE_ITEM_001,SAMPLE_CA_1,XGBoost,current_stock,76.0,-0.33574620,0.33574620,NEGATIVE,4,Current stock (76.0) decreased the forecast by 0.336 units relative to the model baseline.
7C7EE821-0E26-52A6-9D93-003CBA4F5088,2016-04-07,SAMPLE_ITEM_001,SAMPLE_CA_1,XGBoost,lag_14,2.9924211502075195,-0.31510186,0.31510186,NEGATIVE,5,Demand fourteen days ago (2.9924211502075195) decreased the forecast by 0.315 units relative to the model baseline.
E7913C49-ACDE-5BA3-94A8-7F47B82DB1FC,2016-04-08,SAMPLE_ITEM_001,SAMPLE_CA_1,XGBoost,days_of_supply,19.781607242198383,-1.12446487,1.12446487,NEGATIVE,1,Days of supply (19.781607242198383) decreased the forecast by 1.124 units relative to the model baseline.
E7913C49-ACDE-5BA3-94A8-7F47B82DB1FC,2016-04-08,SAMPLE_ITEM_001,SAMPLE_CA_1,XGBoost,day_of_month,8,0.64863199,0.64863199,POSITIVE,2,Day of month (8) increased the forecast by 0.649 units relative to the model baseline.
E7913C49-ACDE-5BA3-94A8-7F47B82DB1FC,2016-04-08,SAMPLE_ITEM_001,SAMPLE_CA_1,XGBoost,rolling_mean_7,3.8419527326311385,-0.45455754,0.45455754,NEGATIVE,3,The recent seven-day demand average (3.8419527326311385) decreased the forecast by 0.455 units relative to the model baseline.
E7913C49-ACDE-5BA3-94A8-7F47B82DB1FC,2016-04-08,SAMPLE_ITEM_001,SAMPLE_CA_1,XGBoost,current_stock,76.0,-0.33639678,0.33639678,NEGATIVE,4,Current stock (76.0) decreased the forecast by 0.336 units relative to the model baseline.
E7913C49-ACDE-5BA3-94A8-7F47B82DB1FC,2016-04-08,SAMPLE_ITEM_001,SAMPLE_CA_1,XGBoost,lag_1,3.799262046813965,0.27006099,0.27006099,POSITIVE,5,Yesterday's demand (3.799262046813965) increased the forecast by 0.270 units relative to the model baseline.
6EF0D85F-03B7-51AA-A9BE-20151147E762,2016-04-09,SAMPLE_ITEM_001,SAMPLE_CA_1,XGBoost,days_of_supply,19.54879712816442,-1.17582488,1.17582488,NEGATIVE,1,Days of supply (19.54879712816442) decreased the forecast by 1.176 units relative to the model baseline.
6EF0D85F-03B7-51AA-A9BE-20151147E762,2016-04-09,SAMPLE_ITEM_001,SAMPLE_CA_1,XGBoost,rolling_mean_7,3.887707233428955,-0.73610866,0.73610866,NEGATIVE,2,The recent seven-day demand average (3.887707233428955) decreased the forecast by 0.736 units relative to the model baseline.
6EF0D85F-03B7-51AA-A9BE-20151147E762,2016-04-09,SAMPLE_ITEM_001,SAMPLE_CA_1,XGBoost,day_of_month,9,0.68921530,0.68921530,POSITIVE,3,Day of month (9) increased the forecast by 0.689 units relative to the model baseline.
6EF0D85F-03B7-51AA-A9BE-20151147E762,2016-04-09,SAMPLE_ITEM_001,SAMPLE_CA_1,XGBoost,lag_1,4.352632522583008,-0.40292314,0.40292314,NEGATIVE,4,Yesterday's demand (4.352632522583008) decreased the forecast by 0.403 units relative to the model baseline.
6EF0D85F-03B7-51AA-A9BE-20151147E762,2016-04-09,SAMPLE_ITEM_001,SAMPLE_CA_1,XGBoost,current_stock,76.0,-0.38464579,0.38464579,NEGATIVE,5,Current stock (76.0) decreased the forecast by 0.385 units relative to the model baseline.
6A855B61-A8E9-5BA7-B015-8D1C09A5C006,2016-04-10,SAMPLE_ITEM_001,SAMPLE_CA_1,XGBoost,days_of_supply,19.712464860468945,-0.98830426,0.98830426,NEGATIVE,1,Days of supply (19.712464860468945) decreased the forecast by 0.988 units relative to the model baseline.
6A855B61-A8E9-5BA7-B015-8D1C09A5C006,2016-04-10,SAMPLE_ITEM_001,SAMPLE_CA_1,XGBoost,day_of_month,10,0.58538473,0.58538473,POSITIVE,2,Day of month (10) increased the forecast by 0.585 units relative to the model baseline.
6A855B61-A8E9-5BA7-B015-8D1C09A5C006,2016-04-10,SAMPLE_ITEM_001,SAMPLE_CA_1,XGBoost,rolling_mean_7,3.855428559439523,-0.41861185,0.41861185,NEGATIVE,3,The recent seven-day demand average (3.855428559439523) decreased the forecast by 0.419 units relative to the model baseline.
6A855B61-A8E9-5BA7-B015-8D1C09A5C006,2016-04-10,SAMPLE_ITEM_001,SAMPLE_CA_1,XGBoost,current_stock,76.0,-0.40986419,0.40986419,NEGATIVE,4,Current stock (76.0) decreased the forecast by 0.410 units relative to the model baseline.
6A855B61-A8E9-5BA7-B015-8D1C09A5C006,2016-04-10,SAMPLE_ITEM_001,SAMPLE_CA_1,XGBoost,day_of_week,6,0.39472905,0.39472905,POSITIVE,5,The day of week (6) increased the forecast by 0.395 units relative to the model baseline.
93FF8F92-C803-5B3E-A57C-98B6D0D9B6B1,2016-04-11,SAMPLE_ITEM_001,SAMPLE_CA_1,XGBoost,days_of_supply,19.707890443698517,-1.10856855,1.10856855,NEGATIVE,1,Days of supply (19.707890443698517) decreased the forecast by 1.109 units relative to the model baseline.
93FF8F92-C803-5B3E-A57C-98B6D0D9B6B1,2016-04-11,SAMPLE_ITEM_001,SAMPLE_CA_1,XGBoost,day_of_month,11,0.63394409,0.63394409,POSITIVE,2,Day of month (11) increased the forecast by 0.634 units relative to the model baseline.
93FF8F92-C803-5B3E-A57C-98B6D0D9B6B1,2016-04-11,SAMPLE_ITEM_001,SAMPLE_CA_1,XGBoost,rolling_mean_7,3.856323446546282,-0.51363486,0.51363486,NEGATIVE,3,The recent seven-day demand average (3.856323446546282) decreased the forecast by 0.514 units relative to the model baseline.
93FF8F92-C803-5B3E-A57C-98B6D0D9B6B1,2016-04-11,SAMPLE_ITEM_001,SAMPLE_CA_1,XGBoost,lag_1,4.7991180419921875,-0.40276018,0.40276018,NEGATIVE,4,Yesterday's demand (4.7991180419921875) decreased the forecast by 0.403 units relative to the model baseline.
93FF8F92-C803-5B3E-A57C-98B6D0D9B6B1,2016-04-11,SAMPLE_ITEM_001,SAMPLE_CA_1,XGBoost,current_stock,76.0,-0.36877257,0.36877257,NEGATIVE,5,Current stock (76.0) decreased the forecast by 0.369 units relative to the model baseline.
9278740B-104C-54C0-8E1B-65419F183D89,2016-04-12,SAMPLE_ITEM_001,SAMPLE_CA_1,XGBoost,days_of_supply,19.563399803444522,-1.07226861,1.07226861,NEGATIVE,1,Days of supply (19.563399803444522) decreased the forecast by 1.072 units relative to the model baseline.
9278740B-104C-54C0-8E1B-65419F183D89,2016-04-12,SAMPLE_ITEM_001,SAMPLE_CA_1,XGBoost,day_of_month,12,0.64125824,0.64125824,POSITIVE,2,Day of month (12) increased the forecast by 0.641 units relative to the model baseline.
9278740B-104C-54C0-8E1B-65419F183D89,2016-04-12,SAMPLE_ITEM_001,SAMPLE_CA_1,XGBoost,rolling_mean_7,3.884805338723319,-0.52220583,0.52220583,NEGATIVE,3,The recent seven-day demand average (3.884805338723319) decreased the forecast by 0.522 units relative to the model baseline.
9278740B-104C-54C0-8E1B-65419F183D89,2016-04-12,SAMPLE_ITEM_001,SAMPLE_CA_1,XGBoost,current_stock,76.0,-0.30442801,0.30442801,NEGATIVE,4,Current stock (76.0) decreased the forecast by 0.304 units relative to the model baseline.
9278740B-104C-54C0-8E1B-65419F183D89,2016-04-12,SAMPLE_ITEM_001,SAMPLE_CA_1,XGBoost,lag_1,3.7073800563812256,0.15435667,0.15435667,POSITIVE,5,Yesterday's demand (3.7073800563812256) increased the forecast by 0.154 units relative to the model baseline.
39C26CBE-0291-515A-8621-C3DB51CCF2F1,2016-04-13,SAMPLE_ITEM_001,SAMPLE_CA_1,XGBoost,days_of_supply,19.532598619646127,-1.11858106,1.11858106,NEGATIVE,1,Days of supply (19.532598619646127) decreased the forecast by 1.119 units relative to the model baseline.
39C26CBE-0291-515A-8621-C3DB51CCF2F1,2016-04-13,SAMPLE_ITEM_001,SAMPLE_CA_1,XGBoost,day_of_month,13,0.68350416,0.68350416,POSITIVE,2,Day of month (13) increased the forecast by 0.684 units relative to the model baseline.
39C26CBE-0291-515A-8621-C3DB51CCF2F1,2016-04-13,SAMPLE_ITEM_001,SAMPLE_CA_1,XGBoost,rolling_mean_7,3.8909313338143483,-0.59610462,0.59610462,NEGATIVE,3,The recent seven-day demand average (3.8909313338143483) decreased the forecast by 0.596 units relative to the model baseline.
39C26CBE-0291-515A-8621-C3DB51CCF2F1,2016-04-13,SAMPLE_ITEM_001,SAMPLE_CA_1,XGBoost,lag_1,4.216980457305908,-0.40920222,0.40920222,NEGATIVE,4,Yesterday's demand (4.216980457305908) decreased the forecast by 0.409 units relative to the model baseline.
39C26CBE-0291-515A-8621-C3DB51CCF2F1,2016-04-13,SAMPLE_ITEM_001,SAMPLE_CA_1,XGBoost,current_stock,76.0,-0.37307668,0.37307668,NEGATIVE,5,Current stock (76.0) decreased the forecast by 0.373 units relative to the model baseline.
BDBE5D80-3989-530F-8C78-C89615862DD4,2016-04-14,SAMPLE_ITEM_001,SAMPLE_CA_1,XGBoost,days_of_supply,19.543780865856945,-1.09294796,1.09294796,NEGATIVE,1,Days of supply (19.543780865856945) decreased the forecast by 1.093 units relative to the model baseline.
BDBE5D80-3989-530F-8C78-C89615862DD4,2016-04-14,SAMPLE_ITEM_001,SAMPLE_CA_1,XGBoost,day_of_month,14,0.63842881,0.63842881,POSITIVE,2,Day of month (14) increased the forecast by 0.638 units relative to the model baseline.
BDBE5D80-3989-530F-8C78-C89615862DD4,2016-04-14,SAMPLE_ITEM_001,SAMPLE_CA_1,XGBoost,rolling_mean_7,3.888705083302089,-0.53412247,0.53412247,NEGATIVE,3,The recent seven-day demand average (3.888705083302089) decreased the forecast by 0.534 units relative to the model baseline.
BDBE5D80-3989-530F-8C78-C89615862DD4,2016-04-14,SAMPLE_ITEM_001,SAMPLE_CA_1,XGBoost,current_stock,76.0,-0.31171209,0.31171209,NEGATIVE,4,Current stock (76.0) decreased the forecast by 0.312 units relative to the model baseline.
BDBE5D80-3989-530F-8C78-C89615862DD4,2016-04-14,SAMPLE_ITEM_001,SAMPLE_CA_1,XGBoost,lag_1,3.1773619651794434,0.22077440,0.22077440,POSITIVE,5,Yesterday's demand (3.1773619651794434) increased the forecast by 0.221 units relative to the model baseline.
4382C619-85E8-53DB-AB35-80E4A8EC4AF8,2016-04-15,SAMPLE_ITEM_001,SAMPLE_CA_1,XGBoost,days_of_supply,19.326019007710222,-1.12965536,1.12965536,NEGATIVE,1,Days of supply (19.326019007710222) decreased the forecast by 1.130 units relative to the model baseline.
4382C619-85E8-53DB-AB35-80E4A8EC4AF8,2016-04-15,SAMPLE_ITEM_001,SAMPLE_CA_1,XGBoost,day_of_month,15,0.71295422,0.71295422,POSITIVE,2,Day of month (15) increased the forecast by 0.713 units relative to the model baseline.
4382C619-85E8-53DB-AB35-80E4A8EC4AF8,2016-04-15,SAMPLE_ITEM_001,SAMPLE_CA_1,XGBoost,rolling_mean_7,3.9325222628457204,-0.65716803,0.65716803,NEGATIVE,3,The recent seven-day demand average (3.9325222628457204) decreased the forecast by 0.657 units relative to the model baseline.
4382C619-85E8-53DB-AB35-80E4A8EC4AF8,2016-04-15,SAMPLE_ITEM_001,SAMPLE_CA_1,XGBoost,current_stock,76.0,-0.37605664,0.37605664,NEGATIVE,4,Current stock (76.0) decreased the forecast by 0.376 units relative to the model baseline.
4382C619-85E8-53DB-AB35-80E4A8EC4AF8,2016-04-15,SAMPLE_ITEM_001,SAMPLE_CA_1,XGBoost,lag_1,4.105982303619385,-0.33605495,0.33605495,NEGATIVE,5,Yesterday's demand (4.105982303619385) decreased the forecast by 0.336 units relative to the model baseline.
27B6CC82-088D-5D66-BA08-EB6249E59C0A,2016-04-16,SAMPLE_ITEM_001,SAMPLE_CA_1,XGBoost,days_of_supply,19.798980637684714,-1.12084377,1.12084377,NEGATIVE,1,Days of supply (19.798980637684714) decreased the forecast by 1.121 units relative to the model baseline.
27B6CC82-088D-5D66-BA08-EB6249E59C0A,2016-04-16,SAMPLE_ITEM_001,SAMPLE_CA_1,XGBoost,rolling_mean_7,3.838581459862845,-0.49046612,0.49046612,NEGATIVE,2,The recent seven-day demand average (3.838581459862845) decreased the forecast by 0.490 units relative to the model baseline.
27B6CC82-088D-5D66-BA08-EB6249E59C0A,2016-04-16,SAMPLE_ITEM_001,SAMPLE_CA_1,XGBoost,current_stock,76.0,-0.31103730,0.31103730,NEGATIVE,3,Current stock (76.0) decreased the forecast by 0.311 units relative to the model baseline.
27B6CC82-088D-5D66-BA08-EB6249E59C0A,2016-04-16,SAMPLE_ITEM_001,SAMPLE_CA_1,XGBoost,lag_1,3.695046901702881,0.30052987,0.30052987,POSITIVE,4,Yesterday's demand (3.695046901702881) increased the forecast by 0.301 units relative to the model baseline.
27B6CC82-088D-5D66-BA08-EB6249E59C0A,2016-04-16,SAMPLE_ITEM_001,SAMPLE_CA_1,XGBoost,price_change_percentage,0.0,0.14852083,0.14852083,POSITIVE,5,Price change percentage (0.0) increased the forecast by 0.149 units relative to the model baseline.
9D2312E1-2E56-5242-A375-77A53B935578,2016-04-17,SAMPLE_ITEM_001,SAMPLE_CA_1,XGBoost,days_of_supply,19.20419890693973,-0.94438469,0.94438469,NEGATIVE,1,Days of supply (19.20419890693973) decreased the forecast by 0.944 units relative to the model baseline.
9D2312E1-2E56-5242-A375-77A53B935578,2016-04-17,SAMPLE_ITEM_001,SAMPLE_CA_1,XGBoost,rolling_mean_7,3.957467862537929,-0.55502415,0.55502415,NEGATIVE,2,The recent seven-day demand average (3.957467862537929) decreased the forecast by 0.555 units relative to the model baseline.
9D2312E1-2E56-5242-A375-77A53B935578,2016-04-17,SAMPLE_ITEM_001,SAMPLE_CA_1,XGBoost,day_of_week,6,0.43621156,0.43621156,POSITIVE,3,The day of week (6) increased the forecast by 0.436 units relative to the model baseline.
9D2312E1-2E56-5242-A375-77A53B935578,2016-04-17,SAMPLE_ITEM_001,SAMPLE_CA_1,XGBoost,current_stock,76.0,-0.43380401,0.43380401,NEGATIVE,4,Current stock (76.0) decreased the forecast by 0.434 units relative to the model baseline.
9D2312E1-2E56-5242-A375-77A53B935578,2016-04-17,SAMPLE_ITEM_001,SAMPLE_CA_1,XGBoost,lag_1,4.000405311584473,-0.37878919,0.37878919,NEGATIVE,5,Yesterday's demand (4.000405311584473) decreased the forecast by 0.379 units relative to the model baseline.
5D3C62C8-158D-581E-9E7B-DDB5B834326E,2016-04-18,SAMPLE_ITEM_001,SAMPLE_CA_1,XGBoost,days_of_supply,20.033444544969157,-1.03658164,1.03658164,NEGATIVE,1,Days of supply (20.033444544969157) decreased the forecast by 1.037 units relative to the model baseline.
5D3C62C8-158D-581E-9E7B-DDB5B834326E,2016-04-18,SAMPLE_ITEM_001,SAMPLE_CA_1,XGBoost,rolling_mean_7,3.793656144823347,-0.31983861,0.31983861,NEGATIVE,2,The recent seven-day demand average (3.793656144823347) decreased the forecast by 0.320 units relative to the model baseline.
5D3C62C8-158D-581E-9E7B-DDB5B834326E,2016-04-18,SAMPLE_ITEM_001,SAMPLE_CA_1,XGBoost,current_stock,76.0,-0.31442019,0.31442019,NEGATIVE,3,Current stock (76.0) decreased the forecast by 0.314 units relative to the model baseline.
5D3C62C8-158D-581E-9E7B-DDB5B834326E,2016-04-18,SAMPLE_ITEM_001,SAMPLE_CA_1,XGBoost,lag_1,3.6524360179901123,0.15277672,0.15277672,POSITIVE,4,Yesterday's demand (3.6524360179901123) increased the forecast by 0.153 units relative to the model baseline.
5D3C62C8-158D-581E-9E7B-DDB5B834326E,2016-04-18,SAMPLE_ITEM_001,SAMPLE_CA_1,XGBoost,price_change_percentage,0.0,0.14367500,0.14367500,POSITIVE,5,Price change percentage (0.0) increased the forecast by 0.144 units relative to the model baseline.
1B30B0A8-A60A-5E0C-8F1C-7AEC0A29EE4C,2016-04-19,SAMPLE_ITEM_001,SAMPLE_CA_1,XGBoost,days_of_supply,19.808193543075127,-1.11530256,1.11530256,NEGATIVE,1,Days of supply (19.808193543075127) decreased the forecast by 1.115 units relative to the model baseline.
1B30B0A8-A60A-5E0C-8F1C-7AEC0A29EE4C,2016-04-19,SAMPLE_ITEM_001,SAMPLE_CA_1,XGBoost,rolling_mean_7,3.8367961134229387,-0.55073237,0.55073237,NEGATIVE,2,The recent seven-day demand average (3.8367961134229387) decreased the forecast by 0.551 units relative to the model baseline.
1B30B0A8-A60A-5E0C-8F1C-7AEC0A29EE4C,2016-04-19,SAMPLE_ITEM_001,SAMPLE_CA_1,XGBoost,lag_1,4.009359836578369,-0.51699209,0.51699209,NEGATIVE,3,Yesterday's demand (4.009359836578369) decreased the forecast by 0.517 units relative to the model baseline.
1B30B0A8-A60A-5E0C-8F1C-7AEC0A29EE4C,2016-04-19,SAMPLE_ITEM_001,SAMPLE_CA_1,XGBoost,current_stock,76.0,-0.37876475,0.37876475,NEGATIVE,4,Current stock (76.0) decreased the forecast by 0.379 units relative to the model baseline.
1B30B0A8-A60A-5E0C-8F1C-7AEC0A29EE4C,2016-04-19,SAMPLE_ITEM_001,SAMPLE_CA_1,XGBoost,rolling_mean_14,3.860800726073129,0.18143897,0.18143897,POSITIVE,5,The recent fourteen-day demand average (3.860800726073129) increased the forecast by 0.181 units relative to the model baseline.
68DC2BD4-5FFD-593D-976D-8B632381F32A,2016-04-20,SAMPLE_ITEM_001,SAMPLE_CA_1,XGBoost,days_of_supply,20.9745544108651,-0.88901389,0.88901389,NEGATIVE,1,Days of supply (20.9745544108651) decreased the forecast by 0.889 units relative to the model baseline.
68DC2BD4-5FFD-593D-976D-8B632381F32A,2016-04-20,SAMPLE_ITEM_001,SAMPLE_CA_1,XGBoost,lag_1,2.7234745025634766,0.83347762,0.83347762,POSITIVE,2,Yesterday's demand (2.7234745025634766) increased the forecast by 0.833 units relative to the model baseline.
68DC2BD4-5FFD-593D-976D-8B632381F32A,2016-04-20,SAMPLE_ITEM_001,SAMPLE_CA_1,XGBoost,rolling_mean_7,3.6234381198883057,-0.35354218,0.35354218,NEGATIVE,3,The recent seven-day demand average (3.6234381198883057) decreased the forecast by 0.354 units relative to the model baseline.
68DC2BD4-5FFD-593D-976D-8B632381F32A,2016-04-20,SAMPLE_ITEM_001,SAMPLE_CA_1,XGBoost,current_stock,76.0,-0.19388808,0.19388808,NEGATIVE,4,Current stock (76.0) decreased the forecast by 0.194 units relative to the model baseline.
68DC2BD4-5FFD-593D-976D-8B632381F32A,2016-04-20,SAMPLE_ITEM_001,SAMPLE_CA_1,XGBoost,price_change_percentage,0.0,0.14186153,0.14186153,POSITIVE,5,Price change percentage (0.0) increased the forecast by 0.142 units relative to the model baseline.
C4599EE8-9E94-53EE-90CB-FD20DB827EF3,2016-04-21,SAMPLE_ITEM_001,SAMPLE_CA_1,XGBoost,days_of_supply,19.897206075672987,-1.13755190,1.13755190,NEGATIVE,1,Days of supply (19.897206075672987) decreased the forecast by 1.138 units relative to the model baseline.
C4599EE8-9E94-53EE-90CB-FD20DB827EF3,2016-04-21,SAMPLE_ITEM_001,SAMPLE_CA_1,XGBoost,rolling_mean_7,3.819631746837071,-0.52349418,0.52349418,NEGATIVE,2,The recent seven-day demand average (3.819631746837071) decreased the forecast by 0.523 units relative to the model baseline.
C4599EE8-9E94-53EE-90CB-FD20DB827EF3,2016-04-21,SAMPLE_ITEM_001,SAMPLE_CA_1,XGBoost,day_of_month,21,-0.46296367,0.46296367,NEGATIVE,3,Day of month (21) decreased the forecast by 0.463 units relative to the model baseline.
C4599EE8-9E94-53EE-90CB-FD20DB827EF3,2016-04-21,SAMPLE_ITEM_001,SAMPLE_CA_1,XGBoost,lag_1,4.550717353820801,-0.38914540,0.38914540,NEGATIVE,4,Yesterday's demand (4.550717353820801) decreased the forecast by 0.389 units relative to the model baseline.
C4599EE8-9E94-53EE-90CB-FD20DB827EF3,2016-04-21,SAMPLE_ITEM_001,SAMPLE_CA_1,XGBoost,current_stock,76.0,-0.38574132,0.38574132,NEGATIVE,5,Current stock (76.0) decreased the forecast by 0.386 units relative to the model baseline.
6C48ED86-ACFF-5B1A-B395-188510FE952A,2016-04-22,SAMPLE_ITEM_001,SAMPLE_CA_1,XGBoost,days_of_supply,21.17805278953258,-0.94455945,0.94455945,NEGATIVE,1,Days of supply (21.17805278953258) decreased the forecast by 0.945 units relative to the model baseline.
6C48ED86-ACFF-5B1A-B395-188510FE952A,2016-04-22,SAMPLE_ITEM_001,SAMPLE_CA_1,XGBoost,lag_1,2.488905429840088,0.71644688,0.71644688,POSITIVE,2,Yesterday's demand (2.488905429840088) increased the forecast by 0.716 units relative to the model baseline.
6C48ED86-ACFF-5B1A-B395-188510FE952A,2016-04-22,SAMPLE_ITEM_001,SAMPLE_CA_1,XGBoost,day_of_month,22,-0.52295190,0.52295190,NEGATIVE,3,Day of month (22) decreased the forecast by 0.523 units relative to the model baseline.
6C48ED86-ACFF-5B1A-B395-188510FE952A,2016-04-22,SAMPLE_ITEM_001,SAMPLE_CA_1,XGBoost,rolling_mean_7,3.5886207648686,-0.36858726,0.36858726,NEGATIVE,4,The recent seven-day demand average (3.5886207648686) decreased the forecast by 0.369 units relative to the model baseline.
6C48ED86-ACFF-5B1A-B395-188510FE952A,2016-04-22,SAMPLE_ITEM_001,SAMPLE_CA_1,XGBoost,current_stock,76.0,-0.22095661,0.22095661,NEGATIVE,5,Current stock (76.0) decreased the forecast by 0.221 units relative to the model baseline.
BE9B3598-2F76-51AB-970A-6F8D9BD05976,2016-04-23,SAMPLE_ITEM_001,SAMPLE_CA_1,XGBoost,days_of_supply,20.97342692605341,-1.09967077,1.09967077,NEGATIVE,1,Days of supply (20.97342692605341) decreased the forecast by 1.100 units relative to the model baseline.
BE9B3598-2F76-51AB-970A-6F8D9BD05976,2016-04-23,SAMPLE_ITEM_001,SAMPLE_CA_1,XGBoost,day_of_month,23,-0.53945833,0.53945833,NEGATIVE,2,Day of month (23) decreased the forecast by 0.539 units relative to the model baseline.
BE9B3598-2F76-51AB-970A-6F8D9BD05976,2016-04-23,SAMPLE_ITEM_001,SAMPLE_CA_1,XGBoost,rolling_mean_7,3.6236329078674316,-0.41770586,0.41770586,NEGATIVE,3,The recent seven-day demand average (3.6236329078674316) decreased the forecast by 0.418 units relative to the model baseline.
BE9B3598-2F76-51AB-970A-6F8D9BD05976,2016-04-23,SAMPLE_ITEM_001,SAMPLE_CA_1,XGBoost,current_stock,76.0,-0.31745082,0.31745082,NEGATIVE,4,Current stock (76.0) decreased the forecast by 0.317 units relative to the model baseline.
BE9B3598-2F76-51AB-970A-6F8D9BD05976,2016-04-23,SAMPLE_ITEM_001,SAMPLE_CA_1,XGBoost,lag_1,3.940131902694702,0.21198618,0.21198618,POSITIVE,5,Yesterday's demand (3.940131902694702) increased the forecast by 0.212 units relative to the model baseline.
4F62A9B5-6F74-547C-ABD1-FA2530BCD0D3,2016-04-24,SAMPLE_ITEM_001,SAMPLE_CA_1,XGBoost,days_of_supply,21.51698590631803,-0.93686819,0.93686819,NEGATIVE,1,Days of supply (21.51698590631803) decreased the forecast by 0.937 units relative to the model baseline.
4F62A9B5-6F74-547C-ABD1-FA2530BCD0D3,2016-04-24,SAMPLE_ITEM_001,SAMPLE_CA_1,XGBoost,day_of_month,24,-0.51532400,0.51532400,NEGATIVE,2,Day of month (24) decreased the forecast by 0.515 units relative to the model baseline.
4F62A9B5-6F74-547C-ABD1-FA2530BCD0D3,2016-04-24,SAMPLE_ITEM_001,SAMPLE_CA_1,XGBoost,day_of_week,6,0.44094834,0.44094834,POSITIVE,3,The day of week (6) increased the forecast by 0.441 units relative to the model baseline.
4F62A9B5-6F74-547C-ABD1-FA2530BCD0D3,2016-04-24,SAMPLE_ITEM_001,SAMPLE_CA_1,XGBoost,current_stock,76.0,-0.39715588,0.39715588,NEGATIVE,4,Current stock (76.0) decreased the forecast by 0.397 units relative to the model baseline.
4F62A9B5-6F74-547C-ABD1-FA2530BCD0D3,2016-04-24,SAMPLE_ITEM_001,SAMPLE_CA_1,XGBoost,rolling_mean_7,3.5320932183946883,-0.34532896,0.34532896,NEGATIVE,5,The recent seven-day demand average (3.5320932183946883) decreased the forecast by 0.345 units relative to the model baseline.
8632EFD4-0D81-5FC6-9908-C81ED7CE855D,2016-04-25,SAMPLE_ITEM_001,SAMPLE_CA_1,XGBoost,days_of_supply,21.29658006967533,-1.10553658,1.10553658,NEGATIVE,1,Days of supply (21.29658006967533) decreased the forecast by 1.106 units relative to the model baseline.
8632EFD4-0D81-5FC6-9908-C81ED7CE855D,2016-04-25,SAMPLE_ITEM_001,SAMPLE_CA_1,XGBoost,day_of_month,25,-0.53162462,0.53162462,NEGATIVE,2,Day of month (25) decreased the forecast by 0.532 units relative to the model baseline.
8632EFD4-0D81-5FC6-9908-C81ED7CE855D,2016-04-25,SAMPLE_ITEM_001,SAMPLE_CA_1,XGBoost,rolling_mean_7,3.568648099899292,-0.36139163,0.36139163,NEGATIVE,3,The recent seven-day demand average (3.568648099899292) decreased the forecast by 0.361 units relative to the model baseline.
8632EFD4-0D81-5FC6-9908-C81ED7CE855D,2016-04-25,SAMPLE_ITEM_001,SAMPLE_CA_1,XGBoost,current_stock,76.0,-0.34108910,0.34108910,NEGATIVE,4,Current stock (76.0) decreased the forecast by 0.341 units relative to the model baseline.
8632EFD4-0D81-5FC6-9908-C81ED7CE855D,2016-04-25,SAMPLE_ITEM_001,SAMPLE_CA_1,XGBoost,price_change_percentage,0.0,0.16151839,0.16151839,POSITIVE,5,Price change percentage (0.0) increased the forecast by 0.162 units relative to the model baseline.
F6B21C73-A088-5FC9-A1CD-1715EA072832,2016-04-26,SAMPLE_ITEM_001,SAMPLE_CA_1,XGBoost,days_of_supply,22.0461772804056,-1.11261809,1.11261809,NEGATIVE,1,Days of supply (22.0461772804056) decreased the forecast by 1.113 units relative to the model baseline.
F6B21C73-A088-5FC9-A1CD-1715EA072832,2016-04-26,SAMPLE_ITEM_001,SAMPLE_CA_1,XGBoost,day_of_month,26,-0.52169013,0.52169013,NEGATIVE,2,Day of month (26) decreased the forecast by 0.522 units relative to the model baseline.
F6B21C73-A088-5FC9-A1CD-1715EA072832,2016-04-26,SAMPLE_ITEM_001,SAMPLE_CA_1,XGBoost,rolling_mean_7,3.44730966431754,-0.45141864,0.45141864,NEGATIVE,3,The recent seven-day demand average (3.44730966431754) decreased the forecast by 0.451 units relative to the model baseline.
F6B21C73-A088-5FC9-A1CD-1715EA072832,2016-04-26,SAMPLE_ITEM_001,SAMPLE_CA_1,XGBoost,current_stock,76.0,-0.34108910,0.34108910,NEGATIVE,4,Current stock (76.0) decreased the forecast by 0.341 units relative to the model baseline.
F6B21C73-A088-5FC9-A1CD-1715EA072832,2016-04-26,SAMPLE_ITEM_001,SAMPLE_CA_1,XGBoost,price_change_percentage,0.0,0.16639042,0.16639042,POSITIVE,5,Price change percentage (0.0) increased the forecast by 0.166 units relative to the model baseline.
DB352B4C-EEE6-5177-A663-1981EABAA549,2016-04-27,SAMPLE_ITEM_001,SAMPLE_CA_1,XGBoost,days_of_supply,21.83209672699125,-0.90556204,0.90556204,NEGATIVE,1,Days of supply (21.83209672699125) decreased the forecast by 0.906 units relative to the model baseline.
DB352B4C-EEE6-5177-A663-1981EABAA549,2016-04-27,SAMPLE_ITEM_001,SAMPLE_CA_1,XGBoost,lag_1,2.960099220275879,0.84779823,0.84779823,POSITIVE,2,Yesterday's demand (2.960099220275879) increased the forecast by 0.848 units relative to the model baseline.
DB352B4C-EEE6-5177-A663-1981EABAA549,2016-04-27,SAMPLE_ITEM_001,SAMPLE_CA_1,XGBoost,day_of_month,27,-0.52807379,0.52807379,NEGATIVE,3,Day of month (27) decreased the forecast by 0.528 units relative to the model baseline.
DB352B4C-EEE6-5177-A663-1981EABAA549,2016-04-27,SAMPLE_ITEM_001,SAMPLE_CA_1,XGBoost,rolling_mean_7,3.4811131954193115,-0.38586155,0.38586155,NEGATIVE,4,The recent seven-day demand average (3.4811131954193115) decreased the forecast by 0.386 units relative to the model baseline.
DB352B4C-EEE6-5177-A663-1981EABAA549,2016-04-27,SAMPLE_ITEM_001,SAMPLE_CA_1,XGBoost,current_stock,76.0,-0.21086630,0.21086630,NEGATIVE,5,Current stock (76.0) decreased the forecast by 0.211 units relative to the model baseline.
03C1E016-D2BA-53CF-9C8D-CE5D8B7CE935,2016-01-29,SAMPLE_ITEM_001,SAMPLE_TX_1,XGBoost,days_of_supply,19.0,-1.05404782,1.05404782,NEGATIVE,1,Days of supply (19.0) decreased the forecast by 1.054 units relative to the model baseline.
03C1E016-D2BA-53CF-9C8D-CE5D8B7CE935,2016-01-29,SAMPLE_ITEM_001,SAMPLE_TX_1,XGBoost,lag_1,1.0,0.79226112,0.79226112,POSITIVE,2,Yesterday's demand (1.0) increased the forecast by 0.792 units relative to the model baseline.
03C1E016-D2BA-53CF-9C8D-CE5D8B7CE935,2016-01-29,SAMPLE_ITEM_001,SAMPLE_TX_1,XGBoost,rolling_mean_7,4.0,-0.59831828,0.59831828,NEGATIVE,3,The recent seven-day demand average (4.0) decreased the forecast by 0.598 units relative to the model baseline.
03C1E016-D2BA-53CF-9C8D-CE5D8B7CE935,2016-01-29,SAMPLE_ITEM_001,SAMPLE_TX_1,XGBoost,day_of_month,29,-0.44357333,0.44357333,NEGATIVE,4,Day of month (29) decreased the forecast by 0.444 units relative to the model baseline.
03C1E016-D2BA-53CF-9C8D-CE5D8B7CE935,2016-01-29,SAMPLE_ITEM_001,SAMPLE_TX_1,XGBoost,lag_14,6.0,0.27439660,0.27439660,POSITIVE,5,Demand fourteen days ago (6.0) increased the forecast by 0.274 units relative to the model baseline.
C15761ED-DB2F-5A76-8947-B04001749414,2016-01-30,SAMPLE_ITEM_001,SAMPLE_TX_1,XGBoost,days_of_supply,19.641114351636734,-1.19620967,1.19620967,NEGATIVE,1,Days of supply (19.641114351636734) decreased the forecast by 1.196 units relative to the model baseline.
C15761ED-DB2F-5A76-8947-B04001749414,2016-01-30,SAMPLE_ITEM_001,SAMPLE_TX_1,XGBoost,rolling_mean_7,3.869434220450265,-0.72938603,0.72938603,NEGATIVE,2,The recent seven-day demand average (3.869434220450265) decreased the forecast by 0.729 units relative to the model baseline.
C15761ED-DB2F-5A76-8947-B04001749414,2016-01-30,SAMPLE_ITEM_001,SAMPLE_TX_1,XGBoost,day_of_month,30,-0.45114768,0.45114768,NEGATIVE,3,Day of month (30) decreased the forecast by 0.451 units relative to the model baseline.
C15761ED-DB2F-5A76-8947-B04001749414,2016-01-30,SAMPLE_ITEM_001,SAMPLE_TX_1,XGBoost,lag_1,4.0860395431518555,-0.37694430,0.37694430,NEGATIVE,4,Yesterday's demand (4.0860395431518555) decreased the forecast by 0.377 units relative to the model baseline.
C15761ED-DB2F-5A76-8947-B04001749414,2016-01-30,SAMPLE_ITEM_001,SAMPLE_TX_1,XGBoost,current_stock,76.0,-0.36286309,0.36286309,NEGATIVE,5,Current stock (76.0) decreased the forecast by 0.363 units relative to the model baseline.
FEE05714-6505-568B-956F-1BA34475642A,2016-01-31,SAMPLE_ITEM_001,SAMPLE_TX_1,XGBoost,days_of_supply,21.97544810618684,-1.01264250,1.01264250,NEGATIVE,1,Days of supply (21.97544810618684) decreased the forecast by 1.013 units relative to the model baseline.
FEE05714-6505-568B-956F-1BA34475642A,2016-01-31,SAMPLE_ITEM_001,SAMPLE_TX_1,XGBoost,lag_1,2.122795581817627,0.79213649,0.79213649,POSITIVE,2,Yesterday's demand (2.122795581817627) increased the forecast by 0.792 units relative to the model baseline.
FEE05714-6505-568B-956F-1BA34475642A,2016-01-31,SAMPLE_ITEM_001,SAMPLE_TX_1,XGBoost,day_of_month,31,-0.44640365,0.44640365,NEGATIVE,3,Day of month (31) decreased the forecast by 0.446 units relative to the model baseline.
FEE05714-6505-568B-956F-1BA34475642A,2016-01-31,SAMPLE_ITEM_001,SAMPLE_TX_1,XGBoost,rolling_mean_7,3.458405017852783,-0.44531596,0.44531596,NEGATIVE,4,The recent seven-day demand average (3.458405017852783) decreased the forecast by 0.445 units relative to the model baseline.
FEE05714-6505-568B-956F-1BA34475642A,2016-01-31,SAMPLE_ITEM_001,SAMPLE_TX_1,XGBoost,current_stock,76.0,-0.30252799,0.30252799,NEGATIVE,5,Current stock (76.0) decreased the forecast by 0.303 units relative to the model baseline.
B2F930ED-323A-5293-AD3D-E34401C075CB,2016-02-01,SAMPLE_ITEM_001,SAMPLE_TX_1,XGBoost,days_of_supply,24.411584415592372,-1.25843799,1.25843799,NEGATIVE,1,Days of supply (24.411584415592372) decreased the forecast by 1.258 units relative to the model baseline.
B2F930ED-323A-5293-AD3D-E34401C075CB,2016-02-01,SAMPLE_ITEM_001,SAMPLE_TX_1,XGBoost,day_of_month,1,0.71947438,0.71947438,POSITIVE,2,Day of month (1) increased the forecast by 0.719 units relative to the model baseline.
B2F930ED-323A-5293-AD3D-E34401C075CB,2016-02-01,SAMPLE_ITEM_001,SAMPLE_TX_1,XGBoost,rolling_mean_7,3.1132760047912598,-0.53950679,0.53950679,NEGATIVE,3,The recent seven-day demand average (3.1132760047912598) decreased the forecast by 0.540 units relative to the model baseline.
B2F930ED-323A-5293-AD3D-E34401C075CB,2016-02-01,SAMPLE_ITEM_001,SAMPLE_TX_1,XGBoost,lag_1,4.584096908569336,-0.47099164,0.47099164,NEGATIVE,4,Yesterday's demand (4.584096908569336) decreased the forecast by 0.471 units relative to the model baseline.
B2F930ED-323A-5293-AD3D-E34401C075CB,2016-02-01,SAMPLE_ITEM_001,SAMPLE_TX_1,XGBoost,current_stock,76.0,-0.39856264,0.39856264,NEGATIVE,5,Current stock (76.0) decreased the forecast by 0.399 units relative to the model baseline.
0A9F5B6A-EAE9-5519-A3F4-C76281B8E5C7,2016-02-02,SAMPLE_ITEM_001,SAMPLE_TX_1,XGBoost,days_of_supply,23.655614278876847,-1.09926391,1.09926391,NEGATIVE,1,Days of supply (23.655614278876847) decreased the forecast by 1.099 units relative to the model baseline.
0A9F5B6A-EAE9-5519-A3F4-C76281B8E5C7,2016-02-02,SAMPLE_ITEM_001,SAMPLE_TX_1,XGBoost,day_of_month,2,0.75530219,0.75530219,POSITIVE,2,Day of month (2) increased the forecast by 0.755 units relative to the model baseline.
0A9F5B6A-EAE9-5519-A3F4-C76281B8E5C7,2016-02-02,SAMPLE_ITEM_001,SAMPLE_TX_1,XGBoost,lag_14,1.0,-0.49248451,0.49248451,NEGATIVE,3,Demand fourteen days ago (1.0) decreased the forecast by 0.492 units relative to the model baseline.
0A9F5B6A-EAE9-5519-A3F4-C76281B8E5C7,2016-02-02,SAMPLE_ITEM_001,SAMPLE_TX_1,XGBoost,rolling_mean_7,3.2127679756709506,-0.38122591,0.38122591,NEGATIVE,4,The recent seven-day demand average (3.2127679756709506) decreased the forecast by 0.381 units relative to the model baseline.
0A9F5B6A-EAE9-5519-A3F4-C76281B8E5C7,2016-02-02,SAMPLE_ITEM_001,SAMPLE_TX_1,XGBoost,current_stock,76.0,-0.32039276,0.32039276,NEGATIVE,5,Current stock (76.0) decreased the forecast by 0.320 units relative to the model baseline.
838E9442-A7EC-5832-811A-74D79A3B4944,2016-02-03,SAMPLE_ITEM_001,SAMPLE_TX_1,XGBoost,days_of_supply,25.013578665381136,-1.11084521,1.11084521,NEGATIVE,1,Days of supply (25.013578665381136) decreased the forecast by 1.111 units relative to the model baseline.
838E9442-A7EC-5832-811A-74D79A3B4944,2016-02-03,SAMPLE_ITEM_001,SAMPLE_TX_1,XGBoost,day_of_month,3,0.73750407,0.73750407,POSITIVE,2,Day of month (3) increased the forecast by 0.738 units relative to the model baseline.
838E9442-A7EC-5832-811A-74D79A3B4944,2016-02-03,SAMPLE_ITEM_001,SAMPLE_TX_1,XGBoost,rolling_mean_7,3.0383497306278775,-0.47166735,0.47166735,NEGATIVE,3,The recent seven-day demand average (3.0383497306278775) decreased the forecast by 0.472 units relative to the model baseline.
838E9442-A7EC-5832-811A-74D79A3B4944,2016-02-03,SAMPLE_ITEM_001,SAMPLE_TX_1,XGBoost,current_stock,76.0,-0.33406740,0.33406740,NEGATIVE,4,Current stock (76.0) decreased the forecast by 0.334 units relative to the model baseline.
838E9442-A7EC-5832-811A-74D79A3B4944,2016-02-03,SAMPLE_ITEM_001,SAMPLE_TX_1,XGBoost,lag_1,3.7790722846984863,0.24780385,0.24780385,POSITIVE,5,Yesterday's demand (3.7790722846984863) increased the forecast by 0.248 units relative to the model baseline.
D294EB30-DE50-5BEA-AFA5-47453517A009,2016-02-04,SAMPLE_ITEM_001,SAMPLE_TX_1,XGBoost,days_of_supply,22.738385980483102,-1.11367381,1.11367381,NEGATIVE,1,Days of supply (22.738385980483102) decreased the forecast by 1.114 units relative to the model baseline.
D294EB30-DE50-5BEA-AFA5-47453517A009,2016-02-04,SAMPLE_ITEM_001,SAMPLE_TX_1,XGBoost,day_of_month,4,0.84143603,0.84143603,POSITIVE,2,Day of month (4) increased the forecast by 0.841 units relative to the model baseline.
D294EB30-DE50-5BEA-AFA5-47453517A009,2016-02-04,SAMPLE_ITEM_001,SAMPLE_TX_1,XGBoost,rolling_mean_7,3.342365639550345,-0.59759468,0.59759468,NEGATIVE,3,The recent seven-day demand average (3.342365639550345) decreased the forecast by 0.598 units relative to the model baseline.
D294EB30-DE50-5BEA-AFA5-47453517A009,2016-02-04,SAMPLE_ITEM_001,SAMPLE_TX_1,XGBoost,current_stock,76.0,-0.51300669,0.51300669,NEGATIVE,4,Current stock (76.0) decreased the forecast by 0.513 units relative to the model baseline.
D294EB30-DE50-5BEA-AFA5-47453517A009,2016-02-04,SAMPLE_ITEM_001,SAMPLE_TX_1,XGBoost,lag_1,4.128111362457275,-0.44698390,0.44698390,NEGATIVE,5,Yesterday's demand (4.128111362457275) decreased the forecast by 0.447 units relative to the model baseline.
E7F82B4C-9FEA-5A37-BDC6-20E0E4F12413,2016-02-05,SAMPLE_ITEM_001,SAMPLE_TX_1,XGBoost,days_of_supply,21.052190053266614,-1.00195694,1.00195694,NEGATIVE,1,Days of supply (21.052190053266614) decreased the forecast by 1.002 units relative to the model baseline.
E7F82B4C-9FEA-5A37-BDC6-20E0E4F12413,2016-02-05,SAMPLE_ITEM_001,SAMPLE_TX_1,XGBoost,lag_1,2.8739705085754395,0.69963574,0.69963574,POSITIVE,2,Yesterday's demand (2.8739705085754395) increased the forecast by 0.700 units relative to the model baseline.
E7F82B4C-9FEA-5A37-BDC6-20E0E4F12413,2016-02-05,SAMPLE_ITEM_001,SAMPLE_TX_1,XGBoost,day_of_month,5,0.67165494,0.67165494,POSITIVE,3,Day of month (5) increased the forecast by 0.672 units relative to the model baseline.
E7F82B4C-9FEA-5A37-BDC6-20E0E4F12413,2016-02-05,SAMPLE_ITEM_001,SAMPLE_TX_1,XGBoost,rolling_mean_7,3.6100757122039795,-0.36943749,0.36943749,NEGATIVE,4,The recent seven-day demand average (3.6100757122039795) decreased the forecast by 0.369 units relative to the model baseline.
E7F82B4C-9FEA-5A37-BDC6-20E0E4F12413,2016-02-05,SAMPLE_ITEM_001,SAMPLE_TX_1,XGBoost,lag_14,5.0,0.19735599,0.19735599,POSITIVE,5,Demand fourteen days ago (5.0) increased the forecast by 0.197 units relative to the model baseline.
9865C118-1FB3-5FBC-A6F4-38E3C8FB35E9,2016-02-06,SAMPLE_ITEM_001,SAMPLE_TX_1,XGBoost,days_of_supply,20.036489893741678,-1.19491792,1.19491792,NEGATIVE,1,Days of supply (20.036489893741678) decreased the forecast by 1.195 units relative to the model baseline.
9865C118-1FB3-5FBC-A6F4-38E3C8FB35E9,2016-02-06,SAMPLE_ITEM_001,SAMPLE_TX_1,XGBoost,day_of_month,6,0.73956341,0.73956341,POSITIVE,2,Day of month (6) increased the forecast by 0.740 units relative to the model baseline.
9865C118-1FB3-5FBC-A6F4-38E3C8FB35E9,2016-02-06,SAMPLE_ITEM_001,SAMPLE_TX_1,XGBoost,rolling_mean_7,3.7930795465196883,-0.60405111,0.60405111,NEGATIVE,3,The recent seven-day demand average (3.7930795465196883) decreased the forecast by 0.604 units relative to the model baseline.
9865C118-1FB3-5FBC-A6F4-38E3C8FB35E9,2016-02-06,SAMPLE_ITEM_001,SAMPLE_TX_1,XGBoost,lag_1,5.367066383361816,-0.33985150,0.33985150,NEGATIVE,4,Yesterday's demand (5.367066383361816) decreased the forecast by 0.340 units relative to the model baseline.
9865C118-1FB3-5FBC-A6F4-38E3C8FB35E9,2016-02-06,SAMPLE_ITEM_001,SAMPLE_TX_1,XGBoost,current_stock,76.0,-0.33335763,0.33335763,NEGATIVE,5,Current stock (76.0) decreased the forecast by 0.333 units relative to the model baseline.
081A33DB-05F1-5CAB-8949-E4D72C50BB37,2016-02-07,SAMPLE_ITEM_001,SAMPLE_TX_1,XGBoost,days_of_supply,18.79502200594729,-1.05729485,1.05729485,NEGATIVE,1,Days of supply (18.79502200594729) decreased the forecast by 1.057 units relative to the model baseline.
081A33DB-05F1-5CAB-8949-E4D72C50BB37,2016-02-07,SAMPLE_ITEM_001,SAMPLE_TX_1,XGBoost,day_of_month,7,0.61156404,0.61156404,POSITIVE,2,Day of month (7) increased the forecast by 0.612 units relative to the model baseline.
081A33DB-05F1-5CAB-8949-E4D72C50BB37,2016-02-07,SAMPLE_ITEM_001,SAMPLE_TX_1,XGBoost,rolling_mean_7,4.043623890195574,-0.51572955,0.51572955,NEGATIVE,3,The recent seven-day demand average (4.043623890195574) decreased the forecast by 0.516 units relative to the model baseline.
081A33DB-05F1-5CAB-8949-E4D72C50BB37,2016-02-07,SAMPLE_ITEM_001,SAMPLE_TX_1,XGBoost,lag_14,7.0,0.40290663,0.40290663,POSITIVE,4,Demand fourteen days ago (7.0) increased the forecast by 0.403 units relative to the model baseline.
081A33DB-05F1-5CAB-8949-E4D72C50BB37,2016-02-07,SAMPLE_ITEM_001,SAMPLE_TX_1,XGBoost,day_of_week,6,0.38378158,0.38378158,POSITIVE,5,The day of week (6) increased the forecast by 0.384 units relative to the model baseline.
CAC3BFCB-060E-5349-AFE7-615FB290332D,2016-02-08,SAMPLE_ITEM_001,SAMPLE_TX_1,XGBoost,days_of_supply,18.44589504778204,-1.13549721,1.13549721,NEGATIVE,1,Days of supply (18.44589504778204) decreased the forecast by 1.135 units relative to the model baseline.
CAC3BFCB-060E-5349-AFE7-615FB290332D,2016-02-08,SAMPLE_ITEM_001,SAMPLE_TX_1,XGBoost,day_of_month,8,0.72214353,0.72214353,POSITIVE,2,Day of month (8) increased the forecast by 0.722 units relative to the model baseline.
CAC3BFCB-060E-5349-AFE7-615FB290332D,2016-02-08,SAMPLE_ITEM_001,SAMPLE_TX_1,XGBoost,rolling_mean_7,4.120157888957432,-0.62443912,0.62443912,NEGATIVE,3,The recent seven-day demand average (4.120157888957432) decreased the forecast by 0.624 units relative to the model baseline.
CAC3BFCB-060E-5349-AFE7-615FB290332D,2016-02-08,SAMPLE_ITEM_001,SAMPLE_TX_1,XGBoost,lag_1,5.119834899902344,-0.42949221,0.42949221,NEGATIVE,4,Yesterday's demand (5.119834899902344) decreased the forecast by 0.429 units relative to the model baseline.
CAC3BFCB-060E-5349-AFE7-615FB290332D,2016-02-08,SAMPLE_ITEM_001,SAMPLE_TX_1,XGBoost,current_stock,76.0,-0.40931168,0.40931168,NEGATIVE,5,Current stock (76.0) decreased the forecast by 0.409 units relative to the model baseline.
6B65331B-7000-529B-9864-8FB29DD4E82B,2016-02-09,SAMPLE_ITEM_001,SAMPLE_TX_1,XGBoost,days_of_supply,18.55662824367946,-1.16489482,1.16489482,NEGATIVE,1,Days of supply (18.55662824367946) decreased the forecast by 1.165 units relative to the model baseline.
6B65331B-7000-529B-9864-8FB29DD4E82B,2016-02-09,SAMPLE_ITEM_001,SAMPLE_TX_1,XGBoost,day_of_month,9,0.68482298,0.68482298,POSITIVE,2,Day of month (9) increased the forecast by 0.685 units relative to the model baseline.
6B65331B-7000-529B-9864-8FB29DD4E82B,2016-02-09,SAMPLE_ITEM_001,SAMPLE_TX_1,XGBoost,rolling_mean_7,4.095571620123727,-0.53570926,0.53570926,NEGATIVE,3,The recent seven-day demand average (4.095571620123727) decreased the forecast by 0.536 units relative to the model baseline.
6B65331B-7000-529B-9864-8FB29DD4E82B,2016-02-09,SAMPLE_ITEM_001,SAMPLE_TX_1,XGBoost,current_stock,76.0,-0.31836361,0.31836361,NEGATIVE,4,Current stock (76.0) decreased the forecast by 0.318 units relative to the model baseline.
6B65331B-7000-529B-9864-8FB29DD4E82B,2016-02-09,SAMPLE_ITEM_001,SAMPLE_TX_1,XGBoost,lag_14,5.0,0.20089936,0.20089936,POSITIVE,5,Demand fourteen days ago (5.0) increased the forecast by 0.201 units relative to the model baseline.
223297A6-A3B3-59A2-9574-36BF846D75DB,2016-02-10,SAMPLE_ITEM_001,SAMPLE_TX_1,XGBoost,days_of_supply,18.265839181437652,-1.14302182,1.14302182,NEGATIVE,1,Days of supply (18.265839181437652) decreased the forecast by 1.143 units relative to the model baseline.
223297A6-A3B3-59A2-9574-36BF846D75DB,2016-02-10,SAMPLE_ITEM_001,SAMPLE_TX_1,XGBoost,day_of_month,10,0.79180980,0.79180980,POSITIVE,2,Day of month (10) increased the forecast by 0.792 units relative to the model baseline.
223297A6-A3B3-59A2-9574-36BF846D75DB,2016-02-10,SAMPLE_ITEM_001,SAMPLE_TX_1,XGBoost,rolling_mean_7,4.16077242578779,-0.66461629,0.66461629,NEGATIVE,3,The recent seven-day demand average (4.16077242578779) decreased the forecast by 0.665 units relative to the model baseline.
223297A6-A3B3-59A2-9574-36BF846D75DB,2016-02-10,SAMPLE_ITEM_001,SAMPLE_TX_1,XGBoost,lag_1,4.235477924346924,-0.45799413,0.45799413,NEGATIVE,4,Yesterday's demand (4.235477924346924) decreased the forecast by 0.458 units relative to the model baseline.
223297A6-A3B3-59A2-9574-36BF846D75DB,2016-02-10,SAMPLE_ITEM_001,SAMPLE_TX_1,XGBoost,current_stock,76.0,-0.41361579,0.41361579,NEGATIVE,5,Current stock (76.0) decreased the forecast by 0.414 units relative to the model baseline.
43A5C42F-7A72-53B0-82F8-80607C3E316A,2016-02-11,SAMPLE_ITEM_001,SAMPLE_TX_1,XGBoost,days_of_supply,18.980396813570557,-1.10903871,1.10903871,NEGATIVE,1,Days of supply (18.980396813570557) decreased the forecast by 1.109 units relative to the model baseline.
43A5C42F-7A72-53B0-82F8-80607C3E316A,2016-02-11,SAMPLE_ITEM_001,SAMPLE_TX_1,XGBoost,day_of_month,11,0.72955900,0.72955900,POSITIVE,2,Day of month (11) increased the forecast by 0.730 units relative to the model baseline.
43A5C42F-7A72-53B0-82F8-80607C3E316A,2016-02-11,SAMPLE_ITEM_001,SAMPLE_TX_1,XGBoost,rolling_mean_7,4.0041312490190775,-0.50482994,0.50482994,NEGATIVE,3,The recent seven-day demand average (4.0041312490190775) decreased the forecast by 0.505 units relative to the model baseline.
43A5C42F-7A72-53B0-82F8-80607C3E316A,2016-02-11,SAMPLE_ITEM_001,SAMPLE_TX_1,XGBoost,lag_14,1.0,-0.40582213,0.40582213,NEGATIVE,4,Demand fourteen days ago (1.0) decreased the forecast by 0.406 units relative to the model baseline.
43A5C42F-7A72-53B0-82F8-80607C3E316A,2016-02-11,SAMPLE_ITEM_001,SAMPLE_TX_1,XGBoost,current_stock,76.0,-0.32767683,0.32767683,NEGATIVE,5,Current stock (76.0) decreased the forecast by 0.328 units relative to the model baseline.
ECB3F1B0-ADAC-5110-BE7C-CFAE1703498D,2016-02-12,SAMPLE_ITEM_001,SAMPLE_TX_1,XGBoost,days_of_supply,18.426485969593887,-1.07712877,1.07712877,NEGATIVE,1,Days of supply (18.426485969593887) decreased the forecast by 1.077 units relative to the model baseline.
ECB3F1B0-ADAC-5110-BE7C-CFAE1703498D,2016-02-12,SAMPLE_ITEM_001,SAMPLE_TX_1,XGBoost,day_of_month,12,0.72272921,0.72272921,POSITIVE,2,Day of month (12) increased the forecast by 0.723 units relative to the model baseline.
ECB3F1B0-ADAC-5110-BE7C-CFAE1703498D,2016-02-12,SAMPLE_ITEM_001,SAMPLE_TX_1,XGBoost,rolling_mean_7,4.124497754233224,-0.48386014,0.48386014,NEGATIVE,3,The recent seven-day demand average (4.124497754233224) decreased the forecast by 0.484 units relative to the model baseline.
ECB3F1B0-ADAC-5110-BE7C-CFAE1703498D,2016-02-12,SAMPLE_ITEM_001,SAMPLE_TX_1,XGBoost,current_stock,76.0,-0.31171209,0.31171209,NEGATIVE,4,Current stock (76.0) decreased the forecast by 0.312 units relative to the model baseline.
ECB3F1B0-ADAC-5110-BE7C-CFAE1703498D,2016-02-12,SAMPLE_ITEM_001,SAMPLE_TX_1,XGBoost,lag_1,3.716536045074463,0.24658488,0.24658488,POSITIVE,5,Yesterday's demand (3.716536045074463) increased the forecast by 0.247 units relative to the model baseline.
B40F1092-5D96-5BD6-A1AB-3D524C82901E,2016-02-13,SAMPLE_ITEM_001,SAMPLE_TX_1,XGBoost,days_of_supply,19.01904843973755,-1.11161077,1.11161077,NEGATIVE,1,Days of supply (19.01904843973755) decreased the forecast by 1.112 units relative to the model baseline.
B40F1092-5D96-5BD6-A1AB-3D524C82901E,2016-02-13,SAMPLE_ITEM_001,SAMPLE_TX_1,XGBoost,day_of_month,13,0.77801961,0.77801961,POSITIVE,2,Day of month (13) increased the forecast by 0.778 units relative to the model baseline.
B40F1092-5D96-5BD6-A1AB-3D524C82901E,2016-02-13,SAMPLE_ITEM_001,SAMPLE_TX_1,XGBoost,rolling_mean_7,3.9959938185555592,-0.62869024,0.62869024,NEGATIVE,3,The recent seven-day demand average (3.9959938185555592) decreased the forecast by 0.629 units relative to the model baseline.
B40F1092-5D96-5BD6-A1AB-3D524C82901E,2016-02-13,SAMPLE_ITEM_001,SAMPLE_TX_1,XGBoost,lag_1,4.467538833618164,-0.37613365,0.37613365,NEGATIVE,4,Yesterday's demand (4.467538833618164) decreased the forecast by 0.376 units relative to the model baseline.
B40F1092-5D96-5BD6-A1AB-3D524C82901E,2016-02-13,SAMPLE_ITEM_001,SAMPLE_TX_1,XGBoost,current_stock,76.0,-0.34345609,0.34345609,NEGATIVE,5,Current stock (76.0) decreased the forecast by 0.343 units relative to the model baseline.
6527BB47-9589-53D9-A2F8-65F00D7D4ECA,2016-02-14,SAMPLE_ITEM_001,SAMPLE_TX_1,XGBoost,days_of_supply,19.309470401730007,-0.94864064,0.94864064,NEGATIVE,1,Days of supply (19.309470401730007) decreased the forecast by 0.949 units relative to the model baseline.
6527BB47-9589-53D9-A2F8-65F00D7D4ECA,2016-02-14,SAMPLE_ITEM_001,SAMPLE_TX_1,XGBoost,day_of_month,14,0.64911705,0.64911705,POSITIVE,2,Day of month (14) increased the forecast by 0.649 units relative to the model baseline.
6527BB47-9589-53D9-A2F8-65F00D7D4ECA,2016-02-14,SAMPLE_ITEM_001,SAMPLE_TX_1,XGBoost,rolling_mean_7,3.9358925138201033,-0.44240075,0.44240075,NEGATIVE,3,The recent seven-day demand average (3.9358925138201033) decreased the forecast by 0.442 units relative to the model baseline.
6527BB47-9589-53D9-A2F8-65F00D7D4ECA,2016-02-14,SAMPLE_ITEM_001,SAMPLE_TX_1,XGBoost,current_stock,76.0,-0.38517952,0.38517952,NEGATIVE,4,Current stock (76.0) decreased the forecast by 0.385 units relative to the model baseline.
6527BB47-9589-53D9-A2F8-65F00D7D4ECA,2016-02-14,SAMPLE_ITEM_001,SAMPLE_TX_1,XGBoost,day_of_week,6,0.37336758,0.37336758,POSITIVE,5,The day of week (6) increased the forecast by 0.373 units relative to the model baseline.
BA19D5D3-7F94-5871-94C4-CCC705C9FD91,2016-02-15,SAMPLE_ITEM_001,SAMPLE_TX_1,XGBoost,days_of_supply,19.48811508418213,-1.09901834,1.09901834,NEGATIVE,1,Days of supply (19.48811508418213) decreased the forecast by 1.099 units relative to the model baseline.
BA19D5D3-7F94-5871-94C4-CCC705C9FD91,2016-02-15,SAMPLE_ITEM_001,SAMPLE_TX_1,XGBoost,day_of_month,15,0.72211647,0.72211647,POSITIVE,2,Day of month (15) increased the forecast by 0.722 units relative to the model baseline.
BA19D5D3-7F94-5871-94C4-CCC705C9FD91,2016-02-15,SAMPLE_ITEM_001,SAMPLE_TX_1,XGBoost,rolling_mean_7,3.899812766483852,-0.58838743,0.58838743,NEGATIVE,3,The recent seven-day demand average (3.899812766483852) decreased the forecast by 0.588 units relative to the model baseline.
BA19D5D3-7F94-5871-94C4-CCC705C9FD91,2016-02-15,SAMPLE_ITEM_001,SAMPLE_TX_1,XGBoost,lag_1,4.867276668548584,-0.39560607,0.39560607,NEGATIVE,4,Yesterday's demand (4.867276668548584) decreased the forecast by 0.396 units relative to the model baseline.
BA19D5D3-7F94-5871-94C4-CCC705C9FD91,2016-02-15,SAMPLE_ITEM_001,SAMPLE_TX_1,XGBoost,current_stock,76.0,-0.36877257,0.36877257,NEGATIVE,5,Current stock (76.0) decreased the forecast by 0.369 units relative to the model baseline.
59B3FF88-0E5F-5A75-A6F5-6BC74D6FC3FF,2016-02-16,SAMPLE_ITEM_001,SAMPLE_TX_1,XGBoost,days_of_supply,19.294716306233177,-1.09485877,1.09485877,NEGATIVE,1,Days of supply (19.294716306233177) decreased the forecast by 1.095 units relative to the model baseline.
59B3FF88-0E5F-5A75-A6F5-6BC74D6FC3FF,2016-02-16,SAMPLE_ITEM_001,SAMPLE_TX_1,XGBoost,rolling_mean_7,3.9389021737234935,-0.56994778,0.56994778,NEGATIVE,2,The recent seven-day demand average (3.9389021737234935) decreased the forecast by 0.570 units relative to the model baseline.
59B3FF88-0E5F-5A75-A6F5-6BC74D6FC3FF,2016-02-16,SAMPLE_ITEM_001,SAMPLE_TX_1,XGBoost,current_stock,76.0,-0.30999085,0.30999085,NEGATIVE,3,Current stock (76.0) decreased the forecast by 0.310 units relative to the model baseline.
59B3FF88-0E5F-5A75-A6F5-6BC74D6FC3FF,2016-02-16,SAMPLE_ITEM_001,SAMPLE_TX_1,XGBoost,lag_1,3.7979657649993896,0.18699422,0.18699422,POSITIVE,4,Yesterday's demand (3.7979657649993896) increased the forecast by 0.187 units relative to the model baseline.
59B3FF88-0E5F-5A75-A6F5-6BC74D6FC3FF,2016-02-16,SAMPLE_ITEM_001,SAMPLE_TX_1,XGBoost,price_change_percentage,0.0,0.15622805,0.15622805,POSITIVE,5,Price change percentage (0.0) increased the forecast by 0.156 units relative to the model baseline.
DBE13BF1-FBFA-566A-8412-C86D02345516,2016-02-17,SAMPLE_ITEM_001,SAMPLE_TX_1,XGBoost,days_of_supply,19.653231474063443,-1.05596304,1.05596304,NEGATIVE,1,Days of supply (19.653231474063443) decreased the forecast by 1.056 units relative to the model baseline.
DBE13BF1-FBFA-566A-8412-C86D02345516,2016-02-17,SAMPLE_ITEM_001,SAMPLE_TX_1,XGBoost,rolling_mean_7,3.867048536028181,-0.47874200,0.47874200,NEGATIVE,2,The recent seven-day demand average (3.867048536028181) decreased the forecast by 0.479 units relative to the model baseline.
DBE13BF1-FBFA-566A-8412-C86D02345516,2016-02-17,SAMPLE_ITEM_001,SAMPLE_TX_1,XGBoost,current_stock,76.0,-0.31937489,0.31937489,NEGATIVE,3,Current stock (76.0) decreased the forecast by 0.319 units relative to the model baseline.
DBE13BF1-FBFA-566A-8412-C86D02345516,2016-02-17,SAMPLE_ITEM_001,SAMPLE_TX_1,XGBoost,lag_1,3.7325024604797363,0.23347005,0.23347005,POSITIVE,4,Yesterday's demand (3.7325024604797363) increased the forecast by 0.233 units relative to the model baseline.
DBE13BF1-FBFA-566A-8412-C86D02345516,2016-02-17,SAMPLE_ITEM_001,SAMPLE_TX_1,XGBoost,price_change_percentage,0.0,0.15728846,0.15728846,POSITIVE,5,Price change percentage (0.0) increased the forecast by 0.157 units relative to the model baseline.
29A60D8F-C931-587B-943A-3AF5AE13F984,2016-02-18,SAMPLE_ITEM_001,SAMPLE_TX_1,XGBoost,days_of_supply,19.172850559092428,-1.05067337,1.05067337,NEGATIVE,1,Days of supply (19.172850559092428) decreased the forecast by 1.051 units relative to the model baseline.
29A60D8F-C931-587B-943A-3AF5AE13F984,2016-02-18,SAMPLE_ITEM_001,SAMPLE_TX_1,XGBoost,rolling_mean_7,3.9639384746551514,-0.42770579,0.42770579,NEGATIVE,2,The recent seven-day demand average (3.9639384746551514) decreased the forecast by 0.428 units relative to the model baseline.
29A60D8F-C931-587B-943A-3AF5AE13F984,2016-02-18,SAMPLE_ITEM_001,SAMPLE_TX_1,XGBoost,lag_14,2.8739705085754395,-0.36738056,0.36738056,NEGATIVE,3,Demand fourteen days ago (2.8739705085754395) decreased the forecast by 0.367 units relative to the model baseline.
29A60D8F-C931-587B-943A-3AF5AE13F984,2016-02-18,SAMPLE_ITEM_001,SAMPLE_TX_1,XGBoost,current_stock,76.0,-0.32105368,0.32105368,NEGATIVE,4,Current stock (76.0) decreased the forecast by 0.321 units relative to the model baseline.
29A60D8F-C931-587B-943A-3AF5AE13F984,2016-02-18,SAMPLE_ITEM_001,SAMPLE_TX_1,XGBoost,lag_1,3.709852695465088,0.18510757,0.18510757,POSITIVE,5,Yesterday's demand (3.709852695465088) increased the forecast by 0.185 units relative to the model baseline.
4B5F5E9E-F084-5989-B4C8-082FA8104371,2016-02-19,SAMPLE_ITEM_001,SAMPLE_TX_1,XGBoost,days_of_supply,19.468920941314245,-1.16821933,1.16821933,NEGATIVE,1,Days of supply (19.468920941314245) decreased the forecast by 1.168 units relative to the model baseline.
4B5F5E9E-F084-5989-B4C8-082FA8104371,2016-02-19,SAMPLE_ITEM_001,SAMPLE_TX_1,XGBoost,rolling_mean_7,3.903657538550241,-0.51643723,0.51643723,NEGATIVE,2,The recent seven-day demand average (3.903657538550241) decreased the forecast by 0.516 units relative to the model baseline.
4B5F5E9E-F084-5989-B4C8-082FA8104371,2016-02-19,SAMPLE_ITEM_001,SAMPLE_TX_1,XGBoost,current_stock,76.0,-0.31095523,0.31095523,NEGATIVE,3,Current stock (76.0) decreased the forecast by 0.311 units relative to the model baseline.
4B5F5E9E-F084-5989-B4C8-082FA8104371,2016-02-19,SAMPLE_ITEM_001,SAMPLE_TX_1,XGBoost,lag_14,5.367066383361816,0.21531646,0.21531646,POSITIVE,4,Demand fourteen days ago (5.367066383361816) increased the forecast by 0.215 units relative to the model baseline.
4B5F5E9E-F084-5989-B4C8-082FA8104371,2016-02-19,SAMPLE_ITEM_001,SAMPLE_TX_1,XGBoost,lag_1,3.294569492340088,0.20598325,0.20598325,POSITIVE,5,Yesterday's demand (3.294569492340088) increased the forecast by 0.206 units relative to the model baseline.
6A46CF57-024C-598C-94B2-60A7967449D3,2016-02-20,SAMPLE_ITEM_001,SAMPLE_TX_1,XGBoost,days_of_supply,20.063047124218002,-1.09715939,1.09715939,NEGATIVE,1,Days of supply (20.063047124218002) decreased the forecast by 1.097 units relative to the model baseline.
6A46CF57-024C-598C-94B2-60A7967449D3,2016-02-20,SAMPLE_ITEM_001,SAMPLE_TX_1,XGBoost,rolling_mean_7,3.7880586896623885,-0.41321751,0.41321751,NEGATIVE,2,The recent seven-day demand average (3.7880586896623885) decreased the forecast by 0.413 units relative to the model baseline.
6A46CF57-024C-598C-94B2-60A7967449D3,2016-02-20,SAMPLE_ITEM_001,SAMPLE_TX_1,XGBoost,current_stock,76.0,-0.31643799,0.31643799,NEGATIVE,3,Current stock (76.0) decreased the forecast by 0.316 units relative to the model baseline.
6A46CF57-024C-598C-94B2-60A7967449D3,2016-02-20,SAMPLE_ITEM_001,SAMPLE_TX_1,XGBoost,lag_1,3.6583468914031982,0.24881333,0.24881333,POSITIVE,4,Yesterday's demand (3.6583468914031982) increased the forecast by 0.249 units relative to the model baseline.
6A46CF57-024C-598C-94B2-60A7967449D3,2016-02-20,SAMPLE_ITEM_001,SAMPLE_TX_1,XGBoost,day_of_month,20,-0.17379133,0.17379133,NEGATIVE,5,Day of month (20) decreased the forecast by 0.174 units relative to the model baseline.
0AF02E74-7704-53E2-9F31-6E3ADE25697B,2016-02-21,SAMPLE_ITEM_001,SAMPLE_TX_1,XGBoost,days_of_supply,19.890536455509483,-1.01405644,1.01405644,NEGATIVE,1,Days of supply (19.890536455509483) decreased the forecast by 1.014 units relative to the model baseline.
0AF02E74-7704-53E2-9F31-6E3ADE25697B,2016-02-21,SAMPLE_ITEM_001,SAMPLE_TX_1,XGBoost,day_of_month,21,-0.45693636,0.45693636,NEGATIVE,2,Day of month (21) decreased the forecast by 0.457 units relative to the model baseline.
0AF02E74-7704-53E2-9F31-6E3ADE25697B,2016-02-21,SAMPLE_ITEM_001,SAMPLE_TX_1,XGBoost,day_of_week,6,0.43455172,0.43455172,POSITIVE,3,The day of week (6) increased the forecast by 0.435 units relative to the model baseline.
0AF02E74-7704-53E2-9F31-6E3ADE25697B,2016-02-21,SAMPLE_ITEM_001,SAMPLE_TX_1,XGBoost,current_stock,76.0,-0.38640684,0.38640684,NEGATIVE,4,Current stock (76.0) decreased the forecast by 0.386 units relative to the model baseline.
0AF02E74-7704-53E2-9F31-6E3ADE25697B,2016-02-21,SAMPLE_ITEM_001,SAMPLE_TX_1,XGBoost,rolling_mean_7,3.8209125314440047,-0.37270722,0.37270722,NEGATIVE,5,The recent seven-day demand average (3.8209125314440047) decreased the forecast by 0.373 units relative to the model baseline.
CF597820-F98C-5868-B6B3-9A7B2F0BC98E,2016-02-22,SAMPLE_ITEM_001,SAMPLE_TX_1,XGBoost,days_of_supply,20.477259953109797,-1.11125124,1.11125124,NEGATIVE,1,Days of supply (20.477259953109797) decreased the forecast by 1.111 units relative to the model baseline.
CF597820-F98C-5868-B6B3-9A7B2F0BC98E,2016-02-22,SAMPLE_ITEM_001,SAMPLE_TX_1,XGBoost,day_of_month,22,-0.44638246,0.44638246,NEGATIVE,2,Day of month (22) decreased the forecast by 0.446 units relative to the model baseline.
CF597820-F98C-5868-B6B3-9A7B2F0BC98E,2016-02-22,SAMPLE_ITEM_001,SAMPLE_TX_1,XGBoost,rolling_mean_7,3.7114340577806746,-0.43495923,0.43495923,NEGATIVE,3,The recent seven-day demand average (3.7114340577806746) decreased the forecast by 0.435 units relative to the model baseline.
CF597820-F98C-5868-B6B3-9A7B2F0BC98E,2016-02-22,SAMPLE_ITEM_001,SAMPLE_TX_1,XGBoost,lag_1,4.100927352905273,-0.42945567,0.42945567,NEGATIVE,4,Yesterday's demand (4.100927352905273) decreased the forecast by 0.429 units relative to the model baseline.
CF597820-F98C-5868-B6B3-9A7B2F0BC98E,2016-02-22,SAMPLE_ITEM_001,SAMPLE_TX_1,XGBoost,current_stock,76.0,-0.37845725,0.37845725,NEGATIVE,5,Current stock (76.0) decreased the forecast by 0.378 units relative to the model baseline.
96E29D03-8AAE-5192-B360-2F1F3F98319B,2016-02-23,SAMPLE_ITEM_001,SAMPLE_TX_1,XGBoost,lag_1,2.794996500015259,0.83570445,0.83570445,POSITIVE,1,Yesterday's demand (2.794996500015259) increased the forecast by 0.836 units relative to the model baseline.
96E29D03-8AAE-5192-B360-2F1F3F98319B,2016-02-23,SAMPLE_ITEM_001,SAMPLE_TX_1,XGBoost,days_of_supply,21.299536668178643,-0.81202847,0.81202847,NEGATIVE,2,Days of supply (21.299536668178643) decreased the forecast by 0.812 units relative to the model baseline.
96E29D03-8AAE-5192-B360-2F1F3F98319B,2016-02-23,SAMPLE_ITEM_001,SAMPLE_TX_1,XGBoost,day_of_month,23,-0.51010686,0.51010686,NEGATIVE,3,Day of month (23) decreased the forecast by 0.510 units relative to the model baseline.
96E29D03-8AAE-5192-B360-2F1F3F98319B,2016-02-23,SAMPLE_ITEM_001,SAMPLE_TX_1,XGBoost,rolling_mean_7,3.568152734211513,-0.37890407,0.37890407,NEGATIVE,4,The recent seven-day demand average (3.568152734211513) decreased the forecast by 0.379 units relative to the model baseline.
96E29D03-8AAE-5192-B360-2F1F3F98319B,2016-02-23,SAMPLE_ITEM_001,SAMPLE_TX_1,XGBoost,current_stock,76.0,-0.16615872,0.16615872,NEGATIVE,5,Current stock (76.0) decreased the forecast by 0.166 units relative to the model baseline.
48894960-03EE-5E06-BCAD-84D4A07F96FF,2016-02-24,SAMPLE_ITEM_001,SAMPLE_TX_1,XGBoost,days_of_supply,20.752597455688107,-1.13140941,1.13140941,NEGATIVE,1,Days of supply (20.752597455688107) decreased the forecast by 1.131 units relative to the model baseline.
48894960-03EE-5E06-BCAD-84D4A07F96FF,2016-02-24,SAMPLE_ITEM_001,SAMPLE_TX_1,XGBoost,rolling_mean_7,3.662192174366542,-0.53363037,0.53363037,NEGATIVE,2,The recent seven-day demand average (3.662192174366542) decreased the forecast by 0.534 units relative to the model baseline.
48894960-03EE-5E06-BCAD-84D4A07F96FF,2016-02-24,SAMPLE_ITEM_001,SAMPLE_TX_1,XGBoost,day_of_month,24,-0.45573643,0.45573643,NEGATIVE,3,Day of month (24) decreased the forecast by 0.456 units relative to the model baseline.
48894960-03EE-5E06-BCAD-84D4A07F96FF,2016-02-24,SAMPLE_ITEM_001,SAMPLE_TX_1,XGBoost,lag_1,4.390778541564941,-0.41009682,0.41009682,NEGATIVE,4,Yesterday's demand (4.390778541564941) decreased the forecast by 0.410 units relative to the model baseline.
48894960-03EE-5E06-BCAD-84D4A07F96FF,2016-02-24,SAMPLE_ITEM_001,SAMPLE_TX_1,XGBoost,current_stock,76.0,-0.38341194,0.38341194,NEGATIVE,5,Current stock (76.0) decreased the forecast by 0.383 units relative to the model baseline.
58A69F0C-9189-593A-9378-35142F9E4F06,2016-02-25,SAMPLE_ITEM_001,SAMPLE_TX_1,XGBoost,days_of_supply,21.789627539572383,-0.93047035,0.93047035,NEGATIVE,1,Days of supply (21.789627539572383) decreased the forecast by 0.930 units relative to the model baseline.
58A69F0C-9189-593A-9378-35142F9E4F06,2016-02-25,SAMPLE_ITEM_001,SAMPLE_TX_1,XGBoost,lag_1,2.4897940158843994,0.71619463,0.71619463,POSITIVE,2,Yesterday's demand (2.4897940158843994) increased the forecast by 0.716 units relative to the model baseline.
58A69F0C-9189-593A-9378-35142F9E4F06,2016-02-25,SAMPLE_ITEM_001,SAMPLE_TX_1,XGBoost,day_of_month,25,-0.52287686,0.52287686,NEGATIVE,3,Day of month (25) decreased the forecast by 0.523 units relative to the model baseline.
58A69F0C-9189-593A-9378-35142F9E4F06,2016-02-25,SAMPLE_ITEM_001,SAMPLE_TX_1,XGBoost,rolling_mean_7,3.4878980772835866,-0.37108397,0.37108397,NEGATIVE,4,The recent seven-day demand average (3.4878980772835866) decreased the forecast by 0.371 units relative to the model baseline.
58A69F0C-9189-593A-9378-35142F9E4F06,2016-02-25,SAMPLE_ITEM_001,SAMPLE_TX_1,XGBoost,day_of_week,3,-0.23621221,0.23621221,NEGATIVE,5,The day of week (3) decreased the forecast by 0.236 units relative to the model baseline.
2C131EB2-4DC7-5D32-AB81-04674AF50229,2016-02-26,SAMPLE_ITEM_001,SAMPLE_TX_1,XGBoost,days_of_supply,21.32873236684017,-1.09107995,1.09107995,NEGATIVE,1,Days of supply (21.32873236684017) decreased the forecast by 1.091 units relative to the model baseline.
2C131EB2-4DC7-5D32-AB81-04674AF50229,2016-02-26,SAMPLE_ITEM_001,SAMPLE_TX_1,XGBoost,day_of_month,26,-0.52441740,0.52441740,NEGATIVE,2,Day of month (26) decreased the forecast by 0.524 units relative to the model baseline.
2C131EB2-4DC7-5D32-AB81-04674AF50229,2016-02-26,SAMPLE_ITEM_001,SAMPLE_TX_1,XGBoost,rolling_mean_7,3.5632684912000383,-0.42391697,0.42391697,NEGATIVE,3,The recent seven-day demand average (3.5632684912000383) decreased the forecast by 0.424 units relative to the model baseline.
2C131EB2-4DC7-5D32-AB81-04674AF50229,2016-02-26,SAMPLE_ITEM_001,SAMPLE_TX_1,XGBoost,current_stock,76.0,-0.32368842,0.32368842,NEGATIVE,4,Current stock (76.0) decreased the forecast by 0.324 units relative to the model baseline.
2C131EB2-4DC7-5D32-AB81-04674AF50229,2016-02-26,SAMPLE_ITEM_001,SAMPLE_TX_1,XGBoost,lag_1,3.822162389755249,0.19233082,0.19233082,POSITIVE,5,Yesterday's demand (3.822162389755249) increased the forecast by 0.192 units relative to the model baseline.
4DBADAFC-DBFE-51DE-85F5-43A66588A76E,2016-02-27,SAMPLE_ITEM_001,SAMPLE_TX_1,XGBoost,days_of_supply,21.68424379838394,-1.13516688,1.13516688,NEGATIVE,1,Days of supply (21.68424379838394) decreased the forecast by 1.135 units relative to the model baseline.
4DBADAFC-DBFE-51DE-85F5-43A66588A76E,2016-02-27,SAMPLE_ITEM_001,SAMPLE_TX_1,XGBoost,day_of_month,27,-0.52422178,0.52422178,NEGATIVE,2,Day of month (27) decreased the forecast by 0.524 units relative to the model baseline.
4DBADAFC-DBFE-51DE-85F5-43A66588A76E,2016-02-27,SAMPLE_ITEM_001,SAMPLE_TX_1,XGBoost,rolling_mean_7,3.504848991121565,-0.43838242,0.43838242,NEGATIVE,3,The recent seven-day demand average (3.504848991121565) decreased the forecast by 0.438 units relative to the model baseline.
4DBADAFC-DBFE-51DE-85F5-43A66588A76E,2016-02-27,SAMPLE_ITEM_001,SAMPLE_TX_1,XGBoost,current_stock,76.0,-0.34213555,0.34213555,NEGATIVE,4,Current stock (76.0) decreased the forecast by 0.342 units relative to the model baseline.
4DBADAFC-DBFE-51DE-85F5-43A66588A76E,2016-02-27,SAMPLE_ITEM_001,SAMPLE_TX_1,XGBoost,lag_1,3.249410390853882,0.23424797,0.23424797,POSITIVE,5,Yesterday's demand (3.249410390853882) increased the forecast by 0.234 units relative to the model baseline.
AC683F33-F518-599F-BDE2-F66B8F21B00A,2016-02-28,SAMPLE_ITEM_001,SAMPLE_TX_1,XGBoost,days_of_supply,22.179941365395397,-0.97121888,0.97121888,NEGATIVE,1,Days of supply (22.179941365395397) decreased the forecast by 0.971 units relative to the model baseline.
AC683F33-F518-599F-BDE2-F66B8F21B00A,2016-02-28,SAMPLE_ITEM_001,SAMPLE_TX_1,XGBoost,day_of_month,28,-0.52651334,0.52651334,NEGATIVE,2,Day of month (28) decreased the forecast by 0.527 units relative to the model baseline.
AC683F33-F518-599F-BDE2-F66B8F21B00A,2016-02-28,SAMPLE_ITEM_001,SAMPLE_TX_1,XGBoost,day_of_week,6,0.43801206,0.43801206,POSITIVE,3,The day of week (6) increased the forecast by 0.438 units relative to the model baseline.
AC683F33-F518-599F-BDE2-F66B8F21B00A,2016-02-28,SAMPLE_ITEM_001,SAMPLE_TX_1,XGBoost,current_stock,76.0,-0.42184061,0.42184061,NEGATIVE,4,Current stock (76.0) decreased the forecast by 0.422 units relative to the model baseline.
AC683F33-F518-599F-BDE2-F66B8F21B00A,2016-02-28,SAMPLE_ITEM_001,SAMPLE_TX_1,XGBoost,rolling_mean_7,3.4265194279806956,-0.37516519,0.37516519,NEGATIVE,5,The recent seven-day demand average (3.4265194279806956) decreased the forecast by 0.375 units relative to the model baseline.
47665C07-58B3-547C-921C-33DD1A3280B0,2016-02-29,SAMPLE_ITEM_001,SAMPLE_TX_1,XGBoost,days_of_supply,22.51520612328277,-1.10455382,1.10455382,NEGATIVE,1,Days of supply (22.51520612328277) decreased the forecast by 1.105 units relative to the model baseline.
47665C07-58B3-547C-921C-33DD1A3280B0,2016-02-29,SAMPLE_ITEM_001,SAMPLE_TX_1,XGBoost,day_of_month,29,-0.51604497,0.51604497,NEGATIVE,2,Day of month (29) decreased the forecast by 0.516 units relative to the model baseline.
47665C07-58B3-547C-921C-33DD1A3280B0,2016-02-29,SAMPLE_ITEM_001,SAMPLE_TX_1,XGBoost,rolling_mean_7,3.3754965237208774,-0.38890460,0.38890460,NEGATIVE,3,The recent seven-day demand average (3.3754965237208774) decreased the forecast by 0.389 units relative to the model baseline.
47665C07-58B3-547C-921C-33DD1A3280B0,2016-02-29,SAMPLE_ITEM_001,SAMPLE_TX_1,XGBoost,current_stock,76.0,-0.34108910,0.34108910,NEGATIVE,4,Current stock (76.0) decreased the forecast by 0.341 units relative to the model baseline.
47665C07-58B3-547C-921C-33DD1A3280B0,2016-02-29,SAMPLE_ITEM_001,SAMPLE_TX_1,XGBoost,price_change_percentage,0.0,0.17067309,0.17067309,POSITIVE,5,Price change percentage (0.0) increased the forecast by 0.171 units relative to the model baseline.
03B02575-980C-5EA4-962E-CD00B56061BF,2016-03-01,SAMPLE_ITEM_001,SAMPLE_TX_1,XGBoost,days_of_supply,22.263698578916397,-1.09665596,1.09665596,NEGATIVE,1,Days of supply (22.263698578916397) decreased the forecast by 1.097 units relative to the model baseline.
03B02575-980C-5EA4-962E-CD00B56061BF,2016-03-01,SAMPLE_ITEM_001,SAMPLE_TX_1,XGBoost,day_of_month,1,0.73263073,0.73263073,POSITIVE,2,Day of month (1) increased the forecast by 0.733 units relative to the model baseline.
03B02575-980C-5EA4-962E-CD00B56061BF,2016-03-01,SAMPLE_ITEM_001,SAMPLE_TX_1,XGBoost,rolling_mean_7,3.4136286803654263,-0.43203199,0.43203199,NEGATIVE,3,The recent seven-day demand average (3.4136286803654263) decreased the forecast by 0.432 units relative to the model baseline.
03B02575-980C-5EA4-962E-CD00B56061BF,2016-03-01,SAMPLE_ITEM_001,SAMPLE_TX_1,XGBoost,current_stock,76.0,-0.32911271,0.32911271,NEGATIVE,4,Current stock (76.0) decreased the forecast by 0.329 units relative to the model baseline.
03B02575-980C-5EA4-962E-CD00B56061BF,2016-03-01,SAMPLE_ITEM_001,SAMPLE_TX_1,XGBoost,lag_1,3.0619215965270996,0.17391972,0.17391972,POSITIVE,5,Yesterday's demand (3.0619215965270996) increased the forecast by 0.174 units relative to the model baseline.
1980110A-32B9-5CEF-87D1-248ABC3CC3B2,2016-03-02,SAMPLE_ITEM_001,SAMPLE_TX_1,XGBoost,days_of_supply,22.244495322386914,-1.15458548,1.15458548,NEGATIVE,1,Days of supply (22.244495322386914) decreased the forecast by 1.155 units relative to the model baseline.
1980110A-32B9-5CEF-87D1-248ABC3CC3B2,2016-03-02,SAMPLE_ITEM_001,SAMPLE_TX_1,XGBoost,day_of_month,2,0.78420031,0.78420031,POSITIVE,2,Day of month (2) increased the forecast by 0.784 units relative to the model baseline.
1980110A-32B9-5CEF-87D1-248ABC3CC3B2,2016-03-02,SAMPLE_ITEM_001,SAMPLE_TX_1,XGBoost,rolling_mean_7,3.4165756021227156,-0.60661960,0.60661960,NEGATIVE,3,The recent seven-day demand average (3.4165756021227156) decreased the forecast by 0.607 units relative to the model baseline.
1980110A-32B9-5CEF-87D1-248ABC3CC3B2,2016-03-02,SAMPLE_ITEM_001,SAMPLE_TX_1,XGBoost,current_stock,76.0,-0.41426638,0.41426638,NEGATIVE,4,Current stock (76.0) decreased the forecast by 0.414 units relative to the model baseline.
1980110A-32B9-5CEF-87D1-248ABC3CC3B2,2016-03-02,SAMPLE_ITEM_001,SAMPLE_TX_1,XGBoost,lag_1,4.411406993865967,-0.41362485,0.41362485,NEGATIVE,5,Yesterday's demand (4.411406993865967) decreased the forecast by 0.414 units relative to the model baseline.
A2BBF1BC-2A20-5614-B898-34443359CAE4,2016-03-03,SAMPLE_ITEM_001,SAMPLE_TX_1,XGBoost,days_of_supply,21.406674435301603,-1.11824036,1.11824036,NEGATIVE,1,Days of supply (21.406674435301603) decreased the forecast by 1.118 units relative to the model baseline.
A2BBF1BC-2A20-5614-B898-34443359CAE4,2016-03-03,SAMPLE_ITEM_001,SAMPLE_TX_1,XGBoost,day_of_month,3,0.72987956,0.72987956,POSITIVE,2,Day of month (3) increased the forecast by 0.730 units relative to the model baseline.
A2BBF1BC-2A20-5614-B898-34443359CAE4,2016-03-03,SAMPLE_ITEM_001,SAMPLE_TX_1,XGBoost,rolling_mean_7,3.5502945695604597,-0.42644092,0.42644092,NEGATIVE,3,The recent seven-day demand average (3.5502945695604597) decreased the forecast by 0.426 units relative to the model baseline.
A2BBF1BC-2A20-5614-B898-34443359CAE4,2016-03-03,SAMPLE_ITEM_001,SAMPLE_TX_1,XGBoost,current_stock,76.0,-0.33639678,0.33639678,NEGATIVE,4,Current stock (76.0) decreased the forecast by 0.336 units relative to the model baseline.
A2BBF1BC-2A20-5614-B898-34443359CAE4,2016-03-03,SAMPLE_ITEM_001,SAMPLE_TX_1,XGBoost,lag_1,3.4258267879486084,0.24553031,0.24553031,POSITIVE,5,Yesterday's demand (3.4258267879486084) increased the forecast by 0.246 units relative to the model baseline.
06AE9C08-6C6A-587D-93F7-842ACC8B31B4,2016-03-04,SAMPLE_ITEM_001,SAMPLE_TX_1,XGBoost,days_of_supply,20.993228655790244,-1.15743220,1.15743220,NEGATIVE,1,Days of supply (20.993228655790244) decreased the forecast by 1.157 units relative to the model baseline.
06AE9C08-6C6A-587D-93F7-842ACC8B31B4,2016-03-04,SAMPLE_ITEM_001,SAMPLE_TX_1,XGBoost,day_of_month,4,0.79199147,0.79199147,POSITIVE,2,Day of month (4) increased the forecast by 0.792 units relative to the model baseline.
06AE9C08-6C6A-587D-93F7-842ACC8B31B4,2016-03-04,SAMPLE_ITEM_001,SAMPLE_TX_1,XGBoost,rolling_mean_7,3.6202149391174316,-0.59405321,0.59405321,NEGATIVE,3,The recent seven-day demand average (3.6202149391174316) decreased the forecast by 0.594 units relative to the model baseline.
06AE9C08-6C6A-587D-93F7-842ACC8B31B4,2016-03-04,SAMPLE_ITEM_001,SAMPLE_TX_1,XGBoost,current_stock,76.0,-0.41659576,0.41659576,NEGATIVE,4,Current stock (76.0) decreased the forecast by 0.417 units relative to the model baseline.
06AE9C08-6C6A-587D-93F7-842ACC8B31B4,2016-03-04,SAMPLE_ITEM_001,SAMPLE_TX_1,XGBoost,lag_1,4.311604976654053,-0.38441327,0.38441327,NEGATIVE,5,Yesterday's demand (4.311604976654053) decreased the forecast by 0.384 units relative to the model baseline.
C28BFB1A-E8E3-5BBC-B505-5DD15455F2E3,2016-03-05,SAMPLE_ITEM_001,SAMPLE_TX_1,XGBoost,days_of_supply,20.72691339645105,-1.12186396,1.12186396,NEGATIVE,1,Days of supply (20.72691339645105) decreased the forecast by 1.122 units relative to the model baseline.
C28BFB1A-E8E3-5BBC-B505-5DD15455F2E3,2016-03-05,SAMPLE_ITEM_001,SAMPLE_TX_1,XGBoost,day_of_month,5,0.72781318,0.72781318,POSITIVE,2,Day of month (5) increased the forecast by 0.728 units relative to the model baseline.
C28BFB1A-E8E3-5BBC-B505-5DD15455F2E3,2016-03-05,SAMPLE_ITEM_001,SAMPLE_TX_1,XGBoost,rolling_mean_7,3.6667302336011613,-0.43277973,0.43277973,NEGATIVE,3,The recent seven-day demand average (3.6667302336011613) decreased the forecast by 0.433 units relative to the model baseline.
C28BFB1A-E8E3-5BBC-B505-5DD15455F2E3,2016-03-05,SAMPLE_ITEM_001,SAMPLE_TX_1,XGBoost,current_stock,76.0,-0.33015913,0.33015913,NEGATIVE,4,Current stock (76.0) decreased the forecast by 0.330 units relative to the model baseline.
C28BFB1A-E8E3-5BBC-B505-5DD15455F2E3,2016-03-05,SAMPLE_ITEM_001,SAMPLE_TX_1,XGBoost,lag_1,3.5750174522399902,0.28737706,0.28737706,POSITIVE,5,Yesterday's demand (3.5750174522399902) increased the forecast by 0.287 units relative to the model baseline.
3737CBAB-28D4-5CA9-865A-FB858B9AEFCB,2016-03-06,SAMPLE_ITEM_001,SAMPLE_TX_1,XGBoost,days_of_supply,19.685056420497848,-1.02910841,1.02910841,NEGATIVE,1,Days of supply (19.685056420497848) decreased the forecast by 1.029 units relative to the model baseline.
3737CBAB-28D4-5CA9-865A-FB858B9AEFCB,2016-03-06,SAMPLE_ITEM_001,SAMPLE_TX_1,XGBoost,day_of_month,6,0.70343506,0.70343506,POSITIVE,2,Day of month (6) increased the forecast by 0.703 units relative to the model baseline.
3737CBAB-28D4-5CA9-865A-FB858B9AEFCB,2016-03-06,SAMPLE_ITEM_001,SAMPLE_TX_1,XGBoost,rolling_mean_7,3.8607966559273854,-0.69095469,0.69095469,NEGATIVE,3,The recent seven-day demand average (3.8607966559273854) decreased the forecast by 0.691 units relative to the model baseline.
3737CBAB-28D4-5CA9-865A-FB858B9AEFCB,2016-03-06,SAMPLE_ITEM_001,SAMPLE_TX_1,XGBoost,current_stock,76.0,-0.46435091,0.46435091,NEGATIVE,4,Current stock (76.0) decreased the forecast by 0.464 units relative to the model baseline.
3737CBAB-28D4-5CA9-865A-FB858B9AEFCB,2016-03-06,SAMPLE_ITEM_001,SAMPLE_TX_1,XGBoost,lag_1,4.496031761169434,-0.38300523,0.38300523,NEGATIVE,5,Yesterday's demand (4.496031761169434) decreased the forecast by 0.383 units relative to the model baseline.
CDD6BB62-80EB-541F-AE50-83570D720FDA,2016-03-07,SAMPLE_ITEM_001,SAMPLE_TX_1,XGBoost,days_of_supply,19.686607854664313,-1.08110535,1.08110535,NEGATIVE,1,Days of supply (19.686607854664313) decreased the forecast by 1.081 units relative to the model baseline.
CDD6BB62-80EB-541F-AE50-83570D720FDA,2016-03-07,SAMPLE_ITEM_001,SAMPLE_TX_1,XGBoost,day_of_month,7,0.68264282,0.68264282,POSITIVE,2,Day of month (7) increased the forecast by 0.683 units relative to the model baseline.
CDD6BB62-80EB-541F-AE50-83570D720FDA,2016-03-07,SAMPLE_ITEM_001,SAMPLE_TX_1,XGBoost,rolling_mean_7,3.860492399760655,-0.44386441,0.44386441,NEGATIVE,3,The recent seven-day demand average (3.860492399760655) decreased the forecast by 0.444 units relative to the model baseline.
CDD6BB62-80EB-541F-AE50-83570D720FDA,2016-03-07,SAMPLE_ITEM_001,SAMPLE_TX_1,XGBoost,lag_14,2.794996500015259,-0.34825295,0.34825295,NEGATIVE,4,Demand fourteen days ago (2.794996500015259) decreased the forecast by 0.348 units relative to the model baseline.
CDD6BB62-80EB-541F-AE50-83570D720FDA,2016-03-07,SAMPLE_ITEM_001,SAMPLE_TX_1,XGBoost,current_stock,76.0,-0.32846212,0.32846212,NEGATIVE,5,Current stock (76.0) decreased the forecast by 0.328 units relative to the model baseline.
E98B3CAB-3E5A-5161-8ADD-98D53BB82A7F,2016-03-08,SAMPLE_ITEM_001,SAMPLE_TX_1,XGBoost,days_of_supply,19.096717198626088,-1.09772587,1.09772587,NEGATIVE,1,Days of supply (19.096717198626088) decreased the forecast by 1.098 units relative to the model baseline.
E98B3CAB-3E5A-5161-8ADD-98D53BB82A7F,2016-03-08,SAMPLE_ITEM_001,SAMPLE_TX_1,XGBoost,day_of_month,8,0.72694528,0.72694528,POSITIVE,2,Day of month (8) increased the forecast by 0.727 units relative to the model baseline.
E98B3CAB-3E5A-5161-8ADD-98D53BB82A7F,2016-03-08,SAMPLE_ITEM_001,SAMPLE_TX_1,XGBoost,rolling_mean_7,3.9797416073935374,-0.53582400,0.53582400,NEGATIVE,3,The recent seven-day demand average (3.9797416073935374) decreased the forecast by 0.536 units relative to the model baseline.
E98B3CAB-3E5A-5161-8ADD-98D53BB82A7F,2016-03-08,SAMPLE_ITEM_001,SAMPLE_TX_1,XGBoost,current_stock,76.0,-0.32911271,0.32911271,NEGATIVE,4,Current stock (76.0) decreased the forecast by 0.329 units relative to the model baseline.
E98B3CAB-3E5A-5161-8ADD-98D53BB82A7F,2016-03-08,SAMPLE_ITEM_001,SAMPLE_TX_1,XGBoost,lag_1,3.8966660499572754,0.17918424,0.17918424,POSITIVE,5,Yesterday's demand (3.8966660499572754) increased the forecast by 0.179 units relative to the model baseline.
11E00663-73B8-5147-9BD3-D030D1900435,2016-03-09,SAMPLE_ITEM_001,SAMPLE_TX_1,XGBoost,days_of_supply,19.216333178155505,-1.14443982,1.14443982,NEGATIVE,1,Days of supply (19.216333178155505) decreased the forecast by 1.144 units relative to the model baseline.
11E00663-73B8-5147-9BD3-D030D1900435,2016-03-09,SAMPLE_ITEM_001,SAMPLE_TX_1,XGBoost,day_of_month,9,0.77985823,0.77985823,POSITIVE,2,Day of month (9) increased the forecast by 0.780 units relative to the model baseline.
11E00663-73B8-5147-9BD3-D030D1900435,2016-03-09,SAMPLE_ITEM_001,SAMPLE_TX_1,XGBoost,rolling_mean_7,3.9549688952309743,-0.65428948,0.65428948,NEGATIVE,3,The recent seven-day demand average (3.9549688952309743) decreased the forecast by 0.654 units relative to the model baseline.
11E00663-73B8-5147-9BD3-D030D1900435,2016-03-09,SAMPLE_ITEM_001,SAMPLE_TX_1,XGBoost,lag_1,4.237998008728027,-0.45763132,0.45763132,NEGATIVE,4,Yesterday's demand (4.237998008728027) decreased the forecast by 0.458 units relative to the model baseline.
11E00663-73B8-5147-9BD3-D030D1900435,2016-03-09,SAMPLE_ITEM_001,SAMPLE_TX_1,XGBoost,current_stock,76.0,-0.41361579,0.41361579,NEGATIVE,5,Current stock (76.0) decreased the forecast by 0.414 units relative to the model baseline.
50651501-C0AC-5054-AAC1-E50B84F9FFF8,2016-03-10,SAMPLE_ITEM_001,SAMPLE_TX_1,XGBoost,days_of_supply,19.515215222011413,-1.08111322,1.08111322,NEGATIVE,1,Days of supply (19.515215222011413) decreased the forecast by 1.081 units relative to the model baseline.
50651501-C0AC-5054-AAC1-E50B84F9FFF8,2016-03-10,SAMPLE_ITEM_001,SAMPLE_TX_1,XGBoost,day_of_month,10,0.73695582,0.73695582,POSITIVE,2,Day of month (10) increased the forecast by 0.737 units relative to the model baseline.
50651501-C0AC-5054-AAC1-E50B84F9FFF8,2016-03-10,SAMPLE_ITEM_001,SAMPLE_TX_1,XGBoost,rolling_mean_7,3.8943972246987477,-0.53570217,0.53570217,NEGATIVE,3,The recent seven-day demand average (3.8943972246987477) decreased the forecast by 0.536 units relative to the model baseline.
50651501-C0AC-5054-AAC1-E50B84F9FFF8,2016-03-10,SAMPLE_ITEM_001,SAMPLE_TX_1,XGBoost,current_stock,76.0,-0.31171209,0.31171209,NEGATIVE,4,Current stock (76.0) decreased the forecast by 0.312 units relative to the model baseline.
50651501-C0AC-5054-AAC1-E50B84F9FFF8,2016-03-10,SAMPLE_ITEM_001,SAMPLE_TX_1,XGBoost,lag_1,3.0018250942230225,0.21608764,0.21608764,POSITIVE,5,Yesterday's demand (3.0018250942230225) increased the forecast by 0.216 units relative to the model baseline.
19625C66-FB36-5A90-B8A1-38FFD7C35133,2016-03-11,SAMPLE_ITEM_001,SAMPLE_TX_1,XGBoost,days_of_supply,19.49255755337811,-1.12111783,1.12111783,NEGATIVE,1,Days of supply (19.49255755337811) decreased the forecast by 1.121 units relative to the model baseline.
19625C66-FB36-5A90-B8A1-38FFD7C35133,2016-03-11,SAMPLE_ITEM_001,SAMPLE_TX_1,XGBoost,day_of_month,11,0.78648460,0.78648460,POSITIVE,2,Day of month (11) increased the forecast by 0.786 units relative to the model baseline.
19625C66-FB36-5A90-B8A1-38FFD7C35133,2016-03-11,SAMPLE_ITEM_001,SAMPLE_TX_1,XGBoost,rolling_mean_7,3.8989239760807584,-0.65808219,0.65808219,NEGATIVE,3,The recent seven-day demand average (3.8989239760807584) decreased the forecast by 0.658 units relative to the model baseline.
19625C66-FB36-5A90-B8A1-38FFD7C35133,2016-03-11,SAMPLE_ITEM_001,SAMPLE_TX_1,XGBoost,current_stock,76.0,-0.37605664,0.37605664,NEGATIVE,4,Current stock (76.0) decreased the forecast by 0.376 units relative to the model baseline.
19625C66-FB36-5A90-B8A1-38FFD7C35133,2016-03-11,SAMPLE_ITEM_001,SAMPLE_TX_1,XGBoost,lag_1,4.343292236328125,-0.32911557,0.32911557,NEGATIVE,5,Yesterday's demand (4.343292236328125) decreased the forecast by 0.329 units relative to the model baseline.
D21FF0C8-9901-528B-B67F-66CAD6FC4157,2016-03-12,SAMPLE_ITEM_001,SAMPLE_TX_1,XGBoost,days_of_supply,19.34863052040137,-1.08473682,1.08473682,NEGATIVE,1,Days of supply (19.34863052040137) decreased the forecast by 1.085 units relative to the model baseline.
D21FF0C8-9901-528B-B67F-66CAD6FC4157,2016-03-12,SAMPLE_ITEM_001,SAMPLE_TX_1,XGBoost,day_of_month,12,0.73488939,0.73488939,POSITIVE,2,Day of month (12) increased the forecast by 0.735 units relative to the model baseline.
D21FF0C8-9901-528B-B67F-66CAD6FC4157,2016-03-12,SAMPLE_ITEM_001,SAMPLE_TX_1,XGBoost,rolling_mean_7,3.927926574434553,-0.54204106,0.54204106,NEGATIVE,3,The recent seven-day demand average (3.927926574434553) decreased the forecast by 0.542 units relative to the model baseline.
D21FF0C8-9901-528B-B67F-66CAD6FC4157,2016-03-12,SAMPLE_ITEM_001,SAMPLE_TX_1,XGBoost,current_stock,76.0,-0.30547446,0.30547446,NEGATIVE,4,Current stock (76.0) decreased the forecast by 0.305 units relative to the model baseline.
D21FF0C8-9901-528B-B67F-66CAD6FC4157,2016-03-12,SAMPLE_ITEM_001,SAMPLE_TX_1,XGBoost,lag_1,3.7780356407165527,0.25793442,0.25793442,POSITIVE,5,Yesterday's demand (3.7780356407165527) increased the forecast by 0.258 units relative to the model baseline.
B3FB9FFE-DC4A-515A-8F4B-8AA3E5E87164,2016-03-13,SAMPLE_ITEM_001,SAMPLE_TX_1,XGBoost,days_of_supply,19.301325677561714,-0.99262971,0.99262971,NEGATIVE,1,Days of supply (19.301325677561714) decreased the forecast by 0.993 units relative to the model baseline.
B3FB9FFE-DC4A-515A-8F4B-8AA3E5E87164,2016-03-13,SAMPLE_ITEM_001,SAMPLE_TX_1,XGBoost,day_of_month,13,0.70361364,0.70361364,POSITIVE,2,Day of month (13) increased the forecast by 0.704 units relative to the model baseline.
B3FB9FFE-DC4A-515A-8F4B-8AA3E5E87164,2016-03-13,SAMPLE_ITEM_001,SAMPLE_TX_1,XGBoost,rolling_mean_7,3.9375533717019215,-0.63368398,0.63368398,NEGATIVE,3,The recent seven-day demand average (3.9375533717019215) decreased the forecast by 0.634 units relative to the model baseline.
B3FB9FFE-DC4A-515A-8F4B-8AA3E5E87164,2016-03-13,SAMPLE_ITEM_001,SAMPLE_TX_1,XGBoost,current_stock,76.0,-0.42381179,0.42381179,NEGATIVE,4,Current stock (76.0) decreased the forecast by 0.424 units relative to the model baseline.
B3FB9FFE-DC4A-515A-8F4B-8AA3E5E87164,2016-03-13,SAMPLE_ITEM_001,SAMPLE_TX_1,XGBoost,day_of_week,6,0.35551929,0.35551929,POSITIVE,5,The day of week (6) increased the forecast by 0.356 units relative to the model baseline.
BB59B191-951C-50BB-ADCF-625C9F40804C,2016-03-14,SAMPLE_ITEM_001,SAMPLE_TX_1,XGBoost,days_of_supply,19.033652173652694,-1.09901834,1.09901834,NEGATIVE,1,Days of supply (19.033652173652694) decreased the forecast by 1.099 units relative to the model baseline.
BB59B191-951C-50BB-ADCF-625C9F40804C,2016-03-14,SAMPLE_ITEM_001,SAMPLE_TX_1,XGBoost,day_of_month,14,0.72211647,0.72211647,POSITIVE,2,Day of month (14) increased the forecast by 0.722 units relative to the model baseline.
BB59B191-951C-50BB-ADCF-625C9F40804C,2016-03-14,SAMPLE_ITEM_001,SAMPLE_TX_1,XGBoost,rolling_mean_7,3.9929278578077043,-0.58838743,0.58838743,NEGATIVE,3,The recent seven-day demand average (3.9929278578077043) decreased the forecast by 0.588 units relative to the model baseline.
BB59B191-951C-50BB-ADCF-625C9F40804C,2016-03-14,SAMPLE_ITEM_001,SAMPLE_TX_1,XGBoost,lag_1,4.129258632659912,-0.39560607,0.39560607,NEGATIVE,4,Yesterday's demand (4.129258632659912) decreased the forecast by 0.396 units relative to the model baseline.
BB59B191-951C-50BB-ADCF-625C9F40804C,2016-03-14,SAMPLE_ITEM_001,SAMPLE_TX_1,XGBoost,current_stock,76.0,-0.36877257,0.36877257,NEGATIVE,5,Current stock (76.0) decreased the forecast by 0.369 units relative to the model baseline.
C5E0B316-DFD2-5CA5-BBA1-4DB2EFD8816B,2016-03-15,SAMPLE_ITEM_001,SAMPLE_TX_1,XGBoost,days_of_supply,19.10110301164125,-1.06124699,1.06124699,NEGATIVE,1,Days of supply (19.10110301164125) decreased the forecast by 1.061 units relative to the model baseline.
C5E0B316-DFD2-5CA5-BBA1-4DB2EFD8816B,2016-03-15,SAMPLE_ITEM_001,SAMPLE_TX_1,XGBoost,day_of_month,15,0.72694528,0.72694528,POSITIVE,2,Day of month (15) increased the forecast by 0.727 units relative to the model baseline.
C5E0B316-DFD2-5CA5-BBA1-4DB2EFD8816B,2016-03-15,SAMPLE_ITEM_001,SAMPLE_TX_1,XGBoost,rolling_mean_7,3.978827817099435,-0.52378553,0.52378553,NEGATIVE,3,The recent seven-day demand average (3.978827817099435) decreased the forecast by 0.524 units relative to the model baseline.
C5E0B316-DFD2-5CA5-BBA1-4DB2EFD8816B,2016-03-15,SAMPLE_ITEM_001,SAMPLE_TX_1,XGBoost,current_stock,76.0,-0.30442801,0.30442801,NEGATIVE,4,Current stock (76.0) decreased the forecast by 0.304 units relative to the model baseline.
C5E0B316-DFD2-5CA5-BBA1-4DB2EFD8816B,2016-03-15,SAMPLE_ITEM_001,SAMPLE_TX_1,XGBoost,lag_1,3.7979657649993896,0.14898744,0.14898744,POSITIVE,5,Yesterday's demand (3.7979657649993896) increased the forecast by 0.149 units relative to the model baseline.
67B33E18-CC51-5E0B-8B20-895E91C87C7E,2016-03-16,SAMPLE_ITEM_001,SAMPLE_TX_1,XGBoost,days_of_supply,19.000763974934728,-1.15278840,1.15278840,NEGATIVE,1,Days of supply (19.000763974934728) decreased the forecast by 1.153 units relative to the model baseline.
67B33E18-CC51-5E0B-8B20-895E91C87C7E,2016-03-16,SAMPLE_ITEM_001,SAMPLE_TX_1,XGBoost,rolling_mean_7,3.9998391696384976,-0.71167499,0.71167499,NEGATIVE,2,The recent seven-day demand average (3.9998391696384976) decreased the forecast by 0.712 units relative to the model baseline.
67B33E18-CC51-5E0B-8B20-895E91C87C7E,2016-03-16,SAMPLE_ITEM_001,SAMPLE_TX_1,XGBoost,lag_1,4.385077476501465,-0.41671407,0.41671407,NEGATIVE,3,Yesterday's demand (4.385077476501465) decreased the forecast by 0.417 units relative to the model baseline.
67B33E18-CC51-5E0B-8B20-895E91C87C7E,2016-03-16,SAMPLE_ITEM_001,SAMPLE_TX_1,XGBoost,current_stock,76.0,-0.37929010,0.37929010,NEGATIVE,4,Current stock (76.0) decreased the forecast by 0.379 units relative to the model baseline.
67B33E18-CC51-5E0B-8B20-895E91C87C7E,2016-03-16,SAMPLE_ITEM_001,SAMPLE_TX_1,XGBoost,rolling_mean_14,3.977404032434736,0.17414470,0.17414470,POSITIVE,5,The recent fourteen-day demand average (3.977404032434736) increased the forecast by 0.174 units relative to the model baseline.
311C36FC-4228-54E6-BDBE-49CAEDD0F408,2016-03-17,SAMPLE_ITEM_001,SAMPLE_TX_1,XGBoost,days_of_supply,19.13813094378082,-0.88826370,0.88826370,NEGATIVE,1,Days of supply (19.13813094378082) decreased the forecast by 0.888 units relative to the model baseline.
311C36FC-4228-54E6-BDBE-49CAEDD0F408,2016-03-17,SAMPLE_ITEM_001,SAMPLE_TX_1,XGBoost,lag_1,2.800858736038208,0.79206419,0.79206419,POSITIVE,2,Yesterday's demand (2.800858736038208) increased the forecast by 0.792 units relative to the model baseline.
311C36FC-4228-54E6-BDBE-49CAEDD0F408,2016-03-17,SAMPLE_ITEM_001,SAMPLE_TX_1,XGBoost,rolling_mean_7,3.97112968989781,-0.43178424,0.43178424,NEGATIVE,3,The recent seven-day demand average (3.97112968989781) decreased the forecast by 0.432 units relative to the model baseline.
311C36FC-4228-54E6-BDBE-49CAEDD0F408,2016-03-17,SAMPLE_ITEM_001,SAMPLE_TX_1,XGBoost,day_of_week,3,-0.23878174,0.23878174,NEGATIVE,4,The day of week (3) decreased the forecast by 0.239 units relative to the model baseline.
311C36FC-4228-54E6-BDBE-49CAEDD0F408,2016-03-17,SAMPLE_ITEM_001,SAMPLE_TX_1,XGBoost,current_stock,76.0,-0.20524737,0.20524737,NEGATIVE,5,Current stock (76.0) decreased the forecast by 0.205 units relative to the model baseline.
5467D57D-938C-5AAD-8E3B-14E7E71103BF,2016-03-18,SAMPLE_ITEM_001,SAMPLE_TX_1,XGBoost,days_of_supply,19.063309259733828,-1.10108066,1.10108066,NEGATIVE,1,Days of supply (19.063309259733828) decreased the forecast by 1.101 units relative to the model baseline.
5467D57D-938C-5AAD-8E3B-14E7E71103BF,2016-03-18,SAMPLE_ITEM_001,SAMPLE_TX_1,XGBoost,rolling_mean_7,3.986715997968401,-0.61916119,0.61916119,NEGATIVE,2,The recent seven-day demand average (3.986715997968401) decreased the forecast by 0.619 units relative to the model baseline.
5467D57D-938C-5AAD-8E3B-14E7E71103BF,2016-03-18,SAMPLE_ITEM_001,SAMPLE_TX_1,XGBoost,current_stock,76.0,-0.38604882,0.38604882,NEGATIVE,3,Current stock (76.0) decreased the forecast by 0.386 units relative to the model baseline.
5467D57D-938C-5AAD-8E3B-14E7E71103BF,2016-03-18,SAMPLE_ITEM_001,SAMPLE_TX_1,XGBoost,lag_1,4.452396392822266,-0.38316196,0.38316196,NEGATIVE,4,Yesterday's demand (4.452396392822266) decreased the forecast by 0.383 units relative to the model baseline.
5467D57D-938C-5AAD-8E3B-14E7E71103BF,2016-03-18,SAMPLE_ITEM_001,SAMPLE_TX_1,XGBoost,price_change_percentage,0.0,0.17036444,0.17036444,POSITIVE,5,Price change percentage (0.0) increased the forecast by 0.170 units relative to the model baseline.
30497821-6115-5FFF-BC73-5B17DBF6BCAB,2016-03-19,SAMPLE_ITEM_001,SAMPLE_TX_1,XGBoost,days_of_supply,19.655138525770973,-0.93992561,0.93992561,NEGATIVE,1,Days of supply (19.655138525770973) decreased the forecast by 0.940 units relative to the model baseline.
30497821-6115-5FFF-BC73-5B17DBF6BCAB,2016-03-19,SAMPLE_ITEM_001,SAMPLE_TX_1,XGBoost,lag_1,2.937736988067627,0.81244695,0.81244695,POSITIVE,2,Yesterday's demand (2.937736988067627) increased the forecast by 0.812 units relative to the model baseline.
30497821-6115-5FFF-BC73-5B17DBF6BCAB,2016-03-19,SAMPLE_ITEM_001,SAMPLE_TX_1,XGBoost,rolling_mean_7,3.866673333304269,-0.44699657,0.44699657,NEGATIVE,3,The recent seven-day demand average (3.866673333304269) decreased the forecast by 0.447 units relative to the model baseline.
30497821-6115-5FFF-BC73-5B17DBF6BCAB,2016-03-19,SAMPLE_ITEM_001,SAMPLE_TX_1,XGBoost,current_stock,76.0,-0.19900976,0.19900976,NEGATIVE,4,Current stock (76.0) decreased the forecast by 0.199 units relative to the model baseline.
30497821-6115-5FFF-BC73-5B17DBF6BCAB,2016-03-19,SAMPLE_ITEM_001,SAMPLE_TX_1,XGBoost,price_change_percentage,0.0,0.16114458,0.16114458,POSITIVE,5,Price change percentage (0.0) increased the forecast by 0.161 units relative to the model baseline.
B775D8D4-EDD0-54EB-88CE-B74198915622,2016-03-20,SAMPLE_ITEM_001,SAMPLE_TX_1,XGBoost,days_of_supply,19.772733719692273,-0.97516888,0.97516888,NEGATIVE,1,Days of supply (19.772733719692273) decreased the forecast by 0.975 units relative to the model baseline.
B775D8D4-EDD0-54EB-88CE-B74198915622,2016-03-20,SAMPLE_ITEM_001,SAMPLE_TX_1,XGBoost,rolling_mean_7,3.843676907675607,-0.48448819,0.48448819,NEGATIVE,2,The recent seven-day demand average (3.843676907675607) decreased the forecast by 0.484 units relative to the model baseline.
B775D8D4-EDD0-54EB-88CE-B74198915622,2016-03-20,SAMPLE_ITEM_001,SAMPLE_TX_1,XGBoost,current_stock,76.0,-0.43477532,0.43477532,NEGATIVE,3,Current stock (76.0) decreased the forecast by 0.435 units relative to the model baseline.
B775D8D4-EDD0-54EB-88CE-B74198915622,2016-03-20,SAMPLE_ITEM_001,SAMPLE_TX_1,XGBoost,day_of_week,6,0.41881165,0.41881165,POSITIVE,4,The day of week (6) increased the forecast by 0.419 units relative to the model baseline.
B775D8D4-EDD0-54EB-88CE-B74198915622,2016-03-20,SAMPLE_ITEM_001,SAMPLE_TX_1,XGBoost,lag_1,4.402444362640381,-0.38493991,0.38493991,NEGATIVE,5,Yesterday's demand (4.402444362640381) decreased the forecast by 0.385 units relative to the model baseline.
65E89C38-64F7-5C52-ABF8-2A0B139F09AA,2016-03-21,SAMPLE_ITEM_001,SAMPLE_TX_1,XGBoost,days_of_supply,20.280711689039556,-1.06807506,1.06807506,NEGATIVE,1,Days of supply (20.280711689039556) decreased the forecast by 1.068 units relative to the model baseline.
65E89C38-64F7-5C52-ABF8-2A0B139F09AA,2016-03-21,SAMPLE_ITEM_001,SAMPLE_TX_1,XGBoost,day_of_month,21,-0.50493360,0.50493360,NEGATIVE,2,Day of month (21) decreased the forecast by 0.505 units relative to the model baseline.
65E89C38-64F7-5C52-ABF8-2A0B139F09AA,2016-03-21,SAMPLE_ITEM_001,SAMPLE_TX_1,XGBoost,rolling_mean_7,3.747403008597238,-0.37032264,0.37032264,NEGATIVE,3,The recent seven-day demand average (3.747403008597238) decreased the forecast by 0.370 units relative to the model baseline.
65E89C38-64F7-5C52-ABF8-2A0B139F09AA,2016-03-21,SAMPLE_ITEM_001,SAMPLE_TX_1,XGBoost,current_stock,76.0,-0.31640434,0.31640434,NEGATIVE,4,Current stock (76.0) decreased the forecast by 0.316 units relative to the model baseline.
65E89C38-64F7-5C52-ABF8-2A0B139F09AA,2016-03-21,SAMPLE_ITEM_001,SAMPLE_TX_1,XGBoost,price_change_percentage,0.0,0.16646981,0.16646981,POSITIVE,5,Price change percentage (0.0) increased the forecast by 0.166 units relative to the model baseline.
8303AF95-19FB-57D3-B185-63BBE1675C44,2016-03-22,SAMPLE_ITEM_001,SAMPLE_TX_1,XGBoost,days_of_supply,20.699064094435247,-1.07342875,1.07342875,NEGATIVE,1,Days of supply (20.699064094435247) decreased the forecast by 1.073 units relative to the model baseline.
8303AF95-19FB-57D3-B185-63BBE1675C44,2016-03-22,SAMPLE_ITEM_001,SAMPLE_TX_1,XGBoost,day_of_month,22,-0.53394341,0.53394341,NEGATIVE,2,Day of month (22) decreased the forecast by 0.534 units relative to the model baseline.
8303AF95-19FB-57D3-B185-63BBE1675C44,2016-03-22,SAMPLE_ITEM_001,SAMPLE_TX_1,XGBoost,rolling_mean_7,3.671663590839931,-0.42914334,0.42914334,NEGATIVE,3,The recent seven-day demand average (3.671663590839931) decreased the forecast by 0.429 units relative to the model baseline.
8303AF95-19FB-57D3-B185-63BBE1675C44,2016-03-22,SAMPLE_ITEM_001,SAMPLE_TX_1,XGBoost,current_stock,76.0,-0.31640434,0.31640434,NEGATIVE,4,Current stock (76.0) decreased the forecast by 0.316 units relative to the model baseline.
8303AF95-19FB-57D3-B185-63BBE1675C44,2016-03-22,SAMPLE_ITEM_001,SAMPLE_TX_1,XGBoost,price_change_percentage,0.0,0.16579233,0.16579233,POSITIVE,5,Price change percentage (0.0) increased the forecast by 0.166 units relative to the model baseline.
C44086E2-73E8-5E7D-908A-4ACB78796CB1,2016-03-23,SAMPLE_ITEM_001,SAMPLE_TX_1,XGBoost,days_of_supply,21.764695672823475,-1.08823311,1.08823311,NEGATIVE,1,Days of supply (21.764695672823475) decreased the forecast by 1.088 units relative to the model baseline.
C44086E2-73E8-5E7D-908A-4ACB78796CB1,2016-03-23,SAMPLE_ITEM_001,SAMPLE_TX_1,XGBoost,day_of_month,23,-0.52294660,0.52294660,NEGATIVE,2,Day of month (23) decreased the forecast by 0.523 units relative to the model baseline.
C44086E2-73E8-5E7D-908A-4ACB78796CB1,2016-03-23,SAMPLE_ITEM_001,SAMPLE_TX_1,XGBoost,rolling_mean_7,3.4918935298919678,-0.45243913,0.45243913,NEGATIVE,3,The recent seven-day demand average (3.4918935298919678) decreased the forecast by 0.452 units relative to the model baseline.
C44086E2-73E8-5E7D-908A-4ACB78796CB1,2016-03-23,SAMPLE_ITEM_001,SAMPLE_TX_1,XGBoost,current_stock,76.0,-0.32135904,0.32135904,NEGATIVE,4,Current stock (76.0) decreased the forecast by 0.321 units relative to the model baseline.
C44086E2-73E8-5E7D-908A-4ACB78796CB1,2016-03-23,SAMPLE_ITEM_001,SAMPLE_TX_1,XGBoost,price_change_percentage,0.0,0.17190143,0.17190143,POSITIVE,5,Price change percentage (0.0) increased the forecast by 0.172 units relative to the model baseline.
D934AE35-600C-52C0-9239-02DF6DF97F96,2016-03-24,SAMPLE_ITEM_001,SAMPLE_TX_1,XGBoost,days_of_supply,21.5348069991292,-1.09420037,1.09420037,NEGATIVE,1,Days of supply (21.5348069991292) decreased the forecast by 1.094 units relative to the model baseline.
D934AE35-600C-52C0-9239-02DF6DF97F96,2016-03-24,SAMPLE_ITEM_001,SAMPLE_TX_1,XGBoost,day_of_month,24,-0.53839892,0.53839892,NEGATIVE,2,Day of month (24) decreased the forecast by 0.538 units relative to the model baseline.
D934AE35-600C-52C0-9239-02DF6DF97F96,2016-03-24,SAMPLE_ITEM_001,SAMPLE_TX_1,XGBoost,rolling_mean_7,3.5291702406747,-0.42218703,0.42218703,NEGATIVE,3,The recent seven-day demand average (3.5291702406747) decreased the forecast by 0.422 units relative to the model baseline.
D934AE35-600C-52C0-9239-02DF6DF97F96,2016-03-24,SAMPLE_ITEM_001,SAMPLE_TX_1,XGBoost,current_stock,76.0,-0.32368842,0.32368842,NEGATIVE,4,Current stock (76.0) decreased the forecast by 0.324 units relative to the model baseline.
D934AE35-600C-52C0-9239-02DF6DF97F96,2016-03-24,SAMPLE_ITEM_001,SAMPLE_TX_1,XGBoost,day_of_week,3,-0.17915168,0.17915168,NEGATIVE,5,The day of week (3) decreased the forecast by 0.179 units relative to the model baseline.
70D49055-014E-56A6-AAB3-9D1CF39C3689,2016-03-25,SAMPLE_ITEM_001,SAMPLE_TX_1,XGBoost,days_of_supply,22.781759463420517,-1.12755883,1.12755883,NEGATIVE,1,Days of supply (22.781759463420517) decreased the forecast by 1.128 units relative to the model baseline.
70D49055-014E-56A6-AAB3-9D1CF39C3689,2016-03-25,SAMPLE_ITEM_001,SAMPLE_TX_1,XGBoost,day_of_month,25,-0.52579415,0.52579415,NEGATIVE,2,Day of month (25) decreased the forecast by 0.526 units relative to the model baseline.
70D49055-014E-56A6-AAB3-9D1CF39C3689,2016-03-25,SAMPLE_ITEM_001,SAMPLE_TX_1,XGBoost,rolling_mean_7,3.3360022136143277,-0.45483032,0.45483032,NEGATIVE,3,The recent seven-day demand average (3.3360022136143277) decreased the forecast by 0.455 units relative to the model baseline.
70D49055-014E-56A6-AAB3-9D1CF39C3689,2016-03-25,SAMPLE_ITEM_001,SAMPLE_TX_1,XGBoost,current_stock,76.0,-0.34837317,0.34837317,NEGATIVE,4,Current stock (76.0) decreased the forecast by 0.348 units relative to the model baseline.
70D49055-014E-56A6-AAB3-9D1CF39C3689,2016-03-25,SAMPLE_ITEM_001,SAMPLE_TX_1,XGBoost,lag_1,3.100220203399658,0.20356362,0.20356362,POSITIVE,5,Yesterday's demand (3.100220203399658) increased the forecast by 0.204 units relative to the model baseline.
5C5C8A0C-1030-5261-841B-72E8E9762FEF,2016-03-26,SAMPLE_ITEM_001,SAMPLE_TX_1,XGBoost,days_of_supply,22.679003179138515,-1.13430285,1.13430285,NEGATIVE,1,Days of supply (22.679003179138515) decreased the forecast by 1.134 units relative to the model baseline.
5C5C8A0C-1030-5261-841B-72E8E9762FEF,2016-03-26,SAMPLE_ITEM_001,SAMPLE_TX_1,XGBoost,day_of_month,26,-0.53708082,0.53708082,NEGATIVE,2,Day of month (26) decreased the forecast by 0.537 units relative to the model baseline.
5C5C8A0C-1030-5261-841B-72E8E9762FEF,2016-03-26,SAMPLE_ITEM_001,SAMPLE_TX_1,XGBoost,rolling_mean_7,3.3511173043932234,-0.43838242,0.43838242,NEGATIVE,3,The recent seven-day demand average (3.3511173043932234) decreased the forecast by 0.438 units relative to the model baseline.
5C5C8A0C-1030-5261-841B-72E8E9762FEF,2016-03-26,SAMPLE_ITEM_001,SAMPLE_TX_1,XGBoost,current_stock,76.0,-0.34213555,0.34213555,NEGATIVE,4,Current stock (76.0) decreased the forecast by 0.342 units relative to the model baseline.
5C5C8A0C-1030-5261-841B-72E8E9762FEF,2016-03-26,SAMPLE_ITEM_001,SAMPLE_TX_1,XGBoost,lag_1,3.0435426235198975,0.23515506,0.23515506,POSITIVE,5,Yesterday's demand (3.0435426235198975) increased the forecast by 0.235 units relative to the model baseline.
065B84D6-FBDA-542F-8EE9-942BDA272F10,2016-03-27,SAMPLE_ITEM_001,SAMPLE_TX_1,XGBoost,days_of_supply,23.933082904555942,-0.97208273,0.97208273,NEGATIVE,1,Days of supply (23.933082904555942) decreased the forecast by 0.972 units relative to the model baseline.
065B84D6-FBDA-542F-8EE9-942BDA272F10,2016-03-27,SAMPLE_ITEM_001,SAMPLE_TX_1,XGBoost,day_of_month,27,-0.51253194,0.51253194,NEGATIVE,2,Day of month (27) decreased the forecast by 0.513 units relative to the model baseline.
065B84D6-FBDA-542F-8EE9-942BDA272F10,2016-03-27,SAMPLE_ITEM_001,SAMPLE_TX_1,XGBoost,day_of_week,6,0.42911643,0.42911643,POSITIVE,3,The day of week (6) increased the forecast by 0.429 units relative to the model baseline.
065B84D6-FBDA-542F-8EE9-942BDA272F10,2016-03-27,SAMPLE_ITEM_001,SAMPLE_TX_1,XGBoost,current_stock,76.0,-0.42184061,0.42184061,NEGATIVE,4,Current stock (76.0) decreased the forecast by 0.422 units relative to the model baseline.
065B84D6-FBDA-542F-8EE9-942BDA272F10,2016-03-27,SAMPLE_ITEM_001,SAMPLE_TX_1,XGBoost,rolling_mean_7,3.175520692552839,-0.37516519,0.37516519,NEGATIVE,5,The recent seven-day demand average (3.175520692552839) decreased the forecast by 0.375 units relative to the model baseline.
D647BD49-0CE5-5669-B114-0F358F0662B4,2016-03-28,SAMPLE_ITEM_001,SAMPLE_TX_1,XGBoost,days_of_supply,23.664039050245318,-1.10455382,1.10455382,NEGATIVE,1,Days of supply (23.664039050245318) decreased the forecast by 1.105 units relative to the model baseline.
D647BD49-0CE5-5669-B114-0F358F0662B4,2016-03-28,SAMPLE_ITEM_001,SAMPLE_TX_1,XGBoost,day_of_month,28,-0.51579064,0.51579064,NEGATIVE,2,Day of month (28) decreased the forecast by 0.516 units relative to the model baseline.
D647BD49-0CE5-5669-B114-0F358F0662B4,2016-03-28,SAMPLE_ITEM_001,SAMPLE_TX_1,XGBoost,rolling_mean_7,3.2116241795676097,-0.37070969,0.37070969,NEGATIVE,3,The recent seven-day demand average (3.2116241795676097) decreased the forecast by 0.371 units relative to the model baseline.
D647BD49-0CE5-5669-B114-0F358F0662B4,2016-03-28,SAMPLE_ITEM_001,SAMPLE_TX_1,XGBoost,current_stock,76.0,-0.34108910,0.34108910,NEGATIVE,4,Current stock (76.0) decreased the forecast by 0.341 units relative to the model baseline.
D647BD49-0CE5-5669-B114-0F358F0662B4,2016-03-28,SAMPLE_ITEM_001,SAMPLE_TX_1,XGBoost,price_change_percentage,0.0,0.16579670,0.16579670,POSITIVE,5,Price change percentage (0.0) increased the forecast by 0.166 units relative to the model baseline.
E0EA0FA5-47C7-5F23-896F-AF465FEEB154,2016-03-29,SAMPLE_ITEM_001,SAMPLE_TX_1,XGBoost,days_of_supply,23.793786687717176,-1.11077154,1.11077154,NEGATIVE,1,Days of supply (23.793786687717176) decreased the forecast by 1.111 units relative to the model baseline.
E0EA0FA5-47C7-5F23-896F-AF465FEEB154,2016-03-29,SAMPLE_ITEM_001,SAMPLE_TX_1,XGBoost,day_of_month,29,-0.51996189,0.51996189,NEGATIVE,2,Day of month (29) decreased the forecast by 0.520 units relative to the model baseline.
E0EA0FA5-47C7-5F23-896F-AF465FEEB154,2016-03-29,SAMPLE_ITEM_001,SAMPLE_TX_1,XGBoost,rolling_mean_7,3.194111176899501,-0.44186184,0.44186184,NEGATIVE,3,The recent seven-day demand average (3.194111176899501) decreased the forecast by 0.442 units relative to the model baseline.
E0EA0FA5-47C7-5F23-896F-AF465FEEB154,2016-03-29,SAMPLE_ITEM_001,SAMPLE_TX_1,XGBoost,current_stock,76.0,-0.34108910,0.34108910,NEGATIVE,4,Current stock (76.0) decreased the forecast by 0.341 units relative to the model baseline.
E0EA0FA5-47C7-5F23-896F-AF465FEEB154,2016-03-29,SAMPLE_ITEM_001,SAMPLE_TX_1,XGBoost,price_change_percentage,0.0,0.16579233,0.16579233,POSITIVE,5,Price change percentage (0.0) increased the forecast by 0.166 units relative to the model baseline.
04BA9F1C-FDA8-5B45-AAAD-ECEB9FB53260,2016-03-30,SAMPLE_ITEM_001,SAMPLE_TX_1,XGBoost,days_of_supply,23.924964956698968,-1.11160171,1.11160171,NEGATIVE,1,Days of supply (23.924964956698968) decreased the forecast by 1.112 units relative to the model baseline.
04BA9F1C-FDA8-5B45-AAAD-ECEB9FB53260,2016-03-30,SAMPLE_ITEM_001,SAMPLE_TX_1,XGBoost,day_of_month,30,-0.47013611,0.47013611,NEGATIVE,2,Day of month (30) decreased the forecast by 0.470 units relative to the model baseline.
04BA9F1C-FDA8-5B45-AAAD-ECEB9FB53260,2016-03-30,SAMPLE_ITEM_001,SAMPLE_TX_1,XGBoost,rolling_mean_7,3.176598174231393,-0.39432719,0.39432719,NEGATIVE,3,The recent seven-day demand average (3.176598174231393) decreased the forecast by 0.394 units relative to the model baseline.
04BA9F1C-FDA8-5B45-AAAD-ECEB9FB53260,2016-03-30,SAMPLE_ITEM_001,SAMPLE_TX_1,XGBoost,current_stock,76.0,-0.34523234,0.34523234,NEGATIVE,4,Current stock (76.0) decreased the forecast by 0.345 units relative to the model baseline.
04BA9F1C-FDA8-5B45-AAAD-ECEB9FB53260,2016-03-30,SAMPLE_ITEM_001,SAMPLE_TX_1,XGBoost,lag_14,2.800858736038208,-0.31773180,0.31773180,NEGATIVE,5,Demand fourteen days ago (2.800858736038208) decreased the forecast by 0.318 units relative to the model baseline.
FD1A9142-827E-57E9-8CF1-6394DA3FCE42,2016-03-31,SAMPLE_ITEM_001,SAMPLE_TX_1,XGBoost,days_of_supply,24.217411269914177,-0.92750698,0.92750698,NEGATIVE,1,Days of supply (24.217411269914177) decreased the forecast by 0.928 units relative to the model baseline.
FD1A9142-827E-57E9-8CF1-6394DA3FCE42,2016-03-31,SAMPLE_ITEM_001,SAMPLE_TX_1,XGBoost,lag_1,2.793274402618408,0.79174817,0.79174817,POSITIVE,2,Yesterday's demand (2.793274402618408) increased the forecast by 0.792 units relative to the model baseline.
FD1A9142-827E-57E9-8CF1-6394DA3FCE42,2016-03-31,SAMPLE_ITEM_001,SAMPLE_TX_1,XGBoost,day_of_month,31,-0.52175450,0.52175450,NEGATIVE,3,Day of month (31) decreased the forecast by 0.522 units relative to the model baseline.
FD1A9142-827E-57E9-8CF1-6394DA3FCE42,2016-03-31,SAMPLE_ITEM_001,SAMPLE_TX_1,XGBoost,rolling_mean_7,3.1382379872458324,-0.38324609,0.38324609,NEGATIVE,4,The recent seven-day demand average (3.1382379872458324) decreased the forecast by 0.383 units relative to the model baseline.
FD1A9142-827E-57E9-8CF1-6394DA3FCE42,2016-03-31,SAMPLE_ITEM_001,SAMPLE_TX_1,XGBoost,day_of_week,3,-0.23823462,0.23823462,NEGATIVE,5,The day of week (3) decreased the forecast by 0.238 units relative to the model baseline.
576EE2BD-A01F-5B0B-9443-6AB3E28C65A2,2016-04-01,SAMPLE_ITEM_001,SAMPLE_TX_1,XGBoost,days_of_supply,23.391527891719637,-1.10049403,1.10049403,NEGATIVE,1,Days of supply (23.391527891719637) decreased the forecast by 1.100 units relative to the model baseline.
576EE2BD-A01F-5B0B-9443-6AB3E28C65A2,2016-04-01,SAMPLE_ITEM_001,SAMPLE_TX_1,XGBoost,day_of_month,1,0.73273987,0.73273987,POSITIVE,2,Day of month (1) increased the forecast by 0.733 units relative to the model baseline.
576EE2BD-A01F-5B0B-9443-6AB3E28C65A2,2016-04-01,SAMPLE_ITEM_001,SAMPLE_TX_1,XGBoost,rolling_mean_7,3.249039581843785,-0.37527147,0.37527147,NEGATIVE,3,The recent seven-day demand average (3.249039581843785) decreased the forecast by 0.375 units relative to the model baseline.
576EE2BD-A01F-5B0B-9443-6AB3E28C65A2,2016-04-01,SAMPLE_ITEM_001,SAMPLE_TX_1,XGBoost,current_stock,76.0,-0.33574620,0.33574620,NEGATIVE,4,Current stock (76.0) decreased the forecast by 0.336 units relative to the model baseline.
576EE2BD-A01F-5B0B-9443-6AB3E28C65A2,2016-04-01,SAMPLE_ITEM_001,SAMPLE_TX_1,XGBoost,lag_14,2.937736988067627,-0.31730360,0.31730360,NEGATIVE,5,Demand fourteen days ago (2.937736988067627) decreased the forecast by 0.317 units relative to the model baseline.
6387C78F-3F12-5BF6-AC2A-D08B30C156F3,2016-04-02,SAMPLE_ITEM_001,SAMPLE_TX_1,XGBoost,days_of_supply,22.2367414769337,-1.15441203,1.15441203,NEGATIVE,1,Days of supply (22.2367414769337) decreased the forecast by 1.154 units relative to the model baseline.
6387C78F-3F12-5BF6-AC2A-D08B30C156F3,2016-04-02,SAMPLE_ITEM_001,SAMPLE_TX_1,XGBoost,day_of_month,2,0.78048772,0.78048772,POSITIVE,2,Day of month (2) increased the forecast by 0.780 units relative to the model baseline.
6387C78F-3F12-5BF6-AC2A-D08B30C156F3,2016-04-02,SAMPLE_ITEM_001,SAMPLE_TX_1,XGBoost,rolling_mean_7,3.417766945702689,-0.61584675,0.61584675,NEGATIVE,3,The recent seven-day demand average (3.417766945702689) decreased the forecast by 0.616 units relative to the model baseline.
6387C78F-3F12-5BF6-AC2A-D08B30C156F3,2016-04-02,SAMPLE_ITEM_001,SAMPLE_TX_1,XGBoost,lag_1,4.224634170532227,-0.39424330,0.39424330,NEGATIVE,4,Yesterday's demand (4.224634170532227) decreased the forecast by 0.394 units relative to the model baseline.
6387C78F-3F12-5BF6-AC2A-D08B30C156F3,2016-04-02,SAMPLE_ITEM_001,SAMPLE_TX_1,XGBoost,current_stock,76.0,-0.38464579,0.38464579,NEGATIVE,5,Current stock (76.0) decreased the forecast by 0.385 units relative to the model baseline.
2A0AD5E1-AAC7-5E6A-9061-800EFCC5B493,2016-04-03,SAMPLE_ITEM_001,SAMPLE_TX_1,XGBoost,days_of_supply,21.836988826090032,-0.97513926,0.97513926,NEGATIVE,1,Days of supply (21.836988826090032) decreased the forecast by 0.975 units relative to the model baseline.
2A0AD5E1-AAC7-5E6A-9061-800EFCC5B493,2016-04-03,SAMPLE_ITEM_001,SAMPLE_TX_1,XGBoost,day_of_month,3,0.65626723,0.65626723,POSITIVE,2,Day of month (3) increased the forecast by 0.656 units relative to the model baseline.
2A0AD5E1-AAC7-5E6A-9061-800EFCC5B493,2016-04-03,SAMPLE_ITEM_001,SAMPLE_TX_1,XGBoost,current_stock,76.0,-0.40986419,0.40986419,NEGATIVE,3,Current stock (76.0) decreased the forecast by 0.410 units relative to the model baseline.
2A0AD5E1-AAC7-5E6A-9061-800EFCC5B493,2016-04-03,SAMPLE_ITEM_001,SAMPLE_TX_1,XGBoost,rolling_mean_7,3.4803333282470703,-0.40150857,0.40150857,NEGATIVE,4,The recent seven-day demand average (3.4803333282470703) decreased the forecast by 0.402 units relative to the model baseline.
2A0AD5E1-AAC7-5E6A-9061-800EFCC5B493,2016-04-03,SAMPLE_ITEM_001,SAMPLE_TX_1,XGBoost,day_of_week,6,0.36539716,0.36539716,POSITIVE,5,The day of week (6) increased the forecast by 0.365 units relative to the model baseline.
D345433E-C543-57FB-9B2C-0D5C368F6AF0,2016-04-04,SAMPLE_ITEM_001,SAMPLE_TX_1,XGBoost,days_of_supply,20.81511223396041,-1.13442731,1.13442731,NEGATIVE,1,Days of supply (20.81511223396041) decreased the forecast by 1.134 units relative to the model baseline.
D345433E-C543-57FB-9B2C-0D5C368F6AF0,2016-04-04,SAMPLE_ITEM_001,SAMPLE_TX_1,XGBoost,day_of_month,4,0.72762334,0.72762334,POSITIVE,2,Day of month (4) increased the forecast by 0.728 units relative to the model baseline.
D345433E-C543-57FB-9B2C-0D5C368F6AF0,2016-04-04,SAMPLE_ITEM_001,SAMPLE_TX_1,XGBoost,rolling_mean_7,3.651193380355835,-0.52513927,0.52513927,NEGATIVE,3,The recent seven-day demand average (3.651193380355835) decreased the forecast by 0.525 units relative to the model baseline.
D345433E-C543-57FB-9B2C-0D5C368F6AF0,2016-04-04,SAMPLE_ITEM_001,SAMPLE_TX_1,XGBoost,lag_1,4.904086112976074,-0.43679571,0.43679571,NEGATIVE,4,Yesterday's demand (4.904086112976074) decreased the forecast by 0.437 units relative to the model baseline.
D345433E-C543-57FB-9B2C-0D5C368F6AF0,2016-04-04,SAMPLE_ITEM_001,SAMPLE_TX_1,XGBoost,current_stock,76.0,-0.40931168,0.40931168,NEGATIVE,5,Current stock (76.0) decreased the forecast by 0.409 units relative to the model baseline.
AE6F670E-7B12-5BBD-82B2-094CF8EA5D33,2016-04-05,SAMPLE_ITEM_001,SAMPLE_TX_1,XGBoost,days_of_supply,20.376066605310566,-1.09746873,1.09746873,NEGATIVE,1,Days of supply (20.376066605310566) decreased the forecast by 1.097 units relative to the model baseline.
AE6F670E-7B12-5BBD-82B2-094CF8EA5D33,2016-04-05,SAMPLE_ITEM_001,SAMPLE_TX_1,XGBoost,day_of_month,5,0.71215171,0.71215171,POSITIVE,2,Day of month (5) increased the forecast by 0.712 units relative to the model baseline.
AE6F670E-7B12-5BBD-82B2-094CF8EA5D33,2016-04-05,SAMPLE_ITEM_001,SAMPLE_TX_1,XGBoost,rolling_mean_7,3.729866095951625,-0.45999837,0.45999837,NEGATIVE,3,The recent seven-day demand average (3.729866095951625) decreased the forecast by 0.460 units relative to the model baseline.
AE6F670E-7B12-5BBD-82B2-094CF8EA5D33,2016-04-05,SAMPLE_ITEM_001,SAMPLE_TX_1,XGBoost,current_stock,76.0,-0.32911271,0.32911271,NEGATIVE,4,Current stock (76.0) decreased the forecast by 0.329 units relative to the model baseline.
AE6F670E-7B12-5BBD-82B2-094CF8EA5D33,2016-04-05,SAMPLE_ITEM_001,SAMPLE_TX_1,XGBoost,lag_1,3.6959078311920166,0.17285965,0.17285965,POSITIVE,5,Yesterday's demand (3.6959078311920166) increased the forecast by 0.173 units relative to the model baseline.
B9E9EA35-6031-500E-817E-BD1405CA8B66,2016-04-06,SAMPLE_ITEM_001,SAMPLE_TX_1,XGBoost,days_of_supply,19.414511570671653,-1.15565538,1.15565538,NEGATIVE,1,Days of supply (19.414511570671653) decreased the forecast by 1.156 units relative to the model baseline.
B9E9EA35-6031-500E-817E-BD1405CA8B66,2016-04-06,SAMPLE_ITEM_001,SAMPLE_TX_1,XGBoost,day_of_month,6,0.77740210,0.77740210,POSITIVE,2,Day of month (6) increased the forecast by 0.777 units relative to the model baseline.
B9E9EA35-6031-500E-817E-BD1405CA8B66,2016-04-06,SAMPLE_ITEM_001,SAMPLE_TX_1,XGBoost,rolling_mean_7,3.914597579411098,-0.70980012,0.70980012,NEGATIVE,3,The recent seven-day demand average (3.914597579411098) decreased the forecast by 0.710 units relative to the model baseline.
B9E9EA35-6031-500E-817E-BD1405CA8B66,2016-04-06,SAMPLE_ITEM_001,SAMPLE_TX_1,XGBoost,current_stock,76.0,-0.41426638,0.41426638,NEGATIVE,4,Current stock (76.0) decreased the forecast by 0.414 units relative to the model baseline.
B9E9EA35-6031-500E-817E-BD1405CA8B66,2016-04-06,SAMPLE_ITEM_001,SAMPLE_TX_1,XGBoost,lag_1,4.297216415405273,-0.41377786,0.41377786,NEGATIVE,5,Yesterday's demand (4.297216415405273) decreased the forecast by 0.414 units relative to the model baseline.
5A9262CB-7EDC-5E26-A720-B9DE0A37DB90,2016-04-07,SAMPLE_ITEM_001,SAMPLE_TX_1,XGBoost,days_of_supply,19.077800340646895,-1.11840487,1.11840487,NEGATIVE,1,Days of supply (19.077800340646895) decreased the forecast by 1.118 units relative to the model baseline.
5A9262CB-7EDC-5E26-A720-B9DE0A37DB90,2016-04-07,SAMPLE_ITEM_001,SAMPLE_TX_1,XGBoost,day_of_month,7,0.72437268,0.72437268,POSITIVE,2,Day of month (7) increased the forecast by 0.724 units relative to the model baseline.
5A9262CB-7EDC-5E26-A720-B9DE0A37DB90,2016-04-07,SAMPLE_ITEM_001,SAMPLE_TX_1,XGBoost,rolling_mean_7,3.983687775475638,-0.54774064,0.54774064,NEGATIVE,3,The recent seven-day demand average (3.983687775475638) decreased the forecast by 0.548 units relative to the model baseline.
5A9262CB-7EDC-5E26-A720-B9DE0A37DB90,2016-04-07,SAMPLE_ITEM_001,SAMPLE_TX_1,XGBoost,current_stock,76.0,-0.33639678,0.33639678,NEGATIVE,4,Current stock (76.0) decreased the forecast by 0.336 units relative to the model baseline.
5A9262CB-7EDC-5E26-A720-B9DE0A37DB90,2016-04-07,SAMPLE_ITEM_001,SAMPLE_TX_1,XGBoost,lag_1,3.2769057750701904,0.24537733,0.24537733,POSITIVE,5,Yesterday's demand (3.2769057750701904) increased the forecast by 0.245 units relative to the model baseline.
D1D882A7-5FA7-5964-AC9F-F5284EA7B06C,2016-04-08,SAMPLE_ITEM_001,SAMPLE_TX_1,XGBoost,days_of_supply,18.907499519002076,-1.15551400,1.15551400,NEGATIVE,1,Days of supply (18.907499519002076) decreased the forecast by 1.156 units relative to the model baseline.
D1D882A7-5FA7-5964-AC9F-F5284EA7B06C,2016-04-08,SAMPLE_ITEM_001,SAMPLE_TX_1,XGBoost,day_of_month,8,0.79906774,0.79906774,POSITIVE,2,Day of month (8) increased the forecast by 0.799 units relative to the model baseline.
D1D882A7-5FA7-5964-AC9F-F5284EA7B06C,2016-04-08,SAMPLE_ITEM_001,SAMPLE_TX_1,XGBoost,rolling_mean_7,4.019569056374686,-0.71535295,0.71535295,NEGATIVE,3,The recent seven-day demand average (4.019569056374686) decreased the forecast by 0.715 units relative to the model baseline.
D1D882A7-5FA7-5964-AC9F-F5284EA7B06C,2016-04-08,SAMPLE_ITEM_001,SAMPLE_TX_1,XGBoost,current_stock,76.0,-0.41659576,0.41659576,NEGATIVE,4,Current stock (76.0) decreased the forecast by 0.417 units relative to the model baseline.
D1D882A7-5FA7-5964-AC9F-F5284EA7B06C,2016-04-08,SAMPLE_ITEM_001,SAMPLE_TX_1,XGBoost,lag_1,4.127000331878662,-0.38492912,0.38492912,NEGATIVE,5,Yesterday's demand (4.127000331878662) decreased the forecast by 0.385 units relative to the model baseline.
6FEC9856-E9B8-54C3-AD69-C1A849C5D15B,2016-04-09,SAMPLE_ITEM_001,SAMPLE_TX_1,XGBoost,days_of_supply,19.41062110637309,-1.12202847,1.12202847,NEGATIVE,1,Days of supply (19.41062110637309) decreased the forecast by 1.122 units relative to the model baseline.
6FEC9856-E9B8-54C3-AD69-C1A849C5D15B,2016-04-09,SAMPLE_ITEM_001,SAMPLE_TX_1,XGBoost,day_of_month,9,0.72230631,0.72230631,POSITIVE,2,Day of month (9) increased the forecast by 0.722 units relative to the model baseline.
6FEC9856-E9B8-54C3-AD69-C1A849C5D15B,2016-04-09,SAMPLE_ITEM_001,SAMPLE_TX_1,XGBoost,rolling_mean_7,3.9153821808951244,-0.55407947,0.55407947,NEGATIVE,3,The recent seven-day demand average (3.9153821808951244) decreased the forecast by 0.554 units relative to the model baseline.
6FEC9856-E9B8-54C3-AD69-C1A849C5D15B,2016-04-09,SAMPLE_ITEM_001,SAMPLE_TX_1,XGBoost,current_stock,76.0,-0.33015913,0.33015913,NEGATIVE,4,Current stock (76.0) decreased the forecast by 0.330 units relative to the model baseline.
6FEC9856-E9B8-54C3-AD69-C1A849C5D15B,2016-04-09,SAMPLE_ITEM_001,SAMPLE_TX_1,XGBoost,lag_1,3.495326042175293,0.28722405,0.28722405,POSITIVE,5,Yesterday's demand (3.495326042175293) increased the forecast by 0.287 units relative to the model baseline.
4705B35F-C0B6-52F5-A880-B64A48639502,2016-04-10,SAMPLE_ITEM_001,SAMPLE_TX_1,XGBoost,days_of_supply,18.927083021433155,-0.99054706,0.99054706,NEGATIVE,1,Days of supply (18.927083021433155) decreased the forecast by 0.991 units relative to the model baseline.
4705B35F-C0B6-52F5-A880-B64A48639502,2016-04-10,SAMPLE_ITEM_001,SAMPLE_TX_1,XGBoost,day_of_month,10,0.71619684,0.71619684,POSITIVE,2,Day of month (10) increased the forecast by 0.716 units relative to the model baseline.
4705B35F-C0B6-52F5-A880-B64A48639502,2016-04-10,SAMPLE_ITEM_001,SAMPLE_TX_1,XGBoost,rolling_mean_7,4.015410082680838,-0.63368398,0.63368398,NEGATIVE,3,The recent seven-day demand average (4.015410082680838) decreased the forecast by 0.634 units relative to the model baseline.
4705B35F-C0B6-52F5-A880-B64A48639502,2016-04-10,SAMPLE_ITEM_001,SAMPLE_TX_1,XGBoost,current_stock,76.0,-0.42381179,0.42381179,NEGATIVE,4,Current stock (76.0) decreased the forecast by 0.424 units relative to the model baseline.
4705B35F-C0B6-52F5-A880-B64A48639502,2016-04-10,SAMPLE_ITEM_001,SAMPLE_TX_1,XGBoost,day_of_week,6,0.36441493,0.36441493,POSITIVE,5,The day of week (6) increased the forecast by 0.364 units relative to the model baseline.
1481A9B0-664B-57B1-B172-1B4DE9067962,2016-04-11,SAMPLE_ITEM_001,SAMPLE_TX_1,XGBoost,days_of_supply,19.389200174996986,-1.09901834,1.09901834,NEGATIVE,1,Days of supply (19.389200174996986) decreased the forecast by 1.099 units relative to the model baseline.
1481A9B0-664B-57B1-B172-1B4DE9067962,2016-04-11,SAMPLE_ITEM_001,SAMPLE_TX_1,XGBoost,day_of_month,11,0.72211647,0.72211647,POSITIVE,2,Day of month (11) increased the forecast by 0.722 units relative to the model baseline.
1481A9B0-664B-57B1-B172-1B4DE9067962,2016-04-11,SAMPLE_ITEM_001,SAMPLE_TX_1,XGBoost,rolling_mean_7,3.9197078432355608,-0.58838743,0.58838743,NEGATIVE,3,The recent seven-day demand average (3.9197078432355608) decreased the forecast by 0.588 units relative to the model baseline.
1481A9B0-664B-57B1-B172-1B4DE9067962,2016-04-11,SAMPLE_ITEM_001,SAMPLE_TX_1,XGBoost,lag_1,4.234170436859131,-0.39560607,0.39560607,NEGATIVE,4,Yesterday's demand (4.234170436859131) decreased the forecast by 0.396 units relative to the model baseline.
1481A9B0-664B-57B1-B172-1B4DE9067962,2016-04-11,SAMPLE_ITEM_001,SAMPLE_TX_1,XGBoost,current_stock,76.0,-0.36877257,0.36877257,NEGATIVE,5,Current stock (76.0) decreased the forecast by 0.369 units relative to the model baseline.
FC309CA1-83C2-5687-B9E5-E1D96977ECDD,2016-04-12,SAMPLE_ITEM_001,SAMPLE_TX_1,XGBoost,days_of_supply,19.317347568399132,-1.06124699,1.06124699,NEGATIVE,1,Days of supply (19.317347568399132) decreased the forecast by 1.061 units relative to the model baseline.
FC309CA1-83C2-5687-B9E5-E1D96977ECDD,2016-04-12,SAMPLE_ITEM_001,SAMPLE_TX_1,XGBoost,day_of_month,12,0.72712386,0.72712386,POSITIVE,2,Day of month (12) increased the forecast by 0.727 units relative to the model baseline.
FC309CA1-83C2-5687-B9E5-E1D96977ECDD,2016-04-12,SAMPLE_ITEM_001,SAMPLE_TX_1,XGBoost,rolling_mean_7,3.9342875480651855,-0.52378553,0.52378553,NEGATIVE,3,The recent seven-day demand average (3.9342875480651855) decreased the forecast by 0.524 units relative to the model baseline.
FC309CA1-83C2-5687-B9E5-E1D96977ECDD,2016-04-12,SAMPLE_ITEM_001,SAMPLE_TX_1,XGBoost,current_stock,76.0,-0.30442801,0.30442801,NEGATIVE,4,Current stock (76.0) decreased the forecast by 0.304 units relative to the model baseline.
FC309CA1-83C2-5687-B9E5-E1D96977ECDD,2016-04-12,SAMPLE_ITEM_001,SAMPLE_TX_1,XGBoost,lag_1,3.7979657649993896,0.14898744,0.14898744,POSITIVE,5,Yesterday's demand (3.7979657649993896) increased the forecast by 0.149 units relative to the model baseline.
B04F258B-9D2D-5FAE-A3D4-433DB6CD07FC,2016-04-13,SAMPLE_ITEM_001,SAMPLE_TX_1,XGBoost,days_of_supply,19.255915311207826,-1.10796094,1.10796094,NEGATIVE,1,Days of supply (19.255915311207826) decreased the forecast by 1.108 units relative to the model baseline.
B04F258B-9D2D-5FAE-A3D4-433DB6CD07FC,2016-04-13,SAMPLE_ITEM_001,SAMPLE_TX_1,XGBoost,day_of_month,13,0.77985823,0.77985823,POSITIVE,2,Day of month (13) increased the forecast by 0.780 units relative to the model baseline.
B04F258B-9D2D-5FAE-A3D4-433DB6CD07FC,2016-04-13,SAMPLE_ITEM_001,SAMPLE_TX_1,XGBoost,rolling_mean_7,3.9468391282217845,-0.59701878,0.59701878,NEGATIVE,3,The recent seven-day demand average (3.9468391282217845) decreased the forecast by 0.597 units relative to the model baseline.
B04F258B-9D2D-5FAE-A3D4-433DB6CD07FC,2016-04-13,SAMPLE_ITEM_001,SAMPLE_TX_1,XGBoost,lag_1,4.385077476501465,-0.40218064,0.40218064,NEGATIVE,4,Yesterday's demand (4.385077476501465) decreased the forecast by 0.402 units relative to the model baseline.
B04F258B-9D2D-5FAE-A3D4-433DB6CD07FC,2016-04-13,SAMPLE_ITEM_001,SAMPLE_TX_1,XGBoost,current_stock,76.0,-0.37307668,0.37307668,NEGATIVE,5,Current stock (76.0) decreased the forecast by 0.373 units relative to the model baseline.
45F10340-5E1C-5113-8A2C-89EDF0C80BB2,2016-04-14,SAMPLE_ITEM_001,SAMPLE_TX_1,XGBoost,days_of_supply,19.177795218763134,-1.08111322,1.08111322,NEGATIVE,1,Days of supply (19.177795218763134) decreased the forecast by 1.081 units relative to the model baseline.
45F10340-5E1C-5113-8A2C-89EDF0C80BB2,2016-04-14,SAMPLE_ITEM_001,SAMPLE_TX_1,XGBoost,day_of_month,14,0.73695582,0.73695582,POSITIVE,2,Day of month (14) increased the forecast by 0.737 units relative to the model baseline.
45F10340-5E1C-5113-8A2C-89EDF0C80BB2,2016-04-14,SAMPLE_ITEM_001,SAMPLE_TX_1,XGBoost,rolling_mean_7,3.962916442326137,-0.53570217,0.53570217,NEGATIVE,3,The recent seven-day demand average (3.962916442326137) decreased the forecast by 0.536 units relative to the model baseline.
45F10340-5E1C-5113-8A2C-89EDF0C80BB2,2016-04-14,SAMPLE_ITEM_001,SAMPLE_TX_1,XGBoost,current_stock,76.0,-0.31171209,0.31171209,NEGATIVE,4,Current stock (76.0) decreased the forecast by 0.312 units relative to the model baseline.
45F10340-5E1C-5113-8A2C-89EDF0C80BB2,2016-04-14,SAMPLE_ITEM_001,SAMPLE_TX_1,XGBoost,lag_1,3.389446973800659,0.21608764,0.21608764,POSITIVE,5,Yesterday's demand (3.389446973800659) increased the forecast by 0.216 units relative to the model baseline.
3219E895-D5B2-5A2D-B277-B4FD3361A6AF,2016-04-15,SAMPLE_ITEM_001,SAMPLE_TX_1,XGBoost,days_of_supply,19.02942288539428,-1.12111783,1.12111783,NEGATIVE,1,Days of supply (19.02942288539428) decreased the forecast by 1.121 units relative to the model baseline.
3219E895-D5B2-5A2D-B277-B4FD3361A6AF,2016-04-15,SAMPLE_ITEM_001,SAMPLE_TX_1,XGBoost,day_of_month,15,0.78630602,0.78630602,POSITIVE,2,Day of month (15) increased the forecast by 0.786 units relative to the model baseline.
3219E895-D5B2-5A2D-B277-B4FD3361A6AF,2016-04-15,SAMPLE_ITEM_001,SAMPLE_TX_1,XGBoost,rolling_mean_7,3.9938152858189175,-0.65808219,0.65808219,NEGATIVE,3,The recent seven-day demand average (3.9938152858189175) decreased the forecast by 0.658 units relative to the model baseline.
3219E895-D5B2-5A2D-B277-B4FD3361A6AF,2016-04-15,SAMPLE_ITEM_001,SAMPLE_TX_1,XGBoost,current_stock,76.0,-0.37605664,0.37605664,NEGATIVE,4,Current stock (76.0) decreased the forecast by 0.376 units relative to the model baseline.
3219E895-D5B2-5A2D-B277-B4FD3361A6AF,2016-04-15,SAMPLE_ITEM_001,SAMPLE_TX_1,XGBoost,lag_1,4.343292236328125,-0.32911557,0.32911557,NEGATIVE,5,Yesterday's demand (4.343292236328125) decreased the forecast by 0.329 units relative to the model baseline.
B6218248-1F35-5119-B1A9-9D8AB4D69BC9,2016-04-16,SAMPLE_ITEM_001,SAMPLE_TX_1,XGBoost,days_of_supply,18.838916099055783,-1.11834872,1.11834872,NEGATIVE,1,Days of supply (18.838916099055783) decreased the forecast by 1.118 units relative to the model baseline.
B6218248-1F35-5119-B1A9-9D8AB4D69BC9,2016-04-16,SAMPLE_ITEM_001,SAMPLE_TX_1,XGBoost,rolling_mean_7,4.034202371324811,-0.58820331,0.58820331,NEGATIVE,2,The recent seven-day demand average (4.034202371324811) decreased the forecast by 0.588 units relative to the model baseline.
B6218248-1F35-5119-B1A9-9D8AB4D69BC9,2016-04-16,SAMPLE_ITEM_001,SAMPLE_TX_1,XGBoost,current_stock,76.0,-0.31103730,0.31103730,NEGATIVE,3,Current stock (76.0) decreased the forecast by 0.311 units relative to the model baseline.
B6218248-1F35-5119-B1A9-9D8AB4D69BC9,2016-04-16,SAMPLE_ITEM_001,SAMPLE_TX_1,XGBoost,lag_1,3.7780356407165527,0.29594114,0.29594114,POSITIVE,4,Yesterday's demand (3.7780356407165527) increased the forecast by 0.296 units relative to the model baseline.
B6218248-1F35-5119-B1A9-9D8AB4D69BC9,2016-04-16,SAMPLE_ITEM_001,SAMPLE_TX_1,XGBoost,price_change_percentage,0.0,0.16090594,0.16090594,POSITIVE,5,Price change percentage (0.0) increased the forecast by 0.161 units relative to the model baseline.
AB0400AA-BF15-5607-8796-7A1982E3FA88,2016-04-17,SAMPLE_ITEM_001,SAMPLE_TX_1,XGBoost,days_of_supply,19.123985382919894,-0.90161580,0.90161580,NEGATIVE,1,Days of supply (19.123985382919894) decreased the forecast by 0.902 units relative to the model baseline.
AB0400AA-BF15-5607-8796-7A1982E3FA88,2016-04-17,SAMPLE_ITEM_001,SAMPLE_TX_1,XGBoost,day_of_week,6,0.44928619,0.44928619,POSITIVE,2,The day of week (6) increased the forecast by 0.449 units relative to the model baseline.
AB0400AA-BF15-5607-8796-7A1982E3FA88,2016-04-17,SAMPLE_ITEM_001,SAMPLE_TX_1,XGBoost,rolling_mean_7,3.974067040852138,-0.41264087,0.41264087,NEGATIVE,3,The recent seven-day demand average (3.974067040852138) decreased the forecast by 0.413 units relative to the model baseline.
AB0400AA-BF15-5607-8796-7A1982E3FA88,2016-04-17,SAMPLE_ITEM_001,SAMPLE_TX_1,XGBoost,current_stock,76.0,-0.39517173,0.39517173,NEGATIVE,4,Current stock (76.0) decreased the forecast by 0.395 units relative to the model baseline.
AB0400AA-BF15-5607-8796-7A1982E3FA88,2016-04-17,SAMPLE_ITEM_001,SAMPLE_TX_1,XGBoost,lag_1,3.8904807567596436,0.31726024,0.31726024,POSITIVE,5,Yesterday's demand (3.8904807567596436) increased the forecast by 0.317 units relative to the model baseline.
75A3272F-1C66-5C7B-93C3-E93381EBBDE6,2016-04-18,SAMPLE_ITEM_001,SAMPLE_TX_1,XGBoost,days_of_supply,18.912803883420725,-1.07898104,1.07898104,NEGATIVE,1,Days of supply (18.912803883420725) decreased the forecast by 1.079 units relative to the model baseline.
75A3272F-1C66-5C7B-93C3-E93381EBBDE6,2016-04-18,SAMPLE_ITEM_001,SAMPLE_TX_1,XGBoost,rolling_mean_7,4.018441711153303,-0.50863409,0.50863409,NEGATIVE,2,The recent seven-day demand average (4.018441711153303) decreased the forecast by 0.509 units relative to the model baseline.
75A3272F-1C66-5C7B-93C3-E93381EBBDE6,2016-04-18,SAMPLE_ITEM_001,SAMPLE_TX_1,XGBoost,lag_1,4.544793128967285,-0.44069508,0.44069508,NEGATIVE,3,Yesterday's demand (4.544793128967285) decreased the forecast by 0.441 units relative to the model baseline.
75A3272F-1C66-5C7B-93C3-E93381EBBDE6,2016-04-18,SAMPLE_ITEM_001,SAMPLE_TX_1,XGBoost,current_stock,76.0,-0.37876475,0.37876475,NEGATIVE,4,Current stock (76.0) decreased the forecast by 0.379 units relative to the model baseline.
75A3272F-1C66-5C7B-93C3-E93381EBBDE6,2016-04-18,SAMPLE_ITEM_001,SAMPLE_TX_1,XGBoost,price_change_percentage,0.0,0.16951221,0.16951221,POSITIVE,5,Price change percentage (0.0) increased the forecast by 0.170 units relative to the model baseline.
4E4763DD-532E-50C9-BDC5-F1DD5476DB97,2016-04-19,SAMPLE_ITEM_001,SAMPLE_TX_1,XGBoost,days_of_supply,19.354218055954053,-1.07302129,1.07302129,NEGATIVE,1,Days of supply (19.354218055954053) decreased the forecast by 1.073 units relative to the model baseline.
4E4763DD-532E-50C9-BDC5-F1DD5476DB97,2016-04-19,SAMPLE_ITEM_001,SAMPLE_TX_1,XGBoost,rolling_mean_7,3.9267925875527516,-0.50328314,0.50328314,NEGATIVE,2,The recent seven-day demand average (3.9267925875527516) decreased the forecast by 0.503 units relative to the model baseline.
4E4763DD-532E-50C9-BDC5-F1DD5476DB97,2016-04-19,SAMPLE_ITEM_001,SAMPLE_TX_1,XGBoost,current_stock,76.0,-0.31442019,0.31442019,NEGATIVE,3,Current stock (76.0) decreased the forecast by 0.314 units relative to the model baseline.
4E4763DD-532E-50C9-BDC5-F1DD5476DB97,2016-04-19,SAMPLE_ITEM_001,SAMPLE_TX_1,XGBoost,day_of_month,19,-0.15769048,0.15769048,NEGATIVE,4,Day of month (19) decreased the forecast by 0.158 units relative to the model baseline.
4E4763DD-532E-50C9-BDC5-F1DD5476DB97,2016-04-19,SAMPLE_ITEM_001,SAMPLE_TX_1,XGBoost,price_change_percentage,0.0,0.15605575,0.15605575,POSITIVE,5,Price change percentage (0.0) increased the forecast by 0.156 units relative to the model baseline.
0B1BA7B0-A538-50CC-A39D-AE5E58351461,2016-04-20,SAMPLE_ITEM_001,SAMPLE_TX_1,XGBoost,days_of_supply,20.05263459327338,-1.08670449,1.08670449,NEGATIVE,1,Days of supply (20.05263459327338) decreased the forecast by 1.087 units relative to the model baseline.
0B1BA7B0-A538-50CC-A39D-AE5E58351461,2016-04-20,SAMPLE_ITEM_001,SAMPLE_TX_1,XGBoost,rolling_mean_7,3.790025676999773,-0.42043784,0.42043784,NEGATIVE,2,The recent seven-day demand average (3.790025676999773) decreased the forecast by 0.420 units relative to the model baseline.
0B1BA7B0-A538-50CC-A39D-AE5E58351461,2016-04-20,SAMPLE_ITEM_001,SAMPLE_TX_1,XGBoost,current_stock,76.0,-0.32034621,0.32034621,NEGATIVE,3,Current stock (76.0) decreased the forecast by 0.320 units relative to the model baseline.
0B1BA7B0-A538-50CC-A39D-AE5E58351461,2016-04-20,SAMPLE_ITEM_001,SAMPLE_TX_1,XGBoost,lag_1,3.4277091026306152,0.19226097,0.19226097,POSITIVE,4,Yesterday's demand (3.4277091026306152) increased the forecast by 0.192 units relative to the model baseline.
0B1BA7B0-A538-50CC-A39D-AE5E58351461,2016-04-20,SAMPLE_ITEM_001,SAMPLE_TX_1,XGBoost,day_of_month,20,-0.17365019,0.17365019,NEGATIVE,5,Day of month (20) decreased the forecast by 0.174 units relative to the model baseline.
558E7E01-028D-5F6D-BCEF-80B8A99EDC03,2016-04-21,SAMPLE_ITEM_001,SAMPLE_TX_1,XGBoost,days_of_supply,19.953084559447372,-1.09420037,1.09420037,NEGATIVE,1,Days of supply (19.953084559447372) decreased the forecast by 1.094 units relative to the model baseline.
558E7E01-028D-5F6D-BCEF-80B8A99EDC03,2016-04-21,SAMPLE_ITEM_001,SAMPLE_TX_1,XGBoost,day_of_month,21,-0.52754194,0.52754194,NEGATIVE,2,Day of month (21) decreased the forecast by 0.528 units relative to the model baseline.
558E7E01-028D-5F6D-BCEF-80B8A99EDC03,2016-04-21,SAMPLE_ITEM_001,SAMPLE_TX_1,XGBoost,rolling_mean_7,3.808934892926897,-0.43140060,0.43140060,NEGATIVE,3,The recent seven-day demand average (3.808934892926897) decreased the forecast by 0.431 units relative to the model baseline.
558E7E01-028D-5F6D-BCEF-80B8A99EDC03,2016-04-21,SAMPLE_ITEM_001,SAMPLE_TX_1,XGBoost,current_stock,76.0,-0.32368842,0.32368842,NEGATIVE,4,Current stock (76.0) decreased the forecast by 0.324 units relative to the model baseline.
558E7E01-028D-5F6D-BCEF-80B8A99EDC03,2016-04-21,SAMPLE_ITEM_001,SAMPLE_TX_1,XGBoost,day_of_week,3,-0.17915168,0.17915168,NEGATIVE,5,The day of week (3) decreased the forecast by 0.179 units relative to the model baseline.
8AFEDC9F-E375-5A27-A53D-32C59E9780D1,2016-04-22,SAMPLE_ITEM_001,SAMPLE_TX_1,XGBoost,days_of_supply,20.92883736714618,-1.09107995,1.09107995,NEGATIVE,1,Days of supply (20.92883736714618) decreased the forecast by 1.091 units relative to the model baseline.
8AFEDC9F-E375-5A27-A53D-32C59E9780D1,2016-04-22,SAMPLE_ITEM_001,SAMPLE_TX_1,XGBoost,day_of_month,22,-0.52553982,0.52553982,NEGATIVE,2,Day of month (22) decreased the forecast by 0.526 units relative to the model baseline.
8AFEDC9F-E375-5A27-A53D-32C59E9780D1,2016-04-22,SAMPLE_ITEM_001,SAMPLE_TX_1,XGBoost,rolling_mean_7,3.6313531739371165,-0.42391697,0.42391697,NEGATIVE,3,The recent seven-day demand average (3.6313531739371165) decreased the forecast by 0.424 units relative to the model baseline.
8AFEDC9F-E375-5A27-A53D-32C59E9780D1,2016-04-22,SAMPLE_ITEM_001,SAMPLE_TX_1,XGBoost,current_stock,76.0,-0.32368842,0.32368842,NEGATIVE,4,Current stock (76.0) decreased the forecast by 0.324 units relative to the model baseline.
8AFEDC9F-E375-5A27-A53D-32C59E9780D1,2016-04-22,SAMPLE_ITEM_001,SAMPLE_TX_1,XGBoost,lag_1,3.100220203399658,0.19233082,0.19233082,POSITIVE,5,Yesterday's demand (3.100220203399658) increased the forecast by 0.192 units relative to the model baseline.
58CFB674-3791-5EDE-9AF6-D74979235F21,2016-04-23,SAMPLE_ITEM_001,SAMPLE_TX_1,XGBoost,days_of_supply,21.37331850099031,-1.09868801,1.09868801,NEGATIVE,1,Days of supply (21.37331850099031) decreased the forecast by 1.099 units relative to the model baseline.
58CFB674-3791-5EDE-9AF6-D74979235F21,2016-04-23,SAMPLE_ITEM_001,SAMPLE_TX_1,XGBoost,day_of_month,23,-0.52309942,0.52309942,NEGATIVE,2,Day of month (23) decreased the forecast by 0.523 units relative to the model baseline.
58CFB674-3791-5EDE-9AF6-D74979235F21,2016-04-23,SAMPLE_ITEM_001,SAMPLE_TX_1,XGBoost,rolling_mean_7,3.555835281099592,-0.42634392,0.42634392,NEGATIVE,3,The recent seven-day demand average (3.555835281099592) decreased the forecast by 0.426 units relative to the model baseline.
58CFB674-3791-5EDE-9AF6-D74979235F21,2016-04-23,SAMPLE_ITEM_001,SAMPLE_TX_1,XGBoost,current_stock,76.0,-0.31745082,0.31745082,NEGATIVE,4,Current stock (76.0) decreased the forecast by 0.317 units relative to the model baseline.
58CFB674-3791-5EDE-9AF6-D74979235F21,2016-04-23,SAMPLE_ITEM_001,SAMPLE_TX_1,XGBoost,lag_1,3.249410390853882,0.20405118,0.20405118,POSITIVE,5,Yesterday's demand (3.249410390853882) increased the forecast by 0.204 units relative to the model baseline.
2DA33039-F7DC-55ED-83D2-084B414A27A9,2016-04-24,SAMPLE_ITEM_001,SAMPLE_TX_1,XGBoost,days_of_supply,21.906515831736865,-0.93474013,0.93474013,NEGATIVE,1,Days of supply (21.906515831736865) decreased the forecast by 0.935 units relative to the model baseline.
2DA33039-F7DC-55ED-83D2-084B414A27A9,2016-04-24,SAMPLE_ITEM_001,SAMPLE_TX_1,XGBoost,day_of_month,24,-0.52651334,0.52651334,NEGATIVE,2,Day of month (24) decreased the forecast by 0.527 units relative to the model baseline.
2DA33039-F7DC-55ED-83D2-084B414A27A9,2016-04-24,SAMPLE_ITEM_001,SAMPLE_TX_1,XGBoost,day_of_week,6,0.43991083,0.43991083,POSITIVE,3,The day of week (6) increased the forecast by 0.440 units relative to the model baseline.
2DA33039-F7DC-55ED-83D2-084B414A27A9,2016-04-24,SAMPLE_ITEM_001,SAMPLE_TX_1,XGBoost,current_stock,76.0,-0.39715588,0.39715588,NEGATIVE,4,Current stock (76.0) decreased the forecast by 0.397 units relative to the model baseline.
2DA33039-F7DC-55ED-83D2-084B414A27A9,2016-04-24,SAMPLE_ITEM_001,SAMPLE_TX_1,XGBoost,rolling_mean_7,3.469287429537092,-0.36312670,0.36312670,NEGATIVE,5,The recent seven-day demand average (3.469287429537092) decreased the forecast by 0.363 units relative to the model baseline.
A42DC6DE-8FAE-52A7-A0C0-68307F973F6E,2016-04-25,SAMPLE_ITEM_001,SAMPLE_TX_1,XGBoost,days_of_supply,22.512739160741866,-1.10455382,1.10455382,NEGATIVE,1,Days of supply (22.512739160741866) decreased the forecast by 1.105 units relative to the model baseline.
A42DC6DE-8FAE-52A7-A0C0-68307F973F6E,2016-04-25,SAMPLE_ITEM_001,SAMPLE_TX_1,XGBoost,day_of_month,25,-0.51579064,0.51579064,NEGATIVE,2,Day of month (25) decreased the forecast by 0.516 units relative to the model baseline.
A42DC6DE-8FAE-52A7-A0C0-68307F973F6E,2016-04-25,SAMPLE_ITEM_001,SAMPLE_TX_1,XGBoost,rolling_mean_7,3.375866413116455,-0.37002969,0.37002969,NEGATIVE,3,The recent seven-day demand average (3.375866413116455) decreased the forecast by 0.370 units relative to the model baseline.
A42DC6DE-8FAE-52A7-A0C0-68307F973F6E,2016-04-25,SAMPLE_ITEM_001,SAMPLE_TX_1,XGBoost,current_stock,76.0,-0.34108910,0.34108910,NEGATIVE,4,Current stock (76.0) decreased the forecast by 0.341 units relative to the model baseline.
A42DC6DE-8FAE-52A7-A0C0-68307F973F6E,2016-04-25,SAMPLE_ITEM_001,SAMPLE_TX_1,XGBoost,price_change_percentage,0.0,0.16579670,0.16579670,POSITIVE,5,Price change percentage (0.0) increased the forecast by 0.166 units relative to the model baseline.
2248C462-CA74-55E4-A8FF-D0F52E43E609,2016-04-26,SAMPLE_ITEM_001,SAMPLE_TX_1,XGBoost,days_of_supply,22.54681215287035,-1.11077154,1.11077154,NEGATIVE,1,Days of supply (22.54681215287035) decreased the forecast by 1.111 units relative to the model baseline.
2248C462-CA74-55E4-A8FF-D0F52E43E609,2016-04-26,SAMPLE_ITEM_001,SAMPLE_TX_1,XGBoost,day_of_month,26,-0.51996189,0.51996189,NEGATIVE,2,Day of month (26) decreased the forecast by 0.520 units relative to the model baseline.
2248C462-CA74-55E4-A8FF-D0F52E43E609,2016-04-26,SAMPLE_ITEM_001,SAMPLE_TX_1,XGBoost,rolling_mean_7,3.370764766420637,-0.44118184,0.44118184,NEGATIVE,3,The recent seven-day demand average (3.370764766420637) decreased the forecast by 0.441 units relative to the model baseline.
2248C462-CA74-55E4-A8FF-D0F52E43E609,2016-04-26,SAMPLE_ITEM_001,SAMPLE_TX_1,XGBoost,current_stock,76.0,-0.34108910,0.34108910,NEGATIVE,4,Current stock (76.0) decreased the forecast by 0.341 units relative to the model baseline.
2248C462-CA74-55E4-A8FF-D0F52E43E609,2016-04-26,SAMPLE_ITEM_001,SAMPLE_TX_1,XGBoost,price_change_percentage,0.0,0.16579233,0.16579233,POSITIVE,5,Price change percentage (0.0) increased the forecast by 0.166 units relative to the model baseline.
3C191B2B-BA34-5B60-A376-9206F83F2DEE,2016-04-27,SAMPLE_ITEM_001,SAMPLE_TX_1,XGBoost,days_of_supply,22.983289920378414,-0.90457928,0.90457928,NEGATIVE,1,Days of supply (22.983289920378414) decreased the forecast by 0.905 units relative to the model baseline.
3C191B2B-BA34-5B60-A376-9206F83F2DEE,2016-04-27,SAMPLE_ITEM_001,SAMPLE_TX_1,XGBoost,lag_1,2.979607582092285,0.83637524,0.83637524,POSITIVE,2,Yesterday's demand (2.979607582092285) increased the forecast by 0.836 units relative to the model baseline.
3C191B2B-BA34-5B60-A376-9206F83F2DEE,2016-04-27,SAMPLE_ITEM_001,SAMPLE_TX_1,XGBoost,day_of_month,27,-0.51283723,0.51283723,NEGATIVE,3,Day of month (27) decreased the forecast by 0.513 units relative to the model baseline.
3C191B2B-BA34-5B60-A376-9206F83F2DEE,2016-04-27,SAMPLE_ITEM_001,SAMPLE_TX_1,XGBoost,rolling_mean_7,3.3067502634865895,-0.39449966,0.39449966,NEGATIVE,4,The recent seven-day demand average (3.3067502634865895) decreased the forecast by 0.394 units relative to the model baseline.
3C191B2B-BA34-5B60-A376-9206F83F2DEE,2016-04-27,SAMPLE_ITEM_001,SAMPLE_TX_1,XGBoost,current_stock,76.0,-0.21086630,0.21086630,NEGATIVE,5,Current stock (76.0) decreased the forecast by 0.211 units relative to the model baseline.
EA75FEF3-711A-5530-B3EA-9F78990AB86B,2016-01-29,SAMPLE_ITEM_002,SAMPLE_CA_1,XGBoost,days_of_supply,50.61538461538461,-0.90949631,0.90949631,NEGATIVE,1,Days of supply (50.61538461538461) decreased the forecast by 0.909 units relative to the model baseline.
EA75FEF3-711A-5530-B3EA-9F78990AB86B,2016-01-29,SAMPLE_ITEM_002,SAMPLE_CA_1,XGBoost,lag_1,1.0,0.56819975,0.56819975,POSITIVE,2,Yesterday's demand (1.0) increased the forecast by 0.568 units relative to the model baseline.
EA75FEF3-711A-5530-B3EA-9F78990AB86B,2016-01-29,SAMPLE_ITEM_002,SAMPLE_CA_1,XGBoost,rolling_mean_7,3.7142857142857144,-0.46095848,0.46095848,NEGATIVE,3,The recent seven-day demand average (3.7142857142857144) decreased the forecast by 0.461 units relative to the model baseline.
EA75FEF3-711A-5530-B3EA-9F78990AB86B,2016-01-29,SAMPLE_ITEM_002,SAMPLE_CA_1,XGBoost,day_of_month,29,-0.43855271,0.43855271,NEGATIVE,4,Day of month (29) decreased the forecast by 0.439 units relative to the model baseline.
EA75FEF3-711A-5530-B3EA-9F78990AB86B,2016-01-29,SAMPLE_ITEM_002,SAMPLE_CA_1,XGBoost,lag_14,6.0,0.30055887,0.30055887,POSITIVE,5,Demand fourteen days ago (6.0) increased the forecast by 0.301 units relative to the model baseline.
C58B5F87-193D-51DC-B93B-FEDF45ACCE04,2016-01-30,SAMPLE_ITEM_002,SAMPLE_CA_1,XGBoost,days_of_supply,49.267824488103514,-0.88988453,0.88988453,NEGATIVE,1,Days of supply (49.267824488103514) decreased the forecast by 0.890 units relative to the model baseline.
C58B5F87-193D-51DC-B93B-FEDF45ACCE04,2016-01-30,SAMPLE_ITEM_002,SAMPLE_CA_1,XGBoost,rolling_mean_7,3.815877846309117,-0.57309389,0.57309389,NEGATIVE,2,The recent seven-day demand average (3.815877846309117) decreased the forecast by 0.573 units relative to the model baseline.
C58B5F87-193D-51DC-B93B-FEDF45ACCE04,2016-01-30,SAMPLE_ITEM_002,SAMPLE_CA_1,XGBoost,current_stock,188.0,0.53527802,0.53527802,POSITIVE,3,Current stock (188.0) increased the forecast by 0.535 units relative to the model baseline.
C58B5F87-193D-51DC-B93B-FEDF45ACCE04,2016-01-30,SAMPLE_ITEM_002,SAMPLE_CA_1,XGBoost,day_of_month,30,-0.45295399,0.45295399,NEGATIVE,4,Day of month (30) decreased the forecast by 0.453 units relative to the model baseline.
C58B5F87-193D-51DC-B93B-FEDF45ACCE04,2016-01-30,SAMPLE_ITEM_002,SAMPLE_CA_1,XGBoost,lag_1,4.711144924163818,-0.27059013,0.27059013,NEGATIVE,5,Yesterday's demand (4.711144924163818) decreased the forecast by 0.271 units relative to the model baseline.
740874F7-F8CF-57E5-B243-20B96D6054E9,2016-01-31,SAMPLE_ITEM_002,SAMPLE_CA_1,XGBoost,days_of_supply,54.87406178963732,-0.79425216,0.79425216,NEGATIVE,1,Days of supply (54.87406178963732) decreased the forecast by 0.794 units relative to the model baseline.
740874F7-F8CF-57E5-B243-20B96D6054E9,2016-01-31,SAMPLE_ITEM_002,SAMPLE_CA_1,XGBoost,day_of_week,6,0.61033970,0.61033970,POSITIVE,2,The day of week (6) increased the forecast by 0.610 units relative to the model baseline.
740874F7-F8CF-57E5-B243-20B96D6054E9,2016-01-31,SAMPLE_ITEM_002,SAMPLE_CA_1,XGBoost,lag_14,7.0,0.51942164,0.51942164,POSITIVE,3,Demand fourteen days ago (7.0) increased the forecast by 0.519 units relative to the model baseline.
740874F7-F8CF-57E5-B243-20B96D6054E9,2016-01-31,SAMPLE_ITEM_002,SAMPLE_CA_1,XGBoost,current_stock,188.0,0.51424724,0.51424724,POSITIVE,4,Current stock (188.0) increased the forecast by 0.514 units relative to the model baseline.
740874F7-F8CF-57E5-B243-20B96D6054E9,2016-01-31,SAMPLE_ITEM_002,SAMPLE_CA_1,XGBoost,day_of_month,31,-0.48139384,0.48139384,NEGATIVE,5,Day of month (31) decreased the forecast by 0.481 units relative to the model baseline.
63820D13-D0F5-59EC-B0D6-8F95818B7C62,2016-02-01,SAMPLE_ITEM_002,SAMPLE_CA_1,XGBoost,days_of_supply,52.631868626863906,-0.85392529,0.85392529,NEGATIVE,1,Days of supply (52.631868626863906) decreased the forecast by 0.854 units relative to the model baseline.
63820D13-D0F5-59EC-B0D6-8F95818B7C62,2016-02-01,SAMPLE_ITEM_002,SAMPLE_CA_1,XGBoost,day_of_month,1,0.57400525,0.57400525,POSITIVE,2,Day of month (1) increased the forecast by 0.574 units relative to the model baseline.
63820D13-D0F5-59EC-B0D6-8F95818B7C62,2016-02-01,SAMPLE_ITEM_002,SAMPLE_CA_1,XGBoost,current_stock,188.0,0.53141999,0.53141999,POSITIVE,3,Current stock (188.0) increased the forecast by 0.531 units relative to the model baseline.
63820D13-D0F5-59EC-B0D6-8F95818B7C62,2016-02-01,SAMPLE_ITEM_002,SAMPLE_CA_1,XGBoost,rolling_mean_7,3.5719803401402066,-0.36999458,0.36999458,NEGATIVE,4,The recent seven-day demand average (3.5719803401402066) decreased the forecast by 0.370 units relative to the model baseline.
63820D13-D0F5-59EC-B0D6-8F95818B7C62,2016-02-01,SAMPLE_ITEM_002,SAMPLE_CA_1,XGBoost,lag_14,2.0,-0.36349738,0.36349738,NEGATIVE,5,Demand fourteen days ago (2.0) decreased the forecast by 0.363 units relative to the model baseline.
238789AC-451D-557E-B48E-499BEC4640D3,2016-02-02,SAMPLE_ITEM_002,SAMPLE_CA_1,XGBoost,days_of_supply,53.927357674165,-0.98034626,0.98034626,NEGATIVE,1,Days of supply (53.927357674165) decreased the forecast by 0.980 units relative to the model baseline.
238789AC-451D-557E-B48E-499BEC4640D3,2016-02-02,SAMPLE_ITEM_002,SAMPLE_CA_1,XGBoost,day_of_month,2,0.64493620,0.64493620,POSITIVE,2,Day of month (2) increased the forecast by 0.645 units relative to the model baseline.
238789AC-451D-557E-B48E-499BEC4640D3,2016-02-02,SAMPLE_ITEM_002,SAMPLE_CA_1,XGBoost,rolling_mean_7,3.486171177455357,-0.50398386,0.50398386,NEGATIVE,3,The recent seven-day demand average (3.486171177455357) decreased the forecast by 0.504 units relative to the model baseline.
238789AC-451D-557E-B48E-499BEC4640D3,2016-02-02,SAMPLE_ITEM_002,SAMPLE_CA_1,XGBoost,current_stock,188.0,0.45123506,0.45123506,POSITIVE,4,Current stock (188.0) increased the forecast by 0.451 units relative to the model baseline.
238789AC-451D-557E-B48E-499BEC4640D3,2016-02-02,SAMPLE_ITEM_002,SAMPLE_CA_1,XGBoost,lag_14,5.0,0.33252412,0.33252412,POSITIVE,5,Demand fourteen days ago (5.0) increased the forecast by 0.333 units relative to the model baseline.
8F8E7CDA-4F58-5119-8E42-566943BEBBE4,2016-02-03,SAMPLE_ITEM_002,SAMPLE_CA_1,XGBoost,days_of_supply,47.85144893286588,-0.87580657,0.87580657,NEGATIVE,1,Days of supply (47.85144893286588) decreased the forecast by 0.876 units relative to the model baseline.
8F8E7CDA-4F58-5119-8E42-566943BEBBE4,2016-02-03,SAMPLE_ITEM_002,SAMPLE_CA_1,XGBoost,day_of_month,3,0.66117531,0.66117531,POSITIVE,2,Day of month (3) increased the forecast by 0.661 units relative to the model baseline.
8F8E7CDA-4F58-5119-8E42-566943BEBBE4,2016-02-03,SAMPLE_ITEM_002,SAMPLE_CA_1,XGBoost,rolling_mean_7,3.928825650896345,-0.55512220,0.55512220,NEGATIVE,3,The recent seven-day demand average (3.928825650896345) decreased the forecast by 0.555 units relative to the model baseline.
8F8E7CDA-4F58-5119-8E42-566943BEBBE4,2016-02-03,SAMPLE_ITEM_002,SAMPLE_CA_1,XGBoost,current_stock,188.0,0.49427161,0.49427161,POSITIVE,4,Current stock (188.0) increased the forecast by 0.494 units relative to the model baseline.
8F8E7CDA-4F58-5119-8E42-566943BEBBE4,2016-02-03,SAMPLE_ITEM_002,SAMPLE_CA_1,XGBoost,lag_14,2.0,-0.39510703,0.39510703,NEGATIVE,5,Demand fourteen days ago (2.0) decreased the forecast by 0.395 units relative to the model baseline.
6719364A-01C8-5787-BA6B-E08FBEE26B24,2016-02-04,SAMPLE_ITEM_002,SAMPLE_CA_1,XGBoost,days_of_supply,45.662639502292905,-0.72954631,0.72954631,NEGATIVE,1,Days of supply (45.662639502292905) decreased the forecast by 0.730 units relative to the model baseline.
6719364A-01C8-5787-BA6B-E08FBEE26B24,2016-02-04,SAMPLE_ITEM_002,SAMPLE_CA_1,XGBoost,day_of_month,4,0.71235657,0.71235657,POSITIVE,2,Day of month (4) increased the forecast by 0.712 units relative to the model baseline.
6719364A-01C8-5787-BA6B-E08FBEE26B24,2016-02-04,SAMPLE_ITEM_002,SAMPLE_CA_1,XGBoost,current_stock,188.0,0.62336838,0.62336838,POSITIVE,3,Current stock (188.0) increased the forecast by 0.623 units relative to the model baseline.
6719364A-01C8-5787-BA6B-E08FBEE26B24,2016-02-04,SAMPLE_ITEM_002,SAMPLE_CA_1,XGBoost,rolling_mean_7,4.1171513966151645,-0.52354318,0.52354318,NEGATIVE,4,The recent seven-day demand average (4.1171513966151645) decreased the forecast by 0.524 units relative to the model baseline.
6719364A-01C8-5787-BA6B-E08FBEE26B24,2016-02-04,SAMPLE_ITEM_002,SAMPLE_CA_1,XGBoost,lag_14,2.0,-0.39301080,0.39301080,NEGATIVE,5,Demand fourteen days ago (2.0) decreased the forecast by 0.393 units relative to the model baseline.
EF29341F-1597-5A24-95AE-1C6B9D2BA529,2016-02-05,SAMPLE_ITEM_002,SAMPLE_CA_1,XGBoost,days_of_supply,39.9688508941743,-0.82341617,0.82341617,NEGATIVE,1,Days of supply (39.9688508941743) decreased the forecast by 0.823 units relative to the model baseline.
EF29341F-1597-5A24-95AE-1C6B9D2BA529,2016-02-05,SAMPLE_ITEM_002,SAMPLE_CA_1,XGBoost,day_of_month,5,0.68826789,0.68826789,POSITIVE,2,Day of month (5) increased the forecast by 0.688 units relative to the model baseline.
EF29341F-1597-5A24-95AE-1C6B9D2BA529,2016-02-05,SAMPLE_ITEM_002,SAMPLE_CA_1,XGBoost,rolling_mean_7,4.703662872314453,-0.54936320,0.54936320,NEGATIVE,3,The recent seven-day demand average (4.703662872314453) decreased the forecast by 0.549 units relative to the model baseline.
EF29341F-1597-5A24-95AE-1C6B9D2BA529,2016-02-05,SAMPLE_ITEM_002,SAMPLE_CA_1,XGBoost,current_stock,188.0,0.48483443,0.48483443,POSITIVE,4,Current stock (188.0) increased the forecast by 0.485 units relative to the model baseline.
EF29341F-1597-5A24-95AE-1C6B9D2BA529,2016-02-05,SAMPLE_ITEM_002,SAMPLE_CA_1,XGBoost,lag_1,5.1055803298950195,-0.14192833,0.14192833,NEGATIVE,5,Yesterday's demand (5.1055803298950195) decreased the forecast by 0.142 units relative to the model baseline.
6DADFB1C-8C35-55D0-9648-3DA03DAD5A7E,2016-02-06,SAMPLE_ITEM_002,SAMPLE_CA_1,XGBoost,days_of_supply,39.41166077347446,-0.92558473,0.92558473,NEGATIVE,1,Days of supply (39.41166077347446) decreased the forecast by 0.926 units relative to the model baseline.
6DADFB1C-8C35-55D0-9648-3DA03DAD5A7E,2016-02-06,SAMPLE_ITEM_002,SAMPLE_CA_1,XGBoost,rolling_mean_7,4.770161833081927,-0.62550944,0.62550944,NEGATIVE,2,The recent seven-day demand average (4.770161833081927) decreased the forecast by 0.626 units relative to the model baseline.
6DADFB1C-8C35-55D0-9648-3DA03DAD5A7E,2016-02-06,SAMPLE_ITEM_002,SAMPLE_CA_1,XGBoost,day_of_month,6,0.61839271,0.61839271,POSITIVE,3,Day of month (6) increased the forecast by 0.618 units relative to the model baseline.
6DADFB1C-8C35-55D0-9648-3DA03DAD5A7E,2016-02-06,SAMPLE_ITEM_002,SAMPLE_CA_1,XGBoost,current_stock,188.0,0.39237288,0.39237288,POSITIVE,4,Current stock (188.0) increased the forecast by 0.392 units relative to the model baseline.
6DADFB1C-8C35-55D0-9648-3DA03DAD5A7E,2016-02-06,SAMPLE_ITEM_002,SAMPLE_CA_1,XGBoost,lag_1,5.176637649536133,-0.18355824,0.18355824,NEGATIVE,5,Yesterday's demand (5.176637649536133) decreased the forecast by 0.184 units relative to the model baseline.
CFFDE4A2-2BBE-5F84-9899-233D89FA1C73,2016-02-07,SAMPLE_ITEM_002,SAMPLE_CA_1,XGBoost,days_of_supply,37.80298673304277,-0.67642450,0.67642450,NEGATIVE,1,Days of supply (37.80298673304277) decreased the forecast by 0.676 units relative to the model baseline.
CFFDE4A2-2BBE-5F84-9899-233D89FA1C73,2016-02-07,SAMPLE_ITEM_002,SAMPLE_CA_1,XGBoost,day_of_month,7,0.52673048,0.52673048,POSITIVE,2,Day of month (7) increased the forecast by 0.527 units relative to the model baseline.
CFFDE4A2-2BBE-5F84-9899-233D89FA1C73,2016-02-07,SAMPLE_ITEM_002,SAMPLE_CA_1,XGBoost,current_stock,188.0,0.50159425,0.50159425,POSITIVE,3,Current stock (188.0) increased the forecast by 0.502 units relative to the model baseline.
CFFDE4A2-2BBE-5F84-9899-233D89FA1C73,2016-02-07,SAMPLE_ITEM_002,SAMPLE_CA_1,XGBoost,day_of_week,6,0.47582340,0.47582340,POSITIVE,4,The day of week (6) increased the forecast by 0.476 units relative to the model baseline.
CFFDE4A2-2BBE-5F84-9899-233D89FA1C73,2016-02-07,SAMPLE_ITEM_002,SAMPLE_CA_1,XGBoost,rolling_mean_7,4.973152024405343,-0.46331492,0.46331492,NEGATIVE,5,The recent seven-day demand average (4.973152024405343) decreased the forecast by 0.463 units relative to the model baseline.
514E91A2-07E2-556A-AB6E-6F9A77DAE655,2016-02-08,SAMPLE_ITEM_002,SAMPLE_CA_1,XGBoost,days_of_supply,38.24729354015696,-0.88408583,0.88408583,NEGATIVE,1,Days of supply (38.24729354015696) decreased the forecast by 0.884 units relative to the model baseline.
514E91A2-07E2-556A-AB6E-6F9A77DAE655,2016-02-08,SAMPLE_ITEM_002,SAMPLE_CA_1,XGBoost,day_of_month,8,0.58793873,0.58793873,POSITIVE,2,Day of month (8) increased the forecast by 0.588 units relative to the model baseline.
514E91A2-07E2-556A-AB6E-6F9A77DAE655,2016-02-08,SAMPLE_ITEM_002,SAMPLE_CA_1,XGBoost,rolling_mean_7,4.915380477905273,-0.49051860,0.49051860,NEGATIVE,3,The recent seven-day demand average (4.915380477905273) decreased the forecast by 0.491 units relative to the model baseline.
514E91A2-07E2-556A-AB6E-6F9A77DAE655,2016-02-08,SAMPLE_ITEM_002,SAMPLE_CA_1,XGBoost,current_stock,188.0,0.44407085,0.44407085,POSITIVE,4,Current stock (188.0) increased the forecast by 0.444 units relative to the model baseline.
514E91A2-07E2-556A-AB6E-6F9A77DAE655,2016-02-08,SAMPLE_ITEM_002,SAMPLE_CA_1,XGBoost,lag_14,5.0,0.21178761,0.21178761,POSITIVE,5,Demand fourteen days ago (5.0) increased the forecast by 0.212 units relative to the model baseline.
416CE8C4-E455-57CA-9E11-86EBBBDB386F,2016-02-09,SAMPLE_ITEM_002,SAMPLE_CA_1,XGBoost,days_of_supply,37.52989048204412,-0.79143316,0.79143316,NEGATIVE,1,Days of supply (37.52989048204412) decreased the forecast by 0.791 units relative to the model baseline.
416CE8C4-E455-57CA-9E11-86EBBBDB386F,2016-02-09,SAMPLE_ITEM_002,SAMPLE_CA_1,XGBoost,day_of_month,9,0.65427989,0.65427989,POSITIVE,2,Day of month (9) increased the forecast by 0.654 units relative to the model baseline.
416CE8C4-E455-57CA-9E11-86EBBBDB386F,2016-02-09,SAMPLE_ITEM_002,SAMPLE_CA_1,XGBoost,lag_14,2.0,-0.44729105,0.44729105,NEGATIVE,3,Demand fourteen days ago (2.0) decreased the forecast by 0.447 units relative to the model baseline.
416CE8C4-E455-57CA-9E11-86EBBBDB386F,2016-02-09,SAMPLE_ITEM_002,SAMPLE_CA_1,XGBoost,current_stock,188.0,0.43088186,0.43088186,POSITIVE,4,Current stock (188.0) increased the forecast by 0.431 units relative to the model baseline.
416CE8C4-E455-57CA-9E11-86EBBBDB386F,2016-02-09,SAMPLE_ITEM_002,SAMPLE_CA_1,XGBoost,lag_1,5.057055950164795,-0.16480601,0.16480601,NEGATIVE,5,Yesterday's demand (5.057055950164795) decreased the forecast by 0.165 units relative to the model baseline.
BB87D1A9-1798-53CB-BA05-0FF3F2D154A1,2016-02-10,SAMPLE_ITEM_002,SAMPLE_CA_1,XGBoost,days_of_supply,37.56740402140057,-0.81082273,0.81082273,NEGATIVE,1,Days of supply (37.56740402140057) decreased the forecast by 0.811 units relative to the model baseline.
BB87D1A9-1798-53CB-BA05-0FF3F2D154A1,2016-02-10,SAMPLE_ITEM_002,SAMPLE_CA_1,XGBoost,day_of_month,10,0.72249430,0.72249430,POSITIVE,2,Day of month (10) increased the forecast by 0.722 units relative to the model baseline.
BB87D1A9-1798-53CB-BA05-0FF3F2D154A1,2016-02-10,SAMPLE_ITEM_002,SAMPLE_CA_1,XGBoost,current_stock,188.0,0.42995390,0.42995390,POSITIVE,3,Current stock (188.0) increased the forecast by 0.430 units relative to the model baseline.
BB87D1A9-1798-53CB-BA05-0FF3F2D154A1,2016-02-10,SAMPLE_ITEM_002,SAMPLE_CA_1,XGBoost,rolling_mean_7,5.004338332584926,0.25249332,0.25249332,POSITIVE,4,The recent seven-day demand average (5.004338332584926) increased the forecast by 0.252 units relative to the model baseline.
BB87D1A9-1798-53CB-BA05-0FF3F2D154A1,2016-02-10,SAMPLE_ITEM_002,SAMPLE_CA_1,XGBoost,price_change_percentage,0.0,0.15046878,0.15046878,POSITIVE,5,Price change percentage (0.0) increased the forecast by 0.150 units relative to the model baseline.
3939D1CB-ACCD-5B2F-A032-37940B1ABFF5,2016-02-11,SAMPLE_ITEM_002,SAMPLE_CA_1,XGBoost,days_of_supply,35.87398918479021,-0.81428951,0.81428951,NEGATIVE,1,Days of supply (35.87398918479021) decreased the forecast by 0.814 units relative to the model baseline.
3939D1CB-ACCD-5B2F-A032-37940B1ABFF5,2016-02-11,SAMPLE_ITEM_002,SAMPLE_CA_1,XGBoost,day_of_month,11,0.69306034,0.69306034,POSITIVE,2,Day of month (11) increased the forecast by 0.693 units relative to the model baseline.
3939D1CB-ACCD-5B2F-A032-37940B1ABFF5,2016-02-11,SAMPLE_ITEM_002,SAMPLE_CA_1,XGBoost,lag_14,1.0,-0.49710763,0.49710763,NEGATIVE,3,Demand fourteen days ago (1.0) decreased the forecast by 0.497 units relative to the model baseline.
3939D1CB-ACCD-5B2F-A032-37940B1ABFF5,2016-02-11,SAMPLE_ITEM_002,SAMPLE_CA_1,XGBoost,current_stock,188.0,0.42961839,0.42961839,POSITIVE,4,Current stock (188.0) increased the forecast by 0.430 units relative to the model baseline.
3939D1CB-ACCD-5B2F-A032-37940B1ABFF5,2016-02-11,SAMPLE_ITEM_002,SAMPLE_CA_1,XGBoost,rolling_mean_7,5.240565776824951,0.19486959,0.19486959,POSITIVE,5,The recent seven-day demand average (5.240565776824951) increased the forecast by 0.195 units relative to the model baseline.
4F6E2A83-0704-5E25-A357-BBFBF2E87CA9,2016-02-12,SAMPLE_ITEM_002,SAMPLE_CA_1,XGBoost,days_of_supply,35.91593087332629,-0.81254840,0.81254840,NEGATIVE,1,Days of supply (35.91593087332629) decreased the forecast by 0.813 units relative to the model baseline.
4F6E2A83-0704-5E25-A357-BBFBF2E87CA9,2016-02-12,SAMPLE_ITEM_002,SAMPLE_CA_1,XGBoost,day_of_month,12,0.69754189,0.69754189,POSITIVE,2,Day of month (12) increased the forecast by 0.698 units relative to the model baseline.
4F6E2A83-0704-5E25-A357-BBFBF2E87CA9,2016-02-12,SAMPLE_ITEM_002,SAMPLE_CA_1,XGBoost,current_stock,188.0,0.43121785,0.43121785,POSITIVE,3,Current stock (188.0) increased the forecast by 0.431 units relative to the model baseline.
4F6E2A83-0704-5E25-A357-BBFBF2E87CA9,2016-02-12,SAMPLE_ITEM_002,SAMPLE_CA_1,XGBoost,rolling_mean_7,5.234445980616978,0.20877849,0.20877849,POSITIVE,4,The recent seven-day demand average (5.234445980616978) increased the forecast by 0.209 units relative to the model baseline.
4F6E2A83-0704-5E25-A357-BBFBF2E87CA9,2016-02-12,SAMPLE_ITEM_002,SAMPLE_CA_1,XGBoost,price_change_percentage,0.0,0.17287447,0.17287447,POSITIVE,5,Price change percentage (0.0) increased the forecast by 0.173 units relative to the model baseline.
6612BE23-D04C-5131-86AA-E95D4FADD85C,2016-02-13,SAMPLE_ITEM_002,SAMPLE_CA_1,XGBoost,day_of_month,13,0.75718504,0.75718504,POSITIVE,1,Day of month (13) increased the forecast by 0.757 units relative to the model baseline.
6612BE23-D04C-5131-86AA-E95D4FADD85C,2016-02-13,SAMPLE_ITEM_002,SAMPLE_CA_1,XGBoost,days_of_supply,35.48081462352812,-0.75481623,0.75481623,NEGATIVE,2,Days of supply (35.48081462352812) decreased the forecast by 0.755 units relative to the model baseline.
6612BE23-D04C-5131-86AA-E95D4FADD85C,2016-02-13,SAMPLE_ITEM_002,SAMPLE_CA_1,XGBoost,current_stock,188.0,0.42437091,0.42437091,POSITIVE,3,Current stock (188.0) increased the forecast by 0.424 units relative to the model baseline.
6612BE23-D04C-5131-86AA-E95D4FADD85C,2016-02-13,SAMPLE_ITEM_002,SAMPLE_CA_1,XGBoost,rolling_mean_7,5.298638207571847,0.26446450,0.26446450,POSITIVE,4,The recent seven-day demand average (5.298638207571847) increased the forecast by 0.264 units relative to the model baseline.
6612BE23-D04C-5131-86AA-E95D4FADD85C,2016-02-13,SAMPLE_ITEM_002,SAMPLE_CA_1,XGBoost,price_change_percentage,0.0,0.17645787,0.17645787,POSITIVE,5,Price change percentage (0.0) increased the forecast by 0.176 units relative to the model baseline.
75ECCA13-496F-5E2F-A1E2-81B6A0667E89,2016-02-14,SAMPLE_ITEM_002,SAMPLE_CA_1,XGBoost,day_of_month,14,0.62673515,0.62673515,POSITIVE,1,Day of month (14) increased the forecast by 0.627 units relative to the model baseline.
75ECCA13-496F-5E2F-A1E2-81B6A0667E89,2016-02-14,SAMPLE_ITEM_002,SAMPLE_CA_1,XGBoost,days_of_supply,34.39650614460473,-0.61822659,0.61822659,NEGATIVE,2,Days of supply (34.39650614460473) decreased the forecast by 0.618 units relative to the model baseline.
75ECCA13-496F-5E2F-A1E2-81B6A0667E89,2016-02-14,SAMPLE_ITEM_002,SAMPLE_CA_1,XGBoost,current_stock,188.0,0.45773849,0.45773849,POSITIVE,3,Current stock (188.0) increased the forecast by 0.458 units relative to the model baseline.
75ECCA13-496F-5E2F-A1E2-81B6A0667E89,2016-02-14,SAMPLE_ITEM_002,SAMPLE_CA_1,XGBoost,day_of_week,6,0.39999524,0.39999524,POSITIVE,4,The day of week (6) increased the forecast by 0.400 units relative to the model baseline.
75ECCA13-496F-5E2F-A1E2-81B6A0667E89,2016-02-14,SAMPLE_ITEM_002,SAMPLE_CA_1,XGBoost,lag_14,6.0216755867004395,0.25611264,0.25611264,POSITIVE,5,Demand fourteen days ago (6.0216755867004395) increased the forecast by 0.256 units relative to the model baseline.
E5A55610-1BA1-53FC-8A0A-E881718DCD58,2016-02-15,SAMPLE_ITEM_002,SAMPLE_CA_1,XGBoost,days_of_supply,33.788899851689386,-0.69523549,0.69523549,NEGATIVE,1,Days of supply (33.788899851689386) decreased the forecast by 0.695 units relative to the model baseline.
E5A55610-1BA1-53FC-8A0A-E881718DCD58,2016-02-15,SAMPLE_ITEM_002,SAMPLE_CA_1,XGBoost,day_of_month,15,0.67490029,0.67490029,POSITIVE,2,Day of month (15) increased the forecast by 0.675 units relative to the model baseline.
E5A55610-1BA1-53FC-8A0A-E881718DCD58,2016-02-15,SAMPLE_ITEM_002,SAMPLE_CA_1,XGBoost,current_stock,188.0,0.38205022,0.38205022,POSITIVE,3,Current stock (188.0) increased the forecast by 0.382 units relative to the model baseline.
E5A55610-1BA1-53FC-8A0A-E881718DCD58,2016-02-15,SAMPLE_ITEM_002,SAMPLE_CA_1,XGBoost,lag_1,6.305276870727539,-0.20505226,0.20505226,NEGATIVE,4,Yesterday's demand (6.305276870727539) decreased the forecast by 0.205 units relative to the model baseline.
E5A55610-1BA1-53FC-8A0A-E881718DCD58,2016-02-15,SAMPLE_ITEM_002,SAMPLE_CA_1,XGBoost,price_change_percentage,0.0,0.18549095,0.18549095,POSITIVE,5,Price change percentage (0.0) increased the forecast by 0.185 units relative to the model baseline.
48606F8C-AAF4-5CE0-80CA-7ED4106AD121,2016-02-16,SAMPLE_ITEM_002,SAMPLE_CA_1,XGBoost,days_of_supply,33.49448196762476,-0.80790603,0.80790603,NEGATIVE,1,Days of supply (33.49448196762476) decreased the forecast by 0.808 units relative to the model baseline.
48606F8C-AAF4-5CE0-80CA-7ED4106AD121,2016-02-16,SAMPLE_ITEM_002,SAMPLE_CA_1,XGBoost,current_stock,188.0,0.38322726,0.38322726,POSITIVE,2,Current stock (188.0) increased the forecast by 0.383 units relative to the model baseline.
48606F8C-AAF4-5CE0-80CA-7ED4106AD121,2016-02-16,SAMPLE_ITEM_002,SAMPLE_CA_1,XGBoost,lag_14,5.098581314086914,0.26250917,0.26250917,POSITIVE,3,Demand fourteen days ago (5.098581314086914) increased the forecast by 0.263 units relative to the model baseline.
48606F8C-AAF4-5CE0-80CA-7ED4106AD121,2016-02-16,SAMPLE_ITEM_002,SAMPLE_CA_1,XGBoost,rolling_mean_7,5.612864834921701,0.24753867,0.24753867,POSITIVE,4,The recent seven-day demand average (5.612864834921701) increased the forecast by 0.248 units relative to the model baseline.
48606F8C-AAF4-5CE0-80CA-7ED4106AD121,2016-02-16,SAMPLE_ITEM_002,SAMPLE_CA_1,XGBoost,price_change_percentage,0.0,0.22889170,0.22889170,POSITIVE,5,Price change percentage (0.0) increased the forecast by 0.229 units relative to the model baseline.
D63934F0-1F2D-5AD3-9BFE-FEBD1E9F2671,2016-02-17,SAMPLE_ITEM_002,SAMPLE_CA_1,XGBoost,days_of_supply,33.26837413777553,-0.65031224,0.65031224,NEGATIVE,1,Days of supply (33.26837413777553) decreased the forecast by 0.650 units relative to the model baseline.
D63934F0-1F2D-5AD3-9BFE-FEBD1E9F2671,2016-02-17,SAMPLE_ITEM_002,SAMPLE_CA_1,XGBoost,current_stock,188.0,0.43342590,0.43342590,POSITIVE,2,Current stock (188.0) increased the forecast by 0.433 units relative to the model baseline.
D63934F0-1F2D-5AD3-9BFE-FEBD1E9F2671,2016-02-17,SAMPLE_ITEM_002,SAMPLE_CA_1,XGBoost,price_change_percentage,0.0,0.20599271,0.20599271,POSITIVE,3,Price change percentage (0.0) increased the forecast by 0.206 units relative to the model baseline.
D63934F0-1F2D-5AD3-9BFE-FEBD1E9F2671,2016-02-17,SAMPLE_ITEM_002,SAMPLE_CA_1,XGBoost,rolling_mean_7,5.651012556893485,0.16923833,0.16923833,POSITIVE,4,The recent seven-day demand average (5.651012556893485) increased the forecast by 0.169 units relative to the model baseline.
D63934F0-1F2D-5AD3-9BFE-FEBD1E9F2671,2016-02-17,SAMPLE_ITEM_002,SAMPLE_CA_1,XGBoost,lag_1,5.330600261688232,-0.13212094,0.13212094,NEGATIVE,5,Yesterday's demand (5.330600261688232) decreased the forecast by 0.132 units relative to the model baseline.
E62B318E-9FFC-5212-BAF4-F979DC331C39,2016-02-18,SAMPLE_ITEM_002,SAMPLE_CA_1,XGBoost,days_of_supply,34.23186585033016,-0.77737731,0.77737731,NEGATIVE,1,Days of supply (34.23186585033016) decreased the forecast by 0.777 units relative to the model baseline.
E62B318E-9FFC-5212-BAF4-F979DC331C39,2016-02-18,SAMPLE_ITEM_002,SAMPLE_CA_1,XGBoost,current_stock,188.0,0.41983593,0.41983593,POSITIVE,2,Current stock (188.0) increased the forecast by 0.420 units relative to the model baseline.
E62B318E-9FFC-5212-BAF4-F979DC331C39,2016-02-18,SAMPLE_ITEM_002,SAMPLE_CA_1,XGBoost,lag_14,5.1055803298950195,0.26379845,0.26379845,POSITIVE,3,Demand fourteen days ago (5.1055803298950195) increased the forecast by 0.264 units relative to the model baseline.
E62B318E-9FFC-5212-BAF4-F979DC331C39,2016-02-18,SAMPLE_ITEM_002,SAMPLE_CA_1,XGBoost,price_change_percentage,0.0,0.23436451,0.23436451,POSITIVE,4,Price change percentage (0.0) increased the forecast by 0.234 units relative to the model baseline.
E62B318E-9FFC-5212-BAF4-F979DC331C39,2016-02-18,SAMPLE_ITEM_002,SAMPLE_CA_1,XGBoost,rolling_mean_7,5.491958890642438,0.16848251,0.16848251,POSITIVE,5,The recent seven-day demand average (5.491958890642438) increased the forecast by 0.168 units relative to the model baseline.
8C328BF2-BF42-502D-A767-BB677664B8B6,2016-02-19,SAMPLE_ITEM_002,SAMPLE_CA_1,XGBoost,days_of_supply,34.23542305609684,-0.82558811,0.82558811,NEGATIVE,1,Days of supply (34.23542305609684) decreased the forecast by 0.826 units relative to the model baseline.
8C328BF2-BF42-502D-A767-BB677664B8B6,2016-02-19,SAMPLE_ITEM_002,SAMPLE_CA_1,XGBoost,current_stock,188.0,0.41983593,0.41983593,POSITIVE,2,Current stock (188.0) increased the forecast by 0.420 units relative to the model baseline.
8C328BF2-BF42-502D-A767-BB677664B8B6,2016-02-19,SAMPLE_ITEM_002,SAMPLE_CA_1,XGBoost,lag_14,5.176637649536133,0.26559070,0.26559070,POSITIVE,3,Demand fourteen days ago (5.176637649536133) increased the forecast by 0.266 units relative to the model baseline.
8C328BF2-BF42-502D-A767-BB677664B8B6,2016-02-19,SAMPLE_ITEM_002,SAMPLE_CA_1,XGBoost,price_change_percentage,0.0,0.23119430,0.23119430,POSITIVE,4,Price change percentage (0.0) increased the forecast by 0.231 units relative to the model baseline.
8C328BF2-BF42-502D-A767-BB677664B8B6,2016-02-19,SAMPLE_ITEM_002,SAMPLE_CA_1,XGBoost,rolling_mean_7,5.491388252803257,0.19326551,0.19326551,POSITIVE,5,The recent seven-day demand average (5.491388252803257) increased the forecast by 0.193 units relative to the model baseline.
7DBDCFED-404D-5D54-AE8B-69EA0DD4860F,2016-02-20,SAMPLE_ITEM_002,SAMPLE_CA_1,XGBoost,days_of_supply,34.89803388350842,-0.73905867,0.73905867,NEGATIVE,1,Days of supply (34.89803388350842) decreased the forecast by 0.739 units relative to the model baseline.
7DBDCFED-404D-5D54-AE8B-69EA0DD4860F,2016-02-20,SAMPLE_ITEM_002,SAMPLE_CA_1,XGBoost,current_stock,188.0,0.43026420,0.43026420,POSITIVE,2,Current stock (188.0) increased the forecast by 0.430 units relative to the model baseline.
7DBDCFED-404D-5D54-AE8B-69EA0DD4860F,2016-02-20,SAMPLE_ITEM_002,SAMPLE_CA_1,XGBoost,price_change_percentage,0.0,0.21434981,0.21434981,POSITIVE,3,Price change percentage (0.0) increased the forecast by 0.214 units relative to the model baseline.
7DBDCFED-404D-5D54-AE8B-69EA0DD4860F,2016-02-20,SAMPLE_ITEM_002,SAMPLE_CA_1,XGBoost,day_of_month,20,-0.20336117,0.20336117,NEGATIVE,4,Day of month (20) decreased the forecast by 0.203 units relative to the model baseline.
7DBDCFED-404D-5D54-AE8B-69EA0DD4860F,2016-02-20,SAMPLE_ITEM_002,SAMPLE_CA_1,XGBoost,rolling_mean_7,5.387122971670968,0.19669072,0.19669072,POSITIVE,5,The recent seven-day demand average (5.387122971670968) increased the forecast by 0.197 units relative to the model baseline.
ED56C2E6-46AE-5495-9A2D-65633F706C28,2016-02-21,SAMPLE_ITEM_002,SAMPLE_CA_1,XGBoost,days_of_supply,36.16302226282249,-0.64829421,0.64829421,NEGATIVE,1,Days of supply (36.16302226282249) decreased the forecast by 0.648 units relative to the model baseline.
ED56C2E6-46AE-5495-9A2D-65633F706C28,2016-02-21,SAMPLE_ITEM_002,SAMPLE_CA_1,XGBoost,current_stock,188.0,0.51233184,0.51233184,POSITIVE,2,Current stock (188.0) increased the forecast by 0.512 units relative to the model baseline.
ED56C2E6-46AE-5495-9A2D-65633F706C28,2016-02-21,SAMPLE_ITEM_002,SAMPLE_CA_1,XGBoost,day_of_week,6,0.45308617,0.45308617,POSITIVE,3,The day of week (6) increased the forecast by 0.453 units relative to the model baseline.
ED56C2E6-46AE-5495-9A2D-65633F706C28,2016-02-21,SAMPLE_ITEM_002,SAMPLE_CA_1,XGBoost,day_of_month,21,-0.40715936,0.40715936,NEGATIVE,4,Day of month (21) decreased the forecast by 0.407 units relative to the model baseline.
ED56C2E6-46AE-5495-9A2D-65633F706C28,2016-02-21,SAMPLE_ITEM_002,SAMPLE_CA_1,XGBoost,lag_14,5.617274761199951,0.26757142,0.26757142,POSITIVE,5,Demand fourteen days ago (5.617274761199951) increased the forecast by 0.268 units relative to the model baseline.
42BB7B20-41AB-5FA6-9C8D-A76C5BA4DCC7,2016-02-22,SAMPLE_ITEM_002,SAMPLE_CA_1,XGBoost,days_of_supply,37.042401247246936,-0.85638481,0.85638481,NEGATIVE,1,Days of supply (37.042401247246936) decreased the forecast by 0.856 units relative to the model baseline.
42BB7B20-41AB-5FA6-9C8D-A76C5BA4DCC7,2016-02-22,SAMPLE_ITEM_002,SAMPLE_CA_1,XGBoost,current_stock,188.0,0.42942715,0.42942715,POSITIVE,2,Current stock (188.0) increased the forecast by 0.429 units relative to the model baseline.
42BB7B20-41AB-5FA6-9C8D-A76C5BA4DCC7,2016-02-22,SAMPLE_ITEM_002,SAMPLE_CA_1,XGBoost,day_of_month,22,-0.41952544,0.41952544,NEGATIVE,3,Day of month (22) decreased the forecast by 0.420 units relative to the model baseline.
42BB7B20-41AB-5FA6-9C8D-A76C5BA4DCC7,2016-02-22,SAMPLE_ITEM_002,SAMPLE_CA_1,XGBoost,lag_14,5.057055950164795,0.28012195,0.28012195,POSITIVE,4,Demand fourteen days ago (5.057055950164795) increased the forecast by 0.280 units relative to the model baseline.
42BB7B20-41AB-5FA6-9C8D-A76C5BA4DCC7,2016-02-22,SAMPLE_ITEM_002,SAMPLE_CA_1,XGBoost,price_change_percentage,0.0,0.23585692,0.23585692,POSITIVE,5,Price change percentage (0.0) increased the forecast by 0.236 units relative to the model baseline.
5824A9A6-D824-54E9-B541-23A5A777070F,2016-02-23,SAMPLE_ITEM_002,SAMPLE_CA_1,XGBoost,days_of_supply,37.86183355484608,-0.90404552,0.90404552,NEGATIVE,1,Days of supply (37.86183355484608) decreased the forecast by 0.904 units relative to the model baseline.
5824A9A6-D824-54E9-B541-23A5A777070F,2016-02-23,SAMPLE_ITEM_002,SAMPLE_CA_1,XGBoost,current_stock,188.0,0.47676030,0.47676030,POSITIVE,2,Current stock (188.0) increased the forecast by 0.477 units relative to the model baseline.
5824A9A6-D824-54E9-B541-23A5A777070F,2016-02-23,SAMPLE_ITEM_002,SAMPLE_CA_1,XGBoost,rolling_mean_7,4.965422494070871,-0.43751907,0.43751907,NEGATIVE,3,The recent seven-day demand average (4.965422494070871) decreased the forecast by 0.438 units relative to the model baseline.
5824A9A6-D824-54E9-B541-23A5A777070F,2016-02-23,SAMPLE_ITEM_002,SAMPLE_CA_1,XGBoost,day_of_month,23,-0.38382933,0.38382933,NEGATIVE,4,Day of month (23) decreased the forecast by 0.384 units relative to the model baseline.
5824A9A6-D824-54E9-B541-23A5A777070F,2016-02-23,SAMPLE_ITEM_002,SAMPLE_CA_1,XGBoost,lag_14,5.063566207885742,0.27194992,0.27194992,POSITIVE,5,Demand fourteen days ago (5.063566207885742) increased the forecast by 0.272 units relative to the model baseline.
D4017017-27FB-5BAE-9068-BF3775D8B922,2016-02-24,SAMPLE_ITEM_002,SAMPLE_CA_1,XGBoost,days_of_supply,39.29019359572522,-0.90757000,0.90757000,NEGATIVE,1,Days of supply (39.29019359572522) decreased the forecast by 0.908 units relative to the model baseline.
D4017017-27FB-5BAE-9068-BF3775D8B922,2016-02-24,SAMPLE_ITEM_002,SAMPLE_CA_1,XGBoost,current_stock,188.0,0.48228461,0.48228461,POSITIVE,2,Current stock (188.0) increased the forecast by 0.482 units relative to the model baseline.
D4017017-27FB-5BAE-9068-BF3775D8B922,2016-02-24,SAMPLE_ITEM_002,SAMPLE_CA_1,XGBoost,rolling_mean_7,4.784908975873675,-0.45776713,0.45776713,NEGATIVE,3,The recent seven-day demand average (4.784908975873675) decreased the forecast by 0.458 units relative to the model baseline.
D4017017-27FB-5BAE-9068-BF3775D8B922,2016-02-24,SAMPLE_ITEM_002,SAMPLE_CA_1,XGBoost,day_of_month,24,-0.38948268,0.38948268,NEGATIVE,4,Day of month (24) decreased the forecast by 0.389 units relative to the model baseline.
D4017017-27FB-5BAE-9068-BF3775D8B922,2016-02-24,SAMPLE_ITEM_002,SAMPLE_CA_1,XGBoost,lag_14,5.971872329711914,0.27280903,0.27280903,POSITIVE,5,Demand fourteen days ago (5.971872329711914) increased the forecast by 0.273 units relative to the model baseline.
C1251762-CA5F-5E32-AA92-4CD63DD7B68C,2016-02-25,SAMPLE_ITEM_002,SAMPLE_CA_1,XGBoost,days_of_supply,40.114310868885205,-0.91285342,0.91285342,NEGATIVE,1,Days of supply (40.114310868885205) decreased the forecast by 0.913 units relative to the model baseline.
C1251762-CA5F-5E32-AA92-4CD63DD7B68C,2016-02-25,SAMPLE_ITEM_002,SAMPLE_CA_1,XGBoost,current_stock,188.0,0.48551789,0.48551789,POSITIVE,2,Current stock (188.0) increased the forecast by 0.486 units relative to the model baseline.
C1251762-CA5F-5E32-AA92-4CD63DD7B68C,2016-02-25,SAMPLE_ITEM_002,SAMPLE_CA_1,XGBoost,rolling_mean_7,4.686606747763498,-0.45014745,0.45014745,NEGATIVE,3,The recent seven-day demand average (4.686606747763498) decreased the forecast by 0.450 units relative to the model baseline.
C1251762-CA5F-5E32-AA92-4CD63DD7B68C,2016-02-25,SAMPLE_ITEM_002,SAMPLE_CA_1,XGBoost,day_of_month,25,-0.38678733,0.38678733,NEGATIVE,4,Day of month (25) decreased the forecast by 0.387 units relative to the model baseline.
C1251762-CA5F-5E32-AA92-4CD63DD7B68C,2016-02-25,SAMPLE_ITEM_002,SAMPLE_CA_1,XGBoost,lag_14,5.062741756439209,0.26620468,0.26620468,POSITIVE,5,Demand fourteen days ago (5.062741756439209) increased the forecast by 0.266 units relative to the model baseline.
09D20FCF-06DD-51C3-8F99-6DFD48895F6E,2016-02-26,SAMPLE_ITEM_002,SAMPLE_CA_1,XGBoost,days_of_supply,41.45412482282387,-0.88969129,0.88969129,NEGATIVE,1,Days of supply (41.45412482282387) decreased the forecast by 0.890 units relative to the model baseline.
09D20FCF-06DD-51C3-8F99-6DFD48895F6E,2016-02-26,SAMPLE_ITEM_002,SAMPLE_CA_1,XGBoost,day_of_month,26,-0.45967904,0.45967904,NEGATIVE,2,Day of month (26) decreased the forecast by 0.460 units relative to the model baseline.
09D20FCF-06DD-51C3-8F99-6DFD48895F6E,2016-02-26,SAMPLE_ITEM_002,SAMPLE_CA_1,XGBoost,current_stock,188.0,0.41724530,0.41724530,POSITIVE,3,Current stock (188.0) increased the forecast by 0.417 units relative to the model baseline.
09D20FCF-06DD-51C3-8F99-6DFD48895F6E,2016-02-26,SAMPLE_ITEM_002,SAMPLE_CA_1,XGBoost,rolling_mean_7,4.535133736474173,-0.40924773,0.40924773,NEGATIVE,4,The recent seven-day demand average (4.535133736474173) decreased the forecast by 0.409 units relative to the model baseline.
09D20FCF-06DD-51C3-8F99-6DFD48895F6E,2016-02-26,SAMPLE_ITEM_002,SAMPLE_CA_1,XGBoost,lag_14,5.625983238220215,0.26345858,0.26345858,POSITIVE,5,Demand fourteen days ago (5.625983238220215) increased the forecast by 0.263 units relative to the model baseline.
E9FBCF83-2057-5A4D-9333-727C8DE07B35,2016-02-27,SAMPLE_ITEM_002,SAMPLE_CA_1,XGBoost,days_of_supply,41.767450716287,-0.91647702,0.91647702,NEGATIVE,1,Days of supply (41.767450716287) decreased the forecast by 0.916 units relative to the model baseline.
E9FBCF83-2057-5A4D-9333-727C8DE07B35,2016-02-27,SAMPLE_ITEM_002,SAMPLE_CA_1,XGBoost,rolling_mean_7,4.501112631389073,-0.51901972,0.51901972,NEGATIVE,2,The recent seven-day demand average (4.501112631389073) decreased the forecast by 0.519 units relative to the model baseline.
E9FBCF83-2057-5A4D-9333-727C8DE07B35,2016-02-27,SAMPLE_ITEM_002,SAMPLE_CA_1,XGBoost,current_stock,188.0,0.45304385,0.45304385,POSITIVE,3,Current stock (188.0) increased the forecast by 0.453 units relative to the model baseline.
E9FBCF83-2057-5A4D-9333-727C8DE07B35,2016-02-27,SAMPLE_ITEM_002,SAMPLE_CA_1,XGBoost,day_of_month,27,-0.38498133,0.38498133,NEGATIVE,4,Day of month (27) decreased the forecast by 0.385 units relative to the model baseline.
E9FBCF83-2057-5A4D-9333-727C8DE07B35,2016-02-27,SAMPLE_ITEM_002,SAMPLE_CA_1,XGBoost,lag_14,5.861205577850342,0.26472133,0.26472133,POSITIVE,5,Demand fourteen days ago (5.861205577850342) increased the forecast by 0.265 units relative to the model baseline.
51B81068-AEB2-5AA0-9F87-55609CFCC364,2016-02-28,SAMPLE_ITEM_002,SAMPLE_CA_1,XGBoost,days_of_supply,42.352681507754966,-0.68296397,0.68296397,NEGATIVE,1,Days of supply (42.352681507754966) decreased the forecast by 0.683 units relative to the model baseline.
51B81068-AEB2-5AA0-9F87-55609CFCC364,2016-02-28,SAMPLE_ITEM_002,SAMPLE_CA_1,XGBoost,current_stock,188.0,0.53298712,0.53298712,POSITIVE,2,Current stock (188.0) increased the forecast by 0.533 units relative to the model baseline.
51B81068-AEB2-5AA0-9F87-55609CFCC364,2016-02-28,SAMPLE_ITEM_002,SAMPLE_CA_1,XGBoost,day_of_week,6,0.50825524,0.50825524,POSITIVE,3,The day of week (6) increased the forecast by 0.508 units relative to the model baseline.
51B81068-AEB2-5AA0-9F87-55609CFCC364,2016-02-28,SAMPLE_ITEM_002,SAMPLE_CA_1,XGBoost,rolling_mean_7,4.438916104180472,-0.45432970,0.45432970,NEGATIVE,4,The recent seven-day demand average (4.438916104180472) decreased the forecast by 0.454 units relative to the model baseline.
51B81068-AEB2-5AA0-9F87-55609CFCC364,2016-02-28,SAMPLE_ITEM_002,SAMPLE_CA_1,XGBoost,day_of_month,28,-0.37106642,0.37106642,NEGATIVE,5,Day of month (28) decreased the forecast by 0.371 units relative to the model baseline.
19F7A3AE-AEA8-5140-807E-65B307DE56E6,2016-02-29,SAMPLE_ITEM_002,SAMPLE_CA_1,XGBoost,days_of_supply,42.976977579336,-0.89301211,0.89301211,NEGATIVE,1,Days of supply (42.976977579336) decreased the forecast by 0.893 units relative to the model baseline.
19F7A3AE-AEA8-5140-807E-65B307DE56E6,2016-02-29,SAMPLE_ITEM_002,SAMPLE_CA_1,XGBoost,current_stock,188.0,0.49010280,0.49010280,POSITIVE,2,Current stock (188.0) increased the forecast by 0.490 units relative to the model baseline.
19F7A3AE-AEA8-5140-807E-65B307DE56E6,2016-02-29,SAMPLE_ITEM_002,SAMPLE_CA_1,XGBoost,rolling_mean_7,4.374435118266514,-0.40248936,0.40248936,NEGATIVE,3,The recent seven-day demand average (4.374435118266514) decreased the forecast by 0.402 units relative to the model baseline.
19F7A3AE-AEA8-5140-807E-65B307DE56E6,2016-02-29,SAMPLE_ITEM_002,SAMPLE_CA_1,XGBoost,day_of_month,29,-0.38331491,0.38331491,NEGATIVE,4,Day of month (29) decreased the forecast by 0.383 units relative to the model baseline.
19F7A3AE-AEA8-5140-807E-65B307DE56E6,2016-02-29,SAMPLE_ITEM_002,SAMPLE_CA_1,XGBoost,lag_14,5.399407863616943,0.26571155,0.26571155,POSITIVE,5,Demand fourteen days ago (5.399407863616943) increased the forecast by 0.266 units relative to the model baseline.
8307044C-0068-5FE2-AC90-38DAF7240F7E,2016-03-01,SAMPLE_ITEM_002,SAMPLE_CA_1,XGBoost,days_of_supply,43.35486447669872,-0.89099860,0.89099860,NEGATIVE,1,Days of supply (43.35486447669872) decreased the forecast by 0.891 units relative to the model baseline.
8307044C-0068-5FE2-AC90-38DAF7240F7E,2016-03-01,SAMPLE_ITEM_002,SAMPLE_CA_1,XGBoost,day_of_month,1,0.63634956,0.63634956,POSITIVE,2,Day of month (1) increased the forecast by 0.636 units relative to the model baseline.
8307044C-0068-5FE2-AC90-38DAF7240F7E,2016-03-01,SAMPLE_ITEM_002,SAMPLE_CA_1,XGBoost,rolling_mean_7,4.336306946618216,-0.53843749,0.53843749,NEGATIVE,3,The recent seven-day demand average (4.336306946618216) decreased the forecast by 0.538 units relative to the model baseline.
8307044C-0068-5FE2-AC90-38DAF7240F7E,2016-03-01,SAMPLE_ITEM_002,SAMPLE_CA_1,XGBoost,current_stock,188.0,0.45741335,0.45741335,POSITIVE,4,Current stock (188.0) increased the forecast by 0.457 units relative to the model baseline.
8307044C-0068-5FE2-AC90-38DAF7240F7E,2016-03-01,SAMPLE_ITEM_002,SAMPLE_CA_1,XGBoost,lag_14,5.330600261688232,0.20973100,0.20973100,POSITIVE,5,Demand fourteen days ago (5.330600261688232) increased the forecast by 0.210 units relative to the model baseline.
495923A6-69BC-5F03-92E5-78EA32AC1FB0,2016-03-02,SAMPLE_ITEM_002,SAMPLE_CA_1,XGBoost,days_of_supply,42.03845163259101,-0.82211715,0.82211715,NEGATIVE,1,Days of supply (42.03845163259101) decreased the forecast by 0.822 units relative to the model baseline.
495923A6-69BC-5F03-92E5-78EA32AC1FB0,2016-03-02,SAMPLE_ITEM_002,SAMPLE_CA_1,XGBoost,day_of_month,2,0.67878127,0.67878127,POSITIVE,2,Day of month (2) increased the forecast by 0.679 units relative to the model baseline.
495923A6-69BC-5F03-92E5-78EA32AC1FB0,2016-03-02,SAMPLE_ITEM_002,SAMPLE_CA_1,XGBoost,rolling_mean_7,4.47209620475769,-0.54200166,0.54200166,NEGATIVE,3,The recent seven-day demand average (4.47209620475769) decreased the forecast by 0.542 units relative to the model baseline.
495923A6-69BC-5F03-92E5-78EA32AC1FB0,2016-03-02,SAMPLE_ITEM_002,SAMPLE_CA_1,XGBoost,current_stock,188.0,0.49494365,0.49494365,POSITIVE,4,Current stock (188.0) increased the forecast by 0.495 units relative to the model baseline.
495923A6-69BC-5F03-92E5-78EA32AC1FB0,2016-03-02,SAMPLE_ITEM_002,SAMPLE_CA_1,XGBoost,lag_1,5.01753044128418,-0.16843118,0.16843118,NEGATIVE,5,Yesterday's demand (5.01753044128418) decreased the forecast by 0.168 units relative to the model baseline.
F9ABCC0E-5AB8-5457-8214-9FC5389E00F3,2016-03-03,SAMPLE_ITEM_002,SAMPLE_CA_1,XGBoost,days_of_supply,40.91004367774122,-0.90650862,0.90650862,NEGATIVE,1,Days of supply (40.91004367774122) decreased the forecast by 0.907 units relative to the model baseline.
F9ABCC0E-5AB8-5457-8214-9FC5389E00F3,2016-03-03,SAMPLE_ITEM_002,SAMPLE_CA_1,XGBoost,day_of_month,3,0.63162130,0.63162130,POSITIVE,2,Day of month (3) increased the forecast by 0.632 units relative to the model baseline.
F9ABCC0E-5AB8-5457-8214-9FC5389E00F3,2016-03-03,SAMPLE_ITEM_002,SAMPLE_CA_1,XGBoost,rolling_mean_7,4.595448528017316,-0.54741222,0.54741222,NEGATIVE,3,The recent seven-day demand average (4.595448528017316) decreased the forecast by 0.547 units relative to the model baseline.
F9ABCC0E-5AB8-5457-8214-9FC5389E00F3,2016-03-03,SAMPLE_ITEM_002,SAMPLE_CA_1,XGBoost,current_stock,188.0,0.45282844,0.45282844,POSITIVE,4,Current stock (188.0) increased the forecast by 0.453 units relative to the model baseline.
F9ABCC0E-5AB8-5457-8214-9FC5389E00F3,2016-03-03,SAMPLE_ITEM_002,SAMPLE_CA_1,XGBoost,lag_14,5.058747291564941,0.19966224,0.19966224,POSITIVE,5,Demand fourteen days ago (5.058747291564941) increased the forecast by 0.200 units relative to the model baseline.
5FBB70B1-0F26-5D67-A777-9D38CD6D50F8,2016-03-04,SAMPLE_ITEM_002,SAMPLE_CA_1,XGBoost,days_of_supply,39.78573013186923,-0.82341617,0.82341617,NEGATIVE,1,Days of supply (39.78573013186923) decreased the forecast by 0.823 units relative to the model baseline.
5FBB70B1-0F26-5D67-A777-9D38CD6D50F8,2016-03-04,SAMPLE_ITEM_002,SAMPLE_CA_1,XGBoost,day_of_month,4,0.68968332,0.68968332,POSITIVE,2,Day of month (4) increased the forecast by 0.690 units relative to the model baseline.
5FBB70B1-0F26-5D67-A777-9D38CD6D50F8,2016-03-04,SAMPLE_ITEM_002,SAMPLE_CA_1,XGBoost,rolling_mean_7,4.725312301090786,-0.55118817,0.55118817,NEGATIVE,3,The recent seven-day demand average (4.725312301090786) decreased the forecast by 0.551 units relative to the model baseline.
5FBB70B1-0F26-5D67-A777-9D38CD6D50F8,2016-03-04,SAMPLE_ITEM_002,SAMPLE_CA_1,XGBoost,current_stock,188.0,0.48483443,0.48483443,POSITIVE,4,Current stock (188.0) increased the forecast by 0.485 units relative to the model baseline.
5FBB70B1-0F26-5D67-A777-9D38CD6D50F8,2016-03-04,SAMPLE_ITEM_002,SAMPLE_CA_1,XGBoost,lag_1,4.907482624053955,-0.14887477,0.14887477,NEGATIVE,5,Yesterday's demand (4.907482624053955) decreased the forecast by 0.149 units relative to the model baseline.
48D94F17-EA82-577B-880B-83A4140A3DD6,2016-03-05,SAMPLE_ITEM_002,SAMPLE_CA_1,XGBoost,days_of_supply,39.18010207361302,-0.83102423,0.83102423,NEGATIVE,1,Days of supply (39.18010207361302) decreased the forecast by 0.831 units relative to the model baseline.
48D94F17-EA82-577B-880B-83A4140A3DD6,2016-03-05,SAMPLE_ITEM_002,SAMPLE_CA_1,XGBoost,day_of_month,5,0.67763567,0.67763567,POSITIVE,2,Day of month (5) increased the forecast by 0.678 units relative to the model baseline.
48D94F17-EA82-577B-880B-83A4140A3DD6,2016-03-05,SAMPLE_ITEM_002,SAMPLE_CA_1,XGBoost,rolling_mean_7,4.798354012625558,-0.60738832,0.60738832,NEGATIVE,3,The recent seven-day demand average (4.798354012625558) decreased the forecast by 0.607 units relative to the model baseline.
48D94F17-EA82-577B-880B-83A4140A3DD6,2016-03-05,SAMPLE_ITEM_002,SAMPLE_CA_1,XGBoost,current_stock,188.0,0.43901786,0.43901786,POSITIVE,4,Current stock (188.0) increased the forecast by 0.439 units relative to the model baseline.
48D94F17-EA82-577B-880B-83A4140A3DD6,2016-03-05,SAMPLE_ITEM_002,SAMPLE_CA_1,XGBoost,lag_1,5.1692705154418945,-0.17798957,0.17798957,NEGATIVE,5,Yesterday's demand (5.1692705154418945) decreased the forecast by 0.178 units relative to the model baseline.
1872C0F6-8504-5F5E-A6F9-B4131773C38E,2016-03-06,SAMPLE_ITEM_002,SAMPLE_CA_1,XGBoost,days_of_supply,38.23481708909769,-0.67898196,0.67898196,NEGATIVE,1,Days of supply (38.23481708909769) decreased the forecast by 0.679 units relative to the model baseline.
1872C0F6-8504-5F5E-A6F9-B4131773C38E,2016-03-06,SAMPLE_ITEM_002,SAMPLE_CA_1,XGBoost,day_of_month,6,0.58015198,0.58015198,POSITIVE,2,Day of month (6) increased the forecast by 0.580 units relative to the model baseline.
1872C0F6-8504-5F5E-A6F9-B4131773C38E,2016-03-06,SAMPLE_ITEM_002,SAMPLE_CA_1,XGBoost,rolling_mean_7,4.916984421866281,-0.53926665,0.53926665,NEGATIVE,3,The recent seven-day demand average (4.916984421866281) decreased the forecast by 0.539 units relative to the model baseline.
1872C0F6-8504-5F5E-A6F9-B4131773C38E,2016-03-06,SAMPLE_ITEM_002,SAMPLE_CA_1,XGBoost,current_stock,188.0,0.50159425,0.50159425,POSITIVE,4,Current stock (188.0) increased the forecast by 0.502 units relative to the model baseline.
1872C0F6-8504-5F5E-A6F9-B4131773C38E,2016-03-06,SAMPLE_ITEM_002,SAMPLE_CA_1,XGBoost,day_of_week,6,0.49290764,0.49290764,POSITIVE,5,The day of week (6) increased the forecast by 0.493 units relative to the model baseline.
9E3784EB-A480-5EA4-AB56-299822F20A52,2016-03-07,SAMPLE_ITEM_002,SAMPLE_CA_1,XGBoost,days_of_supply,37.28392713962585,-0.79576612,0.79576612,NEGATIVE,1,Days of supply (37.28392713962585) decreased the forecast by 0.796 units relative to the model baseline.
9E3784EB-A480-5EA4-AB56-299822F20A52,2016-03-07,SAMPLE_ITEM_002,SAMPLE_CA_1,XGBoost,day_of_month,7,0.71731025,0.71731025,POSITIVE,2,Day of month (7) increased the forecast by 0.717 units relative to the model baseline.
9E3784EB-A480-5EA4-AB56-299822F20A52,2016-03-07,SAMPLE_ITEM_002,SAMPLE_CA_1,XGBoost,current_stock,188.0,0.42442963,0.42442963,POSITIVE,3,Current stock (188.0) increased the forecast by 0.424 units relative to the model baseline.
9E3784EB-A480-5EA4-AB56-299822F20A52,2016-03-07,SAMPLE_ITEM_002,SAMPLE_CA_1,XGBoost,rolling_mean_7,5.042387281145368,0.23712218,0.23712218,POSITIVE,4,The recent seven-day demand average (5.042387281145368) increased the forecast by 0.237 units relative to the model baseline.
9E3784EB-A480-5EA4-AB56-299822F20A52,2016-03-07,SAMPLE_ITEM_002,SAMPLE_CA_1,XGBoost,price_change_percentage,0.0,0.14924043,0.14924043,POSITIVE,5,Price change percentage (0.0) increased the forecast by 0.149 units relative to the model baseline.
6D86A379-99E5-55B2-95EE-491BC679CAE9,2016-03-08,SAMPLE_ITEM_002,SAMPLE_CA_1,XGBoost,days_of_supply,35.659151300032455,-0.74463904,0.74463904,NEGATIVE,1,Days of supply (35.659151300032455) decreased the forecast by 0.745 units relative to the model baseline.
6D86A379-99E5-55B2-95EE-491BC679CAE9,2016-03-08,SAMPLE_ITEM_002,SAMPLE_CA_1,XGBoost,day_of_month,8,0.68650419,0.68650419,POSITIVE,2,Day of month (8) increased the forecast by 0.687 units relative to the model baseline.
6D86A379-99E5-55B2-95EE-491BC679CAE9,2016-03-08,SAMPLE_ITEM_002,SAMPLE_CA_1,XGBoost,current_stock,188.0,0.42246026,0.42246026,POSITIVE,3,Current stock (188.0) increased the forecast by 0.422 units relative to the model baseline.
6D86A379-99E5-55B2-95EE-491BC679CAE9,2016-03-08,SAMPLE_ITEM_002,SAMPLE_CA_1,XGBoost,rolling_mean_7,5.272138936179025,0.23132946,0.23132946,POSITIVE,4,The recent seven-day demand average (5.272138936179025) increased the forecast by 0.231 units relative to the model baseline.
6D86A379-99E5-55B2-95EE-491BC679CAE9,2016-03-08,SAMPLE_ITEM_002,SAMPLE_CA_1,XGBoost,price_change_percentage,0.0,0.16614270,0.16614270,POSITIVE,5,Price change percentage (0.0) increased the forecast by 0.166 units relative to the model baseline.
00D845BC-4071-5B5A-A0F5-28D1AC0BEFBF,2016-03-09,SAMPLE_ITEM_002,SAMPLE_CA_1,XGBoost,days_of_supply,35.015700841683014,-0.75098443,0.75098443,NEGATIVE,1,Days of supply (35.015700841683014) decreased the forecast by 0.751 units relative to the model baseline.
00D845BC-4071-5B5A-A0F5-28D1AC0BEFBF,2016-03-09,SAMPLE_ITEM_002,SAMPLE_CA_1,XGBoost,day_of_month,9,0.68922621,0.68922621,POSITIVE,2,Day of month (9) increased the forecast by 0.689 units relative to the model baseline.
00D845BC-4071-5B5A-A0F5-28D1AC0BEFBF,2016-03-09,SAMPLE_ITEM_002,SAMPLE_CA_1,XGBoost,current_stock,188.0,0.40420181,0.40420181,POSITIVE,3,Current stock (188.0) increased the forecast by 0.404 units relative to the model baseline.
00D845BC-4071-5B5A-A0F5-28D1AC0BEFBF,2016-03-09,SAMPLE_ITEM_002,SAMPLE_CA_1,XGBoost,rolling_mean_7,5.369020053318569,0.20760040,0.20760040,POSITIVE,4,The recent seven-day demand average (5.369020053318569) increased the forecast by 0.208 units relative to the model baseline.
00D845BC-4071-5B5A-A0F5-28D1AC0BEFBF,2016-03-09,SAMPLE_ITEM_002,SAMPLE_CA_1,XGBoost,price_change_percentage,0.0,0.16508129,0.16508129,POSITIVE,5,Price change percentage (0.0) increased the forecast by 0.165 units relative to the model baseline.
3F239A41-E49B-53C2-9A65-ACA8C0A862CC,2016-03-10,SAMPLE_ITEM_002,SAMPLE_CA_1,XGBoost,day_of_month,10,0.75793421,0.75793421,POSITIVE,1,Day of month (10) increased the forecast by 0.758 units relative to the model baseline.
3F239A41-E49B-53C2-9A65-ACA8C0A862CC,2016-03-10,SAMPLE_ITEM_002,SAMPLE_CA_1,XGBoost,days_of_supply,34.401903334992106,-0.75534505,0.75534505,NEGATIVE,2,Days of supply (34.401903334992106) decreased the forecast by 0.755 units relative to the model baseline.
3F239A41-E49B-53C2-9A65-ACA8C0A862CC,2016-03-10,SAMPLE_ITEM_002,SAMPLE_CA_1,XGBoost,current_stock,188.0,0.40743506,0.40743506,POSITIVE,3,Current stock (188.0) increased the forecast by 0.407 units relative to the model baseline.
3F239A41-E49B-53C2-9A65-ACA8C0A862CC,2016-03-10,SAMPLE_ITEM_002,SAMPLE_CA_1,XGBoost,rolling_mean_7,5.4648139136178155,0.21700963,0.21700963,POSITIVE,4,The recent seven-day demand average (5.4648139136178155) increased the forecast by 0.217 units relative to the model baseline.
3F239A41-E49B-53C2-9A65-ACA8C0A862CC,2016-03-10,SAMPLE_ITEM_002,SAMPLE_CA_1,XGBoost,price_change_percentage,0.0,0.17397498,0.17397498,POSITIVE,5,Price change percentage (0.0) increased the forecast by 0.174 units relative to the model baseline.
322DC2A5-AF4F-58DD-94A5-E8EF36EF0FCC,2016-03-11,SAMPLE_ITEM_002,SAMPLE_CA_1,XGBoost,days_of_supply,33.69535478160094,-0.71864140,0.71864140,NEGATIVE,1,Days of supply (33.69535478160094) decreased the forecast by 0.719 units relative to the model baseline.
322DC2A5-AF4F-58DD-94A5-E8EF36EF0FCC,2016-03-11,SAMPLE_ITEM_002,SAMPLE_CA_1,XGBoost,day_of_month,11,0.69871289,0.69871289,POSITIVE,2,Day of month (11) increased the forecast by 0.699 units relative to the model baseline.
322DC2A5-AF4F-58DD-94A5-E8EF36EF0FCC,2016-03-11,SAMPLE_ITEM_002,SAMPLE_CA_1,XGBoost,current_stock,188.0,0.40743506,0.40743506,POSITIVE,3,Current stock (188.0) increased the forecast by 0.407 units relative to the model baseline.
322DC2A5-AF4F-58DD-94A5-E8EF36EF0FCC,2016-03-11,SAMPLE_ITEM_002,SAMPLE_CA_1,XGBoost,rolling_mean_7,5.579404081617083,0.20834671,0.20834671,POSITIVE,4,The recent seven-day demand average (5.579404081617083) increased the forecast by 0.208 units relative to the model baseline.
322DC2A5-AF4F-58DD-94A5-E8EF36EF0FCC,2016-03-11,SAMPLE_ITEM_002,SAMPLE_CA_1,XGBoost,price_change_percentage,0.0,0.17058037,0.17058037,POSITIVE,5,Price change percentage (0.0) increased the forecast by 0.171 units relative to the model baseline.
13EF2F81-BF77-50C4-983B-A2071AF981AF,2016-03-12,SAMPLE_ITEM_002,SAMPLE_CA_1,XGBoost,day_of_month,12,0.75700647,0.75700647,POSITIVE,1,Day of month (12) increased the forecast by 0.757 units relative to the model baseline.
13EF2F81-BF77-50C4-983B-A2071AF981AF,2016-03-12,SAMPLE_ITEM_002,SAMPLE_CA_1,XGBoost,days_of_supply,33.43885390470862,-0.72209704,0.72209704,NEGATIVE,2,Days of supply (33.43885390470862) decreased the forecast by 0.722 units relative to the model baseline.
13EF2F81-BF77-50C4-983B-A2071AF981AF,2016-03-12,SAMPLE_ITEM_002,SAMPLE_CA_1,XGBoost,current_stock,188.0,0.40058818,0.40058818,POSITIVE,3,Current stock (188.0) increased the forecast by 0.401 units relative to the model baseline.
13EF2F81-BF77-50C4-983B-A2071AF981AF,2016-03-12,SAMPLE_ITEM_002,SAMPLE_CA_1,XGBoost,rolling_mean_7,5.622202260153634,0.27645001,0.27645001,POSITIVE,4,The recent seven-day demand average (5.622202260153634) increased the forecast by 0.276 units relative to the model baseline.
13EF2F81-BF77-50C4-983B-A2071AF981AF,2016-03-12,SAMPLE_ITEM_002,SAMPLE_CA_1,XGBoost,price_change_percentage,0.0,0.17510135,0.17510135,POSITIVE,5,Price change percentage (0.0) increased the forecast by 0.175 units relative to the model baseline.
2B6F8A72-3A31-52E7-9E4D-9C02ED191013,2016-03-13,SAMPLE_ITEM_002,SAMPLE_CA_1,XGBoost,day_of_month,13,0.68946427,0.68946427,POSITIVE,1,Day of month (13) increased the forecast by 0.689 units relative to the model baseline.
2B6F8A72-3A31-52E7-9E4D-9C02ED191013,2016-03-13,SAMPLE_ITEM_002,SAMPLE_CA_1,XGBoost,days_of_supply,32.68177961072919,-0.51681447,0.51681447,NEGATIVE,2,Days of supply (32.68177961072919) decreased the forecast by 0.517 units relative to the model baseline.
2B6F8A72-3A31-52E7-9E4D-9C02ED191013,2016-03-13,SAMPLE_ITEM_002,SAMPLE_CA_1,XGBoost,current_stock,188.0,0.48355159,0.48355159,POSITIVE,3,Current stock (188.0) increased the forecast by 0.484 units relative to the model baseline.
2B6F8A72-3A31-52E7-9E4D-9C02ED191013,2016-03-13,SAMPLE_ITEM_002,SAMPLE_CA_1,XGBoost,day_of_week,6,0.41688704,0.41688704,POSITIVE,4,The day of week (6) increased the forecast by 0.417 units relative to the model baseline.
2B6F8A72-3A31-52E7-9E4D-9C02ED191013,2016-03-13,SAMPLE_ITEM_002,SAMPLE_CA_1,XGBoost,rolling_mean_7,5.7524407250540595,0.31600049,0.31600049,POSITIVE,5,The recent seven-day demand average (5.7524407250540595) increased the forecast by 0.316 units relative to the model baseline.
AD2EDE7B-9359-504B-8F50-730D3882D217,2016-03-14,SAMPLE_ITEM_002,SAMPLE_CA_1,XGBoost,days_of_supply,32.29690970695993,-0.69319135,0.69319135,NEGATIVE,1,Days of supply (32.29690970695993) decreased the forecast by 0.693 units relative to the model baseline.
AD2EDE7B-9359-504B-8F50-730D3882D217,2016-03-14,SAMPLE_ITEM_002,SAMPLE_CA_1,XGBoost,day_of_month,14,0.68382913,0.68382913,POSITIVE,2,Day of month (14) increased the forecast by 0.684 units relative to the model baseline.
AD2EDE7B-9359-504B-8F50-730D3882D217,2016-03-14,SAMPLE_ITEM_002,SAMPLE_CA_1,XGBoost,current_stock,188.0,0.38205022,0.38205022,POSITIVE,3,Current stock (188.0) increased the forecast by 0.382 units relative to the model baseline.
AD2EDE7B-9359-504B-8F50-730D3882D217,2016-03-14,SAMPLE_ITEM_002,SAMPLE_CA_1,XGBoost,rolling_mean_7,5.8209903580801825,0.28389436,0.28389436,POSITIVE,4,The recent seven-day demand average (5.8209903580801825) increased the forecast by 0.284 units relative to the model baseline.
AD2EDE7B-9359-504B-8F50-730D3882D217,2016-03-14,SAMPLE_ITEM_002,SAMPLE_CA_1,XGBoost,lag_1,6.347668170928955,-0.20079590,0.20079590,NEGATIVE,5,Yesterday's demand (6.347668170928955) decreased the forecast by 0.201 units relative to the model baseline.
EDFA7D83-7E40-57C2-95E5-E13ACEC06F9A,2016-03-15,SAMPLE_ITEM_002,SAMPLE_CA_1,XGBoost,days_of_supply,32.66363104270812,-0.78440726,0.78440726,NEGATIVE,1,Days of supply (32.66363104270812) decreased the forecast by 0.784 units relative to the model baseline.
EDFA7D83-7E40-57C2-95E5-E13ACEC06F9A,2016-03-15,SAMPLE_ITEM_002,SAMPLE_CA_1,XGBoost,day_of_month,15,0.65412641,0.65412641,POSITIVE,2,Day of month (15) increased the forecast by 0.654 units relative to the model baseline.
EDFA7D83-7E40-57C2-95E5-E13ACEC06F9A,2016-03-15,SAMPLE_ITEM_002,SAMPLE_CA_1,XGBoost,current_stock,188.0,0.38185424,0.38185424,POSITIVE,3,Current stock (188.0) increased the forecast by 0.382 units relative to the model baseline.
EDFA7D83-7E40-57C2-95E5-E13ACEC06F9A,2016-03-15,SAMPLE_ITEM_002,SAMPLE_CA_1,XGBoost,rolling_mean_7,5.7556368964059015,0.32064003,0.32064003,POSITIVE,4,The recent seven-day demand average (5.7556368964059015) increased the forecast by 0.321 units relative to the model baseline.
EDFA7D83-7E40-57C2-95E5-E13ACEC06F9A,2016-03-15,SAMPLE_ITEM_002,SAMPLE_CA_1,XGBoost,lag_14,5.01753044128418,0.24366502,0.24366502,POSITIVE,5,Demand fourteen days ago (5.01753044128418) increased the forecast by 0.244 units relative to the model baseline.
1E057172-6D98-5CD0-AC26-EE53F4F5B310,2016-03-16,SAMPLE_ITEM_002,SAMPLE_CA_1,XGBoost,days_of_supply,32.609923334686165,-0.81196135,0.81196135,NEGATIVE,1,Days of supply (32.609923334686165) decreased the forecast by 0.812 units relative to the model baseline.
1E057172-6D98-5CD0-AC26-EE53F4F5B310,2016-03-16,SAMPLE_ITEM_002,SAMPLE_CA_1,XGBoost,current_stock,188.0,0.38875160,0.38875160,POSITIVE,2,Current stock (188.0) increased the forecast by 0.389 units relative to the model baseline.
1E057172-6D98-5CD0-AC26-EE53F4F5B310,2016-03-16,SAMPLE_ITEM_002,SAMPLE_CA_1,XGBoost,rolling_mean_7,5.765116282871792,0.34384054,0.34384054,POSITIVE,3,The recent seven-day demand average (5.765116282871792) increased the forecast by 0.344 units relative to the model baseline.
1E057172-6D98-5CD0-AC26-EE53F4F5B310,2016-03-16,SAMPLE_ITEM_002,SAMPLE_CA_1,XGBoost,lag_14,5.033847332000732,0.26843253,0.26843253,POSITIVE,4,Demand fourteen days ago (5.033847332000732) increased the forecast by 0.268 units relative to the model baseline.
1E057172-6D98-5CD0-AC26-EE53F4F5B310,2016-03-16,SAMPLE_ITEM_002,SAMPLE_CA_1,XGBoost,price_change_percentage,0.0,0.22636393,0.22636393,POSITIVE,5,Price change percentage (0.0) increased the forecast by 0.226 units relative to the model baseline.
D6395FD4-7CF8-5E8D-BC93-AE536E67A827,2016-03-17,SAMPLE_ITEM_002,SAMPLE_CA_1,XGBoost,days_of_supply,32.841894652904145,-0.64988917,0.64988917,NEGATIVE,1,Days of supply (32.841894652904145) decreased the forecast by 0.650 units relative to the model baseline.
D6395FD4-7CF8-5E8D-BC93-AE536E67A827,2016-03-17,SAMPLE_ITEM_002,SAMPLE_CA_1,XGBoost,current_stock,188.0,0.43665916,0.43665916,POSITIVE,2,Current stock (188.0) increased the forecast by 0.437 units relative to the model baseline.
D6395FD4-7CF8-5E8D-BC93-AE536E67A827,2016-03-17,SAMPLE_ITEM_002,SAMPLE_CA_1,XGBoost,rolling_mean_7,5.724395683833531,0.26833004,0.26833004,POSITIVE,3,The recent seven-day demand average (5.724395683833531) increased the forecast by 0.268 units relative to the model baseline.
D6395FD4-7CF8-5E8D-BC93-AE536E67A827,2016-03-17,SAMPLE_ITEM_002,SAMPLE_CA_1,XGBoost,price_change_percentage,0.0,0.21042623,0.21042623,POSITIVE,4,Price change percentage (0.0) increased the forecast by 0.210 units relative to the model baseline.
D6395FD4-7CF8-5E8D-BC93-AE536E67A827,2016-03-17,SAMPLE_ITEM_002,SAMPLE_CA_1,XGBoost,day_of_week,3,-0.16948132,0.16948132,NEGATIVE,5,The day of week (3) decreased the forecast by 0.169 units relative to the model baseline.
1E80613D-0DC8-57DB-9616-B83205043EEE,2016-03-18,SAMPLE_ITEM_002,SAMPLE_CA_1,XGBoost,days_of_supply,33.51100255554522,-0.76250476,0.76250476,NEGATIVE,1,Days of supply (33.51100255554522) decreased the forecast by 0.763 units relative to the model baseline.
1E80613D-0DC8-57DB-9616-B83205043EEE,2016-03-18,SAMPLE_ITEM_002,SAMPLE_CA_1,XGBoost,current_stock,188.0,0.41983593,0.41983593,POSITIVE,2,Current stock (188.0) increased the forecast by 0.420 units relative to the model baseline.
1E80613D-0DC8-57DB-9616-B83205043EEE,2016-03-18,SAMPLE_ITEM_002,SAMPLE_CA_1,XGBoost,lag_14,5.1692705154418945,0.27200648,0.27200648,POSITIVE,3,Demand fourteen days ago (5.1692705154418945) increased the forecast by 0.272 units relative to the model baseline.
1E80613D-0DC8-57DB-9616-B83205043EEE,2016-03-18,SAMPLE_ITEM_002,SAMPLE_CA_1,XGBoost,price_change_percentage,0.0,0.23166959,0.23166959,POSITIVE,4,Price change percentage (0.0) increased the forecast by 0.232 units relative to the model baseline.
1E80613D-0DC8-57DB-9616-B83205043EEE,2016-03-18,SAMPLE_ITEM_002,SAMPLE_CA_1,XGBoost,rolling_mean_7,5.610097748892648,0.19141731,0.19141731,POSITIVE,5,The recent seven-day demand average (5.610097748892648) increased the forecast by 0.191 units relative to the model baseline.
27058363-1BB5-556B-BEF3-B4738D0C77CD,2016-03-19,SAMPLE_ITEM_002,SAMPLE_CA_1,XGBoost,days_of_supply,33.81073090566457,-0.70633942,0.70633942,NEGATIVE,1,Days of supply (33.81073090566457) decreased the forecast by 0.706 units relative to the model baseline.
27058363-1BB5-556B-BEF3-B4738D0C77CD,2016-03-19,SAMPLE_ITEM_002,SAMPLE_CA_1,XGBoost,current_stock,188.0,0.42981228,0.42981228,POSITIVE,2,Current stock (188.0) increased the forecast by 0.430 units relative to the model baseline.
27058363-1BB5-556B-BEF3-B4738D0C77CD,2016-03-19,SAMPLE_ITEM_002,SAMPLE_CA_1,XGBoost,price_change_percentage,0.0,0.21155261,0.21155261,POSITIVE,3,Price change percentage (0.0) increased the forecast by 0.212 units relative to the model baseline.
27058363-1BB5-556B-BEF3-B4738D0C77CD,2016-03-19,SAMPLE_ITEM_002,SAMPLE_CA_1,XGBoost,rolling_mean_7,5.560364859444754,0.20527868,0.20527868,POSITIVE,4,The recent seven-day demand average (5.560364859444754) increased the forecast by 0.205 units relative to the model baseline.
27058363-1BB5-556B-BEF3-B4738D0C77CD,2016-03-19,SAMPLE_ITEM_002,SAMPLE_CA_1,XGBoost,day_of_month,19,-0.14697494,0.14697494,NEGATIVE,5,Day of month (19) decreased the forecast by 0.147 units relative to the model baseline.
7787F6BF-B242-501C-BAA0-8751137AB6AE,2016-03-20,SAMPLE_ITEM_002,SAMPLE_CA_1,XGBoost,days_of_supply,34.90380592281555,-0.57888430,0.57888430,NEGATIVE,1,Days of supply (34.90380592281555) decreased the forecast by 0.579 units relative to the model baseline.
7787F6BF-B242-501C-BAA0-8751137AB6AE,2016-03-20,SAMPLE_ITEM_002,SAMPLE_CA_1,XGBoost,current_stock,188.0,0.49640450,0.49640450,POSITIVE,2,Current stock (188.0) increased the forecast by 0.496 units relative to the model baseline.
7787F6BF-B242-501C-BAA0-8751137AB6AE,2016-03-20,SAMPLE_ITEM_002,SAMPLE_CA_1,XGBoost,day_of_week,6,0.42314422,0.42314422,POSITIVE,3,The day of week (6) increased the forecast by 0.423 units relative to the model baseline.
7787F6BF-B242-501C-BAA0-8751137AB6AE,2016-03-20,SAMPLE_ITEM_002,SAMPLE_CA_1,XGBoost,lag_14,5.867820739746094,0.25778091,0.25778091,POSITIVE,4,Demand fourteen days ago (5.867820739746094) increased the forecast by 0.258 units relative to the model baseline.
7787F6BF-B242-501C-BAA0-8751137AB6AE,2016-03-20,SAMPLE_ITEM_002,SAMPLE_CA_1,XGBoost,price_change_percentage,0.0,0.23405232,0.23405232,POSITIVE,5,Price change percentage (0.0) increased the forecast by 0.234 units relative to the model baseline.
50540763-0889-5E28-93E3-3C7C4F83F87E,2016-03-21,SAMPLE_ITEM_002,SAMPLE_CA_1,XGBoost,days_of_supply,35.69296435072349,-0.85773426,0.85773426,NEGATIVE,1,Days of supply (35.69296435072349) decreased the forecast by 0.858 units relative to the model baseline.
50540763-0889-5E28-93E3-3C7C4F83F87E,2016-03-21,SAMPLE_ITEM_002,SAMPLE_CA_1,XGBoost,day_of_month,21,-0.43188530,0.43188530,NEGATIVE,2,Day of month (21) decreased the forecast by 0.432 units relative to the model baseline.
50540763-0889-5E28-93E3-3C7C4F83F87E,2016-03-21,SAMPLE_ITEM_002,SAMPLE_CA_1,XGBoost,current_stock,188.0,0.42745778,0.42745778,POSITIVE,3,Current stock (188.0) increased the forecast by 0.427 units relative to the model baseline.
50540763-0889-5E28-93E3-3C7C4F83F87E,2016-03-21,SAMPLE_ITEM_002,SAMPLE_CA_1,XGBoost,lag_14,5.971875190734863,0.27886966,0.27886966,POSITIVE,4,Demand fourteen days ago (5.971875190734863) increased the forecast by 0.279 units relative to the model baseline.
50540763-0889-5E28-93E3-3C7C4F83F87E,2016-03-21,SAMPLE_ITEM_002,SAMPLE_CA_1,XGBoost,price_change_percentage,0.0,0.25234357,0.25234357,POSITIVE,5,Price change percentage (0.0) increased the forecast by 0.252 units relative to the model baseline.
47247555-2124-5F9F-A663-1123656DD284,2016-03-22,SAMPLE_ITEM_002,SAMPLE_CA_1,XGBoost,days_of_supply,36.56018117865746,-0.86395186,0.86395186,NEGATIVE,1,Days of supply (36.56018117865746) decreased the forecast by 0.864 units relative to the model baseline.
47247555-2124-5F9F-A663-1123656DD284,2016-03-22,SAMPLE_ITEM_002,SAMPLE_CA_1,XGBoost,day_of_month,22,-0.43001083,0.43001083,NEGATIVE,2,Day of month (22) decreased the forecast by 0.430 units relative to the model baseline.
47247555-2124-5F9F-A663-1123656DD284,2016-03-22,SAMPLE_ITEM_002,SAMPLE_CA_1,XGBoost,current_stock,188.0,0.42745778,0.42745778,POSITIVE,3,Current stock (188.0) increased the forecast by 0.427 units relative to the model baseline.
47247555-2124-5F9F-A663-1123656DD284,2016-03-22,SAMPLE_ITEM_002,SAMPLE_CA_1,XGBoost,lag_14,5.695698261260986,0.27518997,0.27518997,POSITIVE,4,Demand fourteen days ago (5.695698261260986) increased the forecast by 0.275 units relative to the model baseline.
47247555-2124-5F9F-A663-1123656DD284,2016-03-22,SAMPLE_ITEM_002,SAMPLE_CA_1,XGBoost,price_change_percentage,0.0,0.25281450,0.25281450,POSITIVE,5,Price change percentage (0.0) increased the forecast by 0.253 units relative to the model baseline.
2DB10027-2461-5DE1-8B68-17FC73F20186,2016-03-23,SAMPLE_ITEM_002,SAMPLE_CA_1,XGBoost,days_of_supply,37.743624664275714,-0.91288447,0.91288447,NEGATIVE,1,Days of supply (37.743624664275714) decreased the forecast by 0.913 units relative to the model baseline.
2DB10027-2461-5DE1-8B68-17FC73F20186,2016-03-23,SAMPLE_ITEM_002,SAMPLE_CA_1,XGBoost,current_stock,188.0,0.48228461,0.48228461,POSITIVE,2,Current stock (188.0) increased the forecast by 0.482 units relative to the model baseline.
2DB10027-2461-5DE1-8B68-17FC73F20186,2016-03-23,SAMPLE_ITEM_002,SAMPLE_CA_1,XGBoost,rolling_mean_7,4.980973652430943,-0.44193998,0.44193998,NEGATIVE,3,The recent seven-day demand average (4.980973652430943) decreased the forecast by 0.442 units relative to the model baseline.
2DB10027-2461-5DE1-8B68-17FC73F20186,2016-03-23,SAMPLE_ITEM_002,SAMPLE_CA_1,XGBoost,day_of_month,23,-0.38628054,0.38628054,NEGATIVE,4,Day of month (23) decreased the forecast by 0.386 units relative to the model baseline.
2DB10027-2461-5DE1-8B68-17FC73F20186,2016-03-23,SAMPLE_ITEM_002,SAMPLE_CA_1,XGBoost,lag_14,5.704404354095459,0.27008575,0.27008575,POSITIVE,5,Demand fourteen days ago (5.704404354095459) increased the forecast by 0.270 units relative to the model baseline.
B1A02A3A-629C-5557-89C7-C3084E4FE762,2016-03-24,SAMPLE_ITEM_002,SAMPLE_CA_1,XGBoost,days_of_supply,39.27378301275409,-0.91285342,0.91285342,NEGATIVE,1,Days of supply (39.27378301275409) decreased the forecast by 0.913 units relative to the model baseline.
B1A02A3A-629C-5557-89C7-C3084E4FE762,2016-03-24,SAMPLE_ITEM_002,SAMPLE_CA_1,XGBoost,current_stock,188.0,0.48551789,0.48551789,POSITIVE,2,Current stock (188.0) increased the forecast by 0.486 units relative to the model baseline.
B1A02A3A-629C-5557-89C7-C3084E4FE762,2016-03-24,SAMPLE_ITEM_002,SAMPLE_CA_1,XGBoost,rolling_mean_7,4.786908354078021,-0.46421370,0.46421370,NEGATIVE,3,The recent seven-day demand average (4.786908354078021) decreased the forecast by 0.464 units relative to the model baseline.
B1A02A3A-629C-5557-89C7-C3084E4FE762,2016-03-24,SAMPLE_ITEM_002,SAMPLE_CA_1,XGBoost,day_of_month,24,-0.39233029,0.39233029,NEGATIVE,4,Day of month (24) decreased the forecast by 0.392 units relative to the model baseline.
B1A02A3A-629C-5557-89C7-C3084E4FE762,2016-03-24,SAMPLE_ITEM_002,SAMPLE_CA_1,XGBoost,lag_14,5.709613800048828,0.26892790,0.26892790,POSITIVE,5,Demand fourteen days ago (5.709613800048828) increased the forecast by 0.269 units relative to the model baseline.
7655007A-BC62-5913-9C29-BE27995DF080,2016-03-25,SAMPLE_ITEM_002,SAMPLE_CA_1,XGBoost,days_of_supply,40.23634920696246,-0.90886897,0.90886897,NEGATIVE,1,Days of supply (40.23634920696246) decreased the forecast by 0.909 units relative to the model baseline.
7655007A-BC62-5913-9C29-BE27995DF080,2016-03-25,SAMPLE_ITEM_002,SAMPLE_CA_1,XGBoost,current_stock,188.0,0.48551789,0.48551789,POSITIVE,2,Current stock (188.0) increased the forecast by 0.486 units relative to the model baseline.
7655007A-BC62-5913-9C29-BE27995DF080,2016-03-25,SAMPLE_ITEM_002,SAMPLE_CA_1,XGBoost,rolling_mean_7,4.6723920958382745,-0.45346856,0.45346856,NEGATIVE,3,The recent seven-day demand average (4.6723920958382745) decreased the forecast by 0.453 units relative to the model baseline.
7655007A-BC62-5913-9C29-BE27995DF080,2016-03-25,SAMPLE_ITEM_002,SAMPLE_CA_1,XGBoost,day_of_month,25,-0.38678733,0.38678733,NEGATIVE,4,Day of month (25) decreased the forecast by 0.387 units relative to the model baseline.
7655007A-BC62-5913-9C29-BE27995DF080,2016-03-25,SAMPLE_ITEM_002,SAMPLE_CA_1,XGBoost,lag_14,5.468857765197754,0.26827043,0.26827043,POSITIVE,5,Demand fourteen days ago (5.468857765197754) increased the forecast by 0.268 units relative to the model baseline.
6AA4BE39-66A0-5E6C-ABFA-49A5344611A3,2016-03-26,SAMPLE_ITEM_002,SAMPLE_CA_1,XGBoost,days_of_supply,41.43663270992781,-0.91647702,0.91647702,NEGATIVE,1,Days of supply (41.43663270992781) decreased the forecast by 0.916 units relative to the model baseline.
6AA4BE39-66A0-5E6C-ABFA-49A5344611A3,2016-03-26,SAMPLE_ITEM_002,SAMPLE_CA_1,XGBoost,rolling_mean_7,4.537048203604562,-0.51901972,0.51901972,NEGATIVE,2,The recent seven-day demand average (4.537048203604562) decreased the forecast by 0.519 units relative to the model baseline.
6AA4BE39-66A0-5E6C-ABFA-49A5344611A3,2016-03-26,SAMPLE_ITEM_002,SAMPLE_CA_1,XGBoost,current_stock,188.0,0.45304385,0.45304385,POSITIVE,3,Current stock (188.0) increased the forecast by 0.453 units relative to the model baseline.
6AA4BE39-66A0-5E6C-ABFA-49A5344611A3,2016-03-26,SAMPLE_ITEM_002,SAMPLE_CA_1,XGBoost,day_of_month,26,-0.38498133,0.38498133,NEGATIVE,4,Day of month (26) decreased the forecast by 0.385 units relative to the model baseline.
6AA4BE39-66A0-5E6C-ABFA-49A5344611A3,2016-03-26,SAMPLE_ITEM_002,SAMPLE_CA_1,XGBoost,lag_14,5.848814964294434,0.26472133,0.26472133,POSITIVE,5,Demand fourteen days ago (5.848814964294434) increased the forecast by 0.265 units relative to the model baseline.
CB9B3B35-2507-5EB7-AE7D-923994DF7199,2016-03-27,SAMPLE_ITEM_002,SAMPLE_CA_1,XGBoost,days_of_supply,42.130625650283285,-0.68296397,0.68296397,NEGATIVE,1,Days of supply (42.130625650283285) decreased the forecast by 0.683 units relative to the model baseline.
CB9B3B35-2507-5EB7-AE7D-923994DF7199,2016-03-27,SAMPLE_ITEM_002,SAMPLE_CA_1,XGBoost,current_stock,188.0,0.53298712,0.53298712,POSITIVE,2,Current stock (188.0) increased the forecast by 0.533 units relative to the model baseline.
CB9B3B35-2507-5EB7-AE7D-923994DF7199,2016-03-27,SAMPLE_ITEM_002,SAMPLE_CA_1,XGBoost,day_of_week,6,0.50825524,0.50825524,POSITIVE,3,The day of week (6) increased the forecast by 0.508 units relative to the model baseline.
CB9B3B35-2507-5EB7-AE7D-923994DF7199,2016-03-27,SAMPLE_ITEM_002,SAMPLE_CA_1,XGBoost,rolling_mean_7,4.462312085287912,-0.45432970,0.45432970,NEGATIVE,4,The recent seven-day demand average (4.462312085287912) decreased the forecast by 0.454 units relative to the model baseline.
CB9B3B35-2507-5EB7-AE7D-923994DF7199,2016-03-27,SAMPLE_ITEM_002,SAMPLE_CA_1,XGBoost,day_of_month,27,-0.37106642,0.37106642,NEGATIVE,5,Day of month (27) decreased the forecast by 0.371 units relative to the model baseline.
E78700E6-B339-5FDB-A67C-A023A71A7A9C,2016-03-28,SAMPLE_ITEM_002,SAMPLE_CA_1,XGBoost,days_of_supply,42.84951830367175,-0.89301211,0.89301211,NEGATIVE,1,Days of supply (42.84951830367175) decreased the forecast by 0.893 units relative to the model baseline.
E78700E6-B339-5FDB-A67C-A023A71A7A9C,2016-03-28,SAMPLE_ITEM_002,SAMPLE_CA_1,XGBoost,current_stock,188.0,0.49010280,0.49010280,POSITIVE,2,Current stock (188.0) increased the forecast by 0.490 units relative to the model baseline.
E78700E6-B339-5FDB-A67C-A023A71A7A9C,2016-03-28,SAMPLE_ITEM_002,SAMPLE_CA_1,XGBoost,rolling_mean_7,4.387447220938546,-0.40265256,0.40265256,NEGATIVE,3,The recent seven-day demand average (4.387447220938546) decreased the forecast by 0.403 units relative to the model baseline.
E78700E6-B339-5FDB-A67C-A023A71A7A9C,2016-03-28,SAMPLE_ITEM_002,SAMPLE_CA_1,XGBoost,day_of_month,28,-0.38331491,0.38331491,NEGATIVE,4,Day of month (28) decreased the forecast by 0.383 units relative to the model baseline.
E78700E6-B339-5FDB-A67C-A023A71A7A9C,2016-03-28,SAMPLE_ITEM_002,SAMPLE_CA_1,XGBoost,lag_14,5.514400959014893,0.26558837,0.26558837,POSITIVE,5,Demand fourteen days ago (5.514400959014893) increased the forecast by 0.266 units relative to the model baseline.
3835DC0C-B0D8-53FD-9561-74603CD79FE0,2016-03-29,SAMPLE_ITEM_002,SAMPLE_CA_1,XGBoost,days_of_supply,43.18749961563412,-0.89922971,0.89922971,NEGATIVE,1,Days of supply (43.18749961563412) decreased the forecast by 0.899 units relative to the model baseline.
3835DC0C-B0D8-53FD-9561-74603CD79FE0,2016-03-29,SAMPLE_ITEM_002,SAMPLE_CA_1,XGBoost,current_stock,188.0,0.49010280,0.49010280,POSITIVE,2,Current stock (188.0) increased the forecast by 0.490 units relative to the model baseline.
3835DC0C-B0D8-53FD-9561-74603CD79FE0,2016-03-29,SAMPLE_ITEM_002,SAMPLE_CA_1,XGBoost,rolling_mean_7,4.353111471448626,-0.48733979,0.48733979,NEGATIVE,3,The recent seven-day demand average (4.353111471448626) decreased the forecast by 0.487 units relative to the model baseline.
3835DC0C-B0D8-53FD-9561-74603CD79FE0,2016-03-29,SAMPLE_ITEM_002,SAMPLE_CA_1,XGBoost,day_of_month,29,-0.38941294,0.38941294,NEGATIVE,4,Day of month (29) decreased the forecast by 0.389 units relative to the model baseline.
3835DC0C-B0D8-53FD-9561-74603CD79FE0,2016-03-29,SAMPLE_ITEM_002,SAMPLE_CA_1,XGBoost,lag_14,5.762053966522217,0.26243210,0.26243210,POSITIVE,5,Demand fourteen days ago (5.762053966522217) increased the forecast by 0.262 units relative to the model baseline.
93CC1856-C697-5FC6-A100-E95BB4446DE8,2016-03-30,SAMPLE_ITEM_002,SAMPLE_CA_1,XGBoost,days_of_supply,43.836607566086315,-0.90806866,0.90806866,NEGATIVE,1,Days of supply (43.836607566086315) decreased the forecast by 0.908 units relative to the model baseline.
93CC1856-C697-5FC6-A100-E95BB4446DE8,2016-03-30,SAMPLE_ITEM_002,SAMPLE_CA_1,XGBoost,current_stock,188.0,0.49562708,0.49562708,POSITIVE,2,Current stock (188.0) increased the forecast by 0.496 units relative to the model baseline.
93CC1856-C697-5FC6-A100-E95BB4446DE8,2016-03-30,SAMPLE_ITEM_002,SAMPLE_CA_1,XGBoost,rolling_mean_7,4.2886530331202914,-0.49176070,0.49176070,NEGATIVE,3,The recent seven-day demand average (4.2886530331202914) decreased the forecast by 0.492 units relative to the model baseline.
93CC1856-C697-5FC6-A100-E95BB4446DE8,2016-03-30,SAMPLE_ITEM_002,SAMPLE_CA_1,XGBoost,day_of_month,30,-0.39074451,0.39074451,NEGATIVE,4,Day of month (30) decreased the forecast by 0.391 units relative to the model baseline.
93CC1856-C697-5FC6-A100-E95BB4446DE8,2016-03-30,SAMPLE_ITEM_002,SAMPLE_CA_1,XGBoost,lag_14,5.419360160827637,0.26056793,0.26056793,POSITIVE,5,Demand fourteen days ago (5.419360160827637) increased the forecast by 0.261 units relative to the model baseline.
B4E4A7C8-A385-559A-A9B2-6BCB453ACCB2,2016-03-31,SAMPLE_ITEM_002,SAMPLE_CA_1,XGBoost,days_of_supply,43.66901950342403,-0.82336694,0.82336694,NEGATIVE,1,Days of supply (43.66901950342403) decreased the forecast by 0.823 units relative to the model baseline.
B4E4A7C8-A385-559A-A9B2-6BCB453ACCB2,2016-03-31,SAMPLE_ITEM_002,SAMPLE_CA_1,XGBoost,current_stock,188.0,0.53086632,0.53086632,POSITIVE,2,Current stock (188.0) increased the forecast by 0.531 units relative to the model baseline.
B4E4A7C8-A385-559A-A9B2-6BCB453ACCB2,2016-03-31,SAMPLE_ITEM_002,SAMPLE_CA_1,XGBoost,rolling_mean_7,4.3051115444728305,-0.49908790,0.49908790,NEGATIVE,3,The recent seven-day demand average (4.3051115444728305) decreased the forecast by 0.499 units relative to the model baseline.
B4E4A7C8-A385-559A-A9B2-6BCB453ACCB2,2016-03-31,SAMPLE_ITEM_002,SAMPLE_CA_1,XGBoost,day_of_month,31,-0.46222582,0.46222582,NEGATIVE,4,Day of month (31) decreased the forecast by 0.462 units relative to the model baseline.
B4E4A7C8-A385-559A-A9B2-6BCB453ACCB2,2016-03-31,SAMPLE_ITEM_002,SAMPLE_CA_1,XGBoost,lag_1,4.176112651824951,-0.21600401,0.21600401,NEGATIVE,5,Yesterday's demand (4.176112651824951) decreased the forecast by 0.216 units relative to the model baseline.
132DCBD7-D686-524B-8E81-BD5D7CB279A6,2016-04-01,SAMPLE_ITEM_002,SAMPLE_CA_1,XGBoost,days_of_supply,44.005679141696554,-0.88195884,0.88195884,NEGATIVE,1,Days of supply (44.005679141696554) decreased the forecast by 0.882 units relative to the model baseline.
132DCBD7-D686-524B-8E81-BD5D7CB279A6,2016-04-01,SAMPLE_ITEM_002,SAMPLE_CA_1,XGBoost,day_of_month,1,0.60050559,0.60050559,POSITIVE,2,Day of month (1) increased the forecast by 0.601 units relative to the model baseline.
132DCBD7-D686-524B-8E81-BD5D7CB279A6,2016-04-01,SAMPLE_ITEM_002,SAMPLE_CA_1,XGBoost,rolling_mean_7,4.272175856998989,-0.46777788,0.46777788,NEGATIVE,3,The recent seven-day demand average (4.272175856998989) decreased the forecast by 0.468 units relative to the model baseline.
132DCBD7-D686-524B-8E81-BD5D7CB279A6,2016-04-01,SAMPLE_ITEM_002,SAMPLE_CA_1,XGBoost,current_stock,188.0,0.38428894,0.38428894,POSITIVE,4,Current stock (188.0) increased the forecast by 0.384 units relative to the model baseline.
132DCBD7-D686-524B-8E81-BD5D7CB279A6,2016-04-01,SAMPLE_ITEM_002,SAMPLE_CA_1,XGBoost,lag_1,3.8773646354675293,0.29007372,0.29007372,POSITIVE,5,Yesterday's demand (3.8773646354675293) increased the forecast by 0.290 units relative to the model baseline.
FC846B81-8D22-52E0-A531-3ADCCA4567E4,2016-04-02,SAMPLE_ITEM_002,SAMPLE_CA_1,XGBoost,days_of_supply,42.052657473513676,-0.83102423,0.83102423,NEGATIVE,1,Days of supply (42.052657473513676) decreased the forecast by 0.831 units relative to the model baseline.
FC846B81-8D22-52E0-A531-3ADCCA4567E4,2016-04-02,SAMPLE_ITEM_002,SAMPLE_CA_1,XGBoost,day_of_month,2,0.67763567,0.67763567,POSITIVE,2,Day of month (2) increased the forecast by 0.678 units relative to the model baseline.
FC846B81-8D22-52E0-A531-3ADCCA4567E4,2016-04-02,SAMPLE_ITEM_002,SAMPLE_CA_1,XGBoost,rolling_mean_7,4.470585482461112,-0.60906297,0.60906297,NEGATIVE,3,The recent seven-day demand average (4.470585482461112) decreased the forecast by 0.609 units relative to the model baseline.
FC846B81-8D22-52E0-A531-3ADCCA4567E4,2016-04-02,SAMPLE_ITEM_002,SAMPLE_CA_1,XGBoost,current_stock,188.0,0.45236036,0.45236036,POSITIVE,4,Current stock (188.0) increased the forecast by 0.452 units relative to the model baseline.
FC846B81-8D22-52E0-A531-3ADCCA4567E4,2016-04-02,SAMPLE_ITEM_002,SAMPLE_CA_1,XGBoost,lag_1,5.562187671661377,-0.17982647,0.17982647,NEGATIVE,5,Yesterday's demand (5.562187671661377) decreased the forecast by 0.180 units relative to the model baseline.
1DB68712-ED19-5BEF-B0EC-C96B89AD6B0C,2016-04-03,SAMPLE_ITEM_002,SAMPLE_CA_1,XGBoost,days_of_supply,40.96560380607488,-0.67898196,0.67898196,NEGATIVE,1,Days of supply (40.96560380607488) decreased the forecast by 0.679 units relative to the model baseline.
1DB68712-ED19-5BEF-B0EC-C96B89AD6B0C,2016-04-03,SAMPLE_ITEM_002,SAMPLE_CA_1,XGBoost,day_of_month,3,0.58015198,0.58015198,POSITIVE,2,Day of month (3) increased the forecast by 0.580 units relative to the model baseline.
1DB68712-ED19-5BEF-B0EC-C96B89AD6B0C,2016-04-03,SAMPLE_ITEM_002,SAMPLE_CA_1,XGBoost,rolling_mean_7,4.589215891701834,-0.53926665,0.53926665,NEGATIVE,3,The recent seven-day demand average (4.589215891701834) decreased the forecast by 0.539 units relative to the model baseline.
1DB68712-ED19-5BEF-B0EC-C96B89AD6B0C,2016-04-03,SAMPLE_ITEM_002,SAMPLE_CA_1,XGBoost,current_stock,188.0,0.50159425,0.50159425,POSITIVE,4,Current stock (188.0) increased the forecast by 0.502 units relative to the model baseline.
1DB68712-ED19-5BEF-B0EC-C96B89AD6B0C,2016-04-03,SAMPLE_ITEM_002,SAMPLE_CA_1,XGBoost,day_of_week,6,0.49290764,0.49290764,POSITIVE,5,The day of week (6) increased the forecast by 0.493 units relative to the model baseline.
9216D6AE-3A44-5DBE-BCA9-D8C77866AA65,2016-04-04,SAMPLE_ITEM_002,SAMPLE_CA_1,XGBoost,days_of_supply,39.87597087482095,-0.80706054,0.80706054,NEGATIVE,1,Days of supply (39.87597087482095) decreased the forecast by 0.807 units relative to the model baseline.
9216D6AE-3A44-5DBE-BCA9-D8C77866AA65,2016-04-04,SAMPLE_ITEM_002,SAMPLE_CA_1,XGBoost,day_of_month,4,0.63173902,0.63173902,POSITIVE,2,Day of month (4) increased the forecast by 0.632 units relative to the model baseline.
9216D6AE-3A44-5DBE-BCA9-D8C77866AA65,2016-04-04,SAMPLE_ITEM_002,SAMPLE_CA_1,XGBoost,rolling_mean_7,4.7146187509809225,-0.49073961,0.49073961,NEGATIVE,3,The recent seven-day demand average (4.7146187509809225) decreased the forecast by 0.491 units relative to the model baseline.
9216D6AE-3A44-5DBE-BCA9-D8C77866AA65,2016-04-04,SAMPLE_ITEM_002,SAMPLE_CA_1,XGBoost,current_stock,188.0,0.47607684,0.47607684,POSITIVE,4,Current stock (188.0) increased the forecast by 0.476 units relative to the model baseline.
9216D6AE-3A44-5DBE-BCA9-D8C77866AA65,2016-04-04,SAMPLE_ITEM_002,SAMPLE_CA_1,XGBoost,lag_1,5.867820739746094,-0.17811459,0.17811459,NEGATIVE,5,Yesterday's demand (5.867820739746094) decreased the forecast by 0.178 units relative to the model baseline.
2D016205-526E-5950-8F3B-126844DDE9B8,2016-04-05,SAMPLE_ITEM_002,SAMPLE_CA_1,XGBoost,days_of_supply,39.0794886848761,-0.81327814,0.81327814,NEGATIVE,1,Days of supply (39.0794886848761) decreased the forecast by 0.813 units relative to the model baseline.
2D016205-526E-5950-8F3B-126844DDE9B8,2016-04-05,SAMPLE_ITEM_002,SAMPLE_CA_1,XGBoost,day_of_month,5,0.67855287,0.67855287,POSITIVE,2,Day of month (5) increased the forecast by 0.679 units relative to the model baseline.
2D016205-526E-5950-8F3B-126844DDE9B8,2016-04-05,SAMPLE_ITEM_002,SAMPLE_CA_1,XGBoost,rolling_mean_7,4.810707773481097,-0.53472066,0.53472066,NEGATIVE,3,The recent seven-day demand average (4.810707773481097) decreased the forecast by 0.535 units relative to the model baseline.
2D016205-526E-5950-8F3B-126844DDE9B8,2016-04-05,SAMPLE_ITEM_002,SAMPLE_CA_1,XGBoost,current_stock,188.0,0.47607684,0.47607684,POSITIVE,4,Current stock (188.0) increased the forecast by 0.476 units relative to the model baseline.
2D016205-526E-5950-8F3B-126844DDE9B8,2016-04-05,SAMPLE_ITEM_002,SAMPLE_CA_1,XGBoost,lag_1,5.072107791900635,-0.18831718,0.18831718,NEGATIVE,5,Yesterday's demand (5.072107791900635) decreased the forecast by 0.188 units relative to the model baseline.
1C1690B0-F1A0-57F8-AF42-A55711BBDD10,2016-04-06,SAMPLE_ITEM_002,SAMPLE_CA_1,XGBoost,days_of_supply,38.1088190495985,-0.82211715,0.82211715,NEGATIVE,1,Days of supply (38.1088190495985) decreased the forecast by 0.822 units relative to the model baseline.
1C1690B0-F1A0-57F8-AF42-A55711BBDD10,2016-04-06,SAMPLE_ITEM_002,SAMPLE_CA_1,XGBoost,day_of_month,6,0.67878127,0.67878127,POSITIVE,2,Day of month (6) increased the forecast by 0.679 units relative to the model baseline.
1C1690B0-F1A0-57F8-AF42-A55711BBDD10,2016-04-06,SAMPLE_ITEM_002,SAMPLE_CA_1,XGBoost,rolling_mean_7,4.9332412992204935,-0.54032707,0.54032707,NEGATIVE,3,The recent seven-day demand average (4.9332412992204935) decreased the forecast by 0.540 units relative to the model baseline.
1C1690B0-F1A0-57F8-AF42-A55711BBDD10,2016-04-06,SAMPLE_ITEM_002,SAMPLE_CA_1,XGBoost,current_stock,188.0,0.48160115,0.48160115,POSITIVE,4,Current stock (188.0) increased the forecast by 0.482 units relative to the model baseline.
1C1690B0-F1A0-57F8-AF42-A55711BBDD10,2016-04-06,SAMPLE_ITEM_002,SAMPLE_CA_1,XGBoost,lag_1,5.039949893951416,-0.16659428,0.16659428,NEGATIVE,5,Yesterday's demand (5.039949893951416) decreased the forecast by 0.167 units relative to the model baseline.
236AB1B9-8588-5B6F-88F4-A14965C90AC3,2016-04-07,SAMPLE_ITEM_002,SAMPLE_CA_1,XGBoost,days_of_supply,37.18520039141408,-0.81861562,0.81861562,NEGATIVE,1,Days of supply (37.18520039141408) decreased the forecast by 0.819 units relative to the model baseline.
236AB1B9-8588-5B6F-88F4-A14965C90AC3,2016-04-07,SAMPLE_ITEM_002,SAMPLE_CA_1,XGBoost,day_of_month,7,0.74508959,0.74508959,POSITIVE,2,Day of month (7) increased the forecast by 0.745 units relative to the model baseline.
236AB1B9-8588-5B6F-88F4-A14965C90AC3,2016-04-07,SAMPLE_ITEM_002,SAMPLE_CA_1,XGBoost,current_stock,188.0,0.43121785,0.43121785,POSITIVE,3,Current stock (188.0) increased the forecast by 0.431 units relative to the model baseline.
236AB1B9-8588-5B6F-88F4-A14965C90AC3,2016-04-07,SAMPLE_ITEM_002,SAMPLE_CA_1,XGBoost,rolling_mean_7,5.055774824959891,0.24776544,0.24776544,POSITIVE,4,The recent seven-day demand average (5.055774824959891) increased the forecast by 0.248 units relative to the model baseline.
236AB1B9-8588-5B6F-88F4-A14965C90AC3,2016-04-07,SAMPLE_ITEM_002,SAMPLE_CA_1,XGBoost,day_of_week,3,-0.17753637,0.17753637,NEGATIVE,5,The day of week (3) decreased the forecast by 0.178 units relative to the model baseline.
57339F48-1D1F-5A25-87D5-CA99359FFD4B,2016-04-08,SAMPLE_ITEM_002,SAMPLE_CA_1,XGBoost,days_of_supply,35.175261879845365,-0.75136060,0.75136060,NEGATIVE,1,Days of supply (35.175261879845365) decreased the forecast by 0.751 units relative to the model baseline.
57339F48-1D1F-5A25-87D5-CA99359FFD4B,2016-04-08,SAMPLE_ITEM_002,SAMPLE_CA_1,XGBoost,day_of_month,8,0.69871289,0.69871289,POSITIVE,2,Day of month (8) increased the forecast by 0.699 units relative to the model baseline.
57339F48-1D1F-5A25-87D5-CA99359FFD4B,2016-04-08,SAMPLE_ITEM_002,SAMPLE_CA_1,XGBoost,current_stock,188.0,0.40743506,0.40743506,POSITIVE,3,Current stock (188.0) increased the forecast by 0.407 units relative to the model baseline.
57339F48-1D1F-5A25-87D5-CA99359FFD4B,2016-04-08,SAMPLE_ITEM_002,SAMPLE_CA_1,XGBoost,rolling_mean_7,5.344665254865374,0.20822223,0.20822223,POSITIVE,4,The recent seven-day demand average (5.344665254865374) increased the forecast by 0.208 units relative to the model baseline.
57339F48-1D1F-5A25-87D5-CA99359FFD4B,2016-04-08,SAMPLE_ITEM_002,SAMPLE_CA_1,XGBoost,price_change_percentage,0.0,0.17058037,0.17058037,POSITIVE,5,Price change percentage (0.0) increased the forecast by 0.171 units relative to the model baseline.
F209168E-D293-543D-A155-42B9A6902662,2016-04-09,SAMPLE_ITEM_002,SAMPLE_CA_1,XGBoost,day_of_month,9,0.75700647,0.75700647,POSITIVE,1,Day of month (9) increased the forecast by 0.757 units relative to the model baseline.
F209168E-D293-543D-A155-42B9A6902662,2016-04-09,SAMPLE_ITEM_002,SAMPLE_CA_1,XGBoost,days_of_supply,35.06068462223129,-0.75481623,0.75481623,NEGATIVE,2,Days of supply (35.06068462223129) decreased the forecast by 0.755 units relative to the model baseline.
F209168E-D293-543D-A155-42B9A6902662,2016-04-09,SAMPLE_ITEM_002,SAMPLE_CA_1,XGBoost,current_stock,188.0,0.40058818,0.40058818,POSITIVE,3,Current stock (188.0) increased the forecast by 0.401 units relative to the model baseline.
F209168E-D293-543D-A155-42B9A6902662,2016-04-09,SAMPLE_ITEM_002,SAMPLE_CA_1,XGBoost,rolling_mean_7,5.362131459372384,0.27343994,0.27343994,POSITIVE,4,The recent seven-day demand average (5.362131459372384) increased the forecast by 0.273 units relative to the model baseline.
F209168E-D293-543D-A155-42B9A6902662,2016-04-09,SAMPLE_ITEM_002,SAMPLE_CA_1,XGBoost,price_change_percentage,0.0,0.17510135,0.17510135,POSITIVE,5,Price change percentage (0.0) increased the forecast by 0.175 units relative to the model baseline.
4AB59204-348D-5E1D-B1E3-078A1F61ECB7,2016-04-10,SAMPLE_ITEM_002,SAMPLE_CA_1,XGBoost,day_of_month,10,0.67137504,0.67137504,POSITIVE,1,Day of month (10) increased the forecast by 0.671 units relative to the model baseline.
4AB59204-348D-5E1D-B1E3-078A1F61ECB7,2016-04-10,SAMPLE_ITEM_002,SAMPLE_CA_1,XGBoost,days_of_supply,34.06165203228882,-0.51777589,0.51777589,NEGATIVE,2,Days of supply (34.06165203228882) decreased the forecast by 0.518 units relative to the model baseline.
4AB59204-348D-5E1D-B1E3-078A1F61ECB7,2016-04-10,SAMPLE_ITEM_002,SAMPLE_CA_1,XGBoost,current_stock,188.0,0.46692440,0.46692440,POSITIVE,3,Current stock (188.0) increased the forecast by 0.467 units relative to the model baseline.
4AB59204-348D-5E1D-B1E3-078A1F61ECB7,2016-04-10,SAMPLE_ITEM_002,SAMPLE_CA_1,XGBoost,day_of_week,6,0.39972544,0.39972544,POSITIVE,4,The day of week (6) increased the forecast by 0.400 units relative to the model baseline.
4AB59204-348D-5E1D-B1E3-078A1F61ECB7,2016-04-10,SAMPLE_ITEM_002,SAMPLE_CA_1,XGBoost,price_change_percentage,0.0,0.19954300,0.19954300,POSITIVE,5,Price change percentage (0.0) increased the forecast by 0.200 units relative to the model baseline.
C1B61D62-6A42-542F-98F5-5A051B7D2941,2016-04-11,SAMPLE_ITEM_002,SAMPLE_CA_1,XGBoost,days_of_supply,33.89524258572128,-0.69523549,0.69523549,NEGATIVE,1,Days of supply (33.89524258572128) decreased the forecast by 0.695 units relative to the model baseline.
C1B61D62-6A42-542F-98F5-5A051B7D2941,2016-04-11,SAMPLE_ITEM_002,SAMPLE_CA_1,XGBoost,day_of_month,11,0.67490029,0.67490029,POSITIVE,2,Day of month (11) increased the forecast by 0.675 units relative to the model baseline.
C1B61D62-6A42-542F-98F5-5A051B7D2941,2016-04-11,SAMPLE_ITEM_002,SAMPLE_CA_1,XGBoost,current_stock,188.0,0.38205022,0.38205022,POSITIVE,3,Current stock (188.0) increased the forecast by 0.382 units relative to the model baseline.
C1B61D62-6A42-542F-98F5-5A051B7D2941,2016-04-11,SAMPLE_ITEM_002,SAMPLE_CA_1,XGBoost,lag_1,6.057504177093506,-0.20505226,0.20505226,NEGATIVE,4,Yesterday's demand (6.057504177093506) decreased the forecast by 0.205 units relative to the model baseline.
C1B61D62-6A42-542F-98F5-5A051B7D2941,2016-04-11,SAMPLE_ITEM_002,SAMPLE_CA_1,XGBoost,price_change_percentage,0.0,0.18549095,0.18549095,POSITIVE,5,Price change percentage (0.0) increased the forecast by 0.185 units relative to the model baseline.
6B8477ED-6DD3-5152-A8E8-C3A6A01A3C4E,2016-04-12,SAMPLE_ITEM_002,SAMPLE_CA_1,XGBoost,days_of_supply,33.611893421835106,-0.70942611,0.70942611,NEGATIVE,1,Days of supply (33.611893421835106) decreased the forecast by 0.709 units relative to the model baseline.
6B8477ED-6DD3-5152-A8E8-C3A6A01A3C4E,2016-04-12,SAMPLE_ITEM_002,SAMPLE_CA_1,XGBoost,day_of_month,12,0.68899781,0.68899781,POSITIVE,2,Day of month (12) increased the forecast by 0.689 units relative to the model baseline.
6B8477ED-6DD3-5152-A8E8-C3A6A01A3C4E,2016-04-12,SAMPLE_ITEM_002,SAMPLE_CA_1,XGBoost,current_stock,188.0,0.39867747,0.39867747,POSITIVE,3,Current stock (188.0) increased the forecast by 0.399 units relative to the model baseline.
6B8477ED-6DD3-5152-A8E8-C3A6A01A3C4E,2016-04-12,SAMPLE_ITEM_002,SAMPLE_CA_1,XGBoost,rolling_mean_7,5.593258244650705,0.21079253,0.21079253,POSITIVE,4,The recent seven-day demand average (5.593258244650705) increased the forecast by 0.211 units relative to the model baseline.
6B8477ED-6DD3-5152-A8E8-C3A6A01A3C4E,2016-04-12,SAMPLE_ITEM_002,SAMPLE_CA_1,XGBoost,price_change_percentage,0.0,0.16384858,0.16384858,POSITIVE,5,Price change percentage (0.0) increased the forecast by 0.164 units relative to the model baseline.
4144A297-C5FE-54A2-A44A-92FE12E6D660,2016-04-13,SAMPLE_ITEM_002,SAMPLE_CA_1,XGBoost,days_of_supply,33.18967205655352,-0.72357965,0.72357965,NEGATIVE,1,Days of supply (33.18967205655352) decreased the forecast by 0.724 units relative to the model baseline.
4144A297-C5FE-54A2-A44A-92FE12E6D660,2016-04-13,SAMPLE_ITEM_002,SAMPLE_CA_1,XGBoost,day_of_month,13,0.69150102,0.69150102,POSITIVE,2,Day of month (13) increased the forecast by 0.692 units relative to the model baseline.
4144A297-C5FE-54A2-A44A-92FE12E6D660,2016-04-13,SAMPLE_ITEM_002,SAMPLE_CA_1,XGBoost,current_stock,188.0,0.40420181,0.40420181,POSITIVE,3,Current stock (188.0) increased the forecast by 0.404 units relative to the model baseline.
4144A297-C5FE-54A2-A44A-92FE12E6D660,2016-04-13,SAMPLE_ITEM_002,SAMPLE_CA_1,XGBoost,rolling_mean_7,5.664412702832903,0.20738138,0.20738138,POSITIVE,4,The recent seven-day demand average (5.664412702832903) increased the forecast by 0.207 units relative to the model baseline.
4144A297-C5FE-54A2-A44A-92FE12E6D660,2016-04-13,SAMPLE_ITEM_002,SAMPLE_CA_1,XGBoost,price_change_percentage,0.0,0.16151792,0.16151792,POSITIVE,5,Price change percentage (0.0) increased the forecast by 0.162 units relative to the model baseline.
635C90E5-C6CC-5F0F-8AC4-9E378BB297A9,2016-04-14,SAMPLE_ITEM_002,SAMPLE_CA_1,XGBoost,days_of_supply,32.83956009336407,-0.72315657,0.72315657,NEGATIVE,1,Days of supply (32.83956009336407) decreased the forecast by 0.723 units relative to the model baseline.
635C90E5-C6CC-5F0F-8AC4-9E378BB297A9,2016-04-14,SAMPLE_ITEM_002,SAMPLE_CA_1,XGBoost,day_of_month,14,0.70782030,0.70782030,POSITIVE,2,Day of month (14) increased the forecast by 0.708 units relative to the model baseline.
635C90E5-C6CC-5F0F-8AC4-9E378BB297A9,2016-04-14,SAMPLE_ITEM_002,SAMPLE_CA_1,XGBoost,current_stock,188.0,0.40743506,0.40743506,POSITIVE,3,Current stock (188.0) increased the forecast by 0.407 units relative to the model baseline.
635C90E5-C6CC-5F0F-8AC4-9E378BB297A9,2016-04-14,SAMPLE_ITEM_002,SAMPLE_CA_1,XGBoost,rolling_mean_7,5.72480263028826,0.30561337,0.30561337,POSITIVE,4,The recent seven-day demand average (5.72480263028826) increased the forecast by 0.306 units relative to the model baseline.
635C90E5-C6CC-5F0F-8AC4-9E378BB297A9,2016-04-14,SAMPLE_ITEM_002,SAMPLE_CA_1,XGBoost,day_of_week,3,-0.17066602,0.17066602,NEGATIVE,5,The day of week (3) decreased the forecast by 0.171 units relative to the model baseline.
FAB291F7-7148-568E-9059-5FC1319BC6BD,2016-04-15,SAMPLE_ITEM_002,SAMPLE_CA_1,XGBoost,days_of_supply,33.1469493977603,-0.82281232,0.82281232,NEGATIVE,1,Days of supply (33.1469493977603) decreased the forecast by 0.823 units relative to the model baseline.
FAB291F7-7148-568E-9059-5FC1319BC6BD,2016-04-15,SAMPLE_ITEM_002,SAMPLE_CA_1,XGBoost,day_of_month,15,0.65734732,0.65734732,POSITIVE,2,Day of month (15) increased the forecast by 0.657 units relative to the model baseline.
FAB291F7-7148-568E-9059-5FC1319BC6BD,2016-04-15,SAMPLE_ITEM_002,SAMPLE_CA_1,XGBoost,current_stock,188.0,0.39061183,0.39061183,POSITIVE,3,Current stock (188.0) increased the forecast by 0.391 units relative to the model baseline.
FAB291F7-7148-568E-9059-5FC1319BC6BD,2016-04-15,SAMPLE_ITEM_002,SAMPLE_CA_1,XGBoost,lag_14,5.562187671661377,0.24666357,0.24666357,POSITIVE,4,Demand fourteen days ago (5.562187671661377) increased the forecast by 0.247 units relative to the model baseline.
FAB291F7-7148-568E-9059-5FC1319BC6BD,2016-04-15,SAMPLE_ITEM_002,SAMPLE_CA_1,XGBoost,rolling_mean_7,5.671713488442557,0.22516423,0.22516423,POSITIVE,5,The recent seven-day demand average (5.671713488442557) increased the forecast by 0.225 units relative to the model baseline.
6E731C8F-99D3-577C-8EA5-066122AA3F54,2016-04-16,SAMPLE_ITEM_002,SAMPLE_CA_1,XGBoost,days_of_supply,33.178047721847264,-0.76121813,0.76121813,NEGATIVE,1,Days of supply (33.178047721847264) decreased the forecast by 0.761 units relative to the model baseline.
6E731C8F-99D3-577C-8EA5-066122AA3F54,2016-04-16,SAMPLE_ITEM_002,SAMPLE_CA_1,XGBoost,current_stock,188.0,0.40196121,0.40196121,POSITIVE,2,Current stock (188.0) increased the forecast by 0.402 units relative to the model baseline.
6E731C8F-99D3-577C-8EA5-066122AA3F54,2016-04-16,SAMPLE_ITEM_002,SAMPLE_CA_1,XGBoost,rolling_mean_7,5.666397299085345,0.24906088,0.24906088,POSITIVE,3,The recent seven-day demand average (5.666397299085345) increased the forecast by 0.249 units relative to the model baseline.
6E731C8F-99D3-577C-8EA5-066122AA3F54,2016-04-16,SAMPLE_ITEM_002,SAMPLE_CA_1,XGBoost,price_change_percentage,0.0,0.21222128,0.21222128,POSITIVE,4,Price change percentage (0.0) increased the forecast by 0.212 units relative to the model baseline.
6E731C8F-99D3-577C-8EA5-066122AA3F54,2016-04-16,SAMPLE_ITEM_002,SAMPLE_CA_1,XGBoost,lag_7,6.038049697875977,-0.18681681,0.18681681,NEGATIVE,5,Demand seven days ago (6.038049697875977) decreased the forecast by 0.187 units relative to the model baseline.
CF38F6C6-35DB-5EE2-9154-6D60054BD78E,2016-04-17,SAMPLE_ITEM_002,SAMPLE_CA_1,XGBoost,days_of_supply,34.16888239194109,-0.54852021,0.54852021,NEGATIVE,1,Days of supply (34.16888239194109) decreased the forecast by 0.549 units relative to the model baseline.
CF38F6C6-35DB-5EE2-9154-6D60054BD78E,2016-04-17,SAMPLE_ITEM_002,SAMPLE_CA_1,XGBoost,current_stock,188.0,0.49595252,0.49595252,POSITIVE,2,Current stock (188.0) increased the forecast by 0.496 units relative to the model baseline.
CF38F6C6-35DB-5EE2-9154-6D60054BD78E,2016-04-17,SAMPLE_ITEM_002,SAMPLE_CA_1,XGBoost,day_of_week,6,0.42517608,0.42517608,POSITIVE,3,The day of week (6) increased the forecast by 0.425 units relative to the model baseline.
CF38F6C6-35DB-5EE2-9154-6D60054BD78E,2016-04-17,SAMPLE_ITEM_002,SAMPLE_CA_1,XGBoost,lag_14,5.867820739746094,0.25942728,0.25942728,POSITIVE,4,Demand fourteen days ago (5.867820739746094) increased the forecast by 0.259 units relative to the model baseline.
CF38F6C6-35DB-5EE2-9154-6D60054BD78E,2016-04-17,SAMPLE_ITEM_002,SAMPLE_CA_1,XGBoost,price_change_percentage,0.0,0.23549089,0.23549089,POSITIVE,5,Price change percentage (0.0) increased the forecast by 0.235 units relative to the model baseline.
B2E513D9-BB97-59C6-9701-993EFCE0ABA1,2016-04-18,SAMPLE_ITEM_002,SAMPLE_CA_1,XGBoost,days_of_supply,34.39644312736117,-0.75796002,0.75796002,NEGATIVE,1,Days of supply (34.39644312736117) decreased the forecast by 0.758 units relative to the model baseline.
B2E513D9-BB97-59C6-9701-993EFCE0ABA1,2016-04-18,SAMPLE_ITEM_002,SAMPLE_CA_1,XGBoost,current_stock,188.0,0.41107833,0.41107833,POSITIVE,2,Current stock (188.0) increased the forecast by 0.411 units relative to the model baseline.
B2E513D9-BB97-59C6-9701-993EFCE0ABA1,2016-04-18,SAMPLE_ITEM_002,SAMPLE_CA_1,XGBoost,lag_14,5.072107791900635,0.26671836,0.26671836,POSITIVE,3,Demand fourteen days ago (5.072107791900635) increased the forecast by 0.267 units relative to the model baseline.
B2E513D9-BB97-59C6-9701-993EFCE0ABA1,2016-04-18,SAMPLE_ITEM_002,SAMPLE_CA_1,XGBoost,price_change_percentage,0.0,0.22446690,0.22446690,POSITIVE,4,Price change percentage (0.0) increased the forecast by 0.224 units relative to the model baseline.
B2E513D9-BB97-59C6-9701-993EFCE0ABA1,2016-04-18,SAMPLE_ITEM_002,SAMPLE_CA_1,XGBoost,lag_1,5.802698612213135,-0.15282746,0.15282746,NEGATIVE,5,Yesterday's demand (5.802698612213135) decreased the forecast by 0.153 units relative to the model baseline.
DEE18946-6F57-5D08-87A9-88CF2F0FBAD2,2016-04-19,SAMPLE_ITEM_002,SAMPLE_CA_1,XGBoost,days_of_supply,34.6216966260966,-0.79454184,0.79454184,NEGATIVE,1,Days of supply (34.6216966260966) decreased the forecast by 0.795 units relative to the model baseline.
DEE18946-6F57-5D08-87A9-88CF2F0FBAD2,2016-04-19,SAMPLE_ITEM_002,SAMPLE_CA_1,XGBoost,current_stock,188.0,0.41107833,0.41107833,POSITIVE,2,Current stock (188.0) increased the forecast by 0.411 units relative to the model baseline.
DEE18946-6F57-5D08-87A9-88CF2F0FBAD2,2016-04-19,SAMPLE_ITEM_002,SAMPLE_CA_1,XGBoost,lag_14,5.039949893951416,0.26230782,0.26230782,POSITIVE,3,Demand fourteen days ago (5.039949893951416) increased the forecast by 0.262 units relative to the model baseline.
DEE18946-6F57-5D08-87A9-88CF2F0FBAD2,2016-04-19,SAMPLE_ITEM_002,SAMPLE_CA_1,XGBoost,price_change_percentage,0.0,0.22446254,0.22446254,POSITIVE,4,Price change percentage (0.0) increased the forecast by 0.224 units relative to the model baseline.
DEE18946-6F57-5D08-87A9-88CF2F0FBAD2,2016-04-19,SAMPLE_ITEM_002,SAMPLE_CA_1,XGBoost,rolling_mean_7,5.430120944976807,0.19413815,0.19413815,POSITIVE,5,The recent seven-day demand average (5.430120944976807) increased the forecast by 0.194 units relative to the model baseline.
075A8FA0-157E-567C-972F-2C7CA81BF045,2016-04-20,SAMPLE_ITEM_002,SAMPLE_CA_1,XGBoost,days_of_supply,35.1727182916174,-0.80338091,0.80338091,NEGATIVE,1,Days of supply (35.1727182916174) decreased the forecast by 0.803 units relative to the model baseline.
075A8FA0-157E-567C-972F-2C7CA81BF045,2016-04-20,SAMPLE_ITEM_002,SAMPLE_CA_1,XGBoost,current_stock,188.0,0.41705459,0.41705459,POSITIVE,2,Current stock (188.0) increased the forecast by 0.417 units relative to the model baseline.
075A8FA0-157E-567C-972F-2C7CA81BF045,2016-04-20,SAMPLE_ITEM_002,SAMPLE_CA_1,XGBoost,lag_14,5.033847332000732,0.26522914,0.26522914,POSITIVE,3,Demand fourteen days ago (5.033847332000732) increased the forecast by 0.265 units relative to the model baseline.
075A8FA0-157E-567C-972F-2C7CA81BF045,2016-04-20,SAMPLE_ITEM_002,SAMPLE_CA_1,XGBoost,price_change_percentage,0.0,0.22473197,0.22473197,POSITIVE,4,Price change percentage (0.0) increased the forecast by 0.225 units relative to the model baseline.
075A8FA0-157E-567C-972F-2C7CA81BF045,2016-04-20,SAMPLE_ITEM_002,SAMPLE_CA_1,XGBoost,day_of_month,20,-0.20039652,0.20039652,NEGATIVE,5,Day of month (20) decreased the forecast by 0.200 units relative to the model baseline.
067D7F0D-4FF1-5750-8C54-37259C27048E,2016-04-21,SAMPLE_ITEM_002,SAMPLE_CA_1,XGBoost,days_of_supply,35.753628796003376,-0.87715155,0.87715155,NEGATIVE,1,Days of supply (35.753628796003376) decreased the forecast by 0.877 units relative to the model baseline.
067D7F0D-4FF1-5750-8C54-37259C27048E,2016-04-21,SAMPLE_ITEM_002,SAMPLE_CA_1,XGBoost,current_stock,188.0,0.43621537,0.43621537,POSITIVE,2,Current stock (188.0) increased the forecast by 0.436 units relative to the model baseline.
067D7F0D-4FF1-5750-8C54-37259C27048E,2016-04-21,SAMPLE_ITEM_002,SAMPLE_CA_1,XGBoost,day_of_month,21,-0.43449858,0.43449858,NEGATIVE,3,Day of month (21) decreased the forecast by 0.434 units relative to the model baseline.
067D7F0D-4FF1-5750-8C54-37259C27048E,2016-04-21,SAMPLE_ITEM_002,SAMPLE_CA_1,XGBoost,lag_14,5.899597644805908,0.26954287,0.26954287,POSITIVE,4,Demand fourteen days ago (5.899597644805908) increased the forecast by 0.270 units relative to the model baseline.
067D7F0D-4FF1-5750-8C54-37259C27048E,2016-04-21,SAMPLE_ITEM_002,SAMPLE_CA_1,XGBoost,price_change_percentage,0.0,0.26224121,0.26224121,POSITIVE,5,Price change percentage (0.0) increased the forecast by 0.262 units relative to the model baseline.
2DCCF7EF-4D20-50A4-BF6D-623E1D42ED0F,2016-04-22,SAMPLE_ITEM_002,SAMPLE_CA_1,XGBoost,days_of_supply,36.719107938611145,-0.89499813,0.89499813,NEGATIVE,1,Days of supply (36.719107938611145) decreased the forecast by 0.895 units relative to the model baseline.
2DCCF7EF-4D20-50A4-BF6D-623E1D42ED0F,2016-04-22,SAMPLE_ITEM_002,SAMPLE_CA_1,XGBoost,current_stock,188.0,0.43621537,0.43621537,POSITIVE,2,Current stock (188.0) increased the forecast by 0.436 units relative to the model baseline.
2DCCF7EF-4D20-50A4-BF6D-623E1D42ED0F,2016-04-22,SAMPLE_ITEM_002,SAMPLE_CA_1,XGBoost,day_of_month,22,-0.43418995,0.43418995,NEGATIVE,3,Day of month (22) decreased the forecast by 0.434 units relative to the model baseline.
2DCCF7EF-4D20-50A4-BF6D-623E1D42ED0F,2016-04-22,SAMPLE_ITEM_002,SAMPLE_CA_1,XGBoost,lag_14,5.684451103210449,0.27188140,0.27188140,POSITIVE,4,Demand fourteen days ago (5.684451103210449) increased the forecast by 0.272 units relative to the model baseline.
2DCCF7EF-4D20-50A4-BF6D-623E1D42ED0F,2016-04-22,SAMPLE_ITEM_002,SAMPLE_CA_1,XGBoost,price_change_percentage,0.0,0.25954628,0.25954628,POSITIVE,5,Price change percentage (0.0) increased the forecast by 0.260 units relative to the model baseline.
330DC37F-6279-5BA8-8833-4EAED12344FA,2016-04-23,SAMPLE_ITEM_002,SAMPLE_CA_1,XGBoost,days_of_supply,37.70081276655119,-0.95907515,0.95907515,NEGATIVE,1,Days of supply (37.70081276655119) decreased the forecast by 0.959 units relative to the model baseline.
330DC37F-6279-5BA8-8833-4EAED12344FA,2016-04-23,SAMPLE_ITEM_002,SAMPLE_CA_1,XGBoost,rolling_mean_7,4.986629894801548,-0.53823787,0.53823787,NEGATIVE,2,The recent seven-day demand average (4.986629894801548) decreased the forecast by 0.538 units relative to the model baseline.
330DC37F-6279-5BA8-8833-4EAED12344FA,2016-04-23,SAMPLE_ITEM_002,SAMPLE_CA_1,XGBoost,current_stock,188.0,0.42506233,0.42506233,POSITIVE,3,Current stock (188.0) increased the forecast by 0.425 units relative to the model baseline.
330DC37F-6279-5BA8-8833-4EAED12344FA,2016-04-23,SAMPLE_ITEM_002,SAMPLE_CA_1,XGBoost,day_of_month,23,-0.38593450,0.38593450,NEGATIVE,4,Day of month (23) decreased the forecast by 0.386 units relative to the model baseline.
330DC37F-6279-5BA8-8833-4EAED12344FA,2016-04-23,SAMPLE_ITEM_002,SAMPLE_CA_1,XGBoost,lag_14,6.038049697875977,0.25902349,0.25902349,POSITIVE,5,Demand fourteen days ago (6.038049697875977) increased the forecast by 0.259 units relative to the model baseline.
2B010765-4570-5D21-B428-2A5458758DDE,2016-04-24,SAMPLE_ITEM_002,SAMPLE_CA_1,XGBoost,days_of_supply,38.67317432827296,-0.68296397,0.68296397,NEGATIVE,1,Days of supply (38.67317432827296) decreased the forecast by 0.683 units relative to the model baseline.
2B010765-4570-5D21-B428-2A5458758DDE,2016-04-24,SAMPLE_ITEM_002,SAMPLE_CA_1,XGBoost,current_stock,188.0,0.51964462,0.51964462,POSITIVE,2,Current stock (188.0) increased the forecast by 0.520 units relative to the model baseline.
2B010765-4570-5D21-B428-2A5458758DDE,2016-04-24,SAMPLE_ITEM_002,SAMPLE_CA_1,XGBoost,day_of_week,6,0.50825524,0.50825524,POSITIVE,3,The day of week (6) increased the forecast by 0.508 units relative to the model baseline.
2B010765-4570-5D21-B428-2A5458758DDE,2016-04-24,SAMPLE_ITEM_002,SAMPLE_CA_1,XGBoost,rolling_mean_7,4.861250809260777,-0.42678759,0.42678759,NEGATIVE,4,The recent seven-day demand average (4.861250809260777) decreased the forecast by 0.427 units relative to the model baseline.
2B010765-4570-5D21-B428-2A5458758DDE,2016-04-24,SAMPLE_ITEM_002,SAMPLE_CA_1,XGBoost,day_of_month,24,-0.37106642,0.37106642,NEGATIVE,5,Day of month (24) decreased the forecast by 0.371 units relative to the model baseline.
B8B6FE67-6945-573D-8C29-AD35CB87456C,2016-04-25,SAMPLE_ITEM_002,SAMPLE_CA_1,XGBoost,days_of_supply,39.66907650541257,-0.89251345,0.89251345,NEGATIVE,1,Days of supply (39.66907650541257) decreased the forecast by 0.893 units relative to the model baseline.
B8B6FE67-6945-573D-8C29-AD35CB87456C,2016-04-25,SAMPLE_ITEM_002,SAMPLE_CA_1,XGBoost,current_stock,188.0,0.47676030,0.47676030,POSITIVE,2,Current stock (188.0) increased the forecast by 0.477 units relative to the model baseline.
B8B6FE67-6945-573D-8C29-AD35CB87456C,2016-04-25,SAMPLE_ITEM_002,SAMPLE_CA_1,XGBoost,day_of_month,25,-0.37651017,0.37651017,NEGATIVE,3,Day of month (25) decreased the forecast by 0.377 units relative to the model baseline.
B8B6FE67-6945-573D-8C29-AD35CB87456C,2016-04-25,SAMPLE_ITEM_002,SAMPLE_CA_1,XGBoost,rolling_mean_7,4.739207880837577,-0.35442960,0.35442960,NEGATIVE,4,The recent seven-day demand average (4.739207880837577) decreased the forecast by 0.354 units relative to the model baseline.
B8B6FE67-6945-573D-8C29-AD35CB87456C,2016-04-25,SAMPLE_ITEM_002,SAMPLE_CA_1,XGBoost,lag_14,5.399407863616943,0.27522933,0.27522933,POSITIVE,5,Demand fourteen days ago (5.399407863616943) increased the forecast by 0.275 units relative to the model baseline.
F16AB9E0-A0F7-51BE-92B2-EBABA4F6DB1A,2016-04-26,SAMPLE_ITEM_002,SAMPLE_CA_1,XGBoost,days_of_supply,40.764999055929486,-0.89873105,0.89873105,NEGATIVE,1,Days of supply (40.764999055929486) decreased the forecast by 0.899 units relative to the model baseline.
F16AB9E0-A0F7-51BE-92B2-EBABA4F6DB1A,2016-04-26,SAMPLE_ITEM_002,SAMPLE_CA_1,XGBoost,current_stock,188.0,0.47676030,0.47676030,POSITIVE,2,Current stock (188.0) increased the forecast by 0.477 units relative to the model baseline.
F16AB9E0-A0F7-51BE-92B2-EBABA4F6DB1A,2016-04-26,SAMPLE_ITEM_002,SAMPLE_CA_1,XGBoost,rolling_mean_7,4.611799444471087,-0.45334628,0.45334628,NEGATIVE,3,The recent seven-day demand average (4.611799444471087) decreased the forecast by 0.453 units relative to the model baseline.
F16AB9E0-A0F7-51BE-92B2-EBABA4F6DB1A,2016-04-26,SAMPLE_ITEM_002,SAMPLE_CA_1,XGBoost,day_of_month,26,-0.38815111,0.38815111,NEGATIVE,4,Day of month (26) decreased the forecast by 0.388 units relative to the model baseline.
F16AB9E0-A0F7-51BE-92B2-EBABA4F6DB1A,2016-04-26,SAMPLE_ITEM_002,SAMPLE_CA_1,XGBoost,lag_14,5.538031101226807,0.27467319,0.27467319,POSITIVE,5,Demand fourteen days ago (5.538031101226807) increased the forecast by 0.275 units relative to the model baseline.
4F6090E5-4EF1-5031-8634-7FDD8A776375,2016-04-27,SAMPLE_ITEM_002,SAMPLE_CA_1,XGBoost,days_of_supply,41.75586205060113,-0.90757000,0.90757000,NEGATIVE,1,Days of supply (41.75586205060113) decreased the forecast by 0.908 units relative to the model baseline.
4F6090E5-4EF1-5031-8634-7FDD8A776375,2016-04-27,SAMPLE_ITEM_002,SAMPLE_CA_1,XGBoost,current_stock,188.0,0.49562708,0.49562708,POSITIVE,2,Current stock (188.0) increased the forecast by 0.496 units relative to the model baseline.
4F6090E5-4EF1-5031-8634-7FDD8A776375,2016-04-27,SAMPLE_ITEM_002,SAMPLE_CA_1,XGBoost,rolling_mean_7,4.5023618425641745,-0.48979789,0.48979789,NEGATIVE,3,The recent seven-day demand average (4.5023618425641745) decreased the forecast by 0.490 units relative to the model baseline.
4F6090E5-4EF1-5031-8634-7FDD8A776375,2016-04-27,SAMPLE_ITEM_002,SAMPLE_CA_1,XGBoost,day_of_month,27,-0.38948268,0.38948268,NEGATIVE,4,Day of month (27) decreased the forecast by 0.389 units relative to the model baseline.
4F6090E5-4EF1-5031-8634-7FDD8A776375,2016-04-27,SAMPLE_ITEM_002,SAMPLE_CA_1,XGBoost,lag_14,5.456576824188232,0.26027858,0.26027858,POSITIVE,5,Demand fourteen days ago (5.456576824188232) increased the forecast by 0.260 units relative to the model baseline.
8BE79870-9697-5B8E-A468-11A1238F52C0,2016-01-29,SAMPLE_ITEM_002,SAMPLE_TX_1,XGBoost,days_of_supply,36.55555555555555,-1.02940679,1.02940679,NEGATIVE,1,Days of supply (36.55555555555555) decreased the forecast by 1.029 units relative to the model baseline.
8BE79870-9697-5B8E-A468-11A1238F52C0,2016-01-29,SAMPLE_ITEM_002,SAMPLE_TX_1,XGBoost,lag_14,7.0,0.54786086,0.54786086,POSITIVE,2,Demand fourteen days ago (7.0) increased the forecast by 0.548 units relative to the model baseline.
8BE79870-9697-5B8E-A468-11A1238F52C0,2016-01-29,SAMPLE_ITEM_002,SAMPLE_TX_1,XGBoost,day_of_month,29,-0.40312266,0.40312266,NEGATIVE,3,Day of month (29) decreased the forecast by 0.403 units relative to the model baseline.
8BE79870-9697-5B8E-A468-11A1238F52C0,2016-01-29,SAMPLE_ITEM_002,SAMPLE_TX_1,XGBoost,current_stock,188.0,0.36081412,0.36081412,POSITIVE,4,Current stock (188.0) increased the forecast by 0.361 units relative to the model baseline.
8BE79870-9697-5B8E-A468-11A1238F52C0,2016-01-29,SAMPLE_ITEM_002,SAMPLE_TX_1,XGBoost,price_change_percentage,0.0,0.28008404,0.28008404,POSITIVE,5,Price change percentage (0.0) increased the forecast by 0.280 units relative to the model baseline.
7E8CF62A-70A8-5943-8B3A-54DFE0998EB1,2016-01-30,SAMPLE_ITEM_002,SAMPLE_TX_1,XGBoost,days_of_supply,36.250403366466486,-0.94632262,0.94632262,NEGATIVE,1,Days of supply (36.250403366466486) decreased the forecast by 0.946 units relative to the model baseline.
7E8CF62A-70A8-5943-8B3A-54DFE0998EB1,2016-01-30,SAMPLE_ITEM_002,SAMPLE_TX_1,XGBoost,current_stock,188.0,0.38023040,0.38023040,POSITIVE,2,Current stock (188.0) increased the forecast by 0.380 units relative to the model baseline.
7E8CF62A-70A8-5943-8B3A-54DFE0998EB1,2016-01-30,SAMPLE_ITEM_002,SAMPLE_TX_1,XGBoost,day_of_month,30,-0.35300162,0.35300162,NEGATIVE,3,Day of month (30) decreased the forecast by 0.353 units relative to the model baseline.
7E8CF62A-70A8-5943-8B3A-54DFE0998EB1,2016-01-30,SAMPLE_ITEM_002,SAMPLE_TX_1,XGBoost,lag_14,5.0,0.31669888,0.31669888,POSITIVE,4,Demand fourteen days ago (5.0) increased the forecast by 0.317 units relative to the model baseline.
7E8CF62A-70A8-5943-8B3A-54DFE0998EB1,2016-01-30,SAMPLE_ITEM_002,SAMPLE_TX_1,XGBoost,rolling_mean_7,5.186149188450405,0.27449560,0.27449560,POSITIVE,5,The recent seven-day demand average (5.186149188450405) increased the forecast by 0.274 units relative to the model baseline.
5AB16AC1-69A9-5D88-BFB2-CC514890F6C0,2016-01-31,SAMPLE_ITEM_002,SAMPLE_TX_1,XGBoost,days_of_supply,39.22239580168253,-0.77261460,0.77261460,NEGATIVE,1,Days of supply (39.22239580168253) decreased the forecast by 0.773 units relative to the model baseline.
5AB16AC1-69A9-5D88-BFB2-CC514890F6C0,2016-01-31,SAMPLE_ITEM_002,SAMPLE_TX_1,XGBoost,day_of_week,6,0.53737170,0.53737170,POSITIVE,2,The day of week (6) increased the forecast by 0.537 units relative to the model baseline.
5AB16AC1-69A9-5D88-BFB2-CC514890F6C0,2016-01-31,SAMPLE_ITEM_002,SAMPLE_TX_1,XGBoost,current_stock,188.0,0.52658832,0.52658832,POSITIVE,3,Current stock (188.0) increased the forecast by 0.527 units relative to the model baseline.
5AB16AC1-69A9-5D88-BFB2-CC514890F6C0,2016-01-31,SAMPLE_ITEM_002,SAMPLE_TX_1,XGBoost,rolling_mean_7,4.79317992074149,-0.49788150,0.49788150,NEGATIVE,4,The recent seven-day demand average (4.79317992074149) decreased the forecast by 0.498 units relative to the model baseline.
5AB16AC1-69A9-5D88-BFB2-CC514890F6C0,2016-01-31,SAMPLE_ITEM_002,SAMPLE_TX_1,XGBoost,day_of_month,31,-0.38490736,0.38490736,NEGATIVE,5,Day of month (31) decreased the forecast by 0.385 units relative to the model baseline.
A665DF38-DBC1-5826-98D1-C3F4C9B74894,2016-02-01,SAMPLE_ITEM_002,SAMPLE_TX_1,XGBoost,days_of_supply,41.37943697558872,-0.88902748,0.88902748,NEGATIVE,1,Days of supply (41.37943697558872) decreased the forecast by 0.889 units relative to the model baseline.
A665DF38-DBC1-5826-98D1-C3F4C9B74894,2016-02-01,SAMPLE_ITEM_002,SAMPLE_TX_1,XGBoost,day_of_month,1,0.67903900,0.67903900,POSITIVE,2,Day of month (1) increased the forecast by 0.679 units relative to the model baseline.
A665DF38-DBC1-5826-98D1-C3F4C9B74894,2016-02-01,SAMPLE_ITEM_002,SAMPLE_TX_1,XGBoost,rolling_mean_7,4.543319429670062,-0.49052748,0.49052748,NEGATIVE,3,The recent seven-day demand average (4.543319429670062) decreased the forecast by 0.491 units relative to the model baseline.
A665DF38-DBC1-5826-98D1-C3F4C9B74894,2016-02-01,SAMPLE_ITEM_002,SAMPLE_TX_1,XGBoost,current_stock,188.0,0.42943186,0.42943186,POSITIVE,4,Current stock (188.0) increased the forecast by 0.429 units relative to the model baseline.
A665DF38-DBC1-5826-98D1-C3F4C9B74894,2016-02-01,SAMPLE_ITEM_002,SAMPLE_TX_1,XGBoost,lag_14,6.0,0.24102914,0.24102914,POSITIVE,5,Demand fourteen days ago (6.0) increased the forecast by 0.241 units relative to the model baseline.
8DF6151F-9B04-5EBD-8C5B-BCAF1EF3BF6D,2016-02-02,SAMPLE_ITEM_002,SAMPLE_TX_1,XGBoost,days_of_supply,39.95013249752017,-0.89732778,0.89732778,NEGATIVE,1,Days of supply (39.95013249752017) decreased the forecast by 0.897 units relative to the model baseline.
8DF6151F-9B04-5EBD-8C5B-BCAF1EF3BF6D,2016-02-02,SAMPLE_ITEM_002,SAMPLE_TX_1,XGBoost,day_of_month,2,0.71317172,0.71317172,POSITIVE,2,Day of month (2) increased the forecast by 0.713 units relative to the model baseline.
8DF6151F-9B04-5EBD-8C5B-BCAF1EF3BF6D,2016-02-02,SAMPLE_ITEM_002,SAMPLE_TX_1,XGBoost,rolling_mean_7,4.705866745540074,-0.53450853,0.53450853,NEGATIVE,3,The recent seven-day demand average (4.705866745540074) decreased the forecast by 0.535 units relative to the model baseline.
8DF6151F-9B04-5EBD-8C5B-BCAF1EF3BF6D,2016-02-02,SAMPLE_ITEM_002,SAMPLE_TX_1,XGBoost,current_stock,188.0,0.42943186,0.42943186,POSITIVE,4,Current stock (188.0) increased the forecast by 0.429 units relative to the model baseline.
8DF6151F-9B04-5EBD-8C5B-BCAF1EF3BF6D,2016-02-02,SAMPLE_ITEM_002,SAMPLE_TX_1,XGBoost,lag_14,6.0,0.23792391,0.23792391,POSITIVE,5,Demand fourteen days ago (6.0) increased the forecast by 0.238 units relative to the model baseline.
6BCE2892-399C-51B9-85BA-19056A69DB42,2016-02-03,SAMPLE_ITEM_002,SAMPLE_TX_1,XGBoost,days_of_supply,37.624155217449555,-0.81492919,0.81492919,NEGATIVE,1,Days of supply (37.624155217449555) decreased the forecast by 0.815 units relative to the model baseline.
6BCE2892-399C-51B9-85BA-19056A69DB42,2016-02-03,SAMPLE_ITEM_002,SAMPLE_TX_1,XGBoost,day_of_month,3,0.76786757,0.76786757,POSITIVE,2,Day of month (3) increased the forecast by 0.768 units relative to the model baseline.
6BCE2892-399C-51B9-85BA-19056A69DB42,2016-02-03,SAMPLE_ITEM_002,SAMPLE_TX_1,XGBoost,rolling_mean_7,4.996789932250977,-0.49168861,0.49168861,NEGATIVE,3,The recent seven-day demand average (4.996789932250977) decreased the forecast by 0.492 units relative to the model baseline.
6BCE2892-399C-51B9-85BA-19056A69DB42,2016-02-03,SAMPLE_ITEM_002,SAMPLE_TX_1,XGBoost,current_stock,188.0,0.47963178,0.47963178,POSITIVE,4,Current stock (188.0) increased the forecast by 0.480 units relative to the model baseline.
6BCE2892-399C-51B9-85BA-19056A69DB42,2016-02-03,SAMPLE_ITEM_002,SAMPLE_TX_1,XGBoost,lag_1,5.036462306976318,-0.15877859,0.15877859,NEGATIVE,5,Yesterday's demand (5.036462306976318) decreased the forecast by 0.159 units relative to the model baseline.
8E277199-F127-5140-BF65-CE2CFF4FDF4A,2016-02-04,SAMPLE_ITEM_002,SAMPLE_TX_1,XGBoost,days_of_supply,35.45119006006318,-0.89344859,0.89344859,NEGATIVE,1,Days of supply (35.45119006006318) decreased the forecast by 0.893 units relative to the model baseline.
8E277199-F127-5140-BF65-CE2CFF4FDF4A,2016-02-04,SAMPLE_ITEM_002,SAMPLE_TX_1,XGBoost,day_of_month,4,0.65469712,0.65469712,POSITIVE,2,Day of month (4) increased the forecast by 0.655 units relative to the model baseline.
8E277199-F127-5140-BF65-CE2CFF4FDF4A,2016-02-04,SAMPLE_ITEM_002,SAMPLE_TX_1,XGBoost,current_stock,188.0,0.39022195,0.39022195,POSITIVE,3,Current stock (188.0) increased the forecast by 0.390 units relative to the model baseline.
8E277199-F127-5140-BF65-CE2CFF4FDF4A,2016-02-04,SAMPLE_ITEM_002,SAMPLE_TX_1,XGBoost,lag_14,6.0,0.23726077,0.23726077,POSITIVE,4,Demand fourteen days ago (6.0) increased the forecast by 0.237 units relative to the model baseline.
8E277199-F127-5140-BF65-CE2CFF4FDF4A,2016-02-04,SAMPLE_ITEM_002,SAMPLE_TX_1,XGBoost,price_change_percentage,0.0,0.19686630,0.19686630,POSITIVE,5,Price change percentage (0.0) increased the forecast by 0.197 units relative to the model baseline.
8C91A929-EA91-5471-9F07-F0F27F665DFA,2016-02-05,SAMPLE_ITEM_002,SAMPLE_TX_1,XGBoost,days_of_supply,35.969811629421166,-0.87906277,0.87906277,NEGATIVE,1,Days of supply (35.969811629421166) decreased the forecast by 0.879 units relative to the model baseline.
8C91A929-EA91-5471-9F07-F0F27F665DFA,2016-02-05,SAMPLE_ITEM_002,SAMPLE_TX_1,XGBoost,day_of_month,5,0.72839826,0.72839826,POSITIVE,2,Day of month (5) increased the forecast by 0.728 units relative to the model baseline.
8C91A929-EA91-5471-9F07-F0F27F665DFA,2016-02-05,SAMPLE_ITEM_002,SAMPLE_TX_1,XGBoost,current_stock,188.0,0.39921182,0.39921182,POSITIVE,3,Current stock (188.0) increased the forecast by 0.399 units relative to the model baseline.
8C91A929-EA91-5471-9F07-F0F27F665DFA,2016-02-05,SAMPLE_ITEM_002,SAMPLE_TX_1,XGBoost,lag_14,5.0,0.22159167,0.22159167,POSITIVE,4,Demand fourteen days ago (5.0) increased the forecast by 0.222 units relative to the model baseline.
8C91A929-EA91-5471-9F07-F0F27F665DFA,2016-02-05,SAMPLE_ITEM_002,SAMPLE_TX_1,XGBoost,rolling_mean_7,5.226605074746268,0.21261315,0.21261315,POSITIVE,5,The recent seven-day demand average (5.226605074746268) increased the forecast by 0.213 units relative to the model baseline.
6E2AC2D1-3D13-559E-9835-9D4ED3DC1C8F,2016-02-06,SAMPLE_ITEM_002,SAMPLE_TX_1,XGBoost,days_of_supply,35.42953621996493,-0.92981440,0.92981440,NEGATIVE,1,Days of supply (35.42953621996493) decreased the forecast by 0.930 units relative to the model baseline.
6E2AC2D1-3D13-559E-9835-9D4ED3DC1C8F,2016-02-06,SAMPLE_ITEM_002,SAMPLE_TX_1,XGBoost,day_of_month,6,0.69164532,0.69164532,POSITIVE,2,Day of month (6) increased the forecast by 0.692 units relative to the model baseline.
6E2AC2D1-3D13-559E-9835-9D4ED3DC1C8F,2016-02-06,SAMPLE_ITEM_002,SAMPLE_TX_1,XGBoost,lag_14,8.0,0.43668574,0.43668574,POSITIVE,3,Demand fourteen days ago (8.0) increased the forecast by 0.437 units relative to the model baseline.
6E2AC2D1-3D13-559E-9835-9D4ED3DC1C8F,2016-02-06,SAMPLE_ITEM_002,SAMPLE_TX_1,XGBoost,current_stock,188.0,0.37972948,0.37972948,POSITIVE,4,Current stock (188.0) increased the forecast by 0.380 units relative to the model baseline.
6E2AC2D1-3D13-559E-9835-9D4ED3DC1C8F,2016-02-06,SAMPLE_ITEM_002,SAMPLE_TX_1,XGBoost,rolling_mean_7,5.306307111467634,0.23522678,0.23522678,POSITIVE,5,The recent seven-day demand average (5.306307111467634) increased the forecast by 0.235 units relative to the model baseline.
D1A58C01-BE5B-5D21-B489-1CB930522BF0,2016-02-07,SAMPLE_ITEM_002,SAMPLE_TX_1,XGBoost,day_of_month,7,0.66243720,0.66243720,POSITIVE,1,Day of month (7) increased the forecast by 0.662 units relative to the model baseline.
D1A58C01-BE5B-5D21-B489-1CB930522BF0,2016-02-07,SAMPLE_ITEM_002,SAMPLE_TX_1,XGBoost,days_of_supply,34.741221700278714,-0.64972514,0.64972514,NEGATIVE,2,Days of supply (34.741221700278714) decreased the forecast by 0.650 units relative to the model baseline.
D1A58C01-BE5B-5D21-B489-1CB930522BF0,2016-02-07,SAMPLE_ITEM_002,SAMPLE_TX_1,XGBoost,lag_14,7.0,0.47267604,0.47267604,POSITIVE,3,Demand fourteen days ago (7.0) increased the forecast by 0.473 units relative to the model baseline.
D1A58C01-BE5B-5D21-B489-1CB930522BF0,2016-02-07,SAMPLE_ITEM_002,SAMPLE_TX_1,XGBoost,current_stock,188.0,0.45709243,0.45709243,POSITIVE,4,Current stock (188.0) increased the forecast by 0.457 units relative to the model baseline.
D1A58C01-BE5B-5D21-B489-1CB930522BF0,2016-02-07,SAMPLE_ITEM_002,SAMPLE_TX_1,XGBoost,day_of_week,6,0.41070428,0.41070428,POSITIVE,5,The day of week (6) increased the forecast by 0.411 units relative to the model baseline.
A7EDD7E9-92E0-50E8-8E38-9EEFD97E5C8B,2016-02-08,SAMPLE_ITEM_002,SAMPLE_TX_1,XGBoost,day_of_month,8,0.74527878,0.74527878,POSITIVE,1,Day of month (8) increased the forecast by 0.745 units relative to the model baseline.
A7EDD7E9-92E0-50E8-8E38-9EEFD97E5C8B,2016-02-08,SAMPLE_ITEM_002,SAMPLE_TX_1,XGBoost,days_of_supply,33.50122838353903,-0.68461543,0.68461543,NEGATIVE,2,Days of supply (33.50122838353903) decreased the forecast by 0.685 units relative to the model baseline.
A7EDD7E9-92E0-50E8-8E38-9EEFD97E5C8B,2016-02-08,SAMPLE_ITEM_002,SAMPLE_TX_1,XGBoost,current_stock,188.0,0.38205022,0.38205022,POSITIVE,3,Current stock (188.0) increased the forecast by 0.382 units relative to the model baseline.
A7EDD7E9-92E0-50E8-8E38-9EEFD97E5C8B,2016-02-08,SAMPLE_ITEM_002,SAMPLE_TX_1,XGBoost,lag_1,6.653045654296875,-0.19663532,0.19663532,NEGATIVE,4,Yesterday's demand (6.653045654296875) decreased the forecast by 0.197 units relative to the model baseline.
A7EDD7E9-92E0-50E8-8E38-9EEFD97E5C8B,2016-02-08,SAMPLE_ITEM_002,SAMPLE_TX_1,XGBoost,rolling_mean_7,5.611734526497977,0.18801120,0.18801120,POSITIVE,5,The recent seven-day demand average (5.611734526497977) increased the forecast by 0.188 units relative to the model baseline.
9ECA68FF-6D5D-5DC6-8C3C-76552B994C1F,2016-02-09,SAMPLE_ITEM_002,SAMPLE_TX_1,XGBoost,day_of_month,9,0.75964665,0.75964665,POSITIVE,1,Day of month (9) increased the forecast by 0.760 units relative to the model baseline.
9ECA68FF-6D5D-5DC6-8C3C-76552B994C1F,2016-02-09,SAMPLE_ITEM_002,SAMPLE_TX_1,XGBoost,days_of_supply,33.170018704807184,-0.69880611,0.69880611,NEGATIVE,2,Days of supply (33.170018704807184) decreased the forecast by 0.699 units relative to the model baseline.
9ECA68FF-6D5D-5DC6-8C3C-76552B994C1F,2016-02-09,SAMPLE_ITEM_002,SAMPLE_TX_1,XGBoost,current_stock,188.0,0.39867747,0.39867747,POSITIVE,3,Current stock (188.0) increased the forecast by 0.399 units relative to the model baseline.
9ECA68FF-6D5D-5DC6-8C3C-76552B994C1F,2016-02-09,SAMPLE_ITEM_002,SAMPLE_TX_1,XGBoost,rolling_mean_7,5.6677688871111185,0.20830925,0.20830925,POSITIVE,4,The recent seven-day demand average (5.6677688871111185) increased the forecast by 0.208 units relative to the model baseline.
9ECA68FF-6D5D-5DC6-8C3C-76552B994C1F,2016-02-09,SAMPLE_ITEM_002,SAMPLE_TX_1,XGBoost,price_change_percentage,0.0,0.16573520,0.16573520,POSITIVE,5,Price change percentage (0.0) increased the forecast by 0.166 units relative to the model baseline.
1D8F40F2-3C59-5EB1-A940-DA615B642B65,2016-02-10,SAMPLE_ITEM_002,SAMPLE_TX_1,XGBoost,day_of_month,10,0.76887304,0.76887304,POSITIVE,1,Day of month (10) increased the forecast by 0.769 units relative to the model baseline.
1D8F40F2-3C59-5EB1-A940-DA615B642B65,2016-02-10,SAMPLE_ITEM_002,SAMPLE_TX_1,XGBoost,days_of_supply,32.67099131457869,-0.70839125,0.70839125,NEGATIVE,2,Days of supply (32.67099131457869) decreased the forecast by 0.708 units relative to the model baseline.
1D8F40F2-3C59-5EB1-A940-DA615B642B65,2016-02-10,SAMPLE_ITEM_002,SAMPLE_TX_1,XGBoost,current_stock,188.0,0.40420181,0.40420181,POSITIVE,3,Current stock (188.0) increased the forecast by 0.404 units relative to the model baseline.
1D8F40F2-3C59-5EB1-A940-DA615B642B65,2016-02-10,SAMPLE_ITEM_002,SAMPLE_TX_1,XGBoost,rolling_mean_7,5.754340239933559,0.30448312,0.30448312,POSITIVE,4,The recent seven-day demand average (5.754340239933559) increased the forecast by 0.304 units relative to the model baseline.
1D8F40F2-3C59-5EB1-A940-DA615B642B65,2016-02-10,SAMPLE_ITEM_002,SAMPLE_TX_1,XGBoost,price_change_percentage,0.0,0.15964402,0.15964402,POSITIVE,5,Price change percentage (0.0) increased the forecast by 0.160 units relative to the model baseline.
CC4750D1-59A5-5157-A043-90B0B5BC5A18,2016-02-11,SAMPLE_ITEM_002,SAMPLE_TX_1,XGBoost,days_of_supply,32.210070215415456,-0.80533886,0.80533886,NEGATIVE,1,Days of supply (32.210070215415456) decreased the forecast by 0.805 units relative to the model baseline.
CC4750D1-59A5-5157-A043-90B0B5BC5A18,2016-02-11,SAMPLE_ITEM_002,SAMPLE_TX_1,XGBoost,day_of_month,11,0.72833806,0.72833806,POSITIVE,2,Day of month (11) increased the forecast by 0.728 units relative to the model baseline.
CC4750D1-59A5-5157-A043-90B0B5BC5A18,2016-02-11,SAMPLE_ITEM_002,SAMPLE_TX_1,XGBoost,current_stock,188.0,0.38162196,0.38162196,POSITIVE,3,Current stock (188.0) increased the forecast by 0.382 units relative to the model baseline.
CC4750D1-59A5-5157-A043-90B0B5BC5A18,2016-02-11,SAMPLE_ITEM_002,SAMPLE_TX_1,XGBoost,rolling_mean_7,5.83668395451137,0.32352707,0.32352707,POSITIVE,4,The recent seven-day demand average (5.83668395451137) increased the forecast by 0.324 units relative to the model baseline.
CC4750D1-59A5-5157-A043-90B0B5BC5A18,2016-02-11,SAMPLE_ITEM_002,SAMPLE_TX_1,XGBoost,lag_14,6.0,0.27837196,0.27837196,POSITIVE,5,Demand fourteen days ago (6.0) increased the forecast by 0.278 units relative to the model baseline.
5823FAE7-BAA6-541D-BEB6-EFF9ACB69299,2016-02-12,SAMPLE_ITEM_002,SAMPLE_TX_1,XGBoost,days_of_supply,31.89986530022047,-0.79127938,0.79127938,NEGATIVE,1,Days of supply (31.89986530022047) decreased the forecast by 0.791 units relative to the model baseline.
5823FAE7-BAA6-541D-BEB6-EFF9ACB69299,2016-02-12,SAMPLE_ITEM_002,SAMPLE_TX_1,XGBoost,day_of_month,12,0.74756861,0.74756861,POSITIVE,2,Day of month (12) increased the forecast by 0.748 units relative to the model baseline.
5823FAE7-BAA6-541D-BEB6-EFF9ACB69299,2016-02-12,SAMPLE_ITEM_002,SAMPLE_TX_1,XGBoost,current_stock,188.0,0.39061183,0.39061183,POSITIVE,3,Current stock (188.0) increased the forecast by 0.391 units relative to the model baseline.
5823FAE7-BAA6-541D-BEB6-EFF9ACB69299,2016-02-12,SAMPLE_ITEM_002,SAMPLE_TX_1,XGBoost,lag_14,5.303044319152832,0.25589013,0.25589013,POSITIVE,4,Demand fourteen days ago (5.303044319152832) increased the forecast by 0.256 units relative to the model baseline.
5823FAE7-BAA6-541D-BEB6-EFF9ACB69299,2016-02-12,SAMPLE_ITEM_002,SAMPLE_TX_1,XGBoost,price_change_percentage,0.0,0.18977277,0.18977277,POSITIVE,5,Price change percentage (0.0) increased the forecast by 0.190 units relative to the model baseline.
8BC11CDC-062A-5594-A158-4B203F848464,2016-02-13,SAMPLE_ITEM_002,SAMPLE_TX_1,XGBoost,days_of_supply,31.95888107394453,-0.79473501,0.79473501,NEGATIVE,1,Days of supply (31.95888107394453) decreased the forecast by 0.795 units relative to the model baseline.
8BC11CDC-062A-5594-A158-4B203F848464,2016-02-13,SAMPLE_ITEM_002,SAMPLE_TX_1,XGBoost,day_of_month,13,0.74681944,0.74681944,POSITIVE,2,Day of month (13) increased the forecast by 0.747 units relative to the model baseline.
8BC11CDC-062A-5594-A158-4B203F848464,2016-02-13,SAMPLE_ITEM_002,SAMPLE_TX_1,XGBoost,current_stock,188.0,0.38376495,0.38376495,POSITIVE,3,Current stock (188.0) increased the forecast by 0.384 units relative to the model baseline.
8BC11CDC-062A-5594-A158-4B203F848464,2016-02-13,SAMPLE_ITEM_002,SAMPLE_TX_1,XGBoost,lag_14,5.249215126037598,0.24929264,0.24929264,POSITIVE,4,Demand fourteen days ago (5.249215126037598) increased the forecast by 0.249 units relative to the model baseline.
8BC11CDC-062A-5594-A158-4B203F848464,2016-02-13,SAMPLE_ITEM_002,SAMPLE_TX_1,XGBoost,price_change_percentage,0.0,0.19359407,0.19359407,POSITIVE,5,Price change percentage (0.0) increased the forecast by 0.194 units relative to the model baseline.
DC232F7B-76C2-52C8-A304-025E567B5F3B,2016-02-14,SAMPLE_ITEM_002,SAMPLE_TX_1,XGBoost,day_of_month,14,0.64462709,0.64462709,POSITIVE,1,Day of month (14) increased the forecast by 0.645 units relative to the model baseline.
DC232F7B-76C2-52C8-A304-025E567B5F3B,2016-02-14,SAMPLE_ITEM_002,SAMPLE_TX_1,XGBoost,days_of_supply,32.12227641595108,-0.58865911,0.58865911,NEGATIVE,2,Days of supply (32.12227641595108) decreased the forecast by 0.589 units relative to the model baseline.
DC232F7B-76C2-52C8-A304-025E567B5F3B,2016-02-14,SAMPLE_ITEM_002,SAMPLE_TX_1,XGBoost,current_stock,188.0,0.46672836,0.46672836,POSITIVE,3,Current stock (188.0) increased the forecast by 0.467 units relative to the model baseline.
DC232F7B-76C2-52C8-A304-025E567B5F3B,2016-02-14,SAMPLE_ITEM_002,SAMPLE_TX_1,XGBoost,day_of_week,6,0.40860939,0.40860939,POSITIVE,4,The day of week (6) increased the forecast by 0.409 units relative to the model baseline.
DC232F7B-76C2-52C8-A304-025E567B5F3B,2016-02-14,SAMPLE_ITEM_002,SAMPLE_TX_1,XGBoost,rolling_mean_7,5.852636269160679,0.31933257,0.31933257,POSITIVE,5,The recent seven-day demand average (5.852636269160679) increased the forecast by 0.319 units relative to the model baseline.
1D5E150E-A618-5DC7-82CF-E68CC8E64039,2016-02-15,SAMPLE_ITEM_002,SAMPLE_TX_1,XGBoost,days_of_supply,32.30033620132784,-0.79779363,0.79779363,NEGATIVE,1,Days of supply (32.30033620132784) decreased the forecast by 0.798 units relative to the model baseline.
1D5E150E-A618-5DC7-82CF-E68CC8E64039,2016-02-15,SAMPLE_ITEM_002,SAMPLE_TX_1,XGBoost,day_of_month,15,0.70503122,0.70503122,POSITIVE,2,Day of month (15) increased the forecast by 0.705 units relative to the model baseline.
1D5E150E-A618-5DC7-82CF-E68CC8E64039,2016-02-15,SAMPLE_ITEM_002,SAMPLE_TX_1,XGBoost,current_stock,188.0,0.36522698,0.36522698,POSITIVE,3,Current stock (188.0) increased the forecast by 0.365 units relative to the model baseline.
1D5E150E-A618-5DC7-82CF-E68CC8E64039,2016-02-15,SAMPLE_ITEM_002,SAMPLE_TX_1,XGBoost,rolling_mean_7,5.8203728539603095,0.27688435,0.27688435,POSITIVE,4,The recent seven-day demand average (5.8203728539603095) increased the forecast by 0.277 units relative to the model baseline.
1D5E150E-A618-5DC7-82CF-E68CC8E64039,2016-02-15,SAMPLE_ITEM_002,SAMPLE_TX_1,XGBoost,lag_14,5.137831211090088,0.24715951,0.24715951,POSITIVE,5,Demand fourteen days ago (5.137831211090088) increased the forecast by 0.247 units relative to the model baseline.
EBC963E4-6936-5518-B256-C2DAFCB9F708,2016-02-16,SAMPLE_ITEM_002,SAMPLE_TX_1,XGBoost,days_of_supply,32.07670257621345,-0.80813032,0.80813032,NEGATIVE,1,Days of supply (32.07670257621345) decreased the forecast by 0.808 units relative to the model baseline.
EBC963E4-6936-5518-B256-C2DAFCB9F708,2016-02-16,SAMPLE_ITEM_002,SAMPLE_TX_1,XGBoost,current_stock,188.0,0.38322726,0.38322726,POSITIVE,2,Current stock (188.0) increased the forecast by 0.383 units relative to the model baseline.
EBC963E4-6936-5518-B256-C2DAFCB9F708,2016-02-16,SAMPLE_ITEM_002,SAMPLE_TX_1,XGBoost,lag_14,5.036462306976318,0.27690282,0.27690282,POSITIVE,3,Demand fourteen days ago (5.036462306976318) increased the forecast by 0.277 units relative to the model baseline.
EBC963E4-6936-5518-B256-C2DAFCB9F708,2016-02-16,SAMPLE_ITEM_002,SAMPLE_TX_1,XGBoost,rolling_mean_14,5.764360223497663,0.27306655,0.27306655,POSITIVE,4,The recent fourteen-day demand average (5.764360223497663) increased the forecast by 0.273 units relative to the model baseline.
EBC963E4-6936-5518-B256-C2DAFCB9F708,2016-02-16,SAMPLE_ITEM_002,SAMPLE_TX_1,XGBoost,day_of_week,1,-0.23237187,0.23237187,NEGATIVE,5,The day of week (1) decreased the forecast by 0.232 units relative to the model baseline.
BBB08888-D080-51F1-A767-2192911C4409,2016-02-17,SAMPLE_ITEM_002,SAMPLE_TX_1,XGBoost,days_of_supply,32.357271948141175,-0.76097322,0.76097322,NEGATIVE,1,Days of supply (32.357271948141175) decreased the forecast by 0.761 units relative to the model baseline.
BBB08888-D080-51F1-A767-2192911C4409,2016-02-17,SAMPLE_ITEM_002,SAMPLE_TX_1,XGBoost,current_stock,188.0,0.41660267,0.41660267,POSITIVE,2,Current stock (188.0) increased the forecast by 0.417 units relative to the model baseline.
BBB08888-D080-51F1-A767-2192911C4409,2016-02-17,SAMPLE_ITEM_002,SAMPLE_TX_1,XGBoost,lag_14,5.143932342529297,0.27179468,0.27179468,POSITIVE,3,Demand fourteen days ago (5.143932342529297) increased the forecast by 0.272 units relative to the model baseline.
BBB08888-D080-51F1-A767-2192911C4409,2016-02-17,SAMPLE_ITEM_002,SAMPLE_TX_1,XGBoost,rolling_mean_7,5.810131345476423,0.26343194,0.26343194,POSITIVE,4,The recent seven-day demand average (5.810131345476423) increased the forecast by 0.263 units relative to the model baseline.
BBB08888-D080-51F1-A767-2192911C4409,2016-02-17,SAMPLE_ITEM_002,SAMPLE_TX_1,XGBoost,rolling_mean_14,5.7822357927049906,0.24043135,0.24043135,POSITIVE,5,The recent fourteen-day demand average (5.7822357927049906) increased the forecast by 0.240 units relative to the model baseline.
0E7E85DA-52C9-5630-933E-D051111DC7A5,2016-02-18,SAMPLE_ITEM_002,SAMPLE_TX_1,XGBoost,days_of_supply,32.75030937351648,-0.76533389,0.76533389,NEGATIVE,1,Days of supply (32.75030937351648) decreased the forecast by 0.765 units relative to the model baseline.
0E7E85DA-52C9-5630-933E-D051111DC7A5,2016-02-18,SAMPLE_ITEM_002,SAMPLE_TX_1,XGBoost,current_stock,188.0,0.41983593,0.41983593,POSITIVE,2,Current stock (188.0) increased the forecast by 0.420 units relative to the model baseline.
0E7E85DA-52C9-5630-933E-D051111DC7A5,2016-02-18,SAMPLE_ITEM_002,SAMPLE_TX_1,XGBoost,day_of_week,3,-0.30007496,0.30007496,NEGATIVE,3,The day of week (3) decreased the forecast by 0.300 units relative to the model baseline.
0E7E85DA-52C9-5630-933E-D051111DC7A5,2016-02-18,SAMPLE_ITEM_002,SAMPLE_TX_1,XGBoost,lag_14,5.464773654937744,0.26871765,0.26871765,POSITIVE,4,Demand fourteen days ago (5.464773654937744) increased the forecast by 0.269 units relative to the model baseline.
0E7E85DA-52C9-5630-933E-D051111DC7A5,2016-02-18,SAMPLE_ITEM_002,SAMPLE_TX_1,XGBoost,rolling_mean_7,5.74040378843035,0.25892681,0.25892681,POSITIVE,5,The recent seven-day demand average (5.74040378843035) increased the forecast by 0.259 units relative to the model baseline.
A8987B70-DF1C-505A-876C-5759F3F1E859,2016-02-19,SAMPLE_ITEM_002,SAMPLE_TX_1,XGBoost,days_of_supply,33.355835209810444,-0.81811315,0.81811315,NEGATIVE,1,Days of supply (33.355835209810444) decreased the forecast by 0.818 units relative to the model baseline.
A8987B70-DF1C-505A-876C-5759F3F1E859,2016-02-19,SAMPLE_ITEM_002,SAMPLE_TX_1,XGBoost,rolling_mean_14,5.764818532126291,0.42609432,0.42609432,POSITIVE,2,The recent fourteen-day demand average (5.764818532126291) increased the forecast by 0.426 units relative to the model baseline.
A8987B70-DF1C-505A-876C-5759F3F1E859,2016-02-19,SAMPLE_ITEM_002,SAMPLE_TX_1,XGBoost,current_stock,188.0,0.41983593,0.41983593,POSITIVE,3,Current stock (188.0) increased the forecast by 0.420 units relative to the model baseline.
A8987B70-DF1C-505A-876C-5759F3F1E859,2016-02-19,SAMPLE_ITEM_002,SAMPLE_TX_1,XGBoost,lag_14,5.860958576202393,0.26716539,0.26716539,POSITIVE,4,Demand fourteen days ago (5.860958576202393) increased the forecast by 0.267 units relative to the model baseline.
A8987B70-DF1C-505A-876C-5759F3F1E859,2016-02-19,SAMPLE_ITEM_002,SAMPLE_TX_1,XGBoost,price_change_percentage,0.0,0.22913663,0.22913663,POSITIVE,5,Price change percentage (0.0) increased the forecast by 0.229 units relative to the model baseline.
77FFD397-1CB9-5C4C-9C5B-42A23198DF58,2016-02-20,SAMPLE_ITEM_002,SAMPLE_TX_1,XGBoost,days_of_supply,33.765936489303655,-0.82156879,0.82156879,NEGATIVE,1,Days of supply (33.765936489303655) decreased the forecast by 0.822 units relative to the model baseline.
77FFD397-1CB9-5C4C-9C5B-42A23198DF58,2016-02-20,SAMPLE_ITEM_002,SAMPLE_TX_1,XGBoost,rolling_mean_14,5.725150108337402,0.43160751,0.43160751,POSITIVE,2,The recent fourteen-day demand average (5.725150108337402) increased the forecast by 0.432 units relative to the model baseline.
77FFD397-1CB9-5C4C-9C5B-42A23198DF58,2016-02-20,SAMPLE_ITEM_002,SAMPLE_TX_1,XGBoost,current_stock,188.0,0.41344097,0.41344097,POSITIVE,3,Current stock (188.0) increased the forecast by 0.413 units relative to the model baseline.
77FFD397-1CB9-5C4C-9C5B-42A23198DF58,2016-02-20,SAMPLE_ITEM_002,SAMPLE_TX_1,XGBoost,lag_14,5.985137939453125,0.25347713,0.25347713,POSITIVE,4,Demand fourteen days ago (5.985137939453125) increased the forecast by 0.253 units relative to the model baseline.
77FFD397-1CB9-5C4C-9C5B-42A23198DF58,2016-02-20,SAMPLE_ITEM_002,SAMPLE_TX_1,XGBoost,price_change_percentage,0.0,0.23151936,0.23151936,POSITIVE,5,Price change percentage (0.0) increased the forecast by 0.232 units relative to the model baseline.
B27B84FC-039B-5A5C-925C-216FA15EE806,2016-02-21,SAMPLE_ITEM_002,SAMPLE_TX_1,XGBoost,days_of_supply,34.277014384014926,-0.59413642,0.59413642,NEGATIVE,1,Days of supply (34.277014384014926) decreased the forecast by 0.594 units relative to the model baseline.
B27B84FC-039B-5A5C-925C-216FA15EE806,2016-02-21,SAMPLE_ITEM_002,SAMPLE_TX_1,XGBoost,current_stock,188.0,0.49474204,0.49474204,POSITIVE,2,Current stock (188.0) increased the forecast by 0.495 units relative to the model baseline.
B27B84FC-039B-5A5C-925C-216FA15EE806,2016-02-21,SAMPLE_ITEM_002,SAMPLE_TX_1,XGBoost,day_of_week,6,0.41052881,0.41052881,POSITIVE,3,The day of week (6) increased the forecast by 0.411 units relative to the model baseline.
B27B84FC-039B-5A5C-925C-216FA15EE806,2016-02-21,SAMPLE_ITEM_002,SAMPLE_TX_1,XGBoost,day_of_month,21,-0.38724706,0.38724706,NEGATIVE,4,Day of month (21) decreased the forecast by 0.387 units relative to the model baseline.
B27B84FC-039B-5A5C-925C-216FA15EE806,2016-02-21,SAMPLE_ITEM_002,SAMPLE_TX_1,XGBoost,lag_14,6.653045654296875,0.30693680,0.30693680,POSITIVE,5,Demand fourteen days ago (6.653045654296875) increased the forecast by 0.307 units relative to the model baseline.
4C2DE6BE-AD00-5466-B13B-ED3E43277207,2016-02-22,SAMPLE_ITEM_002,SAMPLE_TX_1,XGBoost,days_of_supply,35.2190621500596,-0.84623569,0.84623569,NEGATIVE,1,Days of supply (35.2190621500596) decreased the forecast by 0.846 units relative to the model baseline.
4C2DE6BE-AD00-5466-B13B-ED3E43277207,2016-02-22,SAMPLE_ITEM_002,SAMPLE_TX_1,XGBoost,current_stock,188.0,0.42745778,0.42745778,POSITIVE,2,Current stock (188.0) increased the forecast by 0.427 units relative to the model baseline.
4C2DE6BE-AD00-5466-B13B-ED3E43277207,2016-02-22,SAMPLE_ITEM_002,SAMPLE_TX_1,XGBoost,day_of_month,22,-0.42108971,0.42108971,NEGATIVE,3,Day of month (22) decreased the forecast by 0.421 units relative to the model baseline.
4C2DE6BE-AD00-5466-B13B-ED3E43277207,2016-02-22,SAMPLE_ITEM_002,SAMPLE_TX_1,XGBoost,lag_14,5.53007173538208,0.27274725,0.27274725,POSITIVE,4,Demand fourteen days ago (5.53007173538208) increased the forecast by 0.273 units relative to the model baseline.
4C2DE6BE-AD00-5466-B13B-ED3E43277207,2016-02-22,SAMPLE_ITEM_002,SAMPLE_TX_1,XGBoost,price_change_percentage,0.0,0.25714004,0.25714004,POSITIVE,5,Price change percentage (0.0) increased the forecast by 0.257 units relative to the model baseline.
A390BE45-724F-55B4-BAD4-3D4F539935E9,2016-02-23,SAMPLE_ITEM_002,SAMPLE_TX_1,XGBoost,days_of_supply,36.33940442843084,-0.86261618,0.86261618,NEGATIVE,1,Days of supply (36.33940442843084) decreased the forecast by 0.863 units relative to the model baseline.
A390BE45-724F-55B4-BAD4-3D4F539935E9,2016-02-23,SAMPLE_ITEM_002,SAMPLE_TX_1,XGBoost,current_stock,188.0,0.42745778,0.42745778,POSITIVE,2,Current stock (188.0) increased the forecast by 0.427 units relative to the model baseline.
A390BE45-724F-55B4-BAD4-3D4F539935E9,2016-02-23,SAMPLE_ITEM_002,SAMPLE_TX_1,XGBoost,day_of_month,23,-0.41862905,0.41862905,NEGATIVE,3,Day of month (23) decreased the forecast by 0.419 units relative to the model baseline.
A390BE45-724F-55B4-BAD4-3D4F539935E9,2016-02-23,SAMPLE_ITEM_002,SAMPLE_TX_1,XGBoost,lag_14,5.642461776733398,0.26784247,0.26784247,POSITIVE,4,Demand fourteen days ago (5.642461776733398) increased the forecast by 0.268 units relative to the model baseline.
A390BE45-724F-55B4-BAD4-3D4F539935E9,2016-02-23,SAMPLE_ITEM_002,SAMPLE_TX_1,XGBoost,price_change_percentage,0.0,0.25798601,0.25798601,POSITIVE,5,Price change percentage (0.0) increased the forecast by 0.258 units relative to the model baseline.
ABB20472-365D-53A8-9D45-AF837FDD1968,2016-02-24,SAMPLE_ITEM_002,SAMPLE_TX_1,XGBoost,days_of_supply,36.97455644364151,-0.87010568,0.87010568,NEGATIVE,1,Days of supply (36.97455644364151) decreased the forecast by 0.870 units relative to the model baseline.
ABB20472-365D-53A8-9D45-AF837FDD1968,2016-02-24,SAMPLE_ITEM_002,SAMPLE_TX_1,XGBoost,current_stock,188.0,0.43495148,0.43495148,POSITIVE,2,Current stock (188.0) increased the forecast by 0.435 units relative to the model baseline.
ABB20472-365D-53A8-9D45-AF837FDD1968,2016-02-24,SAMPLE_ITEM_002,SAMPLE_TX_1,XGBoost,day_of_month,24,-0.40899676,0.40899676,NEGATIVE,3,Day of month (24) decreased the forecast by 0.409 units relative to the model baseline.
ABB20472-365D-53A8-9D45-AF837FDD1968,2016-02-24,SAMPLE_ITEM_002,SAMPLE_TX_1,XGBoost,lag_14,5.720338344573975,0.26728442,0.26728442,POSITIVE,4,Demand fourteen days ago (5.720338344573975) increased the forecast by 0.267 units relative to the model baseline.
ABB20472-365D-53A8-9D45-AF837FDD1968,2016-02-24,SAMPLE_ITEM_002,SAMPLE_TX_1,XGBoost,price_change_percentage,0.0,0.24161239,0.24161239,POSITIVE,5,Price change percentage (0.0) increased the forecast by 0.242 units relative to the model baseline.
E2324242-5B3E-5323-96A3-42462F3C4B0D,2016-02-25,SAMPLE_ITEM_002,SAMPLE_TX_1,XGBoost,days_of_supply,37.59744809714154,-0.87538904,0.87538904,NEGATIVE,1,Days of supply (37.59744809714154) decreased the forecast by 0.875 units relative to the model baseline.
E2324242-5B3E-5323-96A3-42462F3C4B0D,2016-02-25,SAMPLE_ITEM_002,SAMPLE_TX_1,XGBoost,current_stock,188.0,0.43818474,0.43818474,POSITIVE,2,Current stock (188.0) increased the forecast by 0.438 units relative to the model baseline.
E2324242-5B3E-5323-96A3-42462F3C4B0D,2016-02-25,SAMPLE_ITEM_002,SAMPLE_TX_1,XGBoost,day_of_month,25,-0.41184434,0.41184434,NEGATIVE,3,Day of month (25) decreased the forecast by 0.412 units relative to the model baseline.
E2324242-5B3E-5323-96A3-42462F3C4B0D,2016-02-25,SAMPLE_ITEM_002,SAMPLE_TX_1,XGBoost,lag_14,5.862078666687012,0.26340333,0.26340333,POSITIVE,4,Demand fourteen days ago (5.862078666687012) increased the forecast by 0.263 units relative to the model baseline.
E2324242-5B3E-5323-96A3-42462F3C4B0D,2016-02-25,SAMPLE_ITEM_002,SAMPLE_TX_1,XGBoost,price_change_percentage,0.0,0.24980639,0.24980639,POSITIVE,5,Price change percentage (0.0) increased the forecast by 0.250 units relative to the model baseline.
3C620737-8DF4-57FA-BA6E-E3A981A0C8DB,2016-02-26,SAMPLE_ITEM_002,SAMPLE_TX_1,XGBoost,days_of_supply,38.18230360100563,-0.90753323,0.90753323,NEGATIVE,1,Days of supply (38.18230360100563) decreased the forecast by 0.908 units relative to the model baseline.
3C620737-8DF4-57FA-BA6E-E3A981A0C8DB,2016-02-26,SAMPLE_ITEM_002,SAMPLE_TX_1,XGBoost,current_stock,188.0,0.48551789,0.48551789,POSITIVE,2,Current stock (188.0) increased the forecast by 0.486 units relative to the model baseline.
3C620737-8DF4-57FA-BA6E-E3A981A0C8DB,2016-02-26,SAMPLE_ITEM_002,SAMPLE_TX_1,XGBoost,rolling_mean_7,4.9237469264439175,-0.46187931,0.46187931,NEGATIVE,3,The recent seven-day demand average (4.9237469264439175) decreased the forecast by 0.462 units relative to the model baseline.
3C620737-8DF4-57FA-BA6E-E3A981A0C8DB,2016-02-26,SAMPLE_ITEM_002,SAMPLE_TX_1,XGBoost,day_of_month,26,-0.38637969,0.38637969,NEGATIVE,4,Day of month (26) decreased the forecast by 0.386 units relative to the model baseline.
3C620737-8DF4-57FA-BA6E-E3A981A0C8DB,2016-02-26,SAMPLE_ITEM_002,SAMPLE_TX_1,XGBoost,lag_14,5.784778118133545,0.26014087,0.26014087,POSITIVE,5,Demand fourteen days ago (5.784778118133545) increased the forecast by 0.260 units relative to the model baseline.
0F630F1E-E9B0-5C0C-BA10-9DCDF9C7BDE9,2016-02-27,SAMPLE_ITEM_002,SAMPLE_TX_1,XGBoost,days_of_supply,39.49137238960912,-0.91514128,0.91514128,NEGATIVE,1,Days of supply (39.49137238960912) decreased the forecast by 0.915 units relative to the model baseline.
0F630F1E-E9B0-5C0C-BA10-9DCDF9C7BDE9,2016-02-27,SAMPLE_ITEM_002,SAMPLE_TX_1,XGBoost,rolling_mean_7,4.760533469063895,-0.51130176,0.51130176,NEGATIVE,2,The recent seven-day demand average (4.760533469063895) decreased the forecast by 0.511 units relative to the model baseline.
0F630F1E-E9B0-5C0C-BA10-9DCDF9C7BDE9,2016-02-27,SAMPLE_ITEM_002,SAMPLE_TX_1,XGBoost,current_stock,188.0,0.43970135,0.43970135,POSITIVE,3,Current stock (188.0) increased the forecast by 0.440 units relative to the model baseline.
0F630F1E-E9B0-5C0C-BA10-9DCDF9C7BDE9,2016-02-27,SAMPLE_ITEM_002,SAMPLE_TX_1,XGBoost,day_of_month,27,-0.37903076,0.37903076,NEGATIVE,4,Day of month (27) decreased the forecast by 0.379 units relative to the model baseline.
0F630F1E-E9B0-5C0C-BA10-9DCDF9C7BDE9,2016-02-27,SAMPLE_ITEM_002,SAMPLE_TX_1,XGBoost,lag_14,5.775679588317871,0.25432405,0.25432405,POSITIVE,5,Demand fourteen days ago (5.775679588317871) increased the forecast by 0.254 units relative to the model baseline.
165AC6B8-5A40-55A2-A268-BA710F9AFB50,2016-02-28,SAMPLE_ITEM_002,SAMPLE_TX_1,XGBoost,days_of_supply,41.051064930269206,-0.66263127,0.66263127,NEGATIVE,1,Days of supply (41.051064930269206) decreased the forecast by 0.663 units relative to the model baseline.
165AC6B8-5A40-55A2-A268-BA710F9AFB50,2016-02-28,SAMPLE_ITEM_002,SAMPLE_TX_1,XGBoost,day_of_week,6,0.54487938,0.54487938,POSITIVE,2,The day of week (6) increased the forecast by 0.545 units relative to the model baseline.
165AC6B8-5A40-55A2-A268-BA710F9AFB50,2016-02-28,SAMPLE_ITEM_002,SAMPLE_TX_1,XGBoost,current_stock,188.0,0.48537478,0.48537478,POSITIVE,3,Current stock (188.0) increased the forecast by 0.485 units relative to the model baseline.
165AC6B8-5A40-55A2-A268-BA710F9AFB50,2016-02-28,SAMPLE_ITEM_002,SAMPLE_TX_1,XGBoost,day_of_month,28,-0.44670027,0.44670027,NEGATIVE,4,Day of month (28) decreased the forecast by 0.447 units relative to the model baseline.
165AC6B8-5A40-55A2-A268-BA710F9AFB50,2016-02-28,SAMPLE_ITEM_002,SAMPLE_TX_1,XGBoost,rolling_mean_7,4.57966194834028,-0.34880415,0.34880415,NEGATIVE,5,The recent seven-day demand average (4.57966194834028) decreased the forecast by 0.349 units relative to the model baseline.
1770D2E2-03C9-5FBB-914A-19640EEEC913,2016-02-29,SAMPLE_ITEM_002,SAMPLE_TX_1,XGBoost,days_of_supply,40.95901005432131,-0.89117777,0.89117777,NEGATIVE,1,Days of supply (40.95901005432131) decreased the forecast by 0.891 units relative to the model baseline.
1770D2E2-03C9-5FBB-914A-19640EEEC913,2016-02-29,SAMPLE_ITEM_002,SAMPLE_TX_1,XGBoost,current_stock,188.0,0.47676030,0.47676030,POSITIVE,2,Current stock (188.0) increased the forecast by 0.477 units relative to the model baseline.
1770D2E2-03C9-5FBB-914A-19640EEEC913,2016-02-29,SAMPLE_ITEM_002,SAMPLE_TX_1,XGBoost,day_of_month,29,-0.38647848,0.38647848,NEGATIVE,3,Day of month (29) decreased the forecast by 0.386 units relative to the model baseline.
1770D2E2-03C9-5FBB-914A-19640EEEC913,2016-02-29,SAMPLE_ITEM_002,SAMPLE_TX_1,XGBoost,rolling_mean_7,4.589954682758877,-0.37600851,0.37600851,NEGATIVE,4,The recent seven-day demand average (4.589954682758877) decreased the forecast by 0.376 units relative to the model baseline.
1770D2E2-03C9-5FBB-914A-19640EEEC913,2016-02-29,SAMPLE_ITEM_002,SAMPLE_TX_1,XGBoost,lag_14,5.814122676849365,0.27090713,0.27090713,POSITIVE,5,Demand fourteen days ago (5.814122676849365) increased the forecast by 0.271 units relative to the model baseline.
8E037839-3E2C-59BD-99E2-493AE92BDAC9,2016-03-01,SAMPLE_ITEM_002,SAMPLE_TX_1,XGBoost,days_of_supply,41.363844651161685,-0.87979263,0.87979263,NEGATIVE,1,Days of supply (41.363844651161685) decreased the forecast by 0.880 units relative to the model baseline.
8E037839-3E2C-59BD-99E2-493AE92BDAC9,2016-03-01,SAMPLE_ITEM_002,SAMPLE_TX_1,XGBoost,day_of_month,1,0.71472758,0.71472758,POSITIVE,2,Day of month (1) increased the forecast by 0.715 units relative to the model baseline.
8E037839-3E2C-59BD-99E2-493AE92BDAC9,2016-03-01,SAMPLE_ITEM_002,SAMPLE_TX_1,XGBoost,rolling_mean_7,4.545032058443342,-0.53907657,0.53907657,NEGATIVE,3,The recent seven-day demand average (4.545032058443342) decreased the forecast by 0.539 units relative to the model baseline.
8E037839-3E2C-59BD-99E2-493AE92BDAC9,2016-03-01,SAMPLE_ITEM_002,SAMPLE_TX_1,XGBoost,current_stock,188.0,0.45741335,0.45741335,POSITIVE,4,Current stock (188.0) increased the forecast by 0.457 units relative to the model baseline.
8E037839-3E2C-59BD-99E2-493AE92BDAC9,2016-03-01,SAMPLE_ITEM_002,SAMPLE_TX_1,XGBoost,lag_14,5.286720275878906,0.20924620,0.20924620,POSITIVE,5,Demand fourteen days ago (5.286720275878906) increased the forecast by 0.209 units relative to the model baseline.
5CB36427-BFB2-502E-95BB-C9A9FC2062DF,2016-03-02,SAMPLE_ITEM_002,SAMPLE_TX_1,XGBoost,days_of_supply,40.631916893793715,-0.88863158,0.88863158,NEGATIVE,1,Days of supply (40.631916893793715) decreased the forecast by 0.889 units relative to the model baseline.
5CB36427-BFB2-502E-95BB-C9A9FC2062DF,2016-03-02,SAMPLE_ITEM_002,SAMPLE_TX_1,XGBoost,day_of_month,2,0.71488810,0.71488810,POSITIVE,2,Day of month (2) increased the forecast by 0.715 units relative to the model baseline.
5CB36427-BFB2-502E-95BB-C9A9FC2062DF,2016-03-02,SAMPLE_ITEM_002,SAMPLE_TX_1,XGBoost,rolling_mean_7,4.62690452166966,-0.54118341,0.54118341,NEGATIVE,3,The recent seven-day demand average (4.62690452166966) decreased the forecast by 0.541 units relative to the model baseline.
5CB36427-BFB2-502E-95BB-C9A9FC2062DF,2016-03-02,SAMPLE_ITEM_002,SAMPLE_TX_1,XGBoost,current_stock,188.0,0.44959515,0.44959515,POSITIVE,4,Current stock (188.0) increased the forecast by 0.450 units relative to the model baseline.
5CB36427-BFB2-502E-95BB-C9A9FC2062DF,2016-03-02,SAMPLE_ITEM_002,SAMPLE_TX_1,XGBoost,lag_14,5.232245445251465,0.20609008,0.20609008,POSITIVE,5,Demand fourteen days ago (5.232245445251465) increased the forecast by 0.206 units relative to the model baseline.
1B8A1A08-4603-55EC-878D-720FAC5BDD60,2016-03-03,SAMPLE_ITEM_002,SAMPLE_TX_1,XGBoost,days_of_supply,39.89152525380591,-0.89391500,0.89391500,NEGATIVE,1,Days of supply (39.89152525380591) decreased the forecast by 0.894 units relative to the model baseline.
1B8A1A08-4603-55EC-878D-720FAC5BDD60,2016-03-03,SAMPLE_ITEM_002,SAMPLE_TX_1,XGBoost,day_of_month,3,0.72437471,0.72437471,POSITIVE,2,Day of month (3) increased the forecast by 0.724 units relative to the model baseline.
1B8A1A08-4603-55EC-878D-720FAC5BDD60,2016-03-03,SAMPLE_ITEM_002,SAMPLE_TX_1,XGBoost,rolling_mean_7,4.712780441556658,-0.54848969,0.54848969,NEGATIVE,3,The recent seven-day demand average (4.712780441556658) decreased the forecast by 0.548 units relative to the model baseline.
1B8A1A08-4603-55EC-878D-720FAC5BDD60,2016-03-03,SAMPLE_ITEM_002,SAMPLE_TX_1,XGBoost,current_stock,188.0,0.45282844,0.45282844,POSITIVE,4,Current stock (188.0) increased the forecast by 0.453 units relative to the model baseline.
1B8A1A08-4603-55EC-878D-720FAC5BDD60,2016-03-03,SAMPLE_ITEM_002,SAMPLE_TX_1,XGBoost,lag_14,5.1326189041137695,0.20312078,0.20312078,POSITIVE,5,Demand fourteen days ago (5.1326189041137695) increased the forecast by 0.203 units relative to the model baseline.
7C78BC07-F064-5A69-A052-29099C2E7546,2016-03-04,SAMPLE_ITEM_002,SAMPLE_TX_1,XGBoost,days_of_supply,39.17296347739327,-0.88993055,0.88993055,NEGATIVE,1,Days of supply (39.17296347739327) decreased the forecast by 0.890 units relative to the model baseline.
7C78BC07-F064-5A69-A052-29099C2E7546,2016-03-04,SAMPLE_ITEM_002,SAMPLE_TX_1,XGBoost,day_of_month,4,0.72437471,0.72437471,POSITIVE,2,Day of month (4) increased the forecast by 0.724 units relative to the model baseline.
7C78BC07-F064-5A69-A052-29099C2E7546,2016-03-04,SAMPLE_ITEM_002,SAMPLE_TX_1,XGBoost,rolling_mean_7,4.7992284297943115,-0.55219877,0.55219877,NEGATIVE,3,The recent seven-day demand average (4.7992284297943115) decreased the forecast by 0.552 units relative to the model baseline.
7C78BC07-F064-5A69-A052-29099C2E7546,2016-03-04,SAMPLE_ITEM_002,SAMPLE_TX_1,XGBoost,current_stock,188.0,0.45282844,0.45282844,POSITIVE,4,Current stock (188.0) increased the forecast by 0.453 units relative to the model baseline.
7C78BC07-F064-5A69-A052-29099C2E7546,2016-03-04,SAMPLE_ITEM_002,SAMPLE_TX_1,XGBoost,lag_14,5.305600643157959,0.20367625,0.20367625,POSITIVE,5,Demand fourteen days ago (5.305600643157959) increased the forecast by 0.204 units relative to the model baseline.
B0183DA0-1902-5970-A5BA-1CA437E271EB,2016-03-05,SAMPLE_ITEM_002,SAMPLE_TX_1,XGBoost,days_of_supply,37.76668335354792,-0.89962137,0.89962137,NEGATIVE,1,Days of supply (37.76668335354792) decreased the forecast by 0.900 units relative to the model baseline.
B0183DA0-1902-5970-A5BA-1CA437E271EB,2016-03-05,SAMPLE_ITEM_002,SAMPLE_TX_1,XGBoost,day_of_month,5,0.70096958,0.70096958,POSITIVE,2,Day of month (5) increased the forecast by 0.701 units relative to the model baseline.
B0183DA0-1902-5970-A5BA-1CA437E271EB,2016-03-05,SAMPLE_ITEM_002,SAMPLE_TX_1,XGBoost,rolling_mean_7,4.977932487215314,-0.61022407,0.61022407,NEGATIVE,3,The recent seven-day demand average (4.977932487215314) decreased the forecast by 0.610 units relative to the model baseline.
B0183DA0-1902-5970-A5BA-1CA437E271EB,2016-03-05,SAMPLE_ITEM_002,SAMPLE_TX_1,XGBoost,current_stock,188.0,0.40701187,0.40701187,POSITIVE,4,Current stock (188.0) increased the forecast by 0.407 units relative to the model baseline.
B0183DA0-1902-5970-A5BA-1CA437E271EB,2016-03-05,SAMPLE_ITEM_002,SAMPLE_TX_1,XGBoost,lag_14,5.194565773010254,0.18936171,0.18936171,POSITIVE,5,Demand fourteen days ago (5.194565773010254) increased the forecast by 0.189 units relative to the model baseline.
491C67D7-C3C5-5AE9-A54E-587B69A28F56,2016-03-06,SAMPLE_ITEM_002,SAMPLE_TX_1,XGBoost,day_of_month,6,0.70111305,0.70111305,POSITIVE,1,Day of month (6) increased the forecast by 0.701 units relative to the model baseline.
491C67D7-C3C5-5AE9-A54E-587B69A28F56,2016-03-06,SAMPLE_ITEM_002,SAMPLE_TX_1,XGBoost,days_of_supply,36.59728998185513,-0.66112316,0.66112316,NEGATIVE,2,Days of supply (36.59728998185513) decreased the forecast by 0.661 units relative to the model baseline.
491C67D7-C3C5-5AE9-A54E-587B69A28F56,2016-03-06,SAMPLE_ITEM_002,SAMPLE_TX_1,XGBoost,current_stock,188.0,0.47532836,0.47532836,POSITIVE,3,Current stock (188.0) increased the forecast by 0.475 units relative to the model baseline.
491C67D7-C3C5-5AE9-A54E-587B69A28F56,2016-03-06,SAMPLE_ITEM_002,SAMPLE_TX_1,XGBoost,day_of_week,6,0.43251050,0.43251050,POSITIVE,4,The day of week (6) increased the forecast by 0.433 units relative to the model baseline.
491C67D7-C3C5-5AE9-A54E-587B69A28F56,2016-03-06,SAMPLE_ITEM_002,SAMPLE_TX_1,XGBoost,rolling_mean_7,5.136992386409214,0.22323039,0.22323039,POSITIVE,5,The recent seven-day demand average (5.136992386409214) increased the forecast by 0.223 units relative to the model baseline.
F682799E-7DC9-5A1C-801A-34E2AFFAD5A8,2016-03-07,SAMPLE_ITEM_002,SAMPLE_TX_1,XGBoost,day_of_month,7,0.80804110,0.80804110,POSITIVE,1,Day of month (7) increased the forecast by 0.808 units relative to the model baseline.
F682799E-7DC9-5A1C-801A-34E2AFFAD5A8,2016-03-07,SAMPLE_ITEM_002,SAMPLE_TX_1,XGBoost,days_of_supply,35.397578534732304,-0.71733475,0.71733475,NEGATIVE,2,Days of supply (35.397578534732304) decreased the forecast by 0.717 units relative to the model baseline.
F682799E-7DC9-5A1C-801A-34E2AFFAD5A8,2016-03-07,SAMPLE_ITEM_002,SAMPLE_TX_1,XGBoost,current_stock,188.0,0.38205022,0.38205022,POSITIVE,3,Current stock (188.0) increased the forecast by 0.382 units relative to the model baseline.
F682799E-7DC9-5A1C-801A-34E2AFFAD5A8,2016-03-07,SAMPLE_ITEM_002,SAMPLE_TX_1,XGBoost,rolling_mean_7,5.3110977581569125,0.19786155,0.19786155,POSITIVE,4,The recent seven-day demand average (5.3110977581569125) increased the forecast by 0.198 units relative to the model baseline.
F682799E-7DC9-5A1C-801A-34E2AFFAD5A8,2016-03-07,SAMPLE_ITEM_002,SAMPLE_TX_1,XGBoost,lag_1,6.691041469573975,-0.19087487,0.19087487,NEGATIVE,5,Yesterday's demand (6.691041469573975) decreased the forecast by 0.191 units relative to the model baseline.
B5DC725A-12BB-559C-92B6-F54E03A797F1,2016-03-08,SAMPLE_ITEM_002,SAMPLE_TX_1,XGBoost,day_of_month,8,0.75946814,0.75946814,POSITIVE,1,Day of month (8) increased the forecast by 0.759 units relative to the model baseline.
B5DC725A-12BB-559C-92B6-F54E03A797F1,2016-03-08,SAMPLE_ITEM_002,SAMPLE_TX_1,XGBoost,days_of_supply,34.02660418981437,-0.69880611,0.69880611,NEGATIVE,2,Days of supply (34.02660418981437) decreased the forecast by 0.699 units relative to the model baseline.
B5DC725A-12BB-559C-92B6-F54E03A797F1,2016-03-08,SAMPLE_ITEM_002,SAMPLE_TX_1,XGBoost,current_stock,188.0,0.39867747,0.39867747,POSITIVE,3,Current stock (188.0) increased the forecast by 0.399 units relative to the model baseline.
B5DC725A-12BB-559C-92B6-F54E03A797F1,2016-03-08,SAMPLE_ITEM_002,SAMPLE_TX_1,XGBoost,rolling_mean_7,5.525088514600482,0.18784729,0.18784729,POSITIVE,4,The recent seven-day demand average (5.525088514600482) increased the forecast by 0.188 units relative to the model baseline.
B5DC725A-12BB-559C-92B6-F54E03A797F1,2016-03-08,SAMPLE_ITEM_002,SAMPLE_TX_1,XGBoost,price_change_percentage,0.0,0.16573520,0.16573520,POSITIVE,5,Price change percentage (0.0) increased the forecast by 0.166 units relative to the model baseline.
D3280151-11C3-589B-9AB5-8785539D4650,2016-03-09,SAMPLE_ITEM_002,SAMPLE_TX_1,XGBoost,day_of_month,9,0.75976563,0.75976563,POSITIVE,1,Day of month (9) increased the forecast by 0.760 units relative to the model baseline.
D3280151-11C3-589B-9AB5-8785539D4650,2016-03-09,SAMPLE_ITEM_002,SAMPLE_TX_1,XGBoost,days_of_supply,33.66904798895645,-0.70764500,0.70764500,NEGATIVE,2,Days of supply (33.66904798895645) decreased the forecast by 0.708 units relative to the model baseline.
D3280151-11C3-589B-9AB5-8785539D4650,2016-03-09,SAMPLE_ITEM_002,SAMPLE_TX_1,XGBoost,current_stock,188.0,0.40420181,0.40420181,POSITIVE,3,Current stock (188.0) increased the forecast by 0.404 units relative to the model baseline.
D3280151-11C3-589B-9AB5-8785539D4650,2016-03-09,SAMPLE_ITEM_002,SAMPLE_TX_1,XGBoost,rolling_mean_7,5.583763463156564,0.20524159,0.20524159,POSITIVE,4,The recent seven-day demand average (5.583763463156564) increased the forecast by 0.205 units relative to the model baseline.
D3280151-11C3-589B-9AB5-8785539D4650,2016-03-09,SAMPLE_ITEM_002,SAMPLE_TX_1,XGBoost,price_change_percentage,0.0,0.16696791,0.16696791,POSITIVE,5,Price change percentage (0.0) increased the forecast by 0.167 units relative to the model baseline.
F9F07624-2145-59B3-A8CA-CDE1037855A7,2016-03-10,SAMPLE_ITEM_002,SAMPLE_TX_1,XGBoost,day_of_month,10,0.76925224,0.76925224,POSITIVE,1,Day of month (10) increased the forecast by 0.769 units relative to the model baseline.
F9F07624-2145-59B3-A8CA-CDE1037855A7,2016-03-10,SAMPLE_ITEM_002,SAMPLE_TX_1,XGBoost,days_of_supply,33.37062900974592,-0.71200567,0.71200567,NEGATIVE,2,Days of supply (33.37062900974592) decreased the forecast by 0.712 units relative to the model baseline.
F9F07624-2145-59B3-A8CA-CDE1037855A7,2016-03-10,SAMPLE_ITEM_002,SAMPLE_TX_1,XGBoost,current_stock,188.0,0.40743506,0.40743506,POSITIVE,3,Current stock (188.0) increased the forecast by 0.407 units relative to the model baseline.
F9F07624-2145-59B3-A8CA-CDE1037855A7,2016-03-10,SAMPLE_ITEM_002,SAMPLE_TX_1,XGBoost,rolling_mean_7,5.633696624210903,0.20410402,0.20410402,POSITIVE,4,The recent seven-day demand average (5.633696624210903) increased the forecast by 0.204 units relative to the model baseline.
F9F07624-2145-59B3-A8CA-CDE1037855A7,2016-03-10,SAMPLE_ITEM_002,SAMPLE_TX_1,XGBoost,price_change_percentage,0.0,0.17516188,0.17516188,POSITIVE,5,Price change percentage (0.0) increased the forecast by 0.175 units relative to the model baseline.
5D4540FE-6FCB-59ED-8CBF-796C051E8E2B,2016-03-11,SAMPLE_ITEM_002,SAMPLE_TX_1,XGBoost,day_of_month,11,0.76925224,0.76925224,POSITIVE,1,Day of month (11) increased the forecast by 0.769 units relative to the model baseline.
5D4540FE-6FCB-59ED-8CBF-796C051E8E2B,2016-03-11,SAMPLE_ITEM_002,SAMPLE_TX_1,XGBoost,days_of_supply,33.088763075842635,-0.70802122,0.70802122,NEGATIVE,2,Days of supply (33.088763075842635) decreased the forecast by 0.708 units relative to the model baseline.
5D4540FE-6FCB-59ED-8CBF-796C051E8E2B,2016-03-11,SAMPLE_ITEM_002,SAMPLE_TX_1,XGBoost,current_stock,188.0,0.40743506,0.40743506,POSITIVE,3,Current stock (188.0) increased the forecast by 0.407 units relative to the model baseline.
5D4540FE-6FCB-59ED-8CBF-796C051E8E2B,2016-03-11,SAMPLE_ITEM_002,SAMPLE_TX_1,XGBoost,rolling_mean_7,5.681687150682722,0.20586343,0.20586343,POSITIVE,4,The recent seven-day demand average (5.681687150682722) increased the forecast by 0.206 units relative to the model baseline.
5D4540FE-6FCB-59ED-8CBF-796C051E8E2B,2016-03-11,SAMPLE_ITEM_002,SAMPLE_TX_1,XGBoost,price_change_percentage,0.0,0.17246696,0.17246696,POSITIVE,5,Price change percentage (0.0) increased the forecast by 0.172 units relative to the model baseline.
3921E490-39CB-5E23-8AFE-2EBB3B9667AF,2016-03-12,SAMPLE_ITEM_002,SAMPLE_TX_1,XGBoost,day_of_month,12,0.77095646,0.77095646,POSITIVE,1,Day of month (12) increased the forecast by 0.771 units relative to the model baseline.
3921E490-39CB-5E23-8AFE-2EBB3B9667AF,2016-03-12,SAMPLE_ITEM_002,SAMPLE_TX_1,XGBoost,days_of_supply,32.93021524748324,-0.73862249,0.73862249,NEGATIVE,2,Days of supply (32.93021524748324) decreased the forecast by 0.739 units relative to the model baseline.
3921E490-39CB-5E23-8AFE-2EBB3B9667AF,2016-03-12,SAMPLE_ITEM_002,SAMPLE_TX_1,XGBoost,current_stock,188.0,0.40058818,0.40058818,POSITIVE,3,Current stock (188.0) increased the forecast by 0.401 units relative to the model baseline.
3921E490-39CB-5E23-8AFE-2EBB3B9667AF,2016-03-12,SAMPLE_ITEM_002,SAMPLE_TX_1,XGBoost,rolling_mean_7,5.709042549133301,0.24312688,0.24312688,POSITIVE,4,The recent seven-day demand average (5.709042549133301) increased the forecast by 0.243 units relative to the model baseline.
3921E490-39CB-5E23-8AFE-2EBB3B9667AF,2016-03-12,SAMPLE_ITEM_002,SAMPLE_TX_1,XGBoost,price_change_percentage,0.0,0.17272489,0.17272489,POSITIVE,5,Price change percentage (0.0) increased the forecast by 0.173 units relative to the model baseline.
675A2375-E1AF-57C6-BB94-0D7FC3321B9F,2016-03-13,SAMPLE_ITEM_002,SAMPLE_TX_1,XGBoost,day_of_month,13,0.64462709,0.64462709,POSITIVE,1,Day of month (13) increased the forecast by 0.645 units relative to the model baseline.
675A2375-E1AF-57C6-BB94-0D7FC3321B9F,2016-03-13,SAMPLE_ITEM_002,SAMPLE_TX_1,XGBoost,days_of_supply,32.457296456261155,-0.58865911,0.58865911,NEGATIVE,2,Days of supply (32.457296456261155) decreased the forecast by 0.589 units relative to the model baseline.
675A2375-E1AF-57C6-BB94-0D7FC3321B9F,2016-03-13,SAMPLE_ITEM_002,SAMPLE_TX_1,XGBoost,current_stock,188.0,0.46672836,0.46672836,POSITIVE,3,Current stock (188.0) increased the forecast by 0.467 units relative to the model baseline.
675A2375-E1AF-57C6-BB94-0D7FC3321B9F,2016-03-13,SAMPLE_ITEM_002,SAMPLE_TX_1,XGBoost,day_of_week,6,0.40860939,0.40860939,POSITIVE,4,The day of week (6) increased the forecast by 0.409 units relative to the model baseline.
675A2375-E1AF-57C6-BB94-0D7FC3321B9F,2016-03-13,SAMPLE_ITEM_002,SAMPLE_TX_1,XGBoost,rolling_mean_7,5.792226110185895,0.31933257,0.31933257,POSITIVE,5,The recent seven-day demand average (5.792226110185895) increased the forecast by 0.319 units relative to the model baseline.
9D557988-9EE5-5DE9-ACD1-E042DF736003,2016-03-14,SAMPLE_ITEM_002,SAMPLE_TX_1,XGBoost,day_of_month,14,0.75420761,0.75420761,POSITIVE,1,Day of month (14) increased the forecast by 0.754 units relative to the model baseline.
9D557988-9EE5-5DE9-ACD1-E042DF736003,2016-03-14,SAMPLE_ITEM_002,SAMPLE_TX_1,XGBoost,days_of_supply,32.66988715902558,-0.68278676,0.68278676,NEGATIVE,2,Days of supply (32.66988715902558) decreased the forecast by 0.683 units relative to the model baseline.
9D557988-9EE5-5DE9-ACD1-E042DF736003,2016-03-14,SAMPLE_ITEM_002,SAMPLE_TX_1,XGBoost,current_stock,188.0,0.38205022,0.38205022,POSITIVE,3,Current stock (188.0) increased the forecast by 0.382 units relative to the model baseline.
9D557988-9EE5-5DE9-ACD1-E042DF736003,2016-03-14,SAMPLE_ITEM_002,SAMPLE_TX_1,XGBoost,rolling_mean_7,5.754534721374512,0.28162655,0.28162655,POSITIVE,4,The recent seven-day demand average (5.754534721374512) increased the forecast by 0.282 units relative to the model baseline.
9D557988-9EE5-5DE9-ACD1-E042DF736003,2016-03-14,SAMPLE_ITEM_002,SAMPLE_TX_1,XGBoost,lag_1,6.427201747894287,-0.19237897,0.19237897,NEGATIVE,5,Yesterday's demand (6.427201747894287) decreased the forecast by 0.192 units relative to the model baseline.
7227D80E-EAC4-540D-8CE0-7A60B6BB0B5F,2016-03-15,SAMPLE_ITEM_002,SAMPLE_TX_1,XGBoost,days_of_supply,32.82842958345995,-0.77411193,0.77411193,NEGATIVE,1,Days of supply (32.82842958345995) decreased the forecast by 0.774 units relative to the model baseline.
7227D80E-EAC4-540D-8CE0-7A60B6BB0B5F,2016-03-15,SAMPLE_ITEM_002,SAMPLE_TX_1,XGBoost,day_of_month,15,0.72871405,0.72871405,POSITIVE,2,Day of month (15) increased the forecast by 0.729 units relative to the model baseline.
7227D80E-EAC4-540D-8CE0-7A60B6BB0B5F,2016-03-15,SAMPLE_ITEM_002,SAMPLE_TX_1,XGBoost,current_stock,188.0,0.38185424,0.38185424,POSITIVE,3,Current stock (188.0) increased the forecast by 0.382 units relative to the model baseline.
7227D80E-EAC4-540D-8CE0-7A60B6BB0B5F,2016-03-15,SAMPLE_ITEM_002,SAMPLE_TX_1,XGBoost,rolling_mean_7,5.726743630000523,0.31837219,0.31837219,POSITIVE,4,The recent seven-day demand average (5.726743630000523) increased the forecast by 0.318 units relative to the model baseline.
7227D80E-EAC4-540D-8CE0-7A60B6BB0B5F,2016-03-15,SAMPLE_ITEM_002,SAMPLE_TX_1,XGBoost,lag_14,5.237738132476807,0.24366607,0.24366607,POSITIVE,5,Demand fourteen days ago (5.237738132476807) increased the forecast by 0.244 units relative to the model baseline.
BD9720F7-89BA-5D02-BFDD-2D02DADAE4B5,2016-03-16,SAMPLE_ITEM_002,SAMPLE_TX_1,XGBoost,days_of_supply,32.59618462226325,-0.81084102,0.81084102,NEGATIVE,1,Days of supply (32.59618462226325) decreased the forecast by 0.811 units relative to the model baseline.
BD9720F7-89BA-5D02-BFDD-2D02DADAE4B5,2016-03-16,SAMPLE_ITEM_002,SAMPLE_TX_1,XGBoost,current_stock,188.0,0.38875160,0.38875160,POSITIVE,2,Current stock (188.0) increased the forecast by 0.389 units relative to the model baseline.
BD9720F7-89BA-5D02-BFDD-2D02DADAE4B5,2016-03-16,SAMPLE_ITEM_002,SAMPLE_TX_1,XGBoost,rolling_mean_7,5.7675461769104,0.34092677,0.34092677,POSITIVE,3,The recent seven-day demand average (5.7675461769104) increased the forecast by 0.341 units relative to the model baseline.
BD9720F7-89BA-5D02-BFDD-2D02DADAE4B5,2016-03-16,SAMPLE_ITEM_002,SAMPLE_TX_1,XGBoost,lag_14,5.243709564208984,0.26965714,0.26965714,POSITIVE,4,Demand fourteen days ago (5.243709564208984) increased the forecast by 0.270 units relative to the model baseline.
BD9720F7-89BA-5D02-BFDD-2D02DADAE4B5,2016-03-16,SAMPLE_ITEM_002,SAMPLE_TX_1,XGBoost,price_change_percentage,0.0,0.23153540,0.23153540,POSITIVE,5,Price change percentage (0.0) increased the forecast by 0.232 units relative to the model baseline.
E5DAFD6F-6DA6-504A-8D20-0890D092D2C6,2016-03-17,SAMPLE_ITEM_002,SAMPLE_TX_1,XGBoost,days_of_supply,32.76739035784704,-0.73875397,0.73875397,NEGATIVE,1,Days of supply (32.76739035784704) decreased the forecast by 0.739 units relative to the model baseline.
E5DAFD6F-6DA6-504A-8D20-0890D092D2C6,2016-03-17,SAMPLE_ITEM_002,SAMPLE_TX_1,XGBoost,current_stock,188.0,0.41983593,0.41983593,POSITIVE,2,Current stock (188.0) increased the forecast by 0.420 units relative to the model baseline.
E5DAFD6F-6DA6-504A-8D20-0890D092D2C6,2016-03-17,SAMPLE_ITEM_002,SAMPLE_TX_1,XGBoost,rolling_mean_7,5.737411430903843,0.28434387,0.28434387,POSITIVE,3,The recent seven-day demand average (5.737411430903843) increased the forecast by 0.284 units relative to the model baseline.
E5DAFD6F-6DA6-504A-8D20-0890D092D2C6,2016-03-17,SAMPLE_ITEM_002,SAMPLE_TX_1,XGBoost,lag_14,5.201607704162598,0.26659527,0.26659527,POSITIVE,4,Demand fourteen days ago (5.201607704162598) increased the forecast by 0.267 units relative to the model baseline.
E5DAFD6F-6DA6-504A-8D20-0890D092D2C6,2016-03-17,SAMPLE_ITEM_002,SAMPLE_TX_1,XGBoost,price_change_percentage,0.0,0.23906073,0.23906073,POSITIVE,5,Price change percentage (0.0) increased the forecast by 0.239 units relative to the model baseline.
3B749A35-B4D0-5120-A880-5212CC5A9FED,2016-03-18,SAMPLE_ITEM_002,SAMPLE_TX_1,XGBoost,days_of_supply,33.066399284136374,-0.76116902,0.76116902,NEGATIVE,1,Days of supply (33.066399284136374) decreased the forecast by 0.761 units relative to the model baseline.
3B749A35-B4D0-5120-A880-5212CC5A9FED,2016-03-18,SAMPLE_ITEM_002,SAMPLE_TX_1,XGBoost,current_stock,188.0,0.41983593,0.41983593,POSITIVE,2,Current stock (188.0) increased the forecast by 0.420 units relative to the model baseline.
3B749A35-B4D0-5120-A880-5212CC5A9FED,2016-03-18,SAMPLE_ITEM_002,SAMPLE_TX_1,XGBoost,lag_14,5.414034843444824,0.26790234,0.26790234,POSITIVE,3,Demand fourteen days ago (5.414034843444824) increased the forecast by 0.268 units relative to the model baseline.
3B749A35-B4D0-5120-A880-5212CC5A9FED,2016-03-18,SAMPLE_ITEM_002,SAMPLE_TX_1,XGBoost,price_change_percentage,0.0,0.23636581,0.23636581,POSITIVE,4,Price change percentage (0.0) increased the forecast by 0.236 units relative to the model baseline.
3B749A35-B4D0-5120-A880-5212CC5A9FED,2016-03-18,SAMPLE_ITEM_002,SAMPLE_TX_1,XGBoost,rolling_mean_7,5.685529845101493,0.19017166,0.19017166,POSITIVE,5,The recent seven-day demand average (5.685529845101493) increased the forecast by 0.190 units relative to the model baseline.
14A422E6-A671-5EB3-A7C9-758C5B3D962D,2016-03-19,SAMPLE_ITEM_002,SAMPLE_TX_1,XGBoost,days_of_supply,33.48094245074422,-0.79498887,0.79498887,NEGATIVE,1,Days of supply (33.48094245074422) decreased the forecast by 0.795 units relative to the model baseline.
14A422E6-A671-5EB3-A7C9-758C5B3D962D,2016-03-19,SAMPLE_ITEM_002,SAMPLE_TX_1,XGBoost,current_stock,188.0,0.41298905,0.41298905,POSITIVE,2,Current stock (188.0) increased the forecast by 0.413 units relative to the model baseline.
14A422E6-A671-5EB3-A7C9-758C5B3D962D,2016-03-19,SAMPLE_ITEM_002,SAMPLE_TX_1,XGBoost,lag_14,5.041884422302246,0.26017371,0.26017371,POSITIVE,3,Demand fourteen days ago (5.041884422302246) increased the forecast by 0.260 units relative to the model baseline.
14A422E6-A671-5EB3-A7C9-758C5B3D962D,2016-03-19,SAMPLE_ITEM_002,SAMPLE_TX_1,XGBoost,rolling_mean_7,5.615134647914341,0.24224937,0.24224937,POSITIVE,4,The recent seven-day demand average (5.615134647914341) increased the forecast by 0.242 units relative to the model baseline.
14A422E6-A671-5EB3-A7C9-758C5B3D962D,2016-03-19,SAMPLE_ITEM_002,SAMPLE_TX_1,XGBoost,price_change_percentage,0.0,0.24018711,0.24018711,POSITIVE,5,Price change percentage (0.0) increased the forecast by 0.240 units relative to the model baseline.
5FD46AFE-FDB1-5F95-92DC-09C2E81107E5,2016-03-20,SAMPLE_ITEM_002,SAMPLE_TX_1,XGBoost,days_of_supply,34.1153699786498,-0.56086421,0.56086421,NEGATIVE,1,Days of supply (34.1153699786498) decreased the forecast by 0.561 units relative to the model baseline.
5FD46AFE-FDB1-5F95-92DC-09C2E81107E5,2016-03-20,SAMPLE_ITEM_002,SAMPLE_TX_1,XGBoost,current_stock,188.0,0.48741457,0.48741457,POSITIVE,2,Current stock (188.0) increased the forecast by 0.487 units relative to the model baseline.
5FD46AFE-FDB1-5F95-92DC-09C2E81107E5,2016-03-20,SAMPLE_ITEM_002,SAMPLE_TX_1,XGBoost,day_of_week,6,0.41665012,0.41665012,POSITIVE,3,The day of week (6) increased the forecast by 0.417 units relative to the model baseline.
5FD46AFE-FDB1-5F95-92DC-09C2E81107E5,2016-03-20,SAMPLE_ITEM_002,SAMPLE_TX_1,XGBoost,lag_14,6.691041469573975,0.28642672,0.28642672,POSITIVE,4,Demand fourteen days ago (6.691041469573975) increased the forecast by 0.286 units relative to the model baseline.
5FD46AFE-FDB1-5F95-92DC-09C2E81107E5,2016-03-20,SAMPLE_ITEM_002,SAMPLE_TX_1,XGBoost,price_change_percentage,0.0,0.23868993,0.23868993,POSITIVE,5,Price change percentage (0.0) increased the forecast by 0.239 units relative to the model baseline.
E0951328-B75A-5F53-AED1-6006BE67CE86,2016-03-21,SAMPLE_ITEM_002,SAMPLE_TX_1,XGBoost,days_of_supply,34.95881626851148,-0.78754157,0.78754157,NEGATIVE,1,Days of supply (34.95881626851148) decreased the forecast by 0.788 units relative to the model baseline.
E0951328-B75A-5F53-AED1-6006BE67CE86,2016-03-21,SAMPLE_ITEM_002,SAMPLE_TX_1,XGBoost,current_stock,188.0,0.41885778,0.41885778,POSITIVE,2,Current stock (188.0) increased the forecast by 0.419 units relative to the model baseline.
E0951328-B75A-5F53-AED1-6006BE67CE86,2016-03-21,SAMPLE_ITEM_002,SAMPLE_TX_1,XGBoost,day_of_month,21,-0.40918565,0.40918565,NEGATIVE,3,Day of month (21) decreased the forecast by 0.409 units relative to the model baseline.
E0951328-B75A-5F53-AED1-6006BE67CE86,2016-03-21,SAMPLE_ITEM_002,SAMPLE_TX_1,XGBoost,lag_14,5.8456034660339355,0.28495127,0.28495127,POSITIVE,4,Demand fourteen days ago (5.8456034660339355) increased the forecast by 0.285 units relative to the model baseline.
E0951328-B75A-5F53-AED1-6006BE67CE86,2016-03-21,SAMPLE_ITEM_002,SAMPLE_TX_1,XGBoost,price_change_percentage,0.0,0.25760362,0.25760362,POSITIVE,5,Price change percentage (0.0) increased the forecast by 0.258 units relative to the model baseline.
1DE60AD4-95DC-549E-AA52-AE424B640079,2016-03-22,SAMPLE_ITEM_002,SAMPLE_TX_1,XGBoost,days_of_supply,35.81392815532887,-0.86261618,0.86261618,NEGATIVE,1,Days of supply (35.81392815532887) decreased the forecast by 0.863 units relative to the model baseline.
1DE60AD4-95DC-549E-AA52-AE424B640079,2016-03-22,SAMPLE_ITEM_002,SAMPLE_TX_1,XGBoost,current_stock,188.0,0.42745778,0.42745778,POSITIVE,2,Current stock (188.0) increased the forecast by 0.427 units relative to the model baseline.
1DE60AD4-95DC-549E-AA52-AE424B640079,2016-03-22,SAMPLE_ITEM_002,SAMPLE_TX_1,XGBoost,day_of_month,22,-0.41862905,0.41862905,NEGATIVE,3,Day of month (22) decreased the forecast by 0.419 units relative to the model baseline.
1DE60AD4-95DC-549E-AA52-AE424B640079,2016-03-22,SAMPLE_ITEM_002,SAMPLE_TX_1,XGBoost,lag_14,5.648462772369385,0.26794067,0.26794067,POSITIVE,4,Demand fourteen days ago (5.648462772369385) increased the forecast by 0.268 units relative to the model baseline.
1DE60AD4-95DC-549E-AA52-AE424B640079,2016-03-22,SAMPLE_ITEM_002,SAMPLE_TX_1,XGBoost,price_change_percentage,0.0,0.25798601,0.25798601,POSITIVE,5,Price change percentage (0.0) increased the forecast by 0.258 units relative to the model baseline.
6A836D9F-2B90-5B5C-B02C-614DD96847CD,2016-03-23,SAMPLE_ITEM_002,SAMPLE_TX_1,XGBoost,days_of_supply,37.09546895010659,-0.87010568,0.87010568,NEGATIVE,1,Days of supply (37.09546895010659) decreased the forecast by 0.870 units relative to the model baseline.
6A836D9F-2B90-5B5C-B02C-614DD96847CD,2016-03-23,SAMPLE_ITEM_002,SAMPLE_TX_1,XGBoost,current_stock,188.0,0.43495148,0.43495148,POSITIVE,2,Current stock (188.0) increased the forecast by 0.435 units relative to the model baseline.
6A836D9F-2B90-5B5C-B02C-614DD96847CD,2016-03-23,SAMPLE_ITEM_002,SAMPLE_TX_1,XGBoost,day_of_month,23,-0.40899676,0.40899676,NEGATIVE,3,Day of month (23) decreased the forecast by 0.409 units relative to the model baseline.
6A836D9F-2B90-5B5C-B02C-614DD96847CD,2016-03-23,SAMPLE_ITEM_002,SAMPLE_TX_1,XGBoost,lag_14,5.5932416915893555,0.26728442,0.26728442,POSITIVE,4,Demand fourteen days ago (5.5932416915893555) increased the forecast by 0.267 units relative to the model baseline.
6A836D9F-2B90-5B5C-B02C-614DD96847CD,2016-03-23,SAMPLE_ITEM_002,SAMPLE_TX_1,XGBoost,price_change_percentage,0.0,0.24161239,0.24161239,POSITIVE,5,Price change percentage (0.0) increased the forecast by 0.242 units relative to the model baseline.
9ACEEBF6-8CDF-5A4E-A9E8-078398C6DDE4,2016-03-24,SAMPLE_ITEM_002,SAMPLE_TX_1,XGBoost,days_of_supply,37.88542829501092,-0.91683215,0.91683215,NEGATIVE,1,Days of supply (37.88542829501092) decreased the forecast by 0.917 units relative to the model baseline.
9ACEEBF6-8CDF-5A4E-A9E8-078398C6DDE4,2016-03-24,SAMPLE_ITEM_002,SAMPLE_TX_1,XGBoost,current_stock,188.0,0.48551789,0.48551789,POSITIVE,2,Current stock (188.0) increased the forecast by 0.486 units relative to the model baseline.
9ACEEBF6-8CDF-5A4E-A9E8-078398C6DDE4,2016-03-24,SAMPLE_ITEM_002,SAMPLE_TX_1,XGBoost,rolling_mean_7,4.9623300688607355,-0.45679724,0.45679724,NEGATIVE,3,The recent seven-day demand average (4.9623300688607355) decreased the forecast by 0.457 units relative to the model baseline.
9ACEEBF6-8CDF-5A4E-A9E8-078398C6DDE4,2016-03-24,SAMPLE_ITEM_002,SAMPLE_TX_1,XGBoost,day_of_month,24,-0.38760084,0.38760084,NEGATIVE,4,Day of month (24) decreased the forecast by 0.388 units relative to the model baseline.
9ACEEBF6-8CDF-5A4E-A9E8-078398C6DDE4,2016-03-24,SAMPLE_ITEM_002,SAMPLE_TX_1,XGBoost,lag_14,5.537541389465332,0.25881279,0.25881279,POSITIVE,5,Demand fourteen days ago (5.537541389465332) increased the forecast by 0.259 units relative to the model baseline.
75AE635D-9A1A-598C-B6C8-3BAB5F58DAE1,2016-03-25,SAMPLE_ITEM_002,SAMPLE_TX_1,XGBoost,days_of_supply,39.22484692997453,-0.88795394,0.88795394,NEGATIVE,1,Days of supply (39.22484692997453) decreased the forecast by 0.888 units relative to the model baseline.
75AE635D-9A1A-598C-B6C8-3BAB5F58DAE1,2016-03-25,SAMPLE_ITEM_002,SAMPLE_TX_1,XGBoost,day_of_month,25,-0.45372847,0.45372847,NEGATIVE,2,Day of month (25) decreased the forecast by 0.454 units relative to the model baseline.
75AE635D-9A1A-598C-B6C8-3BAB5F58DAE1,2016-03-25,SAMPLE_ITEM_002,SAMPLE_TX_1,XGBoost,current_stock,188.0,0.41437760,0.41437760,POSITIVE,3,Current stock (188.0) increased the forecast by 0.414 units relative to the model baseline.
75AE635D-9A1A-598C-B6C8-3BAB5F58DAE1,2016-03-25,SAMPLE_ITEM_002,SAMPLE_TX_1,XGBoost,rolling_mean_7,4.7928803988865445,-0.40326089,0.40326089,NEGATIVE,4,The recent seven-day demand average (4.7928803988865445) decreased the forecast by 0.403 units relative to the model baseline.
75AE635D-9A1A-598C-B6C8-3BAB5F58DAE1,2016-03-25,SAMPLE_ITEM_002,SAMPLE_TX_1,XGBoost,lag_14,5.605522632598877,0.25337836,0.25337836,POSITIVE,5,Demand fourteen days ago (5.605522632598877) increased the forecast by 0.253 units relative to the model baseline.
DD3BCB11-7F1E-577D-B323-A992C13E26B2,2016-03-26,SAMPLE_ITEM_002,SAMPLE_TX_1,XGBoost,days_of_supply,39.93087236590053,-0.91514128,0.91514128,NEGATIVE,1,Days of supply (39.93087236590053) decreased the forecast by 0.915 units relative to the model baseline.
DD3BCB11-7F1E-577D-B323-A992C13E26B2,2016-03-26,SAMPLE_ITEM_002,SAMPLE_TX_1,XGBoost,rolling_mean_7,4.708136558532715,-0.52531785,0.52531785,NEGATIVE,2,The recent seven-day demand average (4.708136558532715) decreased the forecast by 0.525 units relative to the model baseline.
DD3BCB11-7F1E-577D-B323-A992C13E26B2,2016-03-26,SAMPLE_ITEM_002,SAMPLE_TX_1,XGBoost,current_stock,188.0,0.43970135,0.43970135,POSITIVE,3,Current stock (188.0) increased the forecast by 0.440 units relative to the model baseline.
DD3BCB11-7F1E-577D-B323-A992C13E26B2,2016-03-26,SAMPLE_ITEM_002,SAMPLE_TX_1,XGBoost,day_of_month,26,-0.38489473,0.38489473,NEGATIVE,4,Day of month (26) decreased the forecast by 0.385 units relative to the model baseline.
DD3BCB11-7F1E-577D-B323-A992C13E26B2,2016-03-26,SAMPLE_ITEM_002,SAMPLE_TX_1,XGBoost,lag_14,5.62416934967041,0.25659177,0.25659177,POSITIVE,5,Demand fourteen days ago (5.62416934967041) increased the forecast by 0.257 units relative to the model baseline.
189F90AB-5E69-5B54-BB79-03973EFA9211,2016-03-27,SAMPLE_ITEM_002,SAMPLE_TX_1,XGBoost,days_of_supply,40.920068146834765,-0.68221062,0.68221062,NEGATIVE,1,Days of supply (40.920068146834765) decreased the forecast by 0.682 units relative to the model baseline.
189F90AB-5E69-5B54-BB79-03973EFA9211,2016-03-27,SAMPLE_ITEM_002,SAMPLE_TX_1,XGBoost,current_stock,188.0,0.51964462,0.51964462,POSITIVE,2,Current stock (188.0) increased the forecast by 0.520 units relative to the model baseline.
189F90AB-5E69-5B54-BB79-03973EFA9211,2016-03-27,SAMPLE_ITEM_002,SAMPLE_TX_1,XGBoost,day_of_week,6,0.49439061,0.49439061,POSITIVE,3,The day of week (6) increased the forecast by 0.494 units relative to the model baseline.
189F90AB-5E69-5B54-BB79-03973EFA9211,2016-03-27,SAMPLE_ITEM_002,SAMPLE_TX_1,XGBoost,rolling_mean_7,4.594322749546596,-0.44435790,0.44435790,NEGATIVE,4,The recent seven-day demand average (4.594322749546596) decreased the forecast by 0.444 units relative to the model baseline.
189F90AB-5E69-5B54-BB79-03973EFA9211,2016-03-27,SAMPLE_ITEM_002,SAMPLE_TX_1,XGBoost,day_of_month,27,-0.36906412,0.36906412,NEGATIVE,5,Day of month (27) decreased the forecast by 0.369 units relative to the model baseline.
E362D783-78C6-5B15-9573-87CE22AB51B3,2016-03-28,SAMPLE_ITEM_002,SAMPLE_TX_1,XGBoost,days_of_supply,41.700318164799945,-0.89117777,0.89117777,NEGATIVE,1,Days of supply (41.700318164799945) decreased the forecast by 0.891 units relative to the model baseline.
E362D783-78C6-5B15-9573-87CE22AB51B3,2016-03-28,SAMPLE_ITEM_002,SAMPLE_TX_1,XGBoost,current_stock,188.0,0.49010280,0.49010280,POSITIVE,2,Current stock (188.0) increased the forecast by 0.490 units relative to the model baseline.
E362D783-78C6-5B15-9573-87CE22AB51B3,2016-03-28,SAMPLE_ITEM_002,SAMPLE_TX_1,XGBoost,day_of_month,28,-0.38136908,0.38136908,NEGATIVE,3,Day of month (28) decreased the forecast by 0.381 units relative to the model baseline.
E362D783-78C6-5B15-9573-87CE22AB51B3,2016-03-28,SAMPLE_ITEM_002,SAMPLE_TX_1,XGBoost,rolling_mean_7,4.508358887263706,-0.37814301,0.37814301,NEGATIVE,4,The recent seven-day demand average (4.508358887263706) decreased the forecast by 0.378 units relative to the model baseline.
E362D783-78C6-5B15-9573-87CE22AB51B3,2016-03-28,SAMPLE_ITEM_002,SAMPLE_TX_1,XGBoost,lag_14,5.651065826416016,0.27060509,0.27060509,POSITIVE,5,Demand fourteen days ago (5.651065826416016) increased the forecast by 0.271 units relative to the model baseline.
21B3415C-996E-5A9B-9012-93B692D6CA5B,2016-03-29,SAMPLE_ITEM_002,SAMPLE_TX_1,XGBoost,days_of_supply,42.24186265990302,-0.89739537,0.89739537,NEGATIVE,1,Days of supply (42.24186265990302) decreased the forecast by 0.897 units relative to the model baseline.
21B3415C-996E-5A9B-9012-93B692D6CA5B,2016-03-29,SAMPLE_ITEM_002,SAMPLE_TX_1,XGBoost,rolling_mean_7,4.450561319078718,-0.49334955,0.49334955,NEGATIVE,2,The recent seven-day demand average (4.450561319078718) decreased the forecast by 0.493 units relative to the model baseline.
21B3415C-996E-5A9B-9012-93B692D6CA5B,2016-03-29,SAMPLE_ITEM_002,SAMPLE_TX_1,XGBoost,current_stock,188.0,0.49010280,0.49010280,POSITIVE,3,Current stock (188.0) increased the forecast by 0.490 units relative to the model baseline.
21B3415C-996E-5A9B-9012-93B692D6CA5B,2016-03-29,SAMPLE_ITEM_002,SAMPLE_TX_1,XGBoost,day_of_month,29,-0.38778818,0.38778818,NEGATIVE,4,Day of month (29) decreased the forecast by 0.388 units relative to the model baseline.
21B3415C-996E-5A9B-9012-93B692D6CA5B,2016-03-29,SAMPLE_ITEM_002,SAMPLE_TX_1,XGBoost,lag_14,5.934080600738525,0.25479516,0.25479516,POSITIVE,5,Demand fourteen days ago (5.934080600738525) increased the forecast by 0.255 units relative to the model baseline.
3C121202-21D1-5906-8BF3-657927B542D8,2016-03-30,SAMPLE_ITEM_002,SAMPLE_TX_1,XGBoost,days_of_supply,42.870400382697866,-0.90673298,0.90673298,NEGATIVE,1,Days of supply (42.870400382697866) decreased the forecast by 0.907 units relative to the model baseline.
3C121202-21D1-5906-8BF3-657927B542D8,2016-03-30,SAMPLE_ITEM_002,SAMPLE_TX_1,XGBoost,rolling_mean_7,4.385310104915074,-0.49973327,0.49973327,NEGATIVE,2,The recent seven-day demand average (4.385310104915074) decreased the forecast by 0.500 units relative to the model baseline.
3C121202-21D1-5906-8BF3-657927B542D8,2016-03-30,SAMPLE_ITEM_002,SAMPLE_TX_1,XGBoost,current_stock,188.0,0.49562708,0.49562708,POSITIVE,3,Current stock (188.0) increased the forecast by 0.496 units relative to the model baseline.
3C121202-21D1-5906-8BF3-657927B542D8,2016-03-30,SAMPLE_ITEM_002,SAMPLE_TX_1,XGBoost,day_of_month,30,-0.39065793,0.39065793,NEGATIVE,4,Day of month (30) decreased the forecast by 0.391 units relative to the model baseline.
3C121202-21D1-5906-8BF3-657927B542D8,2016-03-30,SAMPLE_ITEM_002,SAMPLE_TX_1,XGBoost,lag_14,5.382298469543457,0.25317606,0.25317606,POSITIVE,5,Demand fourteen days ago (5.382298469543457) increased the forecast by 0.253 units relative to the model baseline.
9F4461EA-A3F7-58D3-9601-7E5C47ED4867,2016-03-31,SAMPLE_ITEM_002,SAMPLE_TX_1,XGBoost,days_of_supply,43.54661154169518,-0.91436630,0.91436630,NEGATIVE,1,Days of supply (43.54661154169518) decreased the forecast by 0.914 units relative to the model baseline.
9F4461EA-A3F7-58D3-9601-7E5C47ED4867,2016-03-31,SAMPLE_ITEM_002,SAMPLE_TX_1,XGBoost,rolling_mean_7,4.31721305847168,-0.50617975,0.50617975,NEGATIVE,2,The recent seven-day demand average (4.31721305847168) decreased the forecast by 0.506 units relative to the model baseline.
9F4461EA-A3F7-58D3-9601-7E5C47ED4867,2016-03-31,SAMPLE_ITEM_002,SAMPLE_TX_1,XGBoost,current_stock,188.0,0.49886033,0.49886033,POSITIVE,3,Current stock (188.0) increased the forecast by 0.499 units relative to the model baseline.
9F4461EA-A3F7-58D3-9601-7E5C47ED4867,2016-03-31,SAMPLE_ITEM_002,SAMPLE_TX_1,XGBoost,day_of_month,31,-0.37809914,0.37809914,NEGATIVE,4,Day of month (31) decreased the forecast by 0.378 units relative to the model baseline.
9F4461EA-A3F7-58D3-9601-7E5C47ED4867,2016-03-31,SAMPLE_ITEM_002,SAMPLE_TX_1,XGBoost,lag_14,5.174370288848877,0.24788606,0.24788606,POSITIVE,5,Demand fourteen days ago (5.174370288848877) increased the forecast by 0.248 units relative to the model baseline.
E5C95D14-1E65-583B-AAF4-9F1BF3FC91CA,2016-04-01,SAMPLE_ITEM_002,SAMPLE_TX_1,XGBoost,days_of_supply,43.37531873335078,-0.89062572,0.89062572,NEGATIVE,1,Days of supply (43.37531873335078) decreased the forecast by 0.891 units relative to the model baseline.
E5C95D14-1E65-583B-AAF4-9F1BF3FC91CA,2016-04-01,SAMPLE_ITEM_002,SAMPLE_TX_1,XGBoost,day_of_month,1,0.72478902,0.72478902,POSITIVE,2,Day of month (1) increased the forecast by 0.725 units relative to the model baseline.
E5C95D14-1E65-583B-AAF4-9F1BF3FC91CA,2016-04-01,SAMPLE_ITEM_002,SAMPLE_TX_1,XGBoost,rolling_mean_7,4.334262098584857,-0.55513579,0.55513579,NEGATIVE,3,The recent seven-day demand average (4.334262098584857) decreased the forecast by 0.555 units relative to the model baseline.
E5C95D14-1E65-583B-AAF4-9F1BF3FC91CA,2016-04-01,SAMPLE_ITEM_002,SAMPLE_TX_1,XGBoost,current_stock,188.0,0.46617094,0.46617094,POSITIVE,4,Current stock (188.0) increased the forecast by 0.466 units relative to the model baseline.
E5C95D14-1E65-583B-AAF4-9F1BF3FC91CA,2016-04-01,SAMPLE_ITEM_002,SAMPLE_TX_1,XGBoost,lag_14,5.112756252288818,0.20431274,0.20431274,POSITIVE,5,Demand fourteen days ago (5.112756252288818) increased the forecast by 0.204 units relative to the model baseline.
EA44AFBB-99B6-5E3C-8040-B12F3163A810,2016-04-02,SAMPLE_ITEM_002,SAMPLE_TX_1,XGBoost,days_of_supply,42.23520427210571,-0.82040399,0.82040399,NEGATIVE,1,Days of supply (42.23520427210571) decreased the forecast by 0.820 units relative to the model baseline.
EA44AFBB-99B6-5E3C-8040-B12F3163A810,2016-04-02,SAMPLE_ITEM_002,SAMPLE_TX_1,XGBoost,day_of_month,2,0.75342548,0.75342548,POSITIVE,2,Day of month (2) increased the forecast by 0.753 units relative to the model baseline.
EA44AFBB-99B6-5E3C-8040-B12F3163A810,2016-04-02,SAMPLE_ITEM_002,SAMPLE_TX_1,XGBoost,rolling_mean_7,4.451262950897217,-0.60997719,0.60997719,NEGATIVE,3,The recent seven-day demand average (4.451262950897217) decreased the forecast by 0.610 units relative to the model baseline.
EA44AFBB-99B6-5E3C-8040-B12F3163A810,2016-04-02,SAMPLE_ITEM_002,SAMPLE_TX_1,XGBoost,current_stock,188.0,0.45236036,0.45236036,POSITIVE,4,Current stock (188.0) increased the forecast by 0.452 units relative to the model baseline.
EA44AFBB-99B6-5E3C-8040-B12F3163A810,2016-04-02,SAMPLE_ITEM_002,SAMPLE_TX_1,XGBoost,lag_1,5.338555335998535,-0.17199063,0.17199063,NEGATIVE,5,Yesterday's demand (5.338555335998535) decreased the forecast by 0.172 units relative to the model baseline.
9DD51EEB-D9EB-5E82-BA87-2CF634248F68,2016-04-03,SAMPLE_ITEM_002,SAMPLE_TX_1,XGBoost,days_of_supply,40.92911752684709,-0.67614335,0.67614335,NEGATIVE,1,Days of supply (40.92911752684709) decreased the forecast by 0.676 units relative to the model baseline.
9DD51EEB-D9EB-5E82-BA87-2CF634248F68,2016-04-03,SAMPLE_ITEM_002,SAMPLE_TX_1,XGBoost,day_of_month,3,0.64827853,0.64827853,POSITIVE,2,Day of month (3) increased the forecast by 0.648 units relative to the model baseline.
9DD51EEB-D9EB-5E82-BA87-2CF634248F68,2016-04-03,SAMPLE_ITEM_002,SAMPLE_TX_1,XGBoost,rolling_mean_7,4.593306950160435,-0.54751563,0.54751563,NEGATIVE,3,The recent seven-day demand average (4.593306950160435) decreased the forecast by 0.548 units relative to the model baseline.
9DD51EEB-D9EB-5E82-BA87-2CF634248F68,2016-04-03,SAMPLE_ITEM_002,SAMPLE_TX_1,XGBoost,current_stock,188.0,0.50159425,0.50159425,POSITIVE,4,Current stock (188.0) increased the forecast by 0.502 units relative to the model baseline.
9DD51EEB-D9EB-5E82-BA87-2CF634248F68,2016-04-03,SAMPLE_ITEM_002,SAMPLE_TX_1,XGBoost,day_of_week,6,0.46844700,0.46844700,POSITIVE,5,The day of week (6) increased the forecast by 0.468 units relative to the model baseline.
40CA5513-F49D-559D-B2B8-15AE4E979EF5,2016-04-04,SAMPLE_ITEM_002,SAMPLE_TX_1,XGBoost,days_of_supply,39.595349299847115,-0.79644048,0.79644048,NEGATIVE,1,Days of supply (39.595349299847115) decreased the forecast by 0.796 units relative to the model baseline.
40CA5513-F49D-559D-B2B8-15AE4E979EF5,2016-04-04,SAMPLE_ITEM_002,SAMPLE_TX_1,XGBoost,day_of_month,4,0.70736784,0.70736784,POSITIVE,2,Day of month (4) increased the forecast by 0.707 units relative to the model baseline.
40CA5513-F49D-559D-B2B8-15AE4E979EF5,2016-04-04,SAMPLE_ITEM_002,SAMPLE_TX_1,XGBoost,rolling_mean_7,4.748032365526472,-0.49165383,0.49165383,NEGATIVE,3,The recent seven-day demand average (4.748032365526472) decreased the forecast by 0.492 units relative to the model baseline.
40CA5513-F49D-559D-B2B8-15AE4E979EF5,2016-04-04,SAMPLE_ITEM_002,SAMPLE_TX_1,XGBoost,current_stock,188.0,0.47607684,0.47607684,POSITIVE,4,Current stock (188.0) increased the forecast by 0.476 units relative to the model baseline.
40CA5513-F49D-559D-B2B8-15AE4E979EF5,2016-04-04,SAMPLE_ITEM_002,SAMPLE_TX_1,XGBoost,lag_1,5.977839469909668,-0.16970107,0.16970107,NEGATIVE,5,Yesterday's demand (5.977839469909668) decreased the forecast by 0.170 units relative to the model baseline.
895D4DA3-2C84-5E4C-9965-58140F6C4FCC,2016-04-05,SAMPLE_ITEM_002,SAMPLE_TX_1,XGBoost,days_of_supply,38.57614512542399,-0.80265808,0.80265808,NEGATIVE,1,Days of supply (38.57614512542399) decreased the forecast by 0.803 units relative to the model baseline.
895D4DA3-2C84-5E4C-9965-58140F6C4FCC,2016-04-05,SAMPLE_ITEM_002,SAMPLE_TX_1,XGBoost,day_of_month,5,0.75427359,0.75427359,POSITIVE,2,Day of month (5) increased the forecast by 0.754 units relative to the model baseline.
895D4DA3-2C84-5E4C-9965-58140F6C4FCC,2016-04-05,SAMPLE_ITEM_002,SAMPLE_TX_1,XGBoost,rolling_mean_7,4.873478140149798,-0.53563482,0.53563482,NEGATIVE,3,The recent seven-day demand average (4.873478140149798) decreased the forecast by 0.536 units relative to the model baseline.
895D4DA3-2C84-5E4C-9965-58140F6C4FCC,2016-04-05,SAMPLE_ITEM_002,SAMPLE_TX_1,XGBoost,current_stock,188.0,0.47607684,0.47607684,POSITIVE,4,Current stock (188.0) increased the forecast by 0.476 units relative to the model baseline.
895D4DA3-2C84-5E4C-9965-58140F6C4FCC,2016-04-05,SAMPLE_ITEM_002,SAMPLE_TX_1,XGBoost,lag_1,5.225788593292236,-0.17990366,0.17990366,NEGATIVE,5,Yesterday's demand (5.225788593292236) decreased the forecast by 0.180 units relative to the model baseline.
8782F8C0-A64B-5FD8-B40C-44DE39C297D5,2016-04-06,SAMPLE_ITEM_002,SAMPLE_TX_1,XGBoost,day_of_month,6,0.82245421,0.82245421,POSITIVE,1,Day of month (6) increased the forecast by 0.822 units relative to the model baseline.
8782F8C0-A64B-5FD8-B40C-44DE39C297D5,2016-04-06,SAMPLE_ITEM_002,SAMPLE_TX_1,XGBoost,days_of_supply,37.492765029916484,-0.80155200,0.80155200,NEGATIVE,2,Days of supply (37.492765029916484) decreased the forecast by 0.802 units relative to the model baseline.
8782F8C0-A64B-5FD8-B40C-44DE39C297D5,2016-04-06,SAMPLE_ITEM_002,SAMPLE_TX_1,XGBoost,current_stock,188.0,0.42798454,0.42798454,POSITIVE,3,Current stock (188.0) increased the forecast by 0.428 units relative to the model baseline.
8782F8C0-A64B-5FD8-B40C-44DE39C297D5,2016-04-06,SAMPLE_ITEM_002,SAMPLE_TX_1,XGBoost,rolling_mean_7,5.0143007550920755,0.24820752,0.24820752,POSITIVE,4,The recent seven-day demand average (5.0143007550920755) increased the forecast by 0.248 units relative to the model baseline.
8782F8C0-A64B-5FD8-B40C-44DE39C297D5,2016-04-06,SAMPLE_ITEM_002,SAMPLE_TX_1,XGBoost,price_change_percentage,0.0,0.16996169,0.16996169,POSITIVE,5,Price change percentage (0.0) increased the forecast by 0.170 units relative to the model baseline.
D754519F-03E8-5688-9DF8-109667F713AF,2016-04-07,SAMPLE_ITEM_002,SAMPLE_TX_1,XGBoost,day_of_month,7,0.82287264,0.82287264,POSITIVE,1,Day of month (7) increased the forecast by 0.823 units relative to the model baseline.
D754519F-03E8-5688-9DF8-109667F713AF,2016-04-07,SAMPLE_ITEM_002,SAMPLE_TX_1,XGBoost,days_of_supply,35.45984989708897,-0.73675203,0.73675203,NEGATIVE,2,Days of supply (35.45984989708897) decreased the forecast by 0.737 units relative to the model baseline.
D754519F-03E8-5688-9DF8-109667F713AF,2016-04-07,SAMPLE_ITEM_002,SAMPLE_TX_1,XGBoost,current_stock,188.0,0.39080781,0.39080781,POSITIVE,3,Current stock (188.0) increased the forecast by 0.391 units relative to the model baseline.
D754519F-03E8-5688-9DF8-109667F713AF,2016-04-07,SAMPLE_ITEM_002,SAMPLE_TX_1,XGBoost,rolling_mean_7,5.301770891462054,0.23589516,0.23589516,POSITIVE,4,The recent seven-day demand average (5.301770891462054) increased the forecast by 0.236 units relative to the model baseline.
D754519F-03E8-5688-9DF8-109667F713AF,2016-04-07,SAMPLE_ITEM_002,SAMPLE_TX_1,XGBoost,price_change_percentage,0.0,0.20100293,0.20100293,POSITIVE,5,Price change percentage (0.0) increased the forecast by 0.201 units relative to the model baseline.
9B5DF53C-F0E8-543B-B464-78F15C9F87BB,2016-04-08,SAMPLE_ITEM_002,SAMPLE_TX_1,XGBoost,day_of_month,8,0.76925224,0.76925224,POSITIVE,1,Day of month (8) increased the forecast by 0.769 units relative to the model baseline.
9B5DF53C-F0E8-543B-B464-78F15C9F87BB,2016-04-08,SAMPLE_ITEM_002,SAMPLE_TX_1,XGBoost,days_of_supply,33.743532809141016,-0.70802122,0.70802122,NEGATIVE,2,Days of supply (33.743532809141016) decreased the forecast by 0.708 units relative to the model baseline.
9B5DF53C-F0E8-543B-B464-78F15C9F87BB,2016-04-08,SAMPLE_ITEM_002,SAMPLE_TX_1,XGBoost,current_stock,188.0,0.40743506,0.40743506,POSITIVE,3,Current stock (188.0) increased the forecast by 0.407 units relative to the model baseline.
9B5DF53C-F0E8-543B-B464-78F15C9F87BB,2016-04-08,SAMPLE_ITEM_002,SAMPLE_TX_1,XGBoost,rolling_mean_7,5.571437971932547,0.20586343,0.20586343,POSITIVE,4,The recent seven-day demand average (5.571437971932547) increased the forecast by 0.206 units relative to the model baseline.
9B5DF53C-F0E8-543B-B464-78F15C9F87BB,2016-04-08,SAMPLE_ITEM_002,SAMPLE_TX_1,XGBoost,price_change_percentage,0.0,0.17246696,0.17246696,POSITIVE,5,Price change percentage (0.0) increased the forecast by 0.172 units relative to the model baseline.
10426ECA-A00D-5A73-AA69-2E2BECD529C5,2016-04-09,SAMPLE_ITEM_002,SAMPLE_TX_1,XGBoost,day_of_month,9,0.76850307,0.76850307,POSITIVE,1,Day of month (9) increased the forecast by 0.769 units relative to the model baseline.
10426ECA-A00D-5A73-AA69-2E2BECD529C5,2016-04-09,SAMPLE_ITEM_002,SAMPLE_TX_1,XGBoost,days_of_supply,33.51411848825687,-0.71147686,0.71147686,NEGATIVE,2,Days of supply (33.51411848825687) decreased the forecast by 0.711 units relative to the model baseline.
10426ECA-A00D-5A73-AA69-2E2BECD529C5,2016-04-09,SAMPLE_ITEM_002,SAMPLE_TX_1,XGBoost,current_stock,188.0,0.40058818,0.40058818,POSITIVE,3,Current stock (188.0) increased the forecast by 0.401 units relative to the model baseline.
10426ECA-A00D-5A73-AA69-2E2BECD529C5,2016-04-09,SAMPLE_ITEM_002,SAMPLE_TX_1,XGBoost,rolling_mean_7,5.609576157161167,0.24347034,0.24347034,POSITIVE,4,The recent seven-day demand average (5.609576157161167) increased the forecast by 0.243 units relative to the model baseline.
10426ECA-A00D-5A73-AA69-2E2BECD529C5,2016-04-09,SAMPLE_ITEM_002,SAMPLE_TX_1,XGBoost,price_change_percentage,0.0,0.17628826,0.17628826,POSITIVE,5,Price change percentage (0.0) increased the forecast by 0.176 units relative to the model baseline.
FB53DFF0-213D-5A0B-8638-BACBEF2C7CFA,2016-04-10,SAMPLE_ITEM_002,SAMPLE_TX_1,XGBoost,day_of_month,10,0.74086976,0.74086976,POSITIVE,1,Day of month (10) increased the forecast by 0.741 units relative to the model baseline.
FB53DFF0-213D-5A0B-8638-BACBEF2C7CFA,2016-04-10,SAMPLE_ITEM_002,SAMPLE_TX_1,XGBoost,days_of_supply,33.065014311329406,-0.49008170,0.49008170,NEGATIVE,2,Days of supply (33.065014311329406) decreased the forecast by 0.490 units relative to the model baseline.
FB53DFF0-213D-5A0B-8638-BACBEF2C7CFA,2016-04-10,SAMPLE_ITEM_002,SAMPLE_TX_1,XGBoost,current_stock,188.0,0.48355159,0.48355159,POSITIVE,3,Current stock (188.0) increased the forecast by 0.484 units relative to the model baseline.
FB53DFF0-213D-5A0B-8638-BACBEF2C7CFA,2016-04-10,SAMPLE_ITEM_002,SAMPLE_TX_1,XGBoost,day_of_week,6,0.40490735,0.40490735,POSITIVE,4,The day of week (6) increased the forecast by 0.405 units relative to the model baseline.
FB53DFF0-213D-5A0B-8638-BACBEF2C7CFA,2016-04-10,SAMPLE_ITEM_002,SAMPLE_TX_1,XGBoost,rolling_mean_7,5.685767991202218,0.21132669,0.21132669,POSITIVE,5,The recent seven-day demand average (5.685767991202218) increased the forecast by 0.211 units relative to the model baseline.
3B1CF5F1-5ACB-5A8C-B414-71787F1E5239,2016-04-11,SAMPLE_ITEM_002,SAMPLE_TX_1,XGBoost,day_of_month,11,0.75177282,0.75177282,POSITIVE,1,Day of month (11) increased the forecast by 0.752 units relative to the model baseline.
3B1CF5F1-5ACB-5A8C-B414-71787F1E5239,2016-04-11,SAMPLE_ITEM_002,SAMPLE_TX_1,XGBoost,days_of_supply,32.77842773072541,-0.67747223,0.67747223,NEGATIVE,2,Days of supply (32.77842773072541) decreased the forecast by 0.677 units relative to the model baseline.
3B1CF5F1-5ACB-5A8C-B414-71787F1E5239,2016-04-11,SAMPLE_ITEM_002,SAMPLE_TX_1,XGBoost,current_stock,188.0,0.38205022,0.38205022,POSITIVE,3,Current stock (188.0) increased the forecast by 0.382 units relative to the model baseline.
3B1CF5F1-5ACB-5A8C-B414-71787F1E5239,2016-04-11,SAMPLE_ITEM_002,SAMPLE_TX_1,XGBoost,rolling_mean_7,5.735479491097586,0.28197002,0.28197002,POSITIVE,4,The recent seven-day demand average (5.735479491097586) increased the forecast by 0.282 units relative to the model baseline.
3B1CF5F1-5ACB-5A8C-B414-71787F1E5239,2016-04-11,SAMPLE_ITEM_002,SAMPLE_TX_1,XGBoost,lag_1,6.325819969177246,-0.19308065,0.19308065,NEGATIVE,5,Yesterday's demand (6.325819969177246) decreased the forecast by 0.193 units relative to the model baseline.
8C246489-4608-5AAD-BDA7-90038CEE0869,2016-04-12,SAMPLE_ITEM_002,SAMPLE_TX_1,XGBoost,day_of_month,12,0.76823699,0.76823699,POSITIVE,1,Day of month (12) increased the forecast by 0.768 units relative to the model baseline.
8C246489-4608-5AAD-BDA7-90038CEE0869,2016-04-12,SAMPLE_ITEM_002,SAMPLE_TX_1,XGBoost,days_of_supply,32.434856850074894,-0.69697744,0.69697744,NEGATIVE,2,Days of supply (32.434856850074894) decreased the forecast by 0.697 units relative to the model baseline.
8C246489-4608-5AAD-BDA7-90038CEE0869,2016-04-12,SAMPLE_ITEM_002,SAMPLE_TX_1,XGBoost,current_stock,188.0,0.39867747,0.39867747,POSITIVE,3,Current stock (188.0) increased the forecast by 0.399 units relative to the model baseline.
8C246489-4608-5AAD-BDA7-90038CEE0869,2016-04-12,SAMPLE_ITEM_002,SAMPLE_TX_1,XGBoost,rolling_mean_7,5.796233381543841,0.30192462,0.30192462,POSITIVE,4,The recent seven-day demand average (5.796233381543841) increased the forecast by 0.302 units relative to the model baseline.
8C246489-4608-5AAD-BDA7-90038CEE0869,2016-04-12,SAMPLE_ITEM_002,SAMPLE_TX_1,XGBoost,price_change_percentage,0.0,0.16217180,0.16217180,POSITIVE,5,Price change percentage (0.0) increased the forecast by 0.162 units relative to the model baseline.
2A1E52BF-6FB9-5E57-A9F5-2D77C8E783C7,2016-04-13,SAMPLE_ITEM_002,SAMPLE_TX_1,XGBoost,day_of_month,13,0.71227652,0.71227652,POSITIVE,1,Day of month (13) increased the forecast by 0.712 units relative to the model baseline.
2A1E52BF-6FB9-5E57-A9F5-2D77C8E783C7,2016-04-13,SAMPLE_ITEM_002,SAMPLE_TX_1,XGBoost,days_of_supply,31.985643331892703,-0.68795699,0.68795699,NEGATIVE,2,Days of supply (31.985643331892703) decreased the forecast by 0.688 units relative to the model baseline.
2A1E52BF-6FB9-5E57-A9F5-2D77C8E783C7,2016-04-13,SAMPLE_ITEM_002,SAMPLE_TX_1,XGBoost,current_stock,188.0,0.40420181,0.40420181,POSITIVE,3,Current stock (188.0) increased the forecast by 0.404 units relative to the model baseline.
2A1E52BF-6FB9-5E57-A9F5-2D77C8E783C7,2016-04-13,SAMPLE_ITEM_002,SAMPLE_TX_1,XGBoost,lag_7,6.178189754486084,-0.18911250,0.18911250,NEGATIVE,4,Demand seven days ago (6.178189754486084) decreased the forecast by 0.189 units relative to the model baseline.
2A1E52BF-6FB9-5E57-A9F5-2D77C8E783C7,2016-04-13,SAMPLE_ITEM_002,SAMPLE_TX_1,XGBoost,price_change_percentage,0.0,0.15964402,0.15964402,POSITIVE,5,Price change percentage (0.0) increased the forecast by 0.160 units relative to the model baseline.
342B7569-9C54-52C4-98EB-E17D1C0E57D5,2016-04-14,SAMPLE_ITEM_002,SAMPLE_TX_1,XGBoost,day_of_month,14,0.77818108,0.77818108,POSITIVE,1,Day of month (14) increased the forecast by 0.778 units relative to the model baseline.
342B7569-9C54-52C4-98EB-E17D1C0E57D5,2016-04-14,SAMPLE_ITEM_002,SAMPLE_TX_1,XGBoost,days_of_supply,32.69693355034519,-0.71275192,0.71275192,NEGATIVE,2,Days of supply (32.69693355034519) decreased the forecast by 0.713 units relative to the model baseline.
342B7569-9C54-52C4-98EB-E17D1C0E57D5,2016-04-14,SAMPLE_ITEM_002,SAMPLE_TX_1,XGBoost,current_stock,188.0,0.40743506,0.40743506,POSITIVE,3,Current stock (188.0) increased the forecast by 0.407 units relative to the model baseline.
342B7569-9C54-52C4-98EB-E17D1C0E57D5,2016-04-14,SAMPLE_ITEM_002,SAMPLE_TX_1,XGBoost,rolling_mean_7,5.749774660382952,0.30334553,0.30334553,POSITIVE,4,The recent seven-day demand average (5.749774660382952) increased the forecast by 0.303 units relative to the model baseline.
342B7569-9C54-52C4-98EB-E17D1C0E57D5,2016-04-14,SAMPLE_ITEM_002,SAMPLE_TX_1,XGBoost,day_of_week,3,-0.17327817,0.17327817,NEGATIVE,5,The day of week (3) decreased the forecast by 0.173 units relative to the model baseline.
30E1F063-7EBF-5C25-96CE-A97FCD91FF8E,2016-04-15,SAMPLE_ITEM_002,SAMPLE_TX_1,XGBoost,days_of_supply,32.967727893006625,-0.81230146,0.81230146,NEGATIVE,1,Days of supply (32.967727893006625) decreased the forecast by 0.812 units relative to the model baseline.
30E1F063-7EBF-5C25-96CE-A97FCD91FF8E,2016-04-15,SAMPLE_ITEM_002,SAMPLE_TX_1,XGBoost,day_of_month,15,0.73200405,0.73200405,POSITIVE,2,Day of month (15) increased the forecast by 0.732 units relative to the model baseline.
30E1F063-7EBF-5C25-96CE-A97FCD91FF8E,2016-04-15,SAMPLE_ITEM_002,SAMPLE_TX_1,XGBoost,current_stock,188.0,0.39061183,0.39061183,POSITIVE,3,Current stock (188.0) increased the forecast by 0.391 units relative to the model baseline.
30E1F063-7EBF-5C25-96CE-A97FCD91FF8E,2016-04-15,SAMPLE_ITEM_002,SAMPLE_TX_1,XGBoost,lag_14,5.338555335998535,0.24588262,0.24588262,POSITIVE,4,Demand fourteen days ago (5.338555335998535) increased the forecast by 0.246 units relative to the model baseline.
30E1F063-7EBF-5C25-96CE-A97FCD91FF8E,2016-04-15,SAMPLE_ITEM_002,SAMPLE_TX_1,XGBoost,rolling_mean_7,5.702546460287912,0.22268094,0.22268094,POSITIVE,5,The recent seven-day demand average (5.702546460287912) increased the forecast by 0.223 units relative to the model baseline.
4697AE6A-6C9C-5562-BC6F-F0720C1958E3,2016-04-16,SAMPLE_ITEM_002,SAMPLE_TX_1,XGBoost,days_of_supply,32.79214051919419,-0.83792704,0.83792704,NEGATIVE,1,Days of supply (32.79214051919419) decreased the forecast by 0.838 units relative to the model baseline.
4697AE6A-6C9C-5562-BC6F-F0720C1958E3,2016-04-16,SAMPLE_ITEM_002,SAMPLE_TX_1,XGBoost,rolling_mean_7,5.733081068311419,0.38834795,0.38834795,POSITIVE,2,The recent seven-day demand average (5.733081068311419) increased the forecast by 0.388 units relative to the model baseline.
4697AE6A-6C9C-5562-BC6F-F0720C1958E3,2016-04-16,SAMPLE_ITEM_002,SAMPLE_TX_1,XGBoost,current_stock,188.0,0.38513798,0.38513798,POSITIVE,3,Current stock (188.0) increased the forecast by 0.385 units relative to the model baseline.
4697AE6A-6C9C-5562-BC6F-F0720C1958E3,2016-04-16,SAMPLE_ITEM_002,SAMPLE_TX_1,XGBoost,lag_14,5.090826511383057,0.25907871,0.25907871,POSITIVE,4,Demand fourteen days ago (5.090826511383057) increased the forecast by 0.259 units relative to the model baseline.
4697AE6A-6C9C-5562-BC6F-F0720C1958E3,2016-04-16,SAMPLE_ITEM_002,SAMPLE_TX_1,XGBoost,price_change_percentage,0.0,0.24085578,0.24085578,POSITIVE,5,Price change percentage (0.0) increased the forecast by 0.241 units relative to the model baseline.
C2B2084A-5242-5F1F-B20D-8E4E259688B8,2016-04-17,SAMPLE_ITEM_002,SAMPLE_TX_1,XGBoost,days_of_supply,32.990320384026006,-0.51504755,0.51504755,NEGATIVE,1,Days of supply (32.990320384026006) decreased the forecast by 0.515 units relative to the model baseline.
C2B2084A-5242-5F1F-B20D-8E4E259688B8,2016-04-17,SAMPLE_ITEM_002,SAMPLE_TX_1,XGBoost,current_stock,188.0,0.49595252,0.49595252,POSITIVE,2,Current stock (188.0) increased the forecast by 0.496 units relative to the model baseline.
C2B2084A-5242-5F1F-B20D-8E4E259688B8,2016-04-17,SAMPLE_ITEM_002,SAMPLE_TX_1,XGBoost,day_of_week,6,0.43194780,0.43194780,POSITIVE,3,The day of week (6) increased the forecast by 0.432 units relative to the model baseline.
C2B2084A-5242-5F1F-B20D-8E4E259688B8,2016-04-17,SAMPLE_ITEM_002,SAMPLE_TX_1,XGBoost,lag_14,5.977839469909668,0.25499210,0.25499210,POSITIVE,4,Demand fourteen days ago (5.977839469909668) increased the forecast by 0.255 units relative to the model baseline.
C2B2084A-5242-5F1F-B20D-8E4E259688B8,2016-04-17,SAMPLE_ITEM_002,SAMPLE_TX_1,XGBoost,price_change_percentage,0.0,0.24018711,0.24018711,POSITIVE,5,Price change percentage (0.0) increased the forecast by 0.240 units relative to the model baseline.
AB8C9B7F-1E85-5904-ADF2-0D6EE2C5D725,2016-04-18,SAMPLE_ITEM_002,SAMPLE_TX_1,XGBoost,days_of_supply,33.41320241661594,-0.75662434,0.75662434,NEGATIVE,1,Days of supply (33.41320241661594) decreased the forecast by 0.757 units relative to the model baseline.
AB8C9B7F-1E85-5904-ADF2-0D6EE2C5D725,2016-04-18,SAMPLE_ITEM_002,SAMPLE_TX_1,XGBoost,current_stock,188.0,0.41107833,0.41107833,POSITIVE,2,Current stock (188.0) increased the forecast by 0.411 units relative to the model baseline.
AB8C9B7F-1E85-5904-ADF2-0D6EE2C5D725,2016-04-18,SAMPLE_ITEM_002,SAMPLE_TX_1,XGBoost,lag_14,5.225788593292236,0.26868090,0.26868090,POSITIVE,3,Demand fourteen days ago (5.225788593292236) increased the forecast by 0.269 units relative to the model baseline.
AB8C9B7F-1E85-5904-ADF2-0D6EE2C5D725,2016-04-18,SAMPLE_ITEM_002,SAMPLE_TX_1,XGBoost,price_change_percentage,0.0,0.22963838,0.22963838,POSITIVE,4,Price change percentage (0.0) increased the forecast by 0.230 units relative to the model baseline.
AB8C9B7F-1E85-5904-ADF2-0D6EE2C5D725,2016-04-18,SAMPLE_ITEM_002,SAMPLE_TX_1,XGBoost,rolling_mean_7,5.626518453870501,0.16523521,0.16523521,POSITIVE,5,The recent seven-day demand average (5.626518453870501) increased the forecast by 0.165 units relative to the model baseline.
A2CFFDFA-0267-5AF1-95B7-9D1EFADA3A54,2016-04-19,SAMPLE_ITEM_002,SAMPLE_TX_1,XGBoost,days_of_supply,33.837957883534614,-0.79320616,0.79320616,NEGATIVE,1,Days of supply (33.837957883534614) decreased the forecast by 0.793 units relative to the model baseline.
A2CFFDFA-0267-5AF1-95B7-9D1EFADA3A54,2016-04-19,SAMPLE_ITEM_002,SAMPLE_TX_1,XGBoost,current_stock,188.0,0.41107833,0.41107833,POSITIVE,2,Current stock (188.0) increased the forecast by 0.411 units relative to the model baseline.
A2CFFDFA-0267-5AF1-95B7-9D1EFADA3A54,2016-04-19,SAMPLE_ITEM_002,SAMPLE_TX_1,XGBoost,lag_14,5.193630695343018,0.25849903,0.25849903,POSITIVE,3,Demand fourteen days ago (5.193630695343018) increased the forecast by 0.258 units relative to the model baseline.
A2CFFDFA-0267-5AF1-95B7-9D1EFADA3A54,2016-04-19,SAMPLE_ITEM_002,SAMPLE_TX_1,XGBoost,price_change_percentage,0.0,0.22963402,0.22963402,POSITIVE,4,Price change percentage (0.0) increased the forecast by 0.230 units relative to the model baseline.
A2CFFDFA-0267-5AF1-95B7-9D1EFADA3A54,2016-04-19,SAMPLE_ITEM_002,SAMPLE_TX_1,XGBoost,rolling_mean_7,5.555890832628522,0.19282612,0.19282612,POSITIVE,5,The recent seven-day demand average (5.555890832628522) increased the forecast by 0.193 units relative to the model baseline.
B434321E-3282-5EC1-A39E-EE35A0CD47FC,2016-04-20,SAMPLE_ITEM_002,SAMPLE_TX_1,XGBoost,days_of_supply,34.58581506544638,-0.81749749,0.81749749,NEGATIVE,1,Days of supply (34.58581506544638) decreased the forecast by 0.817 units relative to the model baseline.
B434321E-3282-5EC1-A39E-EE35A0CD47FC,2016-04-20,SAMPLE_ITEM_002,SAMPLE_TX_1,XGBoost,current_stock,188.0,0.40806472,0.40806472,POSITIVE,2,Current stock (188.0) increased the forecast by 0.408 units relative to the model baseline.
B434321E-3282-5EC1-A39E-EE35A0CD47FC,2016-04-20,SAMPLE_ITEM_002,SAMPLE_TX_1,XGBoost,lag_14,6.178189754486084,0.30888632,0.30888632,POSITIVE,3,Demand fourteen days ago (6.178189754486084) increased the forecast by 0.309 units relative to the model baseline.
B434321E-3282-5EC1-A39E-EE35A0CD47FC,2016-04-20,SAMPLE_ITEM_002,SAMPLE_TX_1,XGBoost,price_change_percentage,0.0,0.22744171,0.22744171,POSITIVE,4,Price change percentage (0.0) increased the forecast by 0.227 units relative to the model baseline.
B434321E-3282-5EC1-A39E-EE35A0CD47FC,2016-04-20,SAMPLE_ITEM_002,SAMPLE_TX_1,XGBoost,day_of_month,20,-0.20920612,0.20920612,NEGATIVE,5,Day of month (20) decreased the forecast by 0.209 units relative to the model baseline.
9A1473E1-C8DD-5DDA-B8C2-B1F5D6B5675C,2016-04-21,SAMPLE_ITEM_002,SAMPLE_TX_1,XGBoost,days_of_supply,34.986641764307656,-0.80695873,0.80695873,NEGATIVE,1,Days of supply (34.986641764307656) decreased the forecast by 0.807 units relative to the model baseline.
9A1473E1-C8DD-5DDA-B8C2-B1F5D6B5675C,2016-04-21,SAMPLE_ITEM_002,SAMPLE_TX_1,XGBoost,current_stock,188.0,0.42761537,0.42761537,POSITIVE,2,Current stock (188.0) increased the forecast by 0.428 units relative to the model baseline.
9A1473E1-C8DD-5DDA-B8C2-B1F5D6B5675C,2016-04-21,SAMPLE_ITEM_002,SAMPLE_TX_1,XGBoost,day_of_month,21,-0.41215625,0.41215625,NEGATIVE,3,Day of month (21) decreased the forecast by 0.412 units relative to the model baseline.
9A1473E1-C8DD-5DDA-B8C2-B1F5D6B5675C,2016-04-21,SAMPLE_ITEM_002,SAMPLE_TX_1,XGBoost,lag_14,5.995235443115234,0.28255910,0.28255910,POSITIVE,4,Demand fourteen days ago (5.995235443115234) increased the forecast by 0.283 units relative to the model baseline.
9A1473E1-C8DD-5DDA-B8C2-B1F5D6B5675C,2016-04-21,SAMPLE_ITEM_002,SAMPLE_TX_1,XGBoost,price_change_percentage,0.0,0.26750129,0.26750129,POSITIVE,5,Price change percentage (0.0) increased the forecast by 0.268 units relative to the model baseline.
C23706FE-43AA-5960-9E91-10E256366F46,2016-04-22,SAMPLE_ITEM_002,SAMPLE_TX_1,XGBoost,days_of_supply,35.93438394265648,-0.89366239,0.89366239,NEGATIVE,1,Days of supply (35.93438394265648) decreased the forecast by 0.894 units relative to the model baseline.
C23706FE-43AA-5960-9E91-10E256366F46,2016-04-22,SAMPLE_ITEM_002,SAMPLE_TX_1,XGBoost,current_stock,188.0,0.43621537,0.43621537,POSITIVE,2,Current stock (188.0) increased the forecast by 0.436 units relative to the model baseline.
C23706FE-43AA-5960-9E91-10E256366F46,2016-04-22,SAMPLE_ITEM_002,SAMPLE_TX_1,XGBoost,day_of_month,22,-0.42308456,0.42308456,NEGATIVE,3,Day of month (22) decreased the forecast by 0.423 units relative to the model baseline.
C23706FE-43AA-5960-9E91-10E256366F46,2016-04-22,SAMPLE_ITEM_002,SAMPLE_TX_1,XGBoost,price_change_percentage,0.0,0.26471782,0.26471782,POSITIVE,4,Price change percentage (0.0) increased the forecast by 0.265 units relative to the model baseline.
C23706FE-43AA-5960-9E91-10E256366F46,2016-04-22,SAMPLE_ITEM_002,SAMPLE_TX_1,XGBoost,lag_14,5.605522632598877,0.26385015,0.26385015,POSITIVE,5,Demand fourteen days ago (5.605522632598877) increased the forecast by 0.264 units relative to the model baseline.
AD899911-C6C6-5836-AEA1-5C74475A69D4,2016-04-23,SAMPLE_ITEM_002,SAMPLE_TX_1,XGBoost,days_of_supply,37.02011272397044,-0.90101618,0.90101618,NEGATIVE,1,Days of supply (37.02011272397044) decreased the forecast by 0.901 units relative to the model baseline.
AD899911-C6C6-5836-AEA1-5C74475A69D4,2016-04-23,SAMPLE_ITEM_002,SAMPLE_TX_1,XGBoost,current_stock,188.0,0.42936850,0.42936850,POSITIVE,2,Current stock (188.0) increased the forecast by 0.429 units relative to the model baseline.
AD899911-C6C6-5836-AEA1-5C74475A69D4,2016-04-23,SAMPLE_ITEM_002,SAMPLE_TX_1,XGBoost,day_of_month,23,-0.42640823,0.42640823,NEGATIVE,3,Day of month (23) decreased the forecast by 0.426 units relative to the model baseline.
AD899911-C6C6-5836-AEA1-5C74475A69D4,2016-04-23,SAMPLE_ITEM_002,SAMPLE_TX_1,XGBoost,lag_14,5.62416934967041,0.25843614,0.25843614,POSITIVE,4,Demand fourteen days ago (5.62416934967041) increased the forecast by 0.258 units relative to the model baseline.
AD899911-C6C6-5836-AEA1-5C74475A69D4,2016-04-23,SAMPLE_ITEM_002,SAMPLE_TX_1,XGBoost,price_change_percentage,0.0,0.25093278,0.25093278,POSITIVE,5,Price change percentage (0.0) increased the forecast by 0.251 units relative to the model baseline.
5D402E45-259E-58A3-B129-A35D7F5FEF09,2016-04-24,SAMPLE_ITEM_002,SAMPLE_TX_1,XGBoost,days_of_supply,37.623582297062754,-0.70935625,0.70935625,NEGATIVE,1,Days of supply (37.623582297062754) decreased the forecast by 0.709 units relative to the model baseline.
5D402E45-259E-58A3-B129-A35D7F5FEF09,2016-04-24,SAMPLE_ITEM_002,SAMPLE_TX_1,XGBoost,current_stock,188.0,0.51964462,0.51964462,POSITIVE,2,Current stock (188.0) increased the forecast by 0.520 units relative to the model baseline.
5D402E45-259E-58A3-B129-A35D7F5FEF09,2016-04-24,SAMPLE_ITEM_002,SAMPLE_TX_1,XGBoost,day_of_week,6,0.49939245,0.49939245,POSITIVE,3,The day of week (6) increased the forecast by 0.499 units relative to the model baseline.
5D402E45-259E-58A3-B129-A35D7F5FEF09,2016-04-24,SAMPLE_ITEM_002,SAMPLE_TX_1,XGBoost,rolling_mean_7,4.996866021837507,-0.44259694,0.44259694,NEGATIVE,4,The recent seven-day demand average (4.996866021837507) decreased the forecast by 0.443 units relative to the model baseline.
5D402E45-259E-58A3-B129-A35D7F5FEF09,2016-04-24,SAMPLE_ITEM_002,SAMPLE_TX_1,XGBoost,day_of_month,24,-0.37028527,0.37028527,NEGATIVE,5,Day of month (24) decreased the forecast by 0.370 units relative to the model baseline.
82043FAF-2255-5AC3-ACB0-33B29BCD7959,2016-04-25,SAMPLE_ITEM_002,SAMPLE_TX_1,XGBoost,days_of_supply,38.646930786763605,-0.89117777,0.89117777,NEGATIVE,1,Days of supply (38.646930786763605) decreased the forecast by 0.891 units relative to the model baseline.
82043FAF-2255-5AC3-ACB0-33B29BCD7959,2016-04-25,SAMPLE_ITEM_002,SAMPLE_TX_1,XGBoost,current_stock,188.0,0.47676030,0.47676030,POSITIVE,2,Current stock (188.0) increased the forecast by 0.477 units relative to the model baseline.
82043FAF-2255-5AC3-ACB0-33B29BCD7959,2016-04-25,SAMPLE_ITEM_002,SAMPLE_TX_1,XGBoost,day_of_month,25,-0.37550509,0.37550509,NEGATIVE,3,Day of month (25) decreased the forecast by 0.376 units relative to the model baseline.
82043FAF-2255-5AC3-ACB0-33B29BCD7959,2016-04-25,SAMPLE_ITEM_002,SAMPLE_TX_1,XGBoost,rolling_mean_7,4.864551884787423,-0.36284032,0.36284032,NEGATIVE,4,The recent seven-day demand average (4.864551884787423) decreased the forecast by 0.363 units relative to the model baseline.
82043FAF-2255-5AC3-ACB0-33B29BCD7959,2016-04-25,SAMPLE_ITEM_002,SAMPLE_TX_1,XGBoost,lag_14,5.651065826416016,0.26788184,0.26788184,POSITIVE,5,Demand fourteen days ago (5.651065826416016) increased the forecast by 0.268 units relative to the model baseline.
40FFCB40-F0A2-53D9-8C86-7129B50E96F0,2016-04-26,SAMPLE_ITEM_002,SAMPLE_TX_1,XGBoost,days_of_supply,39.706003748793,-0.89739537,0.89739537,NEGATIVE,1,Days of supply (39.706003748793) decreased the forecast by 0.897 units relative to the model baseline.
40FFCB40-F0A2-53D9-8C86-7129B50E96F0,2016-04-26,SAMPLE_ITEM_002,SAMPLE_TX_1,XGBoost,current_stock,188.0,0.47676030,0.47676030,POSITIVE,2,Current stock (188.0) increased the forecast by 0.477 units relative to the model baseline.
40FFCB40-F0A2-53D9-8C86-7129B50E96F0,2016-04-26,SAMPLE_ITEM_002,SAMPLE_TX_1,XGBoost,rolling_mean_7,4.734800338745117,-0.46131885,0.46131885,NEGATIVE,3,The recent seven-day demand average (4.734800338745117) decreased the forecast by 0.461 units relative to the model baseline.
40FFCB40-F0A2-53D9-8C86-7129B50E96F0,2016-04-26,SAMPLE_ITEM_002,SAMPLE_TX_1,XGBoost,day_of_month,26,-0.38778818,0.38778818,NEGATIVE,4,Day of month (26) decreased the forecast by 0.388 units relative to the model baseline.
40FFCB40-F0A2-53D9-8C86-7129B50E96F0,2016-04-26,SAMPLE_ITEM_002,SAMPLE_TX_1,XGBoost,lag_14,5.763455867767334,0.26732564,0.26732564,POSITIVE,5,Demand fourteen days ago (5.763455867767334) increased the forecast by 0.267 units relative to the model baseline.
94C42821-4958-5B61-8417-F7B9D8BD2E38,2016-04-27,SAMPLE_ITEM_002,SAMPLE_TX_1,XGBoost,days_of_supply,40.6331226083788,-0.90623432,0.90623432,NEGATIVE,1,Days of supply (40.6331226083788) decreased the forecast by 0.906 units relative to the model baseline.
94C42821-4958-5B61-8417-F7B9D8BD2E38,2016-04-27,SAMPLE_ITEM_002,SAMPLE_TX_1,XGBoost,current_stock,188.0,0.49562708,0.49562708,POSITIVE,2,Current stock (188.0) increased the forecast by 0.496 units relative to the model baseline.
94C42821-4958-5B61-8417-F7B9D8BD2E38,2016-04-27,SAMPLE_ITEM_002,SAMPLE_TX_1,XGBoost,rolling_mean_7,4.626767226627895,-0.46741435,0.46741435,NEGATIVE,3,The recent seven-day demand average (4.626767226627895) decreased the forecast by 0.467 units relative to the model baseline.
94C42821-4958-5B61-8417-F7B9D8BD2E38,2016-04-27,SAMPLE_ITEM_002,SAMPLE_TX_1,XGBoost,day_of_month,27,-0.38939610,0.38939610,NEGATIVE,4,Day of month (27) decreased the forecast by 0.389 units relative to the model baseline.
94C42821-4958-5B61-8417-F7B9D8BD2E38,2016-04-27,SAMPLE_ITEM_002,SAMPLE_TX_1,XGBoost,lag_14,5.283153533935547,0.26541716,0.26541716,POSITIVE,5,Demand fourteen days ago (5.283153533935547) increased the forecast by 0.265 units relative to the model baseline.
9CC75DB0-28E1-5BEE-8333-2D8F922F0557,2016-01-29,SAMPLE_ITEM_003,SAMPLE_CA_1,XGBoost,days_of_supply,49.9655172413793,-0.73739511,0.73739511,NEGATIVE,1,Days of supply (49.9655172413793) decreased the forecast by 0.737 units relative to the model baseline.
9CC75DB0-28E1-5BEE-8333-2D8F922F0557,2016-01-29,SAMPLE_ITEM_003,SAMPLE_CA_1,XGBoost,rolling_mean_7,4.142857142857143,-0.53601843,0.53601843,NEGATIVE,2,The recent seven-day demand average (4.142857142857143) decreased the forecast by 0.536 units relative to the model baseline.
9CC75DB0-28E1-5BEE-8333-2D8F922F0557,2016-01-29,SAMPLE_ITEM_003,SAMPLE_CA_1,XGBoost,current_stock,207.0,0.47150406,0.47150406,POSITIVE,3,Current stock (207.0) increased the forecast by 0.472 units relative to the model baseline.
9CC75DB0-28E1-5BEE-8333-2D8F922F0557,2016-01-29,SAMPLE_ITEM_003,SAMPLE_CA_1,XGBoost,lag_14,7.0,0.43720084,0.43720084,POSITIVE,4,Demand fourteen days ago (7.0) increased the forecast by 0.437 units relative to the model baseline.
9CC75DB0-28E1-5BEE-8333-2D8F922F0557,2016-01-29,SAMPLE_ITEM_003,SAMPLE_CA_1,XGBoost,current_price,9.35,-0.41243091,0.41243091,NEGATIVE,5,The current price (9.35) decreased the forecast by 0.412 units relative to the model baseline.
B8CFB9AE-20B8-511E-80BF-8E8A4AEAF917,2016-01-30,SAMPLE_ITEM_003,SAMPLE_CA_1,XGBoost,days_of_supply,47.12088074582894,-0.72603118,0.72603118,NEGATIVE,1,Days of supply (47.12088074582894) decreased the forecast by 0.726 units relative to the model baseline.
B8CFB9AE-20B8-511E-80BF-8E8A4AEAF917,2016-01-30,SAMPLE_ITEM_003,SAMPLE_CA_1,XGBoost,rolling_mean_7,4.392956938062396,-0.47605127,0.47605127,NEGATIVE,2,The recent seven-day demand average (4.392956938062396) decreased the forecast by 0.476 units relative to the model baseline.
B8CFB9AE-20B8-511E-80BF-8E8A4AEAF917,2016-01-30,SAMPLE_ITEM_003,SAMPLE_CA_1,XGBoost,day_of_month,30,-0.45875132,0.45875132,NEGATIVE,3,Day of month (30) decreased the forecast by 0.459 units relative to the model baseline.
B8CFB9AE-20B8-511E-80BF-8E8A4AEAF917,2016-01-30,SAMPLE_ITEM_003,SAMPLE_CA_1,XGBoost,current_price,9.35,-0.41805381,0.41805381,NEGATIVE,4,The current price (9.35) decreased the forecast by 0.418 units relative to the model baseline.
B8CFB9AE-20B8-511E-80BF-8E8A4AEAF917,2016-01-30,SAMPLE_ITEM_003,SAMPLE_CA_1,XGBoost,lag_14,8.0,0.39068335,0.39068335,POSITIVE,5,Demand fourteen days ago (8.0) increased the forecast by 0.391 units relative to the model baseline.
4A18CF50-0756-5B05-B38D-8C482F9DC2C1,2016-01-31,SAMPLE_ITEM_003,SAMPLE_CA_1,XGBoost,day_of_week,6,0.58489555,0.58489555,POSITIVE,1,The day of week (6) increased the forecast by 0.585 units relative to the model baseline.
4A18CF50-0756-5B05-B38D-8C482F9DC2C1,2016-01-31,SAMPLE_ITEM_003,SAMPLE_CA_1,XGBoost,current_stock,207.0,0.57056040,0.57056040,POSITIVE,2,Current stock (207.0) increased the forecast by 0.571 units relative to the model baseline.
4A18CF50-0756-5B05-B38D-8C482F9DC2C1,2016-01-31,SAMPLE_ITEM_003,SAMPLE_CA_1,XGBoost,day_of_month,31,-0.43409991,0.43409991,NEGATIVE,3,Day of month (31) decreased the forecast by 0.434 units relative to the model baseline.
4A18CF50-0756-5B05-B38D-8C482F9DC2C1,2016-01-31,SAMPLE_ITEM_003,SAMPLE_CA_1,XGBoost,rolling_mean_7,4.145322459084647,-0.42868266,0.42868266,NEGATIVE,4,The recent seven-day demand average (4.145322459084647) decreased the forecast by 0.429 units relative to the model baseline.
4A18CF50-0756-5B05-B38D-8C482F9DC2C1,2016-01-31,SAMPLE_ITEM_003,SAMPLE_CA_1,XGBoost,days_of_supply,49.93580162777226,-0.34881568,0.34881568,NEGATIVE,5,Days of supply (49.93580162777226) decreased the forecast by 0.349 units relative to the model baseline.
6C0846EF-8B22-53A4-81EE-2576BCC583BA,2016-02-01,SAMPLE_ITEM_003,SAMPLE_CA_1,XGBoost,day_of_month,1,0.61582059,0.61582059,POSITIVE,1,Day of month (1) increased the forecast by 0.616 units relative to the model baseline.
6C0846EF-8B22-53A4-81EE-2576BCC583BA,2016-02-01,SAMPLE_ITEM_003,SAMPLE_CA_1,XGBoost,days_of_supply,54.4291267530254,-0.56254268,0.56254268,NEGATIVE,2,Days of supply (54.4291267530254) decreased the forecast by 0.563 units relative to the model baseline.
6C0846EF-8B22-53A4-81EE-2576BCC583BA,2016-02-01,SAMPLE_ITEM_003,SAMPLE_CA_1,XGBoost,current_stock,207.0,0.49492559,0.49492559,POSITIVE,3,Current stock (207.0) increased the forecast by 0.495 units relative to the model baseline.
6C0846EF-8B22-53A4-81EE-2576BCC583BA,2016-02-01,SAMPLE_ITEM_003,SAMPLE_CA_1,XGBoost,current_price,9.35,-0.28376600,0.28376600,NEGATIVE,4,The current price (9.35) decreased the forecast by 0.284 units relative to the model baseline.
6C0846EF-8B22-53A4-81EE-2576BCC583BA,2016-02-01,SAMPLE_ITEM_003,SAMPLE_CA_1,XGBoost,lag_14,2.0,-0.27126598,0.27126598,NEGATIVE,5,Demand fourteen days ago (2.0) decreased the forecast by 0.271 units relative to the model baseline.
28EE9E92-AD28-5AA6-AC5F-02DD59FB0E9F,2016-02-02,SAMPLE_ITEM_003,SAMPLE_CA_1,XGBoost,days_of_supply,51.17403405171219,-0.66870278,0.66870278,NEGATIVE,1,Days of supply (51.17403405171219) decreased the forecast by 0.669 units relative to the model baseline.
28EE9E92-AD28-5AA6-AC5F-02DD59FB0E9F,2016-02-02,SAMPLE_ITEM_003,SAMPLE_CA_1,XGBoost,day_of_month,2,0.62177092,0.62177092,POSITIVE,2,Day of month (2) increased the forecast by 0.622 units relative to the model baseline.
28EE9E92-AD28-5AA6-AC5F-02DD59FB0E9F,2016-02-02,SAMPLE_ITEM_003,SAMPLE_CA_1,XGBoost,current_stock,207.0,0.44277436,0.44277436,POSITIVE,3,Current stock (207.0) increased the forecast by 0.443 units relative to the model baseline.
28EE9E92-AD28-5AA6-AC5F-02DD59FB0E9F,2016-02-02,SAMPLE_ITEM_003,SAMPLE_CA_1,XGBoost,rolling_mean_7,4.045020171574184,-0.39148110,0.39148110,NEGATIVE,4,The recent seven-day demand average (4.045020171574184) decreased the forecast by 0.391 units relative to the model baseline.
28EE9E92-AD28-5AA6-AC5F-02DD59FB0E9F,2016-02-02,SAMPLE_ITEM_003,SAMPLE_CA_1,XGBoost,current_price,9.35,-0.33617005,0.33617005,NEGATIVE,5,The current price (9.35) decreased the forecast by 0.336 units relative to the model baseline.
01BED94B-5B24-5240-85C6-4E9BDB3A4BD2,2016-02-03,SAMPLE_ITEM_003,SAMPLE_CA_1,XGBoost,day_of_month,3,0.66946948,0.66946948,POSITIVE,1,Day of month (3) increased the forecast by 0.669 units relative to the model baseline.
01BED94B-5B24-5240-85C6-4E9BDB3A4BD2,2016-02-03,SAMPLE_ITEM_003,SAMPLE_CA_1,XGBoost,days_of_supply,51.87553170199385,-0.60296649,0.60296649,NEGATIVE,2,Days of supply (51.87553170199385) decreased the forecast by 0.603 units relative to the model baseline.
01BED94B-5B24-5240-85C6-4E9BDB3A4BD2,2016-02-03,SAMPLE_ITEM_003,SAMPLE_CA_1,XGBoost,current_stock,207.0,0.49494365,0.49494365,POSITIVE,3,Current stock (207.0) increased the forecast by 0.495 units relative to the model baseline.
01BED94B-5B24-5240-85C6-4E9BDB3A4BD2,2016-02-03,SAMPLE_ITEM_003,SAMPLE_CA_1,XGBoost,rolling_mean_7,3.990320546286447,-0.44891727,0.44891727,NEGATIVE,4,The recent seven-day demand average (3.990320546286447) decreased the forecast by 0.449 units relative to the model baseline.
01BED94B-5B24-5240-85C6-4E9BDB3A4BD2,2016-02-03,SAMPLE_ITEM_003,SAMPLE_CA_1,XGBoost,current_price,9.35,-0.26700369,0.26700369,NEGATIVE,5,The current price (9.35) decreased the forecast by 0.267 units relative to the model baseline.
C09A036B-DDD8-5F60-9E6F-D678E311113B,2016-02-04,SAMPLE_ITEM_003,SAMPLE_CA_1,XGBoost,day_of_month,4,0.69118363,0.69118363,POSITIVE,1,Day of month (4) increased the forecast by 0.691 units relative to the model baseline.
C09A036B-DDD8-5F60-9E6F-D678E311113B,2016-02-04,SAMPLE_ITEM_003,SAMPLE_CA_1,XGBoost,days_of_supply,46.96174983727907,-0.58202499,0.58202499,NEGATIVE,2,Days of supply (46.96174983727907) decreased the forecast by 0.582 units relative to the model baseline.
C09A036B-DDD8-5F60-9E6F-D678E311113B,2016-02-04,SAMPLE_ITEM_003,SAMPLE_CA_1,XGBoost,current_stock,207.0,0.49817690,0.49817690,POSITIVE,3,Current stock (207.0) increased the forecast by 0.498 units relative to the model baseline.
C09A036B-DDD8-5F60-9E6F-D678E311113B,2016-02-04,SAMPLE_ITEM_003,SAMPLE_CA_1,XGBoost,rolling_mean_7,4.407842567988804,-0.45631176,0.45631176,NEGATIVE,4,The recent seven-day demand average (4.407842567988804) decreased the forecast by 0.456 units relative to the model baseline.
C09A036B-DDD8-5F60-9E6F-D678E311113B,2016-02-04,SAMPLE_ITEM_003,SAMPLE_CA_1,XGBoost,current_price,9.35,-0.26502538,0.26502538,NEGATIVE,5,The current price (9.35) decreased the forecast by 0.265 units relative to the model baseline.
590B3B9F-B2A1-5180-809C-FC70722A9A78,2016-02-05,SAMPLE_ITEM_003,SAMPLE_CA_1,XGBoost,day_of_month,5,0.67040837,0.67040837,POSITIVE,1,Day of month (5) increased the forecast by 0.670 units relative to the model baseline.
590B3B9F-B2A1-5180-809C-FC70722A9A78,2016-02-05,SAMPLE_ITEM_003,SAMPLE_CA_1,XGBoost,days_of_supply,45.52162670810967,-0.59708500,0.59708500,NEGATIVE,2,Days of supply (45.52162670810967) decreased the forecast by 0.597 units relative to the model baseline.
590B3B9F-B2A1-5180-809C-FC70722A9A78,2016-02-05,SAMPLE_ITEM_003,SAMPLE_CA_1,XGBoost,current_stock,207.0,0.50368315,0.50368315,POSITIVE,3,Current stock (207.0) increased the forecast by 0.504 units relative to the model baseline.
590B3B9F-B2A1-5180-809C-FC70722A9A78,2016-02-05,SAMPLE_ITEM_003,SAMPLE_CA_1,XGBoost,rolling_mean_7,4.547289167131696,-0.45332238,0.45332238,NEGATIVE,4,The recent seven-day demand average (4.547289167131696) decreased the forecast by 0.453 units relative to the model baseline.
590B3B9F-B2A1-5180-809C-FC70722A9A78,2016-02-05,SAMPLE_ITEM_003,SAMPLE_CA_1,XGBoost,lag_14,2.0,-0.30370617,0.30370617,NEGATIVE,5,Demand fourteen days ago (2.0) decreased the forecast by 0.304 units relative to the model baseline.
7061D854-6468-5856-A023-9A729F6AD852,2016-02-06,SAMPLE_ITEM_003,SAMPLE_CA_1,XGBoost,days_of_supply,44.18595698947496,-0.68945146,0.68945146,NEGATIVE,1,Days of supply (44.18595698947496) decreased the forecast by 0.689 units relative to the model baseline.
7061D854-6468-5856-A023-9A729F6AD852,2016-02-06,SAMPLE_ITEM_003,SAMPLE_CA_1,XGBoost,day_of_month,6,0.63396931,0.63396931,POSITIVE,2,Day of month (6) increased the forecast by 0.634 units relative to the model baseline.
7061D854-6468-5856-A023-9A729F6AD852,2016-02-06,SAMPLE_ITEM_003,SAMPLE_CA_1,XGBoost,rolling_mean_7,4.684746333530971,-0.56226373,0.56226373,NEGATIVE,3,The recent seven-day demand average (4.684746333530971) decreased the forecast by 0.562 units relative to the model baseline.
7061D854-6468-5856-A023-9A729F6AD852,2016-02-06,SAMPLE_ITEM_003,SAMPLE_CA_1,XGBoost,current_stock,207.0,0.40571538,0.40571538,POSITIVE,4,Current stock (207.0) increased the forecast by 0.406 units relative to the model baseline.
7061D854-6468-5856-A023-9A729F6AD852,2016-02-06,SAMPLE_ITEM_003,SAMPLE_CA_1,XGBoost,current_price,9.35,-0.30669284,0.30669284,NEGATIVE,5,The current price (9.35) decreased the forecast by 0.307 units relative to the model baseline.
42572170-50EE-599D-966B-752417F5A198,2016-02-07,SAMPLE_ITEM_003,SAMPLE_CA_1,XGBoost,day_of_month,7,0.55594999,0.55594999,POSITIVE,1,Day of month (7) increased the forecast by 0.556 units relative to the model baseline.
42572170-50EE-599D-966B-752417F5A198,2016-02-07,SAMPLE_ITEM_003,SAMPLE_CA_1,XGBoost,day_of_week,6,0.53711480,0.53711480,POSITIVE,2,The day of week (6) increased the forecast by 0.537 units relative to the model baseline.
42572170-50EE-599D-966B-752417F5A198,2016-02-07,SAMPLE_ITEM_003,SAMPLE_CA_1,XGBoost,rolling_mean_7,4.73761510848999,-0.49993050,0.49993050,NEGATIVE,3,The recent seven-day demand average (4.73761510848999) decreased the forecast by 0.500 units relative to the model baseline.
42572170-50EE-599D-966B-752417F5A198,2016-02-07,SAMPLE_ITEM_003,SAMPLE_CA_1,XGBoost,current_stock,207.0,0.49665216,0.49665216,POSITIVE,4,Current stock (207.0) increased the forecast by 0.497 units relative to the model baseline.
42572170-50EE-599D-966B-752417F5A198,2016-02-07,SAMPLE_ITEM_003,SAMPLE_CA_1,XGBoost,days_of_supply,43.692869779363875,-0.47169754,0.47169754,NEGATIVE,5,Days of supply (43.692869779363875) decreased the forecast by 0.472 units relative to the model baseline.
C74CAC62-DC71-5474-A955-80EA0FB9B9AC,2016-02-08,SAMPLE_ITEM_003,SAMPLE_CA_1,XGBoost,day_of_month,8,0.63326269,0.63326269,POSITIVE,1,Day of month (8) increased the forecast by 0.633 units relative to the model baseline.
C74CAC62-DC71-5474-A955-80EA0FB9B9AC,2016-02-08,SAMPLE_ITEM_003,SAMPLE_CA_1,XGBoost,days_of_supply,42.24317880578172,-0.54264253,0.54264253,NEGATIVE,2,Days of supply (42.24317880578172) decreased the forecast by 0.543 units relative to the model baseline.
C74CAC62-DC71-5474-A955-80EA0FB9B9AC,2016-02-08,SAMPLE_ITEM_003,SAMPLE_CA_1,XGBoost,current_stock,207.0,0.48941931,0.48941931,POSITIVE,3,Current stock (207.0) increased the forecast by 0.489 units relative to the model baseline.
C74CAC62-DC71-5474-A955-80EA0FB9B9AC,2016-02-08,SAMPLE_ITEM_003,SAMPLE_CA_1,XGBoost,rolling_mean_7,4.9001994132995605,-0.37598225,0.37598225,NEGATIVE,4,The recent seven-day demand average (4.9001994132995605) decreased the forecast by 0.376 units relative to the model baseline.
C74CAC62-DC71-5474-A955-80EA0FB9B9AC,2016-02-08,SAMPLE_ITEM_003,SAMPLE_CA_1,XGBoost,current_price,9.35,-0.28424293,0.28424293,NEGATIVE,5,The current price (9.35) decreased the forecast by 0.284 units relative to the model baseline.
13A9F7A1-7AF1-5503-BD35-3FEAFD49DF02,2016-02-09,SAMPLE_ITEM_003,SAMPLE_CA_1,XGBoost,day_of_month,9,0.63609773,0.63609773,POSITIVE,1,Day of month (9) increased the forecast by 0.636 units relative to the model baseline.
13A9F7A1-7AF1-5503-BD35-3FEAFD49DF02,2016-02-09,SAMPLE_ITEM_003,SAMPLE_CA_1,XGBoost,days_of_supply,41.823585029309456,-0.59371632,0.59371632,NEGATIVE,2,Days of supply (41.823585029309456) decreased the forecast by 0.594 units relative to the model baseline.
13A9F7A1-7AF1-5503-BD35-3FEAFD49DF02,2016-02-09,SAMPLE_ITEM_003,SAMPLE_CA_1,XGBoost,current_stock,207.0,0.45741335,0.45741335,POSITIVE,3,Current stock (207.0) increased the forecast by 0.457 units relative to the model baseline.
13A9F7A1-7AF1-5503-BD35-3FEAFD49DF02,2016-02-09,SAMPLE_ITEM_003,SAMPLE_CA_1,XGBoost,rolling_mean_7,4.949360506875174,-0.41935015,0.41935015,NEGATIVE,4,The recent seven-day demand average (4.949360506875174) decreased the forecast by 0.419 units relative to the model baseline.
13A9F7A1-7AF1-5503-BD35-3FEAFD49DF02,2016-02-09,SAMPLE_ITEM_003,SAMPLE_CA_1,XGBoost,current_price,9.35,-0.37681752,0.37681752,NEGATIVE,5,The current price (9.35) decreased the forecast by 0.377 units relative to the model baseline.
0BF9E068-C5DA-57E0-8969-A7244E4068B6,2016-02-10,SAMPLE_ITEM_003,SAMPLE_CA_1,XGBoost,day_of_month,10,0.67345327,0.67345327,POSITIVE,1,Day of month (10) increased the forecast by 0.673 units relative to the model baseline.
0BF9E068-C5DA-57E0-8969-A7244E4068B6,2016-02-10,SAMPLE_ITEM_003,SAMPLE_CA_1,XGBoost,days_of_supply,41.66566742500001,-0.56692225,0.56692225,NEGATIVE,2,Days of supply (41.66566742500001) decreased the forecast by 0.567 units relative to the model baseline.
0BF9E068-C5DA-57E0-8969-A7244E4068B6,2016-02-10,SAMPLE_ITEM_003,SAMPLE_CA_1,XGBoost,current_stock,207.0,0.50044990,0.50044990,POSITIVE,3,Current stock (207.0) increased the forecast by 0.500 units relative to the model baseline.
0BF9E068-C5DA-57E0-8969-A7244E4068B6,2016-02-10,SAMPLE_ITEM_003,SAMPLE_CA_1,XGBoost,rolling_mean_7,4.968119144439697,-0.42856836,0.42856836,NEGATIVE,4,The recent seven-day demand average (4.968119144439697) decreased the forecast by 0.429 units relative to the model baseline.
0BF9E068-C5DA-57E0-8969-A7244E4068B6,2016-02-10,SAMPLE_ITEM_003,SAMPLE_CA_1,XGBoost,lag_14,2.0,-0.30699971,0.30699971,NEGATIVE,5,Demand fourteen days ago (2.0) decreased the forecast by 0.307 units relative to the model baseline.
50595690-8460-582C-A029-A090BDC9FDF1,2016-02-11,SAMPLE_ITEM_003,SAMPLE_CA_1,XGBoost,day_of_month,11,0.69102836,0.69102836,POSITIVE,1,Day of month (11) increased the forecast by 0.691 units relative to the model baseline.
50595690-8460-582C-A029-A090BDC9FDF1,2016-02-11,SAMPLE_ITEM_003,SAMPLE_CA_1,XGBoost,days_of_supply,42.027837034672935,-0.58132982,0.58132982,NEGATIVE,2,Days of supply (42.027837034672935) decreased the forecast by 0.581 units relative to the model baseline.
50595690-8460-582C-A029-A090BDC9FDF1,2016-02-11,SAMPLE_ITEM_003,SAMPLE_CA_1,XGBoost,current_stock,207.0,0.49817690,0.49817690,POSITIVE,3,Current stock (207.0) increased the forecast by 0.498 units relative to the model baseline.
50595690-8460-582C-A029-A090BDC9FDF1,2016-02-11,SAMPLE_ITEM_003,SAMPLE_CA_1,XGBoost,rolling_mean_7,4.92530700138637,-0.45594764,0.45594764,NEGATIVE,4,The recent seven-day demand average (4.92530700138637) decreased the forecast by 0.456 units relative to the model baseline.
50595690-8460-582C-A029-A090BDC9FDF1,2016-02-11,SAMPLE_ITEM_003,SAMPLE_CA_1,XGBoost,current_price,9.35,-0.26502538,0.26502538,NEGATIVE,5,The current price (9.35) decreased the forecast by 0.265 units relative to the model baseline.
C4E0BF1A-F24D-56D8-8878-14435998D15E,2016-02-12,SAMPLE_ITEM_003,SAMPLE_CA_1,XGBoost,day_of_month,12,0.69120693,0.69120693,POSITIVE,1,Day of month (12) increased the forecast by 0.691 units relative to the model baseline.
C4E0BF1A-F24D-56D8-8878-14435998D15E,2016-02-12,SAMPLE_ITEM_003,SAMPLE_CA_1,XGBoost,days_of_supply,42.027837034672935,-0.57825482,0.57825482,NEGATIVE,2,Days of supply (42.027837034672935) decreased the forecast by 0.578 units relative to the model baseline.
C4E0BF1A-F24D-56D8-8878-14435998D15E,2016-02-12,SAMPLE_ITEM_003,SAMPLE_CA_1,XGBoost,current_stock,207.0,0.49817690,0.49817690,POSITIVE,3,Current stock (207.0) increased the forecast by 0.498 units relative to the model baseline.
C4E0BF1A-F24D-56D8-8878-14435998D15E,2016-02-12,SAMPLE_ITEM_003,SAMPLE_CA_1,XGBoost,rolling_mean_7,4.92530700138637,-0.47438288,0.47438288,NEGATIVE,4,The recent seven-day demand average (4.92530700138637) decreased the forecast by 0.474 units relative to the model baseline.
C4E0BF1A-F24D-56D8-8878-14435998D15E,2016-02-12,SAMPLE_ITEM_003,SAMPLE_CA_1,XGBoost,current_price,9.35,-0.26323614,0.26323614,NEGATIVE,5,The current price (9.35) decreased the forecast by 0.263 units relative to the model baseline.
BAB90E32-389D-5D72-92B6-E397F0191C9E,2016-02-13,SAMPLE_ITEM_003,SAMPLE_CA_1,XGBoost,day_of_month,13,0.67898071,0.67898071,POSITIVE,1,Day of month (13) increased the forecast by 0.679 units relative to the model baseline.
BAB90E32-389D-5D72-92B6-E397F0191C9E,2016-02-13,SAMPLE_ITEM_003,SAMPLE_CA_1,XGBoost,days_of_supply,41.487115214301994,-0.58586287,0.58586287,NEGATIVE,2,Days of supply (41.487115214301994) decreased the forecast by 0.586 units relative to the model baseline.
BAB90E32-389D-5D72-92B6-E397F0191C9E,2016-02-13,SAMPLE_ITEM_003,SAMPLE_CA_1,XGBoost,rolling_mean_7,4.989500931331089,-0.53158373,0.53158373,NEGATIVE,3,The recent seven-day demand average (4.989500931331089) decreased the forecast by 0.532 units relative to the model baseline.
BAB90E32-389D-5D72-92B6-E397F0191C9E,2016-02-13,SAMPLE_ITEM_003,SAMPLE_CA_1,XGBoost,current_stock,207.0,0.45236036,0.45236036,POSITIVE,4,Current stock (207.0) increased the forecast by 0.452 units relative to the model baseline.
BAB90E32-389D-5D72-92B6-E397F0191C9E,2016-02-13,SAMPLE_ITEM_003,SAMPLE_CA_1,XGBoost,current_price,9.35,-0.26366088,0.26366088,NEGATIVE,5,The current price (9.35) decreased the forecast by 0.264 units relative to the model baseline.
C52B6836-35A6-5E25-ADDB-6A404A4936EA,2016-02-14,SAMPLE_ITEM_003,SAMPLE_CA_1,XGBoost,day_of_month,14,0.65271354,0.65271354,POSITIVE,1,Day of month (14) increased the forecast by 0.653 units relative to the model baseline.
C52B6836-35A6-5E25-ADDB-6A404A4936EA,2016-02-14,SAMPLE_ITEM_003,SAMPLE_CA_1,XGBoost,day_of_week,6,0.51767397,0.51767397,POSITIVE,2,The day of week (6) increased the forecast by 0.518 units relative to the model baseline.
C52B6836-35A6-5E25-ADDB-6A404A4936EA,2016-02-14,SAMPLE_ITEM_003,SAMPLE_CA_1,XGBoost,current_stock,207.0,0.51307261,0.51307261,POSITIVE,3,Current stock (207.0) increased the forecast by 0.513 units relative to the model baseline.
C52B6836-35A6-5E25-ADDB-6A404A4936EA,2016-02-14,SAMPLE_ITEM_003,SAMPLE_CA_1,XGBoost,current_price,9.35,-0.36069119,0.36069119,NEGATIVE,4,The current price (9.35) decreased the forecast by 0.361 units relative to the model baseline.
C52B6836-35A6-5E25-ADDB-6A404A4936EA,2016-02-14,SAMPLE_ITEM_003,SAMPLE_CA_1,XGBoost,days_of_supply,41.065084366801784,-0.34550101,0.34550101,NEGATIVE,5,Days of supply (41.065084366801784) decreased the forecast by 0.346 units relative to the model baseline.
65FA0066-897E-522C-8CD6-9D033C4B6CA0,2016-02-15,SAMPLE_ITEM_003,SAMPLE_CA_1,XGBoost,day_of_month,15,0.63854069,0.63854069,POSITIVE,1,Day of month (15) increased the forecast by 0.639 units relative to the model baseline.
65FA0066-897E-522C-8CD6-9D033C4B6CA0,2016-02-15,SAMPLE_ITEM_003,SAMPLE_CA_1,XGBoost,days_of_supply,40.38775359909448,-0.54690099,0.54690099,NEGATIVE,2,Days of supply (40.38775359909448) decreased the forecast by 0.547 units relative to the model baseline.
65FA0066-897E-522C-8CD6-9D033C4B6CA0,2016-02-15,SAMPLE_ITEM_003,SAMPLE_CA_1,XGBoost,current_stock,207.0,0.41491696,0.41491696,POSITIVE,3,Current stock (207.0) increased the forecast by 0.415 units relative to the model baseline.
65FA0066-897E-522C-8CD6-9D033C4B6CA0,2016-02-15,SAMPLE_ITEM_003,SAMPLE_CA_1,XGBoost,current_price,9.35,-0.37955827,0.37955827,NEGATIVE,4,The current price (9.35) decreased the forecast by 0.380 units relative to the model baseline.
65FA0066-897E-522C-8CD6-9D033C4B6CA0,2016-02-15,SAMPLE_ITEM_003,SAMPLE_CA_1,XGBoost,lag_1,6.334370136260986,-0.22661425,0.22661425,NEGATIVE,5,Yesterday's demand (6.334370136260986) decreased the forecast by 0.227 units relative to the model baseline.
DF6171C7-4FA1-533D-A4EA-9CF25BE1013C,2016-02-16,SAMPLE_ITEM_003,SAMPLE_CA_1,XGBoost,days_of_supply,40.38330896421668,-0.56835282,0.56835282,NEGATIVE,1,Days of supply (40.38330896421668) decreased the forecast by 0.568 units relative to the model baseline.
DF6171C7-4FA1-533D-A4EA-9CF25BE1013C,2016-02-16,SAMPLE_ITEM_003,SAMPLE_CA_1,XGBoost,current_stock,207.0,0.43291724,0.43291724,POSITIVE,2,Current stock (207.0) increased the forecast by 0.433 units relative to the model baseline.
DF6171C7-4FA1-533D-A4EA-9CF25BE1013C,2016-02-16,SAMPLE_ITEM_003,SAMPLE_CA_1,XGBoost,current_price,9.35,-0.37112972,0.37112972,NEGATIVE,3,The current price (9.35) decreased the forecast by 0.371 units relative to the model baseline.
DF6171C7-4FA1-533D-A4EA-9CF25BE1013C,2016-02-16,SAMPLE_ITEM_003,SAMPLE_CA_1,XGBoost,day_of_month,16,0.24447994,0.24447994,POSITIVE,4,Day of month (16) increased the forecast by 0.244 units relative to the model baseline.
DF6171C7-4FA1-533D-A4EA-9CF25BE1013C,2016-02-16,SAMPLE_ITEM_003,SAMPLE_CA_1,XGBoost,rolling_mean_7,5.125880105154855,0.22227010,0.22227010,POSITIVE,5,The recent seven-day demand average (5.125880105154855) increased the forecast by 0.222 units relative to the model baseline.
77FB3EF3-334D-54C4-B8F0-9EDB98A1D2AE,2016-02-17,SAMPLE_ITEM_003,SAMPLE_CA_1,XGBoost,days_of_supply,39.987159045377524,-0.47334558,0.47334558,NEGATIVE,1,Days of supply (39.987159045377524) decreased the forecast by 0.473 units relative to the model baseline.
77FB3EF3-334D-54C4-B8F0-9EDB98A1D2AE,2016-02-17,SAMPLE_ITEM_003,SAMPLE_CA_1,XGBoost,current_stock,207.0,0.46629265,0.46629265,POSITIVE,2,Current stock (207.0) increased the forecast by 0.466 units relative to the model baseline.
77FB3EF3-334D-54C4-B8F0-9EDB98A1D2AE,2016-02-17,SAMPLE_ITEM_003,SAMPLE_CA_1,XGBoost,current_price,9.35,-0.35485187,0.35485187,NEGATIVE,3,The current price (9.35) decreased the forecast by 0.355 units relative to the model baseline.
77FB3EF3-334D-54C4-B8F0-9EDB98A1D2AE,2016-02-17,SAMPLE_ITEM_003,SAMPLE_CA_1,XGBoost,price_change_percentage,0.0,0.18418457,0.18418457,POSITIVE,4,Price change percentage (0.0) increased the forecast by 0.184 units relative to the model baseline.
77FB3EF3-334D-54C4-B8F0-9EDB98A1D2AE,2016-02-17,SAMPLE_ITEM_003,SAMPLE_CA_1,XGBoost,lag_1,5.103885173797607,-0.17113805,0.17113805,NEGATIVE,5,Yesterday's demand (5.103885173797607) decreased the forecast by 0.171 units relative to the model baseline.
218FDD95-99E2-5277-B355-870234C88CEE,2016-02-18,SAMPLE_ITEM_003,SAMPLE_CA_1,XGBoost,days_of_supply,39.762384139416305,-0.47720262,0.47720262,NEGATIVE,1,Days of supply (39.762384139416305) decreased the forecast by 0.477 units relative to the model baseline.
218FDD95-99E2-5277-B355-870234C88CEE,2016-02-18,SAMPLE_ITEM_003,SAMPLE_CA_1,XGBoost,current_stock,207.0,0.46952590,0.46952590,POSITIVE,2,Current stock (207.0) increased the forecast by 0.470 units relative to the model baseline.
218FDD95-99E2-5277-B355-870234C88CEE,2016-02-18,SAMPLE_ITEM_003,SAMPLE_CA_1,XGBoost,current_price,9.35,-0.34934214,0.34934214,NEGATIVE,3,The current price (9.35) decreased the forecast by 0.349 units relative to the model baseline.
218FDD95-99E2-5277-B355-870234C88CEE,2016-02-18,SAMPLE_ITEM_003,SAMPLE_CA_1,XGBoost,price_change_percentage,0.0,0.18729484,0.18729484,POSITIVE,4,Price change percentage (0.0) increased the forecast by 0.187 units relative to the model baseline.
218FDD95-99E2-5277-B355-870234C88CEE,2016-02-18,SAMPLE_ITEM_003,SAMPLE_CA_1,XGBoost,lag_1,4.827813148498535,-0.17572100,0.17572100,NEGATIVE,5,Yesterday's demand (4.827813148498535) decreased the forecast by 0.176 units relative to the model baseline.
6E3FA74C-FF7B-5E8C-B2A3-94F011AF9D76,2016-02-19,SAMPLE_ITEM_003,SAMPLE_CA_1,XGBoost,days_of_supply,39.95398188494075,-0.50449169,0.50449169,NEGATIVE,1,Days of supply (39.95398188494075) decreased the forecast by 0.504 units relative to the model baseline.
6E3FA74C-FF7B-5E8C-B2A3-94F011AF9D76,2016-02-19,SAMPLE_ITEM_003,SAMPLE_CA_1,XGBoost,current_stock,207.0,0.46952590,0.46952590,POSITIVE,2,Current stock (207.0) increased the forecast by 0.470 units relative to the model baseline.
6E3FA74C-FF7B-5E8C-B2A3-94F011AF9D76,2016-02-19,SAMPLE_ITEM_003,SAMPLE_CA_1,XGBoost,current_price,9.35,-0.34910724,0.34910724,NEGATIVE,3,The current price (9.35) decreased the forecast by 0.349 units relative to the model baseline.
6E3FA74C-FF7B-5E8C-B2A3-94F011AF9D76,2016-02-19,SAMPLE_ITEM_003,SAMPLE_CA_1,XGBoost,price_change_percentage,0.0,0.18390024,0.18390024,POSITIVE,4,Price change percentage (0.0) increased the forecast by 0.184 units relative to the model baseline.
6E3FA74C-FF7B-5E8C-B2A3-94F011AF9D76,2016-02-19,SAMPLE_ITEM_003,SAMPLE_CA_1,XGBoost,rolling_mean_7,5.18096045085362,0.18080512,0.18080512,POSITIVE,5,The recent seven-day demand average (5.18096045085362) increased the forecast by 0.181 units relative to the model baseline.
64A4621A-43DE-5C44-A798-95ED8F42C519,2016-02-20,SAMPLE_ITEM_003,SAMPLE_CA_1,XGBoost,days_of_supply,40.4990668726538,-0.51209974,0.51209974,NEGATIVE,1,Days of supply (40.4990668726538) decreased the forecast by 0.512 units relative to the model baseline.
64A4621A-43DE-5C44-A798-95ED8F42C519,2016-02-20,SAMPLE_ITEM_003,SAMPLE_CA_1,XGBoost,current_stock,207.0,0.45978522,0.45978522,POSITIVE,2,Current stock (207.0) increased the forecast by 0.460 units relative to the model baseline.
64A4621A-43DE-5C44-A798-95ED8F42C519,2016-02-20,SAMPLE_ITEM_003,SAMPLE_CA_1,XGBoost,current_price,9.35,-0.31818470,0.31818470,NEGATIVE,3,The current price (9.35) decreased the forecast by 0.318 units relative to the model baseline.
64A4621A-43DE-5C44-A798-95ED8F42C519,2016-02-20,SAMPLE_ITEM_003,SAMPLE_CA_1,XGBoost,rolling_mean_7,5.111228874751499,0.21586914,0.21586914,POSITIVE,4,The recent seven-day demand average (5.111228874751499) increased the forecast by 0.216 units relative to the model baseline.
64A4621A-43DE-5C44-A798-95ED8F42C519,2016-02-20,SAMPLE_ITEM_003,SAMPLE_CA_1,XGBoost,day_of_month,20,-0.20265196,0.20265196,NEGATIVE,5,Day of month (20) decreased the forecast by 0.203 units relative to the model baseline.
367D30A3-7D52-5203-987D-55B872A84A8F,2016-02-21,SAMPLE_ITEM_003,SAMPLE_CA_1,XGBoost,day_of_week,6,0.52624649,0.52624649,POSITIVE,1,The day of week (6) increased the forecast by 0.526 units relative to the model baseline.
367D30A3-7D52-5203-987D-55B872A84A8F,2016-02-21,SAMPLE_ITEM_003,SAMPLE_CA_1,XGBoost,current_stock,207.0,0.51807004,0.51807004,POSITIVE,2,Current stock (207.0) increased the forecast by 0.518 units relative to the model baseline.
367D30A3-7D52-5203-987D-55B872A84A8F,2016-02-21,SAMPLE_ITEM_003,SAMPLE_CA_1,XGBoost,current_price,9.35,-0.40593997,0.40593997,NEGATIVE,3,The current price (9.35) decreased the forecast by 0.406 units relative to the model baseline.
367D30A3-7D52-5203-987D-55B872A84A8F,2016-02-21,SAMPLE_ITEM_003,SAMPLE_CA_1,XGBoost,day_of_month,21,-0.35572687,0.35572687,NEGATIVE,4,Day of month (21) decreased the forecast by 0.356 units relative to the model baseline.
367D30A3-7D52-5203-987D-55B872A84A8F,2016-02-21,SAMPLE_ITEM_003,SAMPLE_CA_1,XGBoost,days_of_supply,40.56606211604124,-0.30160746,0.30160746,NEGATIVE,5,Days of supply (40.56606211604124) decreased the forecast by 0.302 units relative to the model baseline.
74CE9FD9-8EFC-58BA-975B-A97AC63C63A8,2016-02-22,SAMPLE_ITEM_003,SAMPLE_CA_1,XGBoost,days_of_supply,41.82793437421773,-0.55243754,0.55243754,NEGATIVE,1,Days of supply (41.82793437421773) decreased the forecast by 0.552 units relative to the model baseline.
74CE9FD9-8EFC-58BA-975B-A97AC63C63A8,2016-02-22,SAMPLE_ITEM_003,SAMPLE_CA_1,XGBoost,current_stock,207.0,0.49010280,0.49010280,POSITIVE,2,Current stock (207.0) increased the forecast by 0.490 units relative to the model baseline.
74CE9FD9-8EFC-58BA-975B-A97AC63C63A8,2016-02-22,SAMPLE_ITEM_003,SAMPLE_CA_1,XGBoost,current_price,9.35,-0.37922987,0.37922987,NEGATIVE,3,The current price (9.35) decreased the forecast by 0.379 units relative to the model baseline.
74CE9FD9-8EFC-58BA-975B-A97AC63C63A8,2016-02-22,SAMPLE_ITEM_003,SAMPLE_CA_1,XGBoost,day_of_month,22,-0.37593585,0.37593585,NEGATIVE,4,Day of month (22) decreased the forecast by 0.376 units relative to the model baseline.
74CE9FD9-8EFC-58BA-975B-A97AC63C63A8,2016-02-22,SAMPLE_ITEM_003,SAMPLE_CA_1,XGBoost,rolling_mean_7,4.948845863342285,-0.28846940,0.28846940,NEGATIVE,5,The recent seven-day demand average (4.948845863342285) decreased the forecast by 0.288 units relative to the model baseline.
D734A737-9275-5887-AFA0-04A259D5BFD3,2016-02-23,SAMPLE_ITEM_003,SAMPLE_CA_1,XGBoost,days_of_supply,43.17959452059933,-0.54507113,0.54507113,NEGATIVE,1,Days of supply (43.17959452059933) decreased the forecast by 0.545 units relative to the model baseline.
D734A737-9275-5887-AFA0-04A259D5BFD3,2016-02-23,SAMPLE_ITEM_003,SAMPLE_CA_1,XGBoost,day_of_month,23,-0.51155698,0.51155698,NEGATIVE,2,Day of month (23) decreased the forecast by 0.512 units relative to the model baseline.
D734A737-9275-5887-AFA0-04A259D5BFD3,2016-02-23,SAMPLE_ITEM_003,SAMPLE_CA_1,XGBoost,current_stock,207.0,0.44049373,0.44049373,POSITIVE,3,Current stock (207.0) increased the forecast by 0.440 units relative to the model baseline.
D734A737-9275-5887-AFA0-04A259D5BFD3,2016-02-23,SAMPLE_ITEM_003,SAMPLE_CA_1,XGBoost,rolling_mean_7,4.793931075504848,-0.30321035,0.30321035,NEGATIVE,4,The recent seven-day demand average (4.793931075504848) decreased the forecast by 0.303 units relative to the model baseline.
D734A737-9275-5887-AFA0-04A259D5BFD3,2016-02-23,SAMPLE_ITEM_003,SAMPLE_CA_1,XGBoost,current_price,9.35,-0.27295551,0.27295551,NEGATIVE,5,The current price (9.35) decreased the forecast by 0.273 units relative to the model baseline.
0CCEEAB9-6AF3-54C1-891A-7442418D5DF4,2016-02-24,SAMPLE_ITEM_003,SAMPLE_CA_1,XGBoost,days_of_supply,44.43086291876142,-0.54620457,0.54620457,NEGATIVE,1,Days of supply (44.43086291876142) decreased the forecast by 0.546 units relative to the model baseline.
0CCEEAB9-6AF3-54C1-891A-7442418D5DF4,2016-02-24,SAMPLE_ITEM_003,SAMPLE_CA_1,XGBoost,current_stock,207.0,0.52763301,0.52763301,POSITIVE,2,Current stock (207.0) increased the forecast by 0.528 units relative to the model baseline.
0CCEEAB9-6AF3-54C1-891A-7442418D5DF4,2016-02-24,SAMPLE_ITEM_003,SAMPLE_CA_1,XGBoost,day_of_month,24,-0.45294246,0.45294246,NEGATIVE,3,Day of month (24) decreased the forecast by 0.453 units relative to the model baseline.
0CCEEAB9-6AF3-54C1-891A-7442418D5DF4,2016-02-24,SAMPLE_ITEM_003,SAMPLE_CA_1,XGBoost,rolling_mean_7,4.658923694065639,-0.42363879,0.42363879,NEGATIVE,4,The recent seven-day demand average (4.658923694065639) decreased the forecast by 0.424 units relative to the model baseline.
0CCEEAB9-6AF3-54C1-891A-7442418D5DF4,2016-02-24,SAMPLE_ITEM_003,SAMPLE_CA_1,XGBoost,current_price,9.35,-0.26286843,0.26286843,NEGATIVE,5,The current price (9.35) decreased the forecast by 0.263 units relative to the model baseline.
39C298D4-5EA2-58B5-B9E7-16F713232DF7,2016-02-25,SAMPLE_ITEM_003,SAMPLE_CA_1,XGBoost,days_of_supply,45.69131728018491,-0.56128669,0.56128669,NEGATIVE,1,Days of supply (45.69131728018491) decreased the forecast by 0.561 units relative to the model baseline.
39C298D4-5EA2-58B5-B9E7-16F713232DF7,2016-02-25,SAMPLE_ITEM_003,SAMPLE_CA_1,XGBoost,day_of_month,25,-0.52127904,0.52127904,NEGATIVE,2,Day of month (25) decreased the forecast by 0.521 units relative to the model baseline.
39C298D4-5EA2-58B5-B9E7-16F713232DF7,2016-02-25,SAMPLE_ITEM_003,SAMPLE_CA_1,XGBoost,current_stock,207.0,0.44925129,0.44925129,POSITIVE,3,Current stock (207.0) increased the forecast by 0.449 units relative to the model baseline.
39C298D4-5EA2-58B5-B9E7-16F713232DF7,2016-02-25,SAMPLE_ITEM_003,SAMPLE_CA_1,XGBoost,rolling_mean_7,4.530401229858398,-0.36864203,0.36864203,NEGATIVE,4,The recent seven-day demand average (4.530401229858398) decreased the forecast by 0.369 units relative to the model baseline.
39C298D4-5EA2-58B5-B9E7-16F713232DF7,2016-02-25,SAMPLE_ITEM_003,SAMPLE_CA_1,XGBoost,current_price,9.35,-0.25229210,0.25229210,NEGATIVE,5,The current price (9.35) decreased the forecast by 0.252 units relative to the model baseline.
09C84026-9765-564A-AC5E-EA1B58FFAA29,2016-02-26,SAMPLE_ITEM_003,SAMPLE_CA_1,XGBoost,days_of_supply,46.454414454133655,-0.58854842,0.58854842,NEGATIVE,1,Days of supply (46.454414454133655) decreased the forecast by 0.589 units relative to the model baseline.
09C84026-9765-564A-AC5E-EA1B58FFAA29,2016-02-26,SAMPLE_ITEM_003,SAMPLE_CA_1,XGBoost,current_stock,207.0,0.49886033,0.49886033,POSITIVE,2,Current stock (207.0) increased the forecast by 0.499 units relative to the model baseline.
09C84026-9765-564A-AC5E-EA1B58FFAA29,2016-02-26,SAMPLE_ITEM_003,SAMPLE_CA_1,XGBoost,rolling_mean_7,4.455981254577637,-0.45084375,0.45084375,NEGATIVE,3,The recent seven-day demand average (4.455981254577637) decreased the forecast by 0.451 units relative to the model baseline.
09C84026-9765-564A-AC5E-EA1B58FFAA29,2016-02-26,SAMPLE_ITEM_003,SAMPLE_CA_1,XGBoost,day_of_month,26,-0.38715625,0.38715625,NEGATIVE,4,Day of month (26) decreased the forecast by 0.387 units relative to the model baseline.
09C84026-9765-564A-AC5E-EA1B58FFAA29,2016-02-26,SAMPLE_ITEM_003,SAMPLE_CA_1,XGBoost,current_price,9.35,-0.36123279,0.36123279,NEGATIVE,5,The current price (9.35) decreased the forecast by 0.361 units relative to the model baseline.
3BE01B26-D8F7-5DE4-A81F-1A3290DA7A28,2016-02-27,SAMPLE_ITEM_003,SAMPLE_CA_1,XGBoost,days_of_supply,47.37753786334746,-0.55459452,0.55459452,NEGATIVE,1,Days of supply (47.37753786334746) decreased the forecast by 0.555 units relative to the model baseline.
3BE01B26-D8F7-5DE4-A81F-1A3290DA7A28,2016-02-27,SAMPLE_ITEM_003,SAMPLE_CA_1,XGBoost,rolling_mean_7,4.369159085409982,-0.49387348,0.49387348,NEGATIVE,2,The recent seven-day demand average (4.369159085409982) decreased the forecast by 0.494 units relative to the model baseline.
3BE01B26-D8F7-5DE4-A81F-1A3290DA7A28,2016-02-27,SAMPLE_ITEM_003,SAMPLE_CA_1,XGBoost,current_stock,207.0,0.48504984,0.48504984,POSITIVE,3,Current stock (207.0) increased the forecast by 0.485 units relative to the model baseline.
3BE01B26-D8F7-5DE4-A81F-1A3290DA7A28,2016-02-27,SAMPLE_ITEM_003,SAMPLE_CA_1,XGBoost,day_of_month,27,-0.44946131,0.44946131,NEGATIVE,4,Day of month (27) decreased the forecast by 0.449 units relative to the model baseline.
3BE01B26-D8F7-5DE4-A81F-1A3290DA7A28,2016-02-27,SAMPLE_ITEM_003,SAMPLE_CA_1,XGBoost,lag_1,4.066380023956299,-0.25002804,0.25002804,NEGATIVE,5,Yesterday's demand (4.066380023956299) decreased the forecast by 0.250 units relative to the model baseline.
9F6F680D-AD85-5DA2-8915-EB6C6492C701,2016-02-28,SAMPLE_ITEM_003,SAMPLE_CA_1,XGBoost,day_of_week,6,0.60127300,0.60127300,POSITIVE,1,The day of week (6) increased the forecast by 0.601 units relative to the model baseline.
9F6F680D-AD85-5DA2-8915-EB6C6492C701,2016-02-28,SAMPLE_ITEM_003,SAMPLE_CA_1,XGBoost,current_stock,207.0,0.48824248,0.48824248,POSITIVE,2,Current stock (207.0) increased the forecast by 0.488 units relative to the model baseline.
9F6F680D-AD85-5DA2-8915-EB6C6492C701,2016-02-28,SAMPLE_ITEM_003,SAMPLE_CA_1,XGBoost,day_of_month,28,-0.44454885,0.44454885,NEGATIVE,3,Day of month (28) decreased the forecast by 0.445 units relative to the model baseline.
9F6F680D-AD85-5DA2-8915-EB6C6492C701,2016-02-28,SAMPLE_ITEM_003,SAMPLE_CA_1,XGBoost,days_of_supply,49.065459272436215,-0.43270752,0.43270752,NEGATIVE,4,Days of supply (49.065459272436215) decreased the forecast by 0.433 units relative to the model baseline.
9F6F680D-AD85-5DA2-8915-EB6C6492C701,2016-02-28,SAMPLE_ITEM_003,SAMPLE_CA_1,XGBoost,rolling_mean_7,4.2188538142613,-0.31519979,0.31519979,NEGATIVE,5,The recent seven-day demand average (4.2188538142613) decreased the forecast by 0.315 units relative to the model baseline.
0D5F6185-BBA1-50DD-9A73-3DB25C9F0214,2016-02-29,SAMPLE_ITEM_003,SAMPLE_CA_1,XGBoost,days_of_supply,48.77811571151192,-0.57753038,0.57753038,NEGATIVE,1,Days of supply (48.77811571151192) decreased the forecast by 0.578 units relative to the model baseline.
0D5F6185-BBA1-50DD-9A73-3DB25C9F0214,2016-02-29,SAMPLE_ITEM_003,SAMPLE_CA_1,XGBoost,current_stock,207.0,0.49010280,0.49010280,POSITIVE,2,Current stock (207.0) increased the forecast by 0.490 units relative to the model baseline.
0D5F6185-BBA1-50DD-9A73-3DB25C9F0214,2016-02-29,SAMPLE_ITEM_003,SAMPLE_CA_1,XGBoost,current_price,9.35,-0.36693227,0.36693227,NEGATIVE,3,The current price (9.35) decreased the forecast by 0.367 units relative to the model baseline.
0D5F6185-BBA1-50DD-9A73-3DB25C9F0214,2016-02-29,SAMPLE_ITEM_003,SAMPLE_CA_1,XGBoost,day_of_month,29,-0.36690086,0.36690086,NEGATIVE,4,Day of month (29) decreased the forecast by 0.367 units relative to the model baseline.
0D5F6185-BBA1-50DD-9A73-3DB25C9F0214,2016-02-29,SAMPLE_ITEM_003,SAMPLE_CA_1,XGBoost,rolling_mean_7,4.243706362588065,-0.31055099,0.31055099,NEGATIVE,5,The recent seven-day demand average (4.243706362588065) decreased the forecast by 0.311 units relative to the model baseline.
A765B69A-E742-535A-8330-A5D2B9E44C44,2016-03-01,SAMPLE_ITEM_003,SAMPLE_CA_1,XGBoost,day_of_month,1,0.63762057,0.63762057,POSITIVE,1,Day of month (1) increased the forecast by 0.638 units relative to the model baseline.
A765B69A-E742-535A-8330-A5D2B9E44C44,2016-03-01,SAMPLE_ITEM_003,SAMPLE_CA_1,XGBoost,days_of_supply,48.555659315935365,-0.59441149,0.59441149,NEGATIVE,2,Days of supply (48.555659315935365) decreased the forecast by 0.594 units relative to the model baseline.
A765B69A-E742-535A-8330-A5D2B9E44C44,2016-03-01,SAMPLE_ITEM_003,SAMPLE_CA_1,XGBoost,current_stock,207.0,0.45741335,0.45741335,POSITIVE,3,Current stock (207.0) increased the forecast by 0.457 units relative to the model baseline.
A765B69A-E742-535A-8330-A5D2B9E44C44,2016-03-01,SAMPLE_ITEM_003,SAMPLE_CA_1,XGBoost,rolling_mean_7,4.263148784637451,-0.41767853,0.41767853,NEGATIVE,4,The recent seven-day demand average (4.263148784637451) decreased the forecast by 0.418 units relative to the model baseline.
A765B69A-E742-535A-8330-A5D2B9E44C44,2016-03-01,SAMPLE_ITEM_003,SAMPLE_CA_1,XGBoost,current_price,9.35,-0.38748139,0.38748139,NEGATIVE,5,The current price (9.35) decreased the forecast by 0.387 units relative to the model baseline.
D733634F-23F0-5AB7-82DC-835D4DD4EB60,2016-03-02,SAMPLE_ITEM_003,SAMPLE_CA_1,XGBoost,day_of_month,2,0.66906542,0.66906542,POSITIVE,1,Day of month (2) increased the forecast by 0.669 units relative to the model baseline.
D733634F-23F0-5AB7-82DC-835D4DD4EB60,2016-03-02,SAMPLE_ITEM_003,SAMPLE_CA_1,XGBoost,days_of_supply,47.679366647750925,-0.60296649,0.60296649,NEGATIVE,2,Days of supply (47.679366647750925) decreased the forecast by 0.603 units relative to the model baseline.
D733634F-23F0-5AB7-82DC-835D4DD4EB60,2016-03-02,SAMPLE_ITEM_003,SAMPLE_CA_1,XGBoost,current_stock,207.0,0.49494365,0.49494365,POSITIVE,3,Current stock (207.0) increased the forecast by 0.495 units relative to the model baseline.
D733634F-23F0-5AB7-82DC-835D4DD4EB60,2016-03-02,SAMPLE_ITEM_003,SAMPLE_CA_1,XGBoost,rolling_mean_7,4.341500622885568,-0.44999304,0.44999304,NEGATIVE,4,The recent seven-day demand average (4.341500622885568) decreased the forecast by 0.450 units relative to the model baseline.
D733634F-23F0-5AB7-82DC-835D4DD4EB60,2016-03-02,SAMPLE_ITEM_003,SAMPLE_CA_1,XGBoost,current_price,9.35,-0.26700369,0.26700369,NEGATIVE,5,The current price (9.35) decreased the forecast by 0.267 units relative to the model baseline.
74F35BC2-163C-598D-8301-CAAE38D6AE93,2016-03-03,SAMPLE_ITEM_003,SAMPLE_CA_1,XGBoost,day_of_month,3,0.69099814,0.69099814,POSITIVE,1,Day of month (3) increased the forecast by 0.691 units relative to the model baseline.
74F35BC2-163C-598D-8301-CAAE38D6AE93,2016-03-03,SAMPLE_ITEM_003,SAMPLE_CA_1,XGBoost,days_of_supply,46.168548012058686,-0.58202499,0.58202499,NEGATIVE,2,Days of supply (46.168548012058686) decreased the forecast by 0.582 units relative to the model baseline.
74F35BC2-163C-598D-8301-CAAE38D6AE93,2016-03-03,SAMPLE_ITEM_003,SAMPLE_CA_1,XGBoost,current_stock,207.0,0.49817690,0.49817690,POSITIVE,3,Current stock (207.0) increased the forecast by 0.498 units relative to the model baseline.
74F35BC2-163C-598D-8301-CAAE38D6AE93,2016-03-03,SAMPLE_ITEM_003,SAMPLE_CA_1,XGBoost,rolling_mean_7,4.483571801866804,-0.45594764,0.45594764,NEGATIVE,4,The recent seven-day demand average (4.483571801866804) decreased the forecast by 0.456 units relative to the model baseline.
74F35BC2-163C-598D-8301-CAAE38D6AE93,2016-03-03,SAMPLE_ITEM_003,SAMPLE_CA_1,XGBoost,current_price,9.35,-0.26502538,0.26502538,NEGATIVE,5,The current price (9.35) decreased the forecast by 0.265 units relative to the model baseline.
866CDDC4-0FC7-5FDB-8E92-D7D29B1CBD45,2016-03-04,SAMPLE_ITEM_003,SAMPLE_CA_1,XGBoost,day_of_month,4,0.69099814,0.69099814,POSITIVE,1,Day of month (4) increased the forecast by 0.691 units relative to the model baseline.
866CDDC4-0FC7-5FDB-8E92-D7D29B1CBD45,2016-03-04,SAMPLE_ITEM_003,SAMPLE_CA_1,XGBoost,days_of_supply,45.16734908788144,-0.57894999,0.57894999,NEGATIVE,2,Days of supply (45.16734908788144) decreased the forecast by 0.579 units relative to the model baseline.
866CDDC4-0FC7-5FDB-8E92-D7D29B1CBD45,2016-03-04,SAMPLE_ITEM_003,SAMPLE_CA_1,XGBoost,current_stock,207.0,0.49817690,0.49817690,POSITIVE,3,Current stock (207.0) increased the forecast by 0.498 units relative to the model baseline.
866CDDC4-0FC7-5FDB-8E92-D7D29B1CBD45,2016-03-04,SAMPLE_ITEM_003,SAMPLE_CA_1,XGBoost,rolling_mean_7,4.58295658656529,-0.47438288,0.47438288,NEGATIVE,4,The recent seven-day demand average (4.58295658656529) decreased the forecast by 0.474 units relative to the model baseline.
866CDDC4-0FC7-5FDB-8E92-D7D29B1CBD45,2016-03-04,SAMPLE_ITEM_003,SAMPLE_CA_1,XGBoost,current_price,9.35,-0.26323614,0.26323614,NEGATIVE,5,The current price (9.35) decreased the forecast by 0.263 units relative to the model baseline.
E13A79B0-6A44-567D-95B8-BE8F8ECF235A,2016-03-05,SAMPLE_ITEM_003,SAMPLE_CA_1,XGBoost,day_of_month,5,0.66631883,0.66631883,POSITIVE,1,Day of month (5) increased the forecast by 0.666 units relative to the model baseline.
E13A79B0-6A44-567D-95B8-BE8F8ECF235A,2016-03-05,SAMPLE_ITEM_003,SAMPLE_CA_1,XGBoost,days_of_supply,43.675397985650726,-0.61135644,0.61135644,NEGATIVE,2,Days of supply (43.675397985650726) decreased the forecast by 0.611 units relative to the model baseline.
E13A79B0-6A44-567D-95B8-BE8F8ECF235A,2016-03-05,SAMPLE_ITEM_003,SAMPLE_CA_1,XGBoost,rolling_mean_7,4.739510331835065,-0.53058296,0.53058296,NEGATIVE,3,The recent seven-day demand average (4.739510331835065) decreased the forecast by 0.531 units relative to the model baseline.
E13A79B0-6A44-567D-95B8-BE8F8ECF235A,2016-03-05,SAMPLE_ITEM_003,SAMPLE_CA_1,XGBoost,current_stock,207.0,0.45236036,0.45236036,POSITIVE,4,Current stock (207.0) increased the forecast by 0.452 units relative to the model baseline.
E13A79B0-6A44-567D-95B8-BE8F8ECF235A,2016-03-05,SAMPLE_ITEM_003,SAMPLE_CA_1,XGBoost,current_price,9.35,-0.25437841,0.25437841,NEGATIVE,5,The current price (9.35) decreased the forecast by 0.254 units relative to the model baseline.
48F30F9D-9595-5ABE-9FE2-783082DBD0CA,2016-03-06,SAMPLE_ITEM_003,SAMPLE_CA_1,XGBoost,day_of_month,6,0.56824380,0.56824380,POSITIVE,1,Day of month (6) increased the forecast by 0.568 units relative to the model baseline.
48F30F9D-9595-5ABE-9FE2-783082DBD0CA,2016-03-06,SAMPLE_ITEM_003,SAMPLE_CA_1,XGBoost,day_of_week,6,0.52215993,0.52215993,POSITIVE,2,The day of week (6) increased the forecast by 0.522 units relative to the model baseline.
48F30F9D-9595-5ABE-9FE2-783082DBD0CA,2016-03-06,SAMPLE_ITEM_003,SAMPLE_CA_1,XGBoost,current_stock,207.0,0.51493675,0.51493675,POSITIVE,3,Current stock (207.0) increased the forecast by 0.515 units relative to the model baseline.
48F30F9D-9595-5ABE-9FE2-783082DBD0CA,2016-03-06,SAMPLE_ITEM_003,SAMPLE_CA_1,XGBoost,rolling_mean_7,4.876058919089181,-0.41401100,0.41401100,NEGATIVE,4,The recent seven-day demand average (4.876058919089181) decreased the forecast by 0.414 units relative to the model baseline.
48F30F9D-9595-5ABE-9FE2-783082DBD0CA,2016-03-06,SAMPLE_ITEM_003,SAMPLE_CA_1,XGBoost,days_of_supply,42.45231721659884,-0.38539740,0.38539740,NEGATIVE,5,Days of supply (42.45231721659884) decreased the forecast by 0.385 units relative to the model baseline.
74857337-C526-5B78-A308-EB2D305B6637,2016-03-07,SAMPLE_ITEM_003,SAMPLE_CA_1,XGBoost,day_of_month,7,0.63326269,0.63326269,POSITIVE,1,Day of month (7) increased the forecast by 0.633 units relative to the model baseline.
74857337-C526-5B78-A308-EB2D305B6637,2016-03-07,SAMPLE_ITEM_003,SAMPLE_CA_1,XGBoost,days_of_supply,42.38465948588969,-0.54264253,0.54264253,NEGATIVE,2,Days of supply (42.38465948588969) decreased the forecast by 0.543 units relative to the model baseline.
74857337-C526-5B78-A308-EB2D305B6637,2016-03-07,SAMPLE_ITEM_003,SAMPLE_CA_1,XGBoost,current_stock,207.0,0.48941931,0.48941931,POSITIVE,3,Current stock (207.0) increased the forecast by 0.489 units relative to the model baseline.
74857337-C526-5B78-A308-EB2D305B6637,2016-03-07,SAMPLE_ITEM_003,SAMPLE_CA_1,XGBoost,rolling_mean_7,4.883842468261719,-0.37598225,0.37598225,NEGATIVE,4,The recent seven-day demand average (4.883842468261719) decreased the forecast by 0.376 units relative to the model baseline.
74857337-C526-5B78-A308-EB2D305B6637,2016-03-07,SAMPLE_ITEM_003,SAMPLE_CA_1,XGBoost,current_price,9.35,-0.28424293,0.28424293,NEGATIVE,5,The current price (9.35) decreased the forecast by 0.284 units relative to the model baseline.
F486D9BA-03F2-51DD-AAA9-A9AFE6FB49D7,2016-03-08,SAMPLE_ITEM_003,SAMPLE_CA_1,XGBoost,day_of_month,8,0.71168101,0.71168101,POSITIVE,1,Day of month (8) increased the forecast by 0.712 units relative to the model baseline.
F486D9BA-03F2-51DD-AAA9-A9AFE6FB49D7,2016-03-08,SAMPLE_ITEM_003,SAMPLE_CA_1,XGBoost,days_of_supply,41.24532396635835,-0.55381984,0.55381984,NEGATIVE,2,Days of supply (41.24532396635835) decreased the forecast by 0.554 units relative to the model baseline.
F486D9BA-03F2-51DD-AAA9-A9AFE6FB49D7,2016-03-08,SAMPLE_ITEM_003,SAMPLE_CA_1,XGBoost,current_stock,207.0,0.43154421,0.43154421,POSITIVE,3,Current stock (207.0) increased the forecast by 0.432 units relative to the model baseline.
F486D9BA-03F2-51DD-AAA9-A9AFE6FB49D7,2016-03-08,SAMPLE_ITEM_003,SAMPLE_CA_1,XGBoost,current_price,9.35,-0.38710073,0.38710073,NEGATIVE,4,The current price (9.35) decreased the forecast by 0.387 units relative to the model baseline.
F486D9BA-03F2-51DD-AAA9-A9AFE6FB49D7,2016-03-08,SAMPLE_ITEM_003,SAMPLE_CA_1,XGBoost,rolling_mean_7,5.018750735691616,0.21245101,0.21245101,POSITIVE,5,The recent seven-day demand average (5.018750735691616) increased the forecast by 0.212 units relative to the model baseline.
22A932DF-7A60-5E96-B96F-BF6F0BAFDC92,2016-03-09,SAMPLE_ITEM_003,SAMPLE_CA_1,XGBoost,day_of_month,9,0.71208799,0.71208799,POSITIVE,1,Day of month (9) increased the forecast by 0.712 units relative to the model baseline.
22A932DF-7A60-5E96-B96F-BF6F0BAFDC92,2016-03-09,SAMPLE_ITEM_003,SAMPLE_CA_1,XGBoost,days_of_supply,40.2526114422857,-0.56617838,0.56617838,NEGATIVE,2,Days of supply (40.2526114422857) decreased the forecast by 0.566 units relative to the model baseline.
22A932DF-7A60-5E96-B96F-BF6F0BAFDC92,2016-03-09,SAMPLE_ITEM_003,SAMPLE_CA_1,XGBoost,current_stock,207.0,0.43706855,0.43706855,POSITIVE,3,Current stock (207.0) increased the forecast by 0.437 units relative to the model baseline.
22A932DF-7A60-5E96-B96F-BF6F0BAFDC92,2016-03-09,SAMPLE_ITEM_003,SAMPLE_CA_1,XGBoost,current_price,9.35,-0.36448771,0.36448771,NEGATIVE,4,The current price (9.35) decreased the forecast by 0.364 units relative to the model baseline.
22A932DF-7A60-5E96-B96F-BF6F0BAFDC92,2016-03-09,SAMPLE_ITEM_003,SAMPLE_CA_1,XGBoost,rolling_mean_7,5.142523493085589,0.21197985,0.21197985,POSITIVE,5,The recent seven-day demand average (5.142523493085589) increased the forecast by 0.212 units relative to the model baseline.
28B212A5-1B9D-52BF-A5B9-2CA777D8212B,2016-03-10,SAMPLE_ITEM_003,SAMPLE_CA_1,XGBoost,day_of_month,10,0.72029871,0.72029871,POSITIVE,1,Day of month (10) increased the forecast by 0.720 units relative to the model baseline.
28B212A5-1B9D-52BF-A5B9-2CA777D8212B,2016-03-10,SAMPLE_ITEM_003,SAMPLE_CA_1,XGBoost,days_of_supply,39.451614715784366,-0.57003540,0.57003540,NEGATIVE,2,Days of supply (39.451614715784366) decreased the forecast by 0.570 units relative to the model baseline.
28B212A5-1B9D-52BF-A5B9-2CA777D8212B,2016-03-10,SAMPLE_ITEM_003,SAMPLE_CA_1,XGBoost,current_stock,207.0,0.44030181,0.44030181,POSITIVE,3,Current stock (207.0) increased the forecast by 0.440 units relative to the model baseline.
28B212A5-1B9D-52BF-A5B9-2CA777D8212B,2016-03-10,SAMPLE_ITEM_003,SAMPLE_CA_1,XGBoost,current_price,9.35,-0.36289176,0.36289176,NEGATIVE,4,The current price (9.35) decreased the forecast by 0.363 units relative to the model baseline.
28B212A5-1B9D-52BF-A5B9-2CA777D8212B,2016-03-10,SAMPLE_ITEM_003,SAMPLE_CA_1,XGBoost,rolling_mean_7,5.24693352835519,0.22150384,0.22150384,POSITIVE,5,The recent seven-day demand average (5.24693352835519) increased the forecast by 0.222 units relative to the model baseline.
7CEEDFE6-D42E-5BE8-823B-204A3034C651,2016-03-11,SAMPLE_ITEM_003,SAMPLE_CA_1,XGBoost,day_of_month,11,0.66374958,0.66374958,POSITIVE,1,Day of month (11) increased the forecast by 0.664 units relative to the model baseline.
7CEEDFE6-D42E-5BE8-823B-204A3034C651,2016-03-11,SAMPLE_ITEM_003,SAMPLE_CA_1,XGBoost,days_of_supply,38.7009850345789,-0.56446671,0.56446671,NEGATIVE,2,Days of supply (38.7009850345789) decreased the forecast by 0.564 units relative to the model baseline.
7CEEDFE6-D42E-5BE8-823B-204A3034C651,2016-03-11,SAMPLE_ITEM_003,SAMPLE_CA_1,XGBoost,current_stock,207.0,0.44030181,0.44030181,POSITIVE,3,Current stock (207.0) increased the forecast by 0.440 units relative to the model baseline.
7CEEDFE6-D42E-5BE8-823B-204A3034C651,2016-03-11,SAMPLE_ITEM_003,SAMPLE_CA_1,XGBoost,current_price,9.35,-0.35264328,0.35264328,NEGATIVE,4,The current price (9.35) decreased the forecast by 0.353 units relative to the model baseline.
7CEEDFE6-D42E-5BE8-823B-204A3034C651,2016-03-11,SAMPLE_ITEM_003,SAMPLE_CA_1,XGBoost,rolling_mean_7,5.3487010683332175,0.17598684,0.17598684,POSITIVE,5,The recent seven-day demand average (5.3487010683332175) increased the forecast by 0.176 units relative to the model baseline.
3E2683BB-8A46-5C46-A5AF-482860B7DBFE,2016-03-12,SAMPLE_ITEM_003,SAMPLE_CA_1,XGBoost,day_of_month,12,0.72222179,0.72222179,POSITIVE,1,Day of month (12) increased the forecast by 0.722 units relative to the model baseline.
3E2683BB-8A46-5C46-A5AF-482860B7DBFE,2016-03-12,SAMPLE_ITEM_003,SAMPLE_CA_1,XGBoost,days_of_supply,38.402856870137335,-0.57207477,0.57207477,NEGATIVE,2,Days of supply (38.402856870137335) decreased the forecast by 0.572 units relative to the model baseline.
3E2683BB-8A46-5C46-A5AF-482860B7DBFE,2016-03-12,SAMPLE_ITEM_003,SAMPLE_CA_1,XGBoost,current_stock,207.0,0.43010914,0.43010914,POSITIVE,3,Current stock (207.0) increased the forecast by 0.430 units relative to the model baseline.
3E2683BB-8A46-5C46-A5AF-482860B7DBFE,2016-03-12,SAMPLE_ITEM_003,SAMPLE_CA_1,XGBoost,current_price,9.35,-0.34759983,0.34759983,NEGATIVE,4,The current price (9.35) decreased the forecast by 0.348 units relative to the model baseline.
3E2683BB-8A46-5C46-A5AF-482860B7DBFE,2016-03-12,SAMPLE_ITEM_003,SAMPLE_CA_1,XGBoost,rolling_mean_7,5.390223979949951,0.25039977,0.25039977,POSITIVE,5,The recent seven-day demand average (5.390223979949951) increased the forecast by 0.250 units relative to the model baseline.
825749EC-F92E-557E-96BC-C5DED5AC3102,2016-03-13,SAMPLE_ITEM_003,SAMPLE_CA_1,XGBoost,day_of_month,13,0.60193181,0.60193181,POSITIVE,1,Day of month (13) increased the forecast by 0.602 units relative to the model baseline.
825749EC-F92E-557E-96BC-C5DED5AC3102,2016-03-13,SAMPLE_ITEM_003,SAMPLE_CA_1,XGBoost,day_of_week,6,0.52269179,0.52269179,POSITIVE,2,The day of week (6) increased the forecast by 0.523 units relative to the model baseline.
825749EC-F92E-557E-96BC-C5DED5AC3102,2016-03-13,SAMPLE_ITEM_003,SAMPLE_CA_1,XGBoost,current_stock,207.0,0.47395194,0.47395194,POSITIVE,3,Current stock (207.0) increased the forecast by 0.474 units relative to the model baseline.
825749EC-F92E-557E-96BC-C5DED5AC3102,2016-03-13,SAMPLE_ITEM_003,SAMPLE_CA_1,XGBoost,current_price,9.35,-0.43156588,0.43156588,NEGATIVE,4,The current price (9.35) decreased the forecast by 0.432 units relative to the model baseline.
825749EC-F92E-557E-96BC-C5DED5AC3102,2016-03-13,SAMPLE_ITEM_003,SAMPLE_CA_1,XGBoost,days_of_supply,37.342180776750006,-0.37160942,0.37160942,NEGATIVE,5,Days of supply (37.342180776750006) decreased the forecast by 0.372 units relative to the model baseline.
DA3FCFA5-15EE-52EB-A5A2-EA4EC32CA656,2016-03-14,SAMPLE_ITEM_003,SAMPLE_CA_1,XGBoost,day_of_month,14,0.63993704,0.63993704,POSITIVE,1,Day of month (14) increased the forecast by 0.640 units relative to the model baseline.
DA3FCFA5-15EE-52EB-A5A2-EA4EC32CA656,2016-03-14,SAMPLE_ITEM_003,SAMPLE_CA_1,XGBoost,days_of_supply,36.763134183257826,-0.54440731,0.54440731,NEGATIVE,2,Days of supply (36.763134183257826) decreased the forecast by 0.544 units relative to the model baseline.
DA3FCFA5-15EE-52EB-A5A2-EA4EC32CA656,2016-03-14,SAMPLE_ITEM_003,SAMPLE_CA_1,XGBoost,current_stock,207.0,0.40780237,0.40780237,POSITIVE,3,Current stock (207.0) increased the forecast by 0.408 units relative to the model baseline.
DA3FCFA5-15EE-52EB-A5A2-EA4EC32CA656,2016-03-14,SAMPLE_ITEM_003,SAMPLE_CA_1,XGBoost,current_price,9.35,-0.37129897,0.37129897,NEGATIVE,4,The current price (9.35) decreased the forecast by 0.371 units relative to the model baseline.
DA3FCFA5-15EE-52EB-A5A2-EA4EC32CA656,2016-03-14,SAMPLE_ITEM_003,SAMPLE_CA_1,XGBoost,lag_1,6.096411228179932,-0.22385702,0.22385702,NEGATIVE,5,Yesterday's demand (6.096411228179932) decreased the forecast by 0.224 units relative to the model baseline.
ABD9DE39-3C12-52A5-81F7-597D0B310810,2016-03-15,SAMPLE_ITEM_003,SAMPLE_CA_1,XGBoost,day_of_month,15,0.65630937,0.65630937,POSITIVE,1,Day of month (15) increased the forecast by 0.656 units relative to the model baseline.
ABD9DE39-3C12-52A5-81F7-597D0B310810,2016-03-15,SAMPLE_ITEM_003,SAMPLE_CA_1,XGBoost,days_of_supply,36.70462085265266,-0.55664068,0.55664068,NEGATIVE,2,Days of supply (36.70462085265266) decreased the forecast by 0.557 units relative to the model baseline.
ABD9DE39-3C12-52A5-81F7-597D0B310810,2016-03-15,SAMPLE_ITEM_003,SAMPLE_CA_1,XGBoost,current_stock,207.0,0.42442963,0.42442963,POSITIVE,3,Current stock (207.0) increased the forecast by 0.424 units relative to the model baseline.
ABD9DE39-3C12-52A5-81F7-597D0B310810,2016-03-15,SAMPLE_ITEM_003,SAMPLE_CA_1,XGBoost,current_price,9.35,-0.37581941,0.37581941,NEGATIVE,4,The current price (9.35) decreased the forecast by 0.376 units relative to the model baseline.
ABD9DE39-3C12-52A5-81F7-597D0B310810,2016-03-15,SAMPLE_ITEM_003,SAMPLE_CA_1,XGBoost,rolling_mean_7,5.639616898127964,0.19722362,0.19722362,POSITIVE,5,The recent seven-day demand average (5.639616898127964) increased the forecast by 0.197 units relative to the model baseline.
86BC544F-7DEF-5486-992F-52B642189844,2016-03-16,SAMPLE_ITEM_003,SAMPLE_CA_1,XGBoost,days_of_supply,37.0789279663736,-0.58353215,0.58353215,NEGATIVE,1,Days of supply (37.0789279663736) decreased the forecast by 0.584 units relative to the model baseline.
86BC544F-7DEF-5486-992F-52B642189844,2016-03-16,SAMPLE_ITEM_003,SAMPLE_CA_1,XGBoost,current_stock,207.0,0.43132693,0.43132693,POSITIVE,2,Current stock (207.0) increased the forecast by 0.431 units relative to the model baseline.
86BC544F-7DEF-5486-992F-52B642189844,2016-03-16,SAMPLE_ITEM_003,SAMPLE_CA_1,XGBoost,current_price,9.35,-0.34181175,0.34181175,NEGATIVE,3,The current price (9.35) decreased the forecast by 0.342 units relative to the model baseline.
86BC544F-7DEF-5486-992F-52B642189844,2016-03-16,SAMPLE_ITEM_003,SAMPLE_CA_1,XGBoost,rolling_mean_7,5.582685674939837,0.21707878,0.21707878,POSITIVE,4,The recent seven-day demand average (5.582685674939837) increased the forecast by 0.217 units relative to the model baseline.
86BC544F-7DEF-5486-992F-52B642189844,2016-03-16,SAMPLE_ITEM_003,SAMPLE_CA_1,XGBoost,day_of_month,16,0.18958774,0.18958774,POSITIVE,5,Day of month (16) increased the forecast by 0.190 units relative to the model baseline.
F1147E71-CB16-5921-82F4-9B209F291884,2016-03-17,SAMPLE_ITEM_003,SAMPLE_CA_1,XGBoost,days_of_supply,37.81834901018175,-0.47235417,0.47235417,NEGATIVE,1,Days of supply (37.81834901018175) decreased the forecast by 0.472 units relative to the model baseline.
F1147E71-CB16-5921-82F4-9B209F291884,2016-03-17,SAMPLE_ITEM_003,SAMPLE_CA_1,XGBoost,current_stock,207.0,0.46241131,0.46241131,POSITIVE,2,Current stock (207.0) increased the forecast by 0.462 units relative to the model baseline.
F1147E71-CB16-5921-82F4-9B209F291884,2016-03-17,SAMPLE_ITEM_003,SAMPLE_CA_1,XGBoost,current_price,9.35,-0.34263721,0.34263721,NEGATIVE,3,The current price (9.35) decreased the forecast by 0.343 units relative to the model baseline.
F1147E71-CB16-5921-82F4-9B209F291884,2016-03-17,SAMPLE_ITEM_003,SAMPLE_CA_1,XGBoost,price_change_percentage,0.0,0.17833370,0.17833370,POSITIVE,4,Price change percentage (0.0) increased the forecast by 0.178 units relative to the model baseline.
F1147E71-CB16-5921-82F4-9B209F291884,2016-03-17,SAMPLE_ITEM_003,SAMPLE_CA_1,XGBoost,lag_1,4.889459133148193,-0.17700222,0.17700222,NEGATIVE,5,Yesterday's demand (4.889459133148193) decreased the forecast by 0.177 units relative to the model baseline.
C2E4CB79-D208-5102-B465-22A93A56BBD9,2016-03-18,SAMPLE_ITEM_003,SAMPLE_CA_1,XGBoost,days_of_supply,38.866031569553556,-0.53267223,0.53267223,NEGATIVE,1,Days of supply (38.866031569553556) decreased the forecast by 0.533 units relative to the model baseline.
C2E4CB79-D208-5102-B465-22A93A56BBD9,2016-03-18,SAMPLE_ITEM_003,SAMPLE_CA_1,XGBoost,current_price,9.35,-0.45508441,0.45508441,NEGATIVE,2,The current price (9.35) decreased the forecast by 0.455 units relative to the model baseline.
C2E4CB79-D208-5102-B465-22A93A56BBD9,2016-03-18,SAMPLE_ITEM_003,SAMPLE_CA_1,XGBoost,current_stock,207.0,0.43751994,0.43751994,POSITIVE,3,Current stock (207.0) increased the forecast by 0.438 units relative to the model baseline.
C2E4CB79-D208-5102-B465-22A93A56BBD9,2016-03-18,SAMPLE_ITEM_003,SAMPLE_CA_1,XGBoost,price_change_percentage,0.0,0.19194195,0.19194195,POSITIVE,4,Price change percentage (0.0) increased the forecast by 0.192 units relative to the model baseline.
C2E4CB79-D208-5102-B465-22A93A56BBD9,2016-03-18,SAMPLE_ITEM_003,SAMPLE_CA_1,XGBoost,lag_1,4.655677318572998,-0.16110247,0.16110247,NEGATIVE,5,Yesterday's demand (4.655677318572998) decreased the forecast by 0.161 units relative to the model baseline.
BB48504D-8BFF-53A0-923E-681086E388DD,2016-03-19,SAMPLE_ITEM_003,SAMPLE_CA_1,XGBoost,days_of_supply,39.590667974763164,-0.53924543,0.53924543,NEGATIVE,1,Days of supply (39.590667974763164) decreased the forecast by 0.539 units relative to the model baseline.
BB48504D-8BFF-53A0-923E-681086E388DD,2016-03-19,SAMPLE_ITEM_003,SAMPLE_CA_1,XGBoost,current_stock,207.0,0.45933324,0.45933324,POSITIVE,2,Current stock (207.0) increased the forecast by 0.459 units relative to the model baseline.
BB48504D-8BFF-53A0-923E-681086E388DD,2016-03-19,SAMPLE_ITEM_003,SAMPLE_CA_1,XGBoost,current_price,9.35,-0.34561813,0.34561813,NEGATIVE,3,The current price (9.35) decreased the forecast by 0.346 units relative to the model baseline.
BB48504D-8BFF-53A0-923E-681086E388DD,2016-03-19,SAMPLE_ITEM_003,SAMPLE_CA_1,XGBoost,rolling_mean_7,5.228504862104144,0.21174839,0.21174839,POSITIVE,4,The recent seven-day demand average (5.228504862104144) increased the forecast by 0.212 units relative to the model baseline.
BB48504D-8BFF-53A0-923E-681086E388DD,2016-03-19,SAMPLE_ITEM_003,SAMPLE_CA_1,XGBoost,price_change_percentage,0.0,0.18415815,0.18415815,POSITIVE,5,Price change percentage (0.0) increased the forecast by 0.184 units relative to the model baseline.
CF84995B-5E4C-55D6-864C-7ABB4DF51BC4,2016-03-20,SAMPLE_ITEM_003,SAMPLE_CA_1,XGBoost,day_of_week,6,0.53709638,0.53709638,POSITIVE,1,The day of week (6) increased the forecast by 0.537 units relative to the model baseline.
CF84995B-5E4C-55D6-864C-7ABB4DF51BC4,2016-03-20,SAMPLE_ITEM_003,SAMPLE_CA_1,XGBoost,current_stock,207.0,0.51074266,0.51074266,POSITIVE,2,Current stock (207.0) increased the forecast by 0.511 units relative to the model baseline.
CF84995B-5E4C-55D6-864C-7ABB4DF51BC4,2016-03-20,SAMPLE_ITEM_003,SAMPLE_CA_1,XGBoost,current_price,9.35,-0.41955054,0.41955054,NEGATIVE,3,The current price (9.35) decreased the forecast by 0.420 units relative to the model baseline.
CF84995B-5E4C-55D6-864C-7ABB4DF51BC4,2016-03-20,SAMPLE_ITEM_003,SAMPLE_CA_1,XGBoost,days_of_supply,40.930848091863915,-0.32820019,0.32820019,NEGATIVE,4,Days of supply (40.930848091863915) decreased the forecast by 0.328 units relative to the model baseline.
CF84995B-5E4C-55D6-864C-7ABB4DF51BC4,2016-03-20,SAMPLE_ITEM_003,SAMPLE_CA_1,XGBoost,price_change_percentage,0.0,0.19469970,0.19469970,POSITIVE,5,Price change percentage (0.0) increased the forecast by 0.195 units relative to the model baseline.
A74EBA15-E8AA-5062-9A67-E4DCC1EFC57E,2016-03-21,SAMPLE_ITEM_003,SAMPLE_CA_1,XGBoost,days_of_supply,41.83144962818235,-0.55775201,0.55775201,NEGATIVE,1,Days of supply (41.83144962818235) decreased the forecast by 0.558 units relative to the model baseline.
A74EBA15-E8AA-5062-9A67-E4DCC1EFC57E,2016-03-21,SAMPLE_ITEM_003,SAMPLE_CA_1,XGBoost,current_stock,207.0,0.49010280,0.49010280,POSITIVE,2,Current stock (207.0) increased the forecast by 0.490 units relative to the model baseline.
A74EBA15-E8AA-5062-9A67-E4DCC1EFC57E,2016-03-21,SAMPLE_ITEM_003,SAMPLE_CA_1,XGBoost,current_price,9.35,-0.37922987,0.37922987,NEGATIVE,3,The current price (9.35) decreased the forecast by 0.379 units relative to the model baseline.
A74EBA15-E8AA-5062-9A67-E4DCC1EFC57E,2016-03-21,SAMPLE_ITEM_003,SAMPLE_CA_1,XGBoost,day_of_month,21,-0.37715700,0.37715700,NEGATIVE,4,Day of month (21) decreased the forecast by 0.377 units relative to the model baseline.
A74EBA15-E8AA-5062-9A67-E4DCC1EFC57E,2016-03-21,SAMPLE_ITEM_003,SAMPLE_CA_1,XGBoost,rolling_mean_7,4.948429993220738,-0.28670844,0.28670844,NEGATIVE,5,The recent seven-day demand average (4.948429993220738) decreased the forecast by 0.287 units relative to the model baseline.
5E57BA7D-3008-54C2-B899-8F12A4D2990A,2016-03-22,SAMPLE_ITEM_003,SAMPLE_CA_1,XGBoost,days_of_supply,43.259255851112144,-0.58663303,0.58663303,NEGATIVE,1,Days of supply (43.259255851112144) decreased the forecast by 0.587 units relative to the model baseline.
5E57BA7D-3008-54C2-B899-8F12A4D2990A,2016-03-22,SAMPLE_ITEM_003,SAMPLE_CA_1,XGBoost,day_of_month,22,-0.44478300,0.44478300,NEGATIVE,2,Day of month (22) decreased the forecast by 0.445 units relative to the model baseline.
5E57BA7D-3008-54C2-B899-8F12A4D2990A,2016-03-22,SAMPLE_ITEM_003,SAMPLE_CA_1,XGBoost,current_stock,207.0,0.40848774,0.40848774,POSITIVE,3,Current stock (207.0) increased the forecast by 0.408 units relative to the model baseline.
5E57BA7D-3008-54C2-B899-8F12A4D2990A,2016-03-22,SAMPLE_ITEM_003,SAMPLE_CA_1,XGBoost,current_price,9.35,-0.38278344,0.38278344,NEGATIVE,4,The current price (9.35) decreased the forecast by 0.383 units relative to the model baseline.
5E57BA7D-3008-54C2-B899-8F12A4D2990A,2016-03-22,SAMPLE_ITEM_003,SAMPLE_CA_1,XGBoost,rolling_mean_7,4.785103116716657,-0.31126153,0.31126153,NEGATIVE,5,The recent seven-day demand average (4.785103116716657) decreased the forecast by 0.311 units relative to the model baseline.
C381B36C-EC06-53B9-940E-9A02B941B2F9,2016-03-23,SAMPLE_ITEM_003,SAMPLE_CA_1,XGBoost,days_of_supply,44.66605404393181,-0.58776647,0.58776647,NEGATIVE,1,Days of supply (44.66605404393181) decreased the forecast by 0.588 units relative to the model baseline.
C381B36C-EC06-53B9-940E-9A02B941B2F9,2016-03-23,SAMPLE_ITEM_003,SAMPLE_CA_1,XGBoost,current_stock,207.0,0.49562708,0.49562708,POSITIVE,2,Current stock (207.0) increased the forecast by 0.496 units relative to the model baseline.
C381B36C-EC06-53B9-940E-9A02B941B2F9,2016-03-23,SAMPLE_ITEM_003,SAMPLE_CA_1,XGBoost,rolling_mean_7,4.634391920907157,-0.41493684,0.41493684,NEGATIVE,3,The recent seven-day demand average (4.634391920907157) decreased the forecast by 0.415 units relative to the model baseline.
C381B36C-EC06-53B9-940E-9A02B941B2F9,2016-03-23,SAMPLE_ITEM_003,SAMPLE_CA_1,XGBoost,day_of_month,23,-0.38430867,0.38430867,NEGATIVE,4,Day of month (23) decreased the forecast by 0.384 units relative to the model baseline.
C381B36C-EC06-53B9-940E-9A02B941B2F9,2016-03-23,SAMPLE_ITEM_003,SAMPLE_CA_1,XGBoost,current_price,9.35,-0.37142190,0.37142190,NEGATIVE,5,The current price (9.35) decreased the forecast by 0.371 units relative to the model baseline.
36B21B16-424F-540F-BBC0-4406A44A5B0C,2016-03-24,SAMPLE_ITEM_003,SAMPLE_CA_1,XGBoost,days_of_supply,46.14870037028098,-0.60284859,0.60284859,NEGATIVE,1,Days of supply (46.14870037028098) decreased the forecast by 0.603 units relative to the model baseline.
36B21B16-424F-540F-BBC0-4406A44A5B0C,2016-03-24,SAMPLE_ITEM_003,SAMPLE_CA_1,XGBoost,day_of_month,24,-0.45450503,0.45450503,NEGATIVE,2,Day of month (24) decreased the forecast by 0.455 units relative to the model baseline.
36B21B16-424F-540F-BBC0-4406A44A5B0C,2016-03-24,SAMPLE_ITEM_003,SAMPLE_CA_1,XGBoost,current_stock,207.0,0.41724530,0.41724530,POSITIVE,3,Current stock (207.0) increased the forecast by 0.417 units relative to the model baseline.
36B21B16-424F-540F-BBC0-4406A44A5B0C,2016-03-24,SAMPLE_ITEM_003,SAMPLE_CA_1,XGBoost,current_price,9.35,-0.36469635,0.36469635,NEGATIVE,4,The current price (9.35) decreased the forecast by 0.365 units relative to the model baseline.
36B21B16-424F-540F-BBC0-4406A44A5B0C,2016-03-24,SAMPLE_ITEM_003,SAMPLE_CA_1,XGBoost,rolling_mean_7,4.48550009727478,-0.36004636,0.36004636,NEGATIVE,5,The recent seven-day demand average (4.48550009727478) decreased the forecast by 0.360 units relative to the model baseline.
F6E9409C-D5AF-5273-BDC0-0E8C29EA201A,2016-03-25,SAMPLE_ITEM_003,SAMPLE_CA_1,XGBoost,days_of_supply,46.887340469407235,-0.58854842,0.58854842,NEGATIVE,1,Days of supply (46.887340469407235) decreased the forecast by 0.589 units relative to the model baseline.
F6E9409C-D5AF-5273-BDC0-0E8C29EA201A,2016-03-25,SAMPLE_ITEM_003,SAMPLE_CA_1,XGBoost,current_stock,207.0,0.49886033,0.49886033,POSITIVE,2,Current stock (207.0) increased the forecast by 0.499 units relative to the model baseline.
F6E9409C-D5AF-5273-BDC0-0E8C29EA201A,2016-03-25,SAMPLE_ITEM_003,SAMPLE_CA_1,XGBoost,rolling_mean_7,4.414837735039847,-0.45241365,0.45241365,NEGATIVE,3,The recent seven-day demand average (4.414837735039847) decreased the forecast by 0.452 units relative to the model baseline.
F6E9409C-D5AF-5273-BDC0-0E8C29EA201A,2016-03-25,SAMPLE_ITEM_003,SAMPLE_CA_1,XGBoost,day_of_month,25,-0.38817650,0.38817650,NEGATIVE,4,Day of month (25) decreased the forecast by 0.388 units relative to the model baseline.
F6E9409C-D5AF-5273-BDC0-0E8C29EA201A,2016-03-25,SAMPLE_ITEM_003,SAMPLE_CA_1,XGBoost,current_price,9.35,-0.36123279,0.36123279,NEGATIVE,5,The current price (9.35) decreased the forecast by 0.361 units relative to the model baseline.
C8621815-5CC2-5570-9F74-08DFC56A551D,2016-03-26,SAMPLE_ITEM_003,SAMPLE_CA_1,XGBoost,days_of_supply,47.98059904418957,-0.59615648,0.59615648,NEGATIVE,1,Days of supply (47.98059904418957) decreased the forecast by 0.596 units relative to the model baseline.
C8621815-5CC2-5570-9F74-08DFC56A551D,2016-03-26,SAMPLE_ITEM_003,SAMPLE_CA_1,XGBoost,rolling_mean_7,4.314243759427752,-0.49634659,0.49634659,NEGATIVE,2,The recent seven-day demand average (4.314243759427752) decreased the forecast by 0.496 units relative to the model baseline.
C8621815-5CC2-5570-9F74-08DFC56A551D,2016-03-26,SAMPLE_ITEM_003,SAMPLE_CA_1,XGBoost,current_stock,207.0,0.45304385,0.45304385,POSITIVE,3,Current stock (207.0) increased the forecast by 0.453 units relative to the model baseline.
C8621815-5CC2-5570-9F74-08DFC56A551D,2016-03-26,SAMPLE_ITEM_003,SAMPLE_CA_1,XGBoost,day_of_month,26,-0.38082758,0.38082758,NEGATIVE,4,Day of month (26) decreased the forecast by 0.381 units relative to the model baseline.
C8621815-5CC2-5570-9F74-08DFC56A551D,2016-03-26,SAMPLE_ITEM_003,SAMPLE_CA_1,XGBoost,current_price,9.35,-0.34809762,0.34809762,NEGATIVE,5,The current price (9.35) decreased the forecast by 0.348 units relative to the model baseline.
303AE171-2F18-559F-B788-95E1609A91D5,2016-03-27,SAMPLE_ITEM_003,SAMPLE_CA_1,XGBoost,day_of_week,6,0.60127300,0.60127300,POSITIVE,1,The day of week (6) increased the forecast by 0.601 units relative to the model baseline.
303AE171-2F18-559F-B788-95E1609A91D5,2016-03-27,SAMPLE_ITEM_003,SAMPLE_CA_1,XGBoost,current_stock,207.0,0.48824248,0.48824248,POSITIVE,2,Current stock (207.0) increased the forecast by 0.488 units relative to the model baseline.
303AE171-2F18-559F-B788-95E1609A91D5,2016-03-27,SAMPLE_ITEM_003,SAMPLE_CA_1,XGBoost,day_of_month,27,-0.44454885,0.44454885,NEGATIVE,3,Day of month (27) decreased the forecast by 0.445 units relative to the model baseline.
303AE171-2F18-559F-B788-95E1609A91D5,2016-03-27,SAMPLE_ITEM_003,SAMPLE_CA_1,XGBoost,days_of_supply,49.40139618535539,-0.43270752,0.43270752,NEGATIVE,4,Days of supply (49.40139618535539) decreased the forecast by 0.433 units relative to the model baseline.
303AE171-2F18-559F-B788-95E1609A91D5,2016-03-27,SAMPLE_ITEM_003,SAMPLE_CA_1,XGBoost,rolling_mean_7,4.190164974757603,-0.31519979,0.31519979,NEGATIVE,5,The recent seven-day demand average (4.190164974757603) decreased the forecast by 0.315 units relative to the model baseline.
A50A962F-4BCE-5074-892C-AE2845A291E1,2016-03-28,SAMPLE_ITEM_003,SAMPLE_CA_1,XGBoost,days_of_supply,49.239403445472846,-0.57753038,0.57753038,NEGATIVE,1,Days of supply (49.239403445472846) decreased the forecast by 0.578 units relative to the model baseline.
A50A962F-4BCE-5074-892C-AE2845A291E1,2016-03-28,SAMPLE_ITEM_003,SAMPLE_CA_1,XGBoost,current_stock,207.0,0.49010280,0.49010280,POSITIVE,2,Current stock (207.0) increased the forecast by 0.490 units relative to the model baseline.
A50A962F-4BCE-5074-892C-AE2845A291E1,2016-03-28,SAMPLE_ITEM_003,SAMPLE_CA_1,XGBoost,current_price,9.35,-0.36693227,0.36693227,NEGATIVE,3,The current price (9.35) decreased the forecast by 0.367 units relative to the model baseline.
A50A962F-4BCE-5074-892C-AE2845A291E1,2016-03-28,SAMPLE_ITEM_003,SAMPLE_CA_1,XGBoost,day_of_month,28,-0.36690086,0.36690086,NEGATIVE,4,Day of month (28) decreased the forecast by 0.367 units relative to the model baseline.
A50A962F-4BCE-5074-892C-AE2845A291E1,2016-03-28,SAMPLE_ITEM_003,SAMPLE_CA_1,XGBoost,rolling_mean_7,4.203950200762067,-0.31055099,0.31055099,NEGATIVE,5,The recent seven-day demand average (4.203950200762067) decreased the forecast by 0.311 units relative to the model baseline.
BBCDA056-5185-5237-957C-ABA56C3780CA,2016-03-29,SAMPLE_ITEM_003,SAMPLE_CA_1,XGBoost,days_of_supply,49.01272945402906,-0.57540792,0.57540792,NEGATIVE,1,Days of supply (49.01272945402906) decreased the forecast by 0.575 units relative to the model baseline.
BBCDA056-5185-5237-957C-ABA56C3780CA,2016-03-29,SAMPLE_ITEM_003,SAMPLE_CA_1,XGBoost,current_stock,207.0,0.49010280,0.49010280,POSITIVE,2,Current stock (207.0) increased the forecast by 0.490 units relative to the model baseline.
BBCDA056-5185-5237-957C-ABA56C3780CA,2016-03-29,SAMPLE_ITEM_003,SAMPLE_CA_1,XGBoost,rolling_mean_7,4.223392622811454,-0.39325681,0.39325681,NEGATIVE,3,The recent seven-day demand average (4.223392622811454) decreased the forecast by 0.393 units relative to the model baseline.
BBCDA056-5185-5237-957C-ABA56C3780CA,2016-03-29,SAMPLE_ITEM_003,SAMPLE_CA_1,XGBoost,day_of_month,29,-0.38399735,0.38399735,NEGATIVE,4,Day of month (29) decreased the forecast by 0.384 units relative to the model baseline.
BBCDA056-5185-5237-957C-ABA56C3780CA,2016-03-29,SAMPLE_ITEM_003,SAMPLE_CA_1,XGBoost,current_price,9.35,-0.37406364,0.37406364,NEGATIVE,5,The current price (9.35) decreased the forecast by 0.374 units relative to the model baseline.
C3FF255C-3E44-564B-AA1C-E2135018AF3A,2016-03-30,SAMPLE_ITEM_003,SAMPLE_CA_1,XGBoost,days_of_supply,49.427740096186014,-0.56278747,0.56278747,NEGATIVE,1,Days of supply (49.427740096186014) decreased the forecast by 0.563 units relative to the model baseline.
C3FF255C-3E44-564B-AA1C-E2135018AF3A,2016-03-30,SAMPLE_ITEM_003,SAMPLE_CA_1,XGBoost,day_of_month,30,-0.50519645,0.50519645,NEGATIVE,2,Day of month (30) decreased the forecast by 0.505 units relative to the model baseline.
C3FF255C-3E44-564B-AA1C-E2135018AF3A,2016-03-30,SAMPLE_ITEM_003,SAMPLE_CA_1,XGBoost,current_stock,207.0,0.44601801,0.44601801,POSITIVE,3,Current stock (207.0) increased the forecast by 0.446 units relative to the model baseline.
C3FF255C-3E44-564B-AA1C-E2135018AF3A,2016-03-30,SAMPLE_ITEM_003,SAMPLE_CA_1,XGBoost,rolling_mean_7,4.1879317079271585,-0.36072901,0.36072901,NEGATIVE,4,The recent seven-day demand average (4.1879317079271585) decreased the forecast by 0.361 units relative to the model baseline.
C3FF255C-3E44-564B-AA1C-E2135018AF3A,2016-03-30,SAMPLE_ITEM_003,SAMPLE_CA_1,XGBoost,current_price,9.35,-0.25107625,0.25107625,NEGATIVE,5,The current price (9.35) decreased the forecast by 0.251 units relative to the model baseline.
84EBDC7D-9F3B-5A32-9C33-A01854AEEDC4,2016-03-31,SAMPLE_ITEM_003,SAMPLE_CA_1,XGBoost,days_of_supply,48.6864031944509,-0.55006152,0.55006152,NEGATIVE,1,Days of supply (48.6864031944509) decreased the forecast by 0.550 units relative to the model baseline.
84EBDC7D-9F3B-5A32-9C33-A01854AEEDC4,2016-03-31,SAMPLE_ITEM_003,SAMPLE_CA_1,XGBoost,current_stock,207.0,0.53086632,0.53086632,POSITIVE,2,Current stock (207.0) increased the forecast by 0.531 units relative to the model baseline.
84EBDC7D-9F3B-5A32-9C33-A01854AEEDC4,2016-03-31,SAMPLE_ITEM_003,SAMPLE_CA_1,XGBoost,day_of_month,31,-0.45681027,0.45681027,NEGATIVE,3,Day of month (31) decreased the forecast by 0.457 units relative to the model baseline.
84EBDC7D-9F3B-5A32-9C33-A01854AEEDC4,2016-03-31,SAMPLE_ITEM_003,SAMPLE_CA_1,XGBoost,rolling_mean_7,4.251700401306152,-0.42664388,0.42664388,NEGATIVE,4,The recent seven-day demand average (4.251700401306152) decreased the forecast by 0.427 units relative to the model baseline.
84EBDC7D-9F3B-5A32-9C33-A01854AEEDC4,2016-03-31,SAMPLE_ITEM_003,SAMPLE_CA_1,XGBoost,current_price,9.35,-0.25160769,0.25160769,NEGATIVE,5,The current price (9.35) decreased the forecast by 0.252 units relative to the model baseline.
7C95A374-C01B-5078-BEFB-8FE531A70BB0,2016-04-01,SAMPLE_ITEM_003,SAMPLE_CA_1,XGBoost,day_of_month,1,0.63534755,0.63534755,POSITIVE,1,Day of month (1) increased the forecast by 0.635 units relative to the model baseline.
7C95A374-C01B-5078-BEFB-8FE531A70BB0,2016-04-01,SAMPLE_ITEM_003,SAMPLE_CA_1,XGBoost,days_of_supply,49.16868700489675,-0.59017509,0.59017509,NEGATIVE,2,Days of supply (49.16868700489675) decreased the forecast by 0.590 units relative to the model baseline.
7C95A374-C01B-5078-BEFB-8FE531A70BB0,2016-04-01,SAMPLE_ITEM_003,SAMPLE_CA_1,XGBoost,current_stock,207.0,0.41629493,0.41629493,POSITIVE,3,Current stock (207.0) increased the forecast by 0.416 units relative to the model baseline.
7C95A374-C01B-5078-BEFB-8FE531A70BB0,2016-04-01,SAMPLE_ITEM_003,SAMPLE_CA_1,XGBoost,rolling_mean_7,4.209996495928083,-0.38819697,0.38819697,NEGATIVE,4,The recent seven-day demand average (4.209996495928083) decreased the forecast by 0.388 units relative to the model baseline.
7C95A374-C01B-5078-BEFB-8FE531A70BB0,2016-04-01,SAMPLE_ITEM_003,SAMPLE_CA_1,XGBoost,lag_1,3.8691134452819824,0.30238697,0.30238697,POSITIVE,5,Yesterday's demand (3.8691134452819824) increased the forecast by 0.302 units relative to the model baseline.
D659F6F4-433A-52D0-8011-B30480F98B5F,2016-04-02,SAMPLE_ITEM_003,SAMPLE_CA_1,XGBoost,day_of_month,2,0.66650432,0.66650432,POSITIVE,1,Day of month (2) increased the forecast by 0.667 units relative to the model baseline.
D659F6F4-433A-52D0-8011-B30480F98B5F,2016-04-02,SAMPLE_ITEM_003,SAMPLE_CA_1,XGBoost,days_of_supply,46.76288363949303,-0.61135644,0.61135644,NEGATIVE,2,Days of supply (46.76288363949303) decreased the forecast by 0.611 units relative to the model baseline.
D659F6F4-433A-52D0-8011-B30480F98B5F,2016-04-02,SAMPLE_ITEM_003,SAMPLE_CA_1,XGBoost,rolling_mean_7,4.4265875816345215,-0.53094709,0.53094709,NEGATIVE,3,The recent seven-day demand average (4.4265875816345215) decreased the forecast by 0.531 units relative to the model baseline.
D659F6F4-433A-52D0-8011-B30480F98B5F,2016-04-02,SAMPLE_ITEM_003,SAMPLE_CA_1,XGBoost,current_stock,207.0,0.45236036,0.45236036,POSITIVE,4,Current stock (207.0) increased the forecast by 0.452 units relative to the model baseline.
D659F6F4-433A-52D0-8011-B30480F98B5F,2016-04-02,SAMPLE_ITEM_003,SAMPLE_CA_1,XGBoost,current_price,9.35,-0.25437841,0.25437841,NEGATIVE,5,The current price (9.35) decreased the forecast by 0.254 units relative to the model baseline.
E56B55F4-7B40-5E2B-BD6D-B7B4FF65328E,2016-04-03,SAMPLE_ITEM_003,SAMPLE_CA_1,XGBoost,day_of_month,3,0.56821358,0.56821358,POSITIVE,1,Day of month (3) increased the forecast by 0.568 units relative to the model baseline.
E56B55F4-7B40-5E2B-BD6D-B7B4FF65328E,2016-04-03,SAMPLE_ITEM_003,SAMPLE_CA_1,XGBoost,day_of_week,6,0.52215993,0.52215993,POSITIVE,2,The day of week (6) increased the forecast by 0.522 units relative to the model baseline.
E56B55F4-7B40-5E2B-BD6D-B7B4FF65328E,2016-04-03,SAMPLE_ITEM_003,SAMPLE_CA_1,XGBoost,current_stock,207.0,0.51493675,0.51493675,POSITIVE,3,Current stock (207.0) increased the forecast by 0.515 units relative to the model baseline.
E56B55F4-7B40-5E2B-BD6D-B7B4FF65328E,2016-04-03,SAMPLE_ITEM_003,SAMPLE_CA_1,XGBoost,rolling_mean_7,4.568755728857858,-0.41401100,0.41401100,NEGATIVE,4,The recent seven-day demand average (4.568755728857858) decreased the forecast by 0.414 units relative to the model baseline.
E56B55F4-7B40-5E2B-BD6D-B7B4FF65328E,2016-04-03,SAMPLE_ITEM_003,SAMPLE_CA_1,XGBoost,days_of_supply,45.30774072522977,-0.38609251,0.38609251,NEGATIVE,5,Days of supply (45.30774072522977) decreased the forecast by 0.386 units relative to the model baseline.
4CDD4258-FCDA-5428-9605-212F52AC8D03,2016-04-04,SAMPLE_ITEM_003,SAMPLE_CA_1,XGBoost,day_of_month,4,0.63323247,0.63323247,POSITIVE,1,Day of month (4) increased the forecast by 0.633 units relative to the model baseline.
4CDD4258-FCDA-5428-9605-212F52AC8D03,2016-04-04,SAMPLE_ITEM_003,SAMPLE_CA_1,XGBoost,days_of_supply,45.230683585236605,-0.54333770,0.54333770,NEGATIVE,2,Days of supply (45.230683585236605) decreased the forecast by 0.543 units relative to the model baseline.
4CDD4258-FCDA-5428-9605-212F52AC8D03,2016-04-04,SAMPLE_ITEM_003,SAMPLE_CA_1,XGBoost,current_stock,207.0,0.48941931,0.48941931,POSITIVE,3,Current stock (207.0) increased the forecast by 0.489 units relative to the model baseline.
4CDD4258-FCDA-5428-9605-212F52AC8D03,2016-04-04,SAMPLE_ITEM_003,SAMPLE_CA_1,XGBoost,rolling_mean_7,4.5765392780303955,-0.37598225,0.37598225,NEGATIVE,4,The recent seven-day demand average (4.5765392780303955) decreased the forecast by 0.376 units relative to the model baseline.
4CDD4258-FCDA-5428-9605-212F52AC8D03,2016-04-04,SAMPLE_ITEM_003,SAMPLE_CA_1,XGBoost,current_price,9.35,-0.28424293,0.28424293,NEGATIVE,5,The current price (9.35) decreased the forecast by 0.284 units relative to the model baseline.
96D33732-770D-560B-A7D5-2684F7094110,2016-04-05,SAMPLE_ITEM_003,SAMPLE_CA_1,XGBoost,day_of_month,5,0.66723615,0.66723615,POSITIVE,1,Day of month (5) increased the forecast by 0.667 units relative to the model baseline.
96D33732-770D-560B-A7D5-2684F7094110,2016-04-05,SAMPLE_ITEM_003,SAMPLE_CA_1,XGBoost,days_of_supply,43.935541678577,-0.59060788,0.59060788,NEGATIVE,2,Days of supply (43.935541678577) decreased the forecast by 0.591 units relative to the model baseline.
96D33732-770D-560B-A7D5-2684F7094110,2016-04-05,SAMPLE_ITEM_003,SAMPLE_CA_1,XGBoost,current_stock,207.0,0.48941931,0.48941931,POSITIVE,3,Current stock (207.0) increased the forecast by 0.489 units relative to the model baseline.
96D33732-770D-560B-A7D5-2684F7094110,2016-04-05,SAMPLE_ITEM_003,SAMPLE_CA_1,XGBoost,rolling_mean_7,4.711447545460293,-0.41735882,0.41735882,NEGATIVE,4,The recent seven-day demand average (4.711447545460293) decreased the forecast by 0.417 units relative to the model baseline.
96D33732-770D-560B-A7D5-2684F7094110,2016-04-05,SAMPLE_ITEM_003,SAMPLE_CA_1,XGBoost,current_price,9.35,-0.27613553,0.27613553,NEGATIVE,5,The current price (9.35) decreased the forecast by 0.276 units relative to the model baseline.
D57BFED1-A443-536A-8F2F-71CB2731883E,2016-04-06,SAMPLE_ITEM_003,SAMPLE_CA_1,XGBoost,day_of_month,6,0.68172038,0.68172038,POSITIVE,1,Day of month (6) increased the forecast by 0.682 units relative to the model baseline.
D57BFED1-A443-536A-8F2F-71CB2731883E,2016-04-06,SAMPLE_ITEM_003,SAMPLE_CA_1,XGBoost,days_of_supply,42.562222523919715,-0.57747281,0.57747281,NEGATIVE,2,Days of supply (42.562222523919715) decreased the forecast by 0.577 units relative to the model baseline.
D57BFED1-A443-536A-8F2F-71CB2731883E,2016-04-06,SAMPLE_ITEM_003,SAMPLE_CA_1,XGBoost,current_stock,207.0,0.49494365,0.49494365,POSITIVE,3,Current stock (207.0) increased the forecast by 0.495 units relative to the model baseline.
D57BFED1-A443-536A-8F2F-71CB2731883E,2016-04-06,SAMPLE_ITEM_003,SAMPLE_CA_1,XGBoost,rolling_mean_7,4.863467829568045,-0.44962892,0.44962892,NEGATIVE,4,The recent seven-day demand average (4.863467829568045) decreased the forecast by 0.450 units relative to the model baseline.
D57BFED1-A443-536A-8F2F-71CB2731883E,2016-04-06,SAMPLE_ITEM_003,SAMPLE_CA_1,XGBoost,current_price,9.35,-0.27084893,0.27084893,NEGATIVE,5,The current price (9.35) decreased the forecast by 0.271 units relative to the model baseline.
D1416DE5-6DA7-5044-AF73-2D118E9018A9,2016-04-07,SAMPLE_ITEM_003,SAMPLE_CA_1,XGBoost,day_of_month,7,0.67843598,0.67843598,POSITIVE,1,Day of month (7) increased the forecast by 0.678 units relative to the model baseline.
D1416DE5-6DA7-5044-AF73-2D118E9018A9,2016-04-07,SAMPLE_ITEM_003,SAMPLE_CA_1,XGBoost,days_of_supply,41.706791891720925,-0.60565680,0.60565680,NEGATIVE,2,Days of supply (41.706791891720925) decreased the forecast by 0.606 units relative to the model baseline.
D1416DE5-6DA7-5044-AF73-2D118E9018A9,2016-04-07,SAMPLE_ITEM_003,SAMPLE_CA_1,XGBoost,current_stock,207.0,0.49817690,0.49817690,POSITIVE,3,Current stock (207.0) increased the forecast by 0.498 units relative to the model baseline.
D1416DE5-6DA7-5044-AF73-2D118E9018A9,2016-04-07,SAMPLE_ITEM_003,SAMPLE_CA_1,XGBoost,rolling_mean_7,4.963220391954694,-0.45594764,0.45594764,NEGATIVE,4,The recent seven-day demand average (4.963220391954694) decreased the forecast by 0.456 units relative to the model baseline.
D1416DE5-6DA7-5044-AF73-2D118E9018A9,2016-04-07,SAMPLE_ITEM_003,SAMPLE_CA_1,XGBoost,current_price,9.35,-0.26118013,0.26118013,NEGATIVE,5,The current price (9.35) decreased the forecast by 0.261 units relative to the model baseline.
0C66FFA1-4701-5B73-B8B1-038658894D0F,2016-04-08,SAMPLE_ITEM_003,SAMPLE_CA_1,XGBoost,day_of_month,8,0.67073095,0.67073095,POSITIVE,1,Day of month (8) increased the forecast by 0.671 units relative to the model baseline.
0C66FFA1-4701-5B73-B8B1-038658894D0F,2016-04-08,SAMPLE_ITEM_003,SAMPLE_CA_1,XGBoost,days_of_supply,40.497094726334424,-0.56696039,0.56696039,NEGATIVE,2,Days of supply (40.497094726334424) decreased the forecast by 0.567 units relative to the model baseline.
0C66FFA1-4701-5B73-B8B1-038658894D0F,2016-04-08,SAMPLE_ITEM_003,SAMPLE_CA_1,XGBoost,current_stock,207.0,0.44030181,0.44030181,POSITIVE,3,Current stock (207.0) increased the forecast by 0.440 units relative to the model baseline.
0C66FFA1-4701-5B73-B8B1-038658894D0F,2016-04-08,SAMPLE_ITEM_003,SAMPLE_CA_1,XGBoost,current_price,9.35,-0.35874310,0.35874310,NEGATIVE,4,The current price (9.35) decreased the forecast by 0.359 units relative to the model baseline.
0C66FFA1-4701-5B73-B8B1-038658894D0F,2016-04-08,SAMPLE_ITEM_003,SAMPLE_CA_1,XGBoost,rolling_mean_7,5.111477783748081,0.19259584,0.19259584,POSITIVE,5,The recent seven-day demand average (5.111477783748081) increased the forecast by 0.193 units relative to the model baseline.
8653C30A-50B4-5DA7-A398-419910FA6423,2016-04-09,SAMPLE_ITEM_003,SAMPLE_CA_1,XGBoost,day_of_month,9,0.72082543,0.72082543,POSITIVE,1,Day of month (9) increased the forecast by 0.721 units relative to the model baseline.
8653C30A-50B4-5DA7-A398-419910FA6423,2016-04-09,SAMPLE_ITEM_003,SAMPLE_CA_1,XGBoost,days_of_supply,40.50430581302686,-0.57456845,0.57456845,NEGATIVE,2,Days of supply (40.50430581302686) decreased the forecast by 0.575 units relative to the model baseline.
8653C30A-50B4-5DA7-A398-419910FA6423,2016-04-09,SAMPLE_ITEM_003,SAMPLE_CA_1,XGBoost,current_stock,207.0,0.43010914,0.43010914,POSITIVE,3,Current stock (207.0) increased the forecast by 0.430 units relative to the model baseline.
8653C30A-50B4-5DA7-A398-419910FA6423,2016-04-09,SAMPLE_ITEM_003,SAMPLE_CA_1,XGBoost,current_price,9.35,-0.35217625,0.35217625,NEGATIVE,4,The current price (9.35) decreased the forecast by 0.352 units relative to the model baseline.
8653C30A-50B4-5DA7-A398-419910FA6423,2016-04-09,SAMPLE_ITEM_003,SAMPLE_CA_1,XGBoost,rolling_mean_7,5.110567774091448,0.26096112,0.26096112,POSITIVE,5,The recent seven-day demand average (5.110567774091448) increased the forecast by 0.261 units relative to the model baseline.
4D3D9FE2-225E-5218-B033-0AA4485F93A6,2016-04-10,SAMPLE_ITEM_003,SAMPLE_CA_1,XGBoost,day_of_month,10,0.59943819,0.59943819,POSITIVE,1,Day of month (10) increased the forecast by 0.599 units relative to the model baseline.
4D3D9FE2-225E-5218-B033-0AA4485F93A6,2016-04-10,SAMPLE_ITEM_003,SAMPLE_CA_1,XGBoost,day_of_week,6,0.52269179,0.52269179,POSITIVE,2,The day of week (6) increased the forecast by 0.523 units relative to the model baseline.
4D3D9FE2-225E-5218-B033-0AA4485F93A6,2016-04-10,SAMPLE_ITEM_003,SAMPLE_CA_1,XGBoost,current_stock,207.0,0.48106658,0.48106658,POSITIVE,3,Current stock (207.0) increased the forecast by 0.481 units relative to the model baseline.
4D3D9FE2-225E-5218-B033-0AA4485F93A6,2016-04-10,SAMPLE_ITEM_003,SAMPLE_CA_1,XGBoost,current_price,9.35,-0.44983882,0.44983882,NEGATIVE,4,The current price (9.35) decreased the forecast by 0.450 units relative to the model baseline.
4D3D9FE2-225E-5218-B033-0AA4485F93A6,2016-04-10,SAMPLE_ITEM_003,SAMPLE_CA_1,XGBoost,days_of_supply,39.28460496362794,-0.37410310,0.37410310,NEGATIVE,5,Days of supply (39.28460496362794) decreased the forecast by 0.374 units relative to the model baseline.
54040832-C9F8-576E-9B0B-6C3833D3B30B,2016-04-11,SAMPLE_ITEM_003,SAMPLE_CA_1,XGBoost,day_of_month,11,0.63993704,0.63993704,POSITIVE,1,Day of month (11) increased the forecast by 0.640 units relative to the model baseline.
54040832-C9F8-576E-9B0B-6C3833D3B30B,2016-04-11,SAMPLE_ITEM_003,SAMPLE_CA_1,XGBoost,days_of_supply,38.6426017834529,-0.54440731,0.54440731,NEGATIVE,2,Days of supply (38.6426017834529) decreased the forecast by 0.544 units relative to the model baseline.
54040832-C9F8-576E-9B0B-6C3833D3B30B,2016-04-11,SAMPLE_ITEM_003,SAMPLE_CA_1,XGBoost,current_stock,207.0,0.41491696,0.41491696,POSITIVE,3,Current stock (207.0) increased the forecast by 0.415 units relative to the model baseline.
54040832-C9F8-576E-9B0B-6C3833D3B30B,2016-04-11,SAMPLE_ITEM_003,SAMPLE_CA_1,XGBoost,current_price,9.35,-0.37955827,0.37955827,NEGATIVE,4,The current price (9.35) decreased the forecast by 0.380 units relative to the model baseline.
54040832-C9F8-576E-9B0B-6C3833D3B30B,2016-04-11,SAMPLE_ITEM_003,SAMPLE_CA_1,XGBoost,lag_1,6.09802770614624,-0.22494659,0.22494659,NEGATIVE,5,Yesterday's demand (6.09802770614624) decreased the forecast by 0.225 units relative to the model baseline.
0210E2FC-6E3F-518F-B247-320590604785,2016-04-12,SAMPLE_ITEM_003,SAMPLE_CA_1,XGBoost,day_of_month,12,0.71325594,0.71325594,POSITIVE,1,Day of month (12) increased the forecast by 0.713 units relative to the model baseline.
0210E2FC-6E3F-518F-B247-320590604785,2016-04-12,SAMPLE_ITEM_003,SAMPLE_CA_1,XGBoost,days_of_supply,38.62677685945371,-0.55132616,0.55132616,NEGATIVE,2,Days of supply (38.62677685945371) decreased the forecast by 0.551 units relative to the model baseline.
0210E2FC-6E3F-518F-B247-320590604785,2016-04-12,SAMPLE_ITEM_003,SAMPLE_CA_1,XGBoost,current_stock,207.0,0.43154421,0.43154421,POSITIVE,3,Current stock (207.0) increased the forecast by 0.432 units relative to the model baseline.
0210E2FC-6E3F-518F-B247-320590604785,2016-04-12,SAMPLE_ITEM_003,SAMPLE_CA_1,XGBoost,current_price,9.35,-0.38252434,0.38252434,NEGATIVE,4,The current price (9.35) decreased the forecast by 0.383 units relative to the model baseline.
0210E2FC-6E3F-518F-B247-320590604785,2016-04-12,SAMPLE_ITEM_003,SAMPLE_CA_1,XGBoost,rolling_mean_7,5.358976772853306,0.19984171,0.19984171,POSITIVE,5,The recent seven-day demand average (5.358976772853306) increased the forecast by 0.200 units relative to the model baseline.
D875D462-5BE2-5924-BC45-C63B5F439D0E,2016-04-13,SAMPLE_ITEM_003,SAMPLE_CA_1,XGBoost,day_of_month,13,0.71330577,0.71330577,POSITIVE,1,Day of month (13) increased the forecast by 0.713 units relative to the model baseline.
D875D462-5BE2-5924-BC45-C63B5F439D0E,2016-04-13,SAMPLE_ITEM_003,SAMPLE_CA_1,XGBoost,days_of_supply,38.073908461815215,-0.56368470,0.56368470,NEGATIVE,2,Days of supply (38.073908461815215) decreased the forecast by 0.564 units relative to the model baseline.
D875D462-5BE2-5924-BC45-C63B5F439D0E,2016-04-13,SAMPLE_ITEM_003,SAMPLE_CA_1,XGBoost,current_stock,207.0,0.42995390,0.42995390,POSITIVE,3,Current stock (207.0) increased the forecast by 0.430 units relative to the model baseline.
D875D462-5BE2-5924-BC45-C63B5F439D0E,2016-04-13,SAMPLE_ITEM_003,SAMPLE_CA_1,XGBoost,current_price,9.35,-0.35165203,0.35165203,NEGATIVE,4,The current price (9.35) decreased the forecast by 0.352 units relative to the model baseline.
D875D462-5BE2-5924-BC45-C63B5F439D0E,2016-04-13,SAMPLE_ITEM_003,SAMPLE_CA_1,XGBoost,rolling_mean_7,5.436794076647077,0.21128376,0.21128376,POSITIVE,5,The recent seven-day demand average (5.436794076647077) increased the forecast by 0.211 units relative to the model baseline.
1252EC7C-BE15-53E8-814C-6C7B066808C8,2016-04-14,SAMPLE_ITEM_003,SAMPLE_CA_1,XGBoost,day_of_month,14,0.72297090,0.72297090,POSITIVE,1,Day of month (14) increased the forecast by 0.723 units relative to the model baseline.
1252EC7C-BE15-53E8-814C-6C7B066808C8,2016-04-14,SAMPLE_ITEM_003,SAMPLE_CA_1,XGBoost,days_of_supply,37.4926296685709,-0.56754172,0.56754172,NEGATIVE,2,Days of supply (37.4926296685709) decreased the forecast by 0.568 units relative to the model baseline.
1252EC7C-BE15-53E8-814C-6C7B066808C8,2016-04-14,SAMPLE_ITEM_003,SAMPLE_CA_1,XGBoost,current_stock,207.0,0.43318722,0.43318722,POSITIVE,3,Current stock (207.0) increased the forecast by 0.433 units relative to the model baseline.
1252EC7C-BE15-53E8-814C-6C7B066808C8,2016-04-14,SAMPLE_ITEM_003,SAMPLE_CA_1,XGBoost,current_price,9.35,-0.34461889,0.34461889,NEGATIVE,4,The current price (9.35) decreased the forecast by 0.345 units relative to the model baseline.
1252EC7C-BE15-53E8-814C-6C7B066808C8,2016-04-14,SAMPLE_ITEM_003,SAMPLE_CA_1,XGBoost,rolling_mean_7,5.521085126059396,0.21056467,0.21056467,POSITIVE,5,The recent seven-day demand average (5.521085126059396) increased the forecast by 0.211 units relative to the model baseline.
BDBD7713-291A-52C5-A2B0-04800A88E4E2,2016-04-15,SAMPLE_ITEM_003,SAMPLE_CA_1,XGBoost,day_of_month,15,0.62238407,0.62238407,POSITIVE,1,Day of month (15) increased the forecast by 0.622 units relative to the model baseline.
BDBD7713-291A-52C5-A2B0-04800A88E4E2,2016-04-15,SAMPLE_ITEM_003,SAMPLE_CA_1,XGBoost,days_of_supply,36.84847198452874,-0.62021434,0.62021434,NEGATIVE,2,Days of supply (36.84847198452874) decreased the forecast by 0.620 units relative to the model baseline.
BDBD7713-291A-52C5-A2B0-04800A88E4E2,2016-04-15,SAMPLE_ITEM_003,SAMPLE_CA_1,XGBoost,current_price,9.35,-0.44122067,0.44122067,NEGATIVE,3,The current price (9.35) decreased the forecast by 0.441 units relative to the model baseline.
BDBD7713-291A-52C5-A2B0-04800A88E4E2,2016-04-15,SAMPLE_ITEM_003,SAMPLE_CA_1,XGBoost,current_stock,207.0,0.40118119,0.40118119,POSITIVE,4,Current stock (207.0) increased the forecast by 0.401 units relative to the model baseline.
BDBD7713-291A-52C5-A2B0-04800A88E4E2,2016-04-15,SAMPLE_ITEM_003,SAMPLE_CA_1,XGBoost,rolling_mean_7,5.617600645337786,0.21396184,0.21396184,POSITIVE,5,The recent seven-day demand average (5.617600645337786) increased the forecast by 0.214 units relative to the model baseline.
3156E9AD-2544-5332-A3EC-DC2B27EAB293,2016-04-16,SAMPLE_ITEM_003,SAMPLE_CA_1,XGBoost,days_of_supply,37.088680954372364,-0.61375332,0.61375332,NEGATIVE,1,Days of supply (37.088680954372364) decreased the forecast by 0.614 units relative to the model baseline.
3156E9AD-2544-5332-A3EC-DC2B27EAB293,2016-04-16,SAMPLE_ITEM_003,SAMPLE_CA_1,XGBoost,current_stock,207.0,0.42436752,0.42436752,POSITIVE,2,Current stock (207.0) increased the forecast by 0.424 units relative to the model baseline.
3156E9AD-2544-5332-A3EC-DC2B27EAB293,2016-04-16,SAMPLE_ITEM_003,SAMPLE_CA_1,XGBoost,current_price,9.35,-0.32950026,0.32950026,NEGATIVE,3,The current price (9.35) decreased the forecast by 0.330 units relative to the model baseline.
3156E9AD-2544-5332-A3EC-DC2B27EAB293,2016-04-16,SAMPLE_ITEM_003,SAMPLE_CA_1,XGBoost,rolling_mean_7,5.5812176295689175,0.26849598,0.26849598,POSITIVE,4,The recent seven-day demand average (5.5812176295689175) increased the forecast by 0.268 units relative to the model baseline.
3156E9AD-2544-5332-A3EC-DC2B27EAB293,2016-04-16,SAMPLE_ITEM_003,SAMPLE_CA_1,XGBoost,day_of_month,16,0.18897013,0.18897013,POSITIVE,5,Day of month (16) increased the forecast by 0.189 units relative to the model baseline.
BF2B6F8C-63E9-58AE-9754-DE323BC770DB,2016-04-17,SAMPLE_ITEM_003,SAMPLE_CA_1,XGBoost,day_of_week,6,0.53891182,0.53891182,POSITIVE,1,The day of week (6) increased the forecast by 0.539 units relative to the model baseline.
BF2B6F8C-63E9-58AE-9754-DE323BC770DB,2016-04-17,SAMPLE_ITEM_003,SAMPLE_CA_1,XGBoost,current_stock,207.0,0.51029068,0.51029068,POSITIVE,2,Current stock (207.0) increased the forecast by 0.510 units relative to the model baseline.
BF2B6F8C-63E9-58AE-9754-DE323BC770DB,2016-04-17,SAMPLE_ITEM_003,SAMPLE_CA_1,XGBoost,current_price,9.35,-0.42650646,0.42650646,NEGATIVE,3,The current price (9.35) decreased the forecast by 0.427 units relative to the model baseline.
BF2B6F8C-63E9-58AE-9754-DE323BC770DB,2016-04-17,SAMPLE_ITEM_003,SAMPLE_CA_1,XGBoost,days_of_supply,37.853246226584965,-0.28767309,0.28767309,NEGATIVE,4,Days of supply (37.853246226584965) decreased the forecast by 0.288 units relative to the model baseline.
BF2B6F8C-63E9-58AE-9754-DE323BC770DB,2016-04-17,SAMPLE_ITEM_003,SAMPLE_CA_1,XGBoost,price_change_percentage,0.0,0.19152746,0.19152746,POSITIVE,5,Price change percentage (0.0) increased the forecast by 0.192 units relative to the model baseline.
6BC43205-37CA-5CEF-B232-8EB5807C42A6,2016-04-18,SAMPLE_ITEM_003,SAMPLE_CA_1,XGBoost,current_price,9.35,-0.47887522,0.47887522,NEGATIVE,1,The current price (9.35) decreased the forecast by 0.479 units relative to the model baseline.
6BC43205-37CA-5CEF-B232-8EB5807C42A6,2016-04-18,SAMPLE_ITEM_003,SAMPLE_CA_1,XGBoost,days_of_supply,38.34059089038315,-0.47522879,0.47522879,NEGATIVE,2,Days of supply (38.34059089038315) decreased the forecast by 0.475 units relative to the model baseline.
6BC43205-37CA-5CEF-B232-8EB5807C42A6,2016-04-18,SAMPLE_ITEM_003,SAMPLE_CA_1,XGBoost,current_stock,207.0,0.42876235,0.42876235,POSITIVE,3,Current stock (207.0) increased the forecast by 0.429 units relative to the model baseline.
6BC43205-37CA-5CEF-B232-8EB5807C42A6,2016-04-18,SAMPLE_ITEM_003,SAMPLE_CA_1,XGBoost,lag_1,5.6114606857299805,-0.19541688,0.19541688,NEGATIVE,4,Yesterday's demand (5.6114606857299805) decreased the forecast by 0.195 units relative to the model baseline.
6BC43205-37CA-5CEF-B232-8EB5807C42A6,2016-04-18,SAMPLE_ITEM_003,SAMPLE_CA_1,XGBoost,price_change_percentage,0.0,0.18653774,0.18653774,POSITIVE,5,Price change percentage (0.0) increased the forecast by 0.187 units relative to the model baseline.
B7F1EAA0-231C-53BD-9710-E4F0BD1E8CC3,2016-04-19,SAMPLE_ITEM_003,SAMPLE_CA_1,XGBoost,days_of_supply,38.89344447577228,-0.48650280,0.48650280,NEGATIVE,1,Days of supply (38.89344447577228) decreased the forecast by 0.487 units relative to the model baseline.
B7F1EAA0-231C-53BD-9710-E4F0BD1E8CC3,2016-04-19,SAMPLE_ITEM_003,SAMPLE_CA_1,XGBoost,current_stock,207.0,0.46076831,0.46076831,POSITIVE,2,Current stock (207.0) increased the forecast by 0.461 units relative to the model baseline.
B7F1EAA0-231C-53BD-9710-E4F0BD1E8CC3,2016-04-19,SAMPLE_ITEM_003,SAMPLE_CA_1,XGBoost,current_price,9.35,-0.38054267,0.38054267,NEGATIVE,3,The current price (9.35) decreased the forecast by 0.381 units relative to the model baseline.
B7F1EAA0-231C-53BD-9710-E4F0BD1E8CC3,2016-04-19,SAMPLE_ITEM_003,SAMPLE_CA_1,XGBoost,lag_1,4.515646457672119,-0.24012473,0.24012473,NEGATIVE,4,Yesterday's demand (4.515646457672119) decreased the forecast by 0.240 units relative to the model baseline.
B7F1EAA0-231C-53BD-9710-E4F0BD1E8CC3,2016-04-19,SAMPLE_ITEM_003,SAMPLE_CA_1,XGBoost,price_change_percentage,0.0,0.17822650,0.17822650,POSITIVE,5,Price change percentage (0.0) increased the forecast by 0.178 units relative to the model baseline.
2AF0C0B5-B4C4-5495-BFAF-ACBCC55947D0,2016-04-20,SAMPLE_ITEM_003,SAMPLE_CA_1,XGBoost,days_of_supply,40.09828002358097,-0.50902426,0.50902426,NEGATIVE,1,Days of supply (40.09828002358097) decreased the forecast by 0.509 units relative to the model baseline.
2AF0C0B5-B4C4-5495-BFAF-ACBCC55947D0,2016-04-20,SAMPLE_ITEM_003,SAMPLE_CA_1,XGBoost,current_stock,207.0,0.46674457,0.46674457,POSITIVE,2,Current stock (207.0) increased the forecast by 0.467 units relative to the model baseline.
2AF0C0B5-B4C4-5495-BFAF-ACBCC55947D0,2016-04-20,SAMPLE_ITEM_003,SAMPLE_CA_1,XGBoost,current_price,9.35,-0.33205053,0.33205053,NEGATIVE,3,The current price (9.35) decreased the forecast by 0.332 units relative to the model baseline.
2AF0C0B5-B4C4-5495-BFAF-ACBCC55947D0,2016-04-20,SAMPLE_ITEM_003,SAMPLE_CA_1,XGBoost,lag_1,4.361423015594482,-0.20999116,0.20999116,NEGATIVE,4,Yesterday's demand (4.361423015594482) decreased the forecast by 0.210 units relative to the model baseline.
2AF0C0B5-B4C4-5495-BFAF-ACBCC55947D0,2016-04-20,SAMPLE_ITEM_003,SAMPLE_CA_1,XGBoost,day_of_month,20,-0.18047874,0.18047874,NEGATIVE,5,Day of month (20) decreased the forecast by 0.180 units relative to the model baseline.
FAC34DFC-B099-5B27-8497-EFD91D4A9EA7,2016-04-21,SAMPLE_ITEM_003,SAMPLE_CA_1,XGBoost,days_of_supply,41.39141611186362,-0.50811970,0.50811970,NEGATIVE,1,Days of supply (41.39141611186362) decreased the forecast by 0.508 units relative to the model baseline.
FAC34DFC-B099-5B27-8497-EFD91D4A9EA7,2016-04-21,SAMPLE_ITEM_003,SAMPLE_CA_1,XGBoost,current_stock,207.0,0.47730535,0.47730535,POSITIVE,2,Current stock (207.0) increased the forecast by 0.477 units relative to the model baseline.
FAC34DFC-B099-5B27-8497-EFD91D4A9EA7,2016-04-21,SAMPLE_ITEM_003,SAMPLE_CA_1,XGBoost,day_of_month,21,-0.45302808,0.45302808,NEGATIVE,3,Day of month (21) decreased the forecast by 0.453 units relative to the model baseline.
FAC34DFC-B099-5B27-8497-EFD91D4A9EA7,2016-04-21,SAMPLE_ITEM_003,SAMPLE_CA_1,XGBoost,current_price,9.35,-0.30945006,0.30945006,NEGATIVE,4,The current price (9.35) decreased the forecast by 0.309 units relative to the model baseline.
FAC34DFC-B099-5B27-8497-EFD91D4A9EA7,2016-04-21,SAMPLE_ITEM_003,SAMPLE_CA_1,XGBoost,price_change_percentage,0.0,0.20938268,0.20938268,POSITIVE,5,Price change percentage (0.0) increased the forecast by 0.209 units relative to the model baseline.
8E5E651E-9C0D-55F1-BD15-ADF7165AA2E9,2016-04-22,SAMPLE_ITEM_003,SAMPLE_CA_1,XGBoost,days_of_supply,43.092358707990435,-0.58854842,0.58854842,NEGATIVE,1,Days of supply (43.092358707990435) decreased the forecast by 0.589 units relative to the model baseline.
8E5E651E-9C0D-55F1-BD15-ADF7165AA2E9,2016-04-22,SAMPLE_ITEM_003,SAMPLE_CA_1,XGBoost,current_stock,207.0,0.49886033,0.49886033,POSITIVE,2,Current stock (207.0) increased the forecast by 0.499 units relative to the model baseline.
8E5E651E-9C0D-55F1-BD15-ADF7165AA2E9,2016-04-22,SAMPLE_ITEM_003,SAMPLE_CA_1,XGBoost,rolling_mean_7,4.80363586970738,-0.42635611,0.42635611,NEGATIVE,3,The recent seven-day demand average (4.80363586970738) decreased the forecast by 0.426 units relative to the model baseline.
8E5E651E-9C0D-55F1-BD15-ADF7165AA2E9,2016-04-22,SAMPLE_ITEM_003,SAMPLE_CA_1,XGBoost,day_of_month,22,-0.38161331,0.38161331,NEGATIVE,4,Day of month (22) decreased the forecast by 0.382 units relative to the model baseline.
8E5E651E-9C0D-55F1-BD15-ADF7165AA2E9,2016-04-22,SAMPLE_ITEM_003,SAMPLE_CA_1,XGBoost,current_price,9.35,-0.36536345,0.36536345,NEGATIVE,5,The current price (9.35) decreased the forecast by 0.365 units relative to the model baseline.
3EE81B14-533C-5D2B-8C37-E163EB9DB4D0,2016-04-23,SAMPLE_ITEM_003,SAMPLE_CA_1,XGBoost,days_of_supply,45.04256900422459,-0.60738164,0.60738164,NEGATIVE,1,Days of supply (45.04256900422459) decreased the forecast by 0.607 units relative to the model baseline.
3EE81B14-533C-5D2B-8C37-E163EB9DB4D0,2016-04-23,SAMPLE_ITEM_003,SAMPLE_CA_1,XGBoost,day_of_month,23,-0.45190066,0.45190066,NEGATIVE,2,Day of month (23) decreased the forecast by 0.452 units relative to the model baseline.
3EE81B14-533C-5D2B-8C37-E163EB9DB4D0,2016-04-23,SAMPLE_ITEM_003,SAMPLE_CA_1,XGBoost,current_stock,207.0,0.40829915,0.40829915,POSITIVE,3,Current stock (207.0) increased the forecast by 0.408 units relative to the model baseline.
3EE81B14-533C-5D2B-8C37-E163EB9DB4D0,2016-04-23,SAMPLE_ITEM_003,SAMPLE_CA_1,XGBoost,rolling_mean_7,4.595652614321027,-0.37849358,0.37849358,NEGATIVE,4,The recent seven-day demand average (4.595652614321027) decreased the forecast by 0.378 units relative to the model baseline.
3EE81B14-533C-5D2B-8C37-E163EB9DB4D0,2016-04-23,SAMPLE_ITEM_003,SAMPLE_CA_1,XGBoost,current_price,9.35,-0.35712850,0.35712850,NEGATIVE,5,The current price (9.35) decreased the forecast by 0.357 units relative to the model baseline.
31A9DE4D-7018-5675-8441-36B99B523C03,2016-04-24,SAMPLE_ITEM_003,SAMPLE_CA_1,XGBoost,day_of_week,6,0.54807252,0.54807252,POSITIVE,1,The day of week (6) increased the forecast by 0.548 units relative to the model baseline.
31A9DE4D-7018-5675-8441-36B99B523C03,2016-04-24,SAMPLE_ITEM_003,SAMPLE_CA_1,XGBoost,current_stock,207.0,0.53298712,0.53298712,POSITIVE,2,Current stock (207.0) increased the forecast by 0.533 units relative to the model baseline.
31A9DE4D-7018-5675-8441-36B99B523C03,2016-04-24,SAMPLE_ITEM_003,SAMPLE_CA_1,XGBoost,days_of_supply,46.30712050858369,-0.42148241,0.42148241,NEGATIVE,3,Days of supply (46.30712050858369) decreased the forecast by 0.421 units relative to the model baseline.
31A9DE4D-7018-5675-8441-36B99B523C03,2016-04-24,SAMPLE_ITEM_003,SAMPLE_CA_1,XGBoost,rolling_mean_7,4.470154864447458,-0.40919754,0.40919754,NEGATIVE,4,The recent seven-day demand average (4.470154864447458) decreased the forecast by 0.409 units relative to the model baseline.
31A9DE4D-7018-5675-8441-36B99B523C03,2016-04-24,SAMPLE_ITEM_003,SAMPLE_CA_1,XGBoost,day_of_month,24,-0.36589244,0.36589244,NEGATIVE,5,Day of month (24) decreased the forecast by 0.366 units relative to the model baseline.
398F039C-6A17-54C1-BD06-459B88A28D61,2016-04-25,SAMPLE_ITEM_003,SAMPLE_CA_1,XGBoost,days_of_supply,47.55671952056432,-0.55293620,0.55293620,NEGATIVE,1,Days of supply (47.55671952056432) decreased the forecast by 0.553 units relative to the model baseline.
398F039C-6A17-54C1-BD06-459B88A28D61,2016-04-25,SAMPLE_ITEM_003,SAMPLE_CA_1,XGBoost,current_stock,207.0,0.49010280,0.49010280,POSITIVE,2,Current stock (207.0) increased the forecast by 0.490 units relative to the model baseline.
398F039C-6A17-54C1-BD06-459B88A28D61,2016-04-25,SAMPLE_ITEM_003,SAMPLE_CA_1,XGBoost,current_price,9.35,-0.38687864,0.38687864,NEGATIVE,3,The current price (9.35) decreased the forecast by 0.387 units relative to the model baseline.
398F039C-6A17-54C1-BD06-459B88A28D61,2016-04-25,SAMPLE_ITEM_003,SAMPLE_CA_1,XGBoost,day_of_month,25,-0.37789932,0.37789932,NEGATIVE,4,Day of month (25) decreased the forecast by 0.378 units relative to the model baseline.
398F039C-6A17-54C1-BD06-459B88A28D61,2016-04-25,SAMPLE_ITEM_003,SAMPLE_CA_1,XGBoost,rolling_mean_7,4.352697202137539,-0.31503475,0.31503475,NEGATIVE,5,The recent seven-day demand average (4.352697202137539) decreased the forecast by 0.315 units relative to the model baseline.
951A2095-16FD-5211-B656-0E0E618D3B4A,2016-04-26,SAMPLE_ITEM_003,SAMPLE_CA_1,XGBoost,days_of_supply,48.25246698030147,-0.57540792,0.57540792,NEGATIVE,1,Days of supply (48.25246698030147) decreased the forecast by 0.575 units relative to the model baseline.
951A2095-16FD-5211-B656-0E0E618D3B4A,2016-04-26,SAMPLE_ITEM_003,SAMPLE_CA_1,XGBoost,current_stock,207.0,0.49010280,0.49010280,POSITIVE,2,Current stock (207.0) increased the forecast by 0.490 units relative to the model baseline.
951A2095-16FD-5211-B656-0E0E618D3B4A,2016-04-26,SAMPLE_ITEM_003,SAMPLE_CA_1,XGBoost,rolling_mean_7,4.289936099733625,-0.39728063,0.39728063,NEGATIVE,3,The recent seven-day demand average (4.289936099733625) decreased the forecast by 0.397 units relative to the model baseline.
951A2095-16FD-5211-B656-0E0E618D3B4A,2016-04-26,SAMPLE_ITEM_003,SAMPLE_CA_1,XGBoost,day_of_month,26,-0.38399735,0.38399735,NEGATIVE,4,Day of month (26) decreased the forecast by 0.384 units relative to the model baseline.
951A2095-16FD-5211-B656-0E0E618D3B4A,2016-04-26,SAMPLE_ITEM_003,SAMPLE_CA_1,XGBoost,current_price,9.35,-0.37950087,0.37950087,NEGATIVE,5,The current price (9.35) decreased the forecast by 0.380 units relative to the model baseline.
6542A869-8B2A-59FD-A919-FB1D74598331,2016-04-27,SAMPLE_ITEM_003,SAMPLE_CA_1,XGBoost,days_of_supply,49.01388602971141,-0.59899163,0.59899163,NEGATIVE,1,Days of supply (49.01388602971141) decreased the forecast by 0.599 units relative to the model baseline.
6542A869-8B2A-59FD-A919-FB1D74598331,2016-04-27,SAMPLE_ITEM_003,SAMPLE_CA_1,XGBoost,day_of_month,27,-0.45267770,0.45267770,NEGATIVE,2,Day of month (27) decreased the forecast by 0.453 units relative to the model baseline.
6542A869-8B2A-59FD-A919-FB1D74598331,2016-04-27,SAMPLE_ITEM_003,SAMPLE_CA_1,XGBoost,current_stock,207.0,0.41401201,0.41401201,POSITIVE,3,Current stock (207.0) increased the forecast by 0.414 units relative to the model baseline.
6542A869-8B2A-59FD-A919-FB1D74598331,2016-04-27,SAMPLE_ITEM_003,SAMPLE_CA_1,XGBoost,current_price,9.35,-0.36250645,0.36250645,NEGATIVE,4,The current price (9.35) decreased the forecast by 0.363 units relative to the model baseline.
6542A869-8B2A-59FD-A919-FB1D74598331,2016-04-27,SAMPLE_ITEM_003,SAMPLE_CA_1,XGBoost,rolling_mean_7,4.223292963845389,-0.36216679,0.36216679,NEGATIVE,5,The recent seven-day demand average (4.223292963845389) decreased the forecast by 0.362 units relative to the model baseline.
2824C7C9-5710-5070-8F51-9D66D583DD43,2016-01-29,SAMPLE_ITEM_003,SAMPLE_TX_1,XGBoost,days_of_supply,42.617647058823536,-0.77127510,0.77127510,NEGATIVE,1,Days of supply (42.617647058823536) decreased the forecast by 0.771 units relative to the model baseline.
2824C7C9-5710-5070-8F51-9D66D583DD43,2016-01-29,SAMPLE_ITEM_003,SAMPLE_TX_1,XGBoost,rolling_mean_7,4.857142857142857,-0.52824551,0.52824551,NEGATIVE,2,The recent seven-day demand average (4.857142857142857) decreased the forecast by 0.528 units relative to the model baseline.
2824C7C9-5710-5070-8F51-9D66D583DD43,2016-01-29,SAMPLE_ITEM_003,SAMPLE_TX_1,XGBoost,lag_14,10.0,0.47354269,0.47354269,POSITIVE,3,Demand fourteen days ago (10.0) increased the forecast by 0.474 units relative to the model baseline.
2824C7C9-5710-5070-8F51-9D66D583DD43,2016-01-29,SAMPLE_ITEM_003,SAMPLE_TX_1,XGBoost,current_stock,207.0,0.45487681,0.45487681,POSITIVE,4,Current stock (207.0) increased the forecast by 0.455 units relative to the model baseline.
2824C7C9-5710-5070-8F51-9D66D583DD43,2016-01-29,SAMPLE_ITEM_003,SAMPLE_TX_1,XGBoost,day_of_month,29,-0.41941419,0.41941419,NEGATIVE,5,Day of month (29) decreased the forecast by 0.419 units relative to the model baseline.
E42C86E0-D337-5328-BEFD-92530DEA73DA,2016-01-30,SAMPLE_ITEM_003,SAMPLE_TX_1,XGBoost,days_of_supply,42.58769603889737,-0.73384547,0.73384547,NEGATIVE,1,Days of supply (42.58769603889737) decreased the forecast by 0.734 units relative to the model baseline.
E42C86E0-D337-5328-BEFD-92530DEA73DA,2016-01-30,SAMPLE_ITEM_003,SAMPLE_TX_1,XGBoost,rolling_mean_7,4.860558782305036,-0.56626093,0.56626093,NEGATIVE,2,The recent seven-day demand average (4.860558782305036) decreased the forecast by 0.566 units relative to the model baseline.
E42C86E0-D337-5328-BEFD-92530DEA73DA,2016-01-30,SAMPLE_ITEM_003,SAMPLE_TX_1,XGBoost,lag_14,7.0,0.48163950,0.48163950,POSITIVE,3,Demand fourteen days ago (7.0) increased the forecast by 0.482 units relative to the model baseline.
E42C86E0-D337-5328-BEFD-92530DEA73DA,2016-01-30,SAMPLE_ITEM_003,SAMPLE_TX_1,XGBoost,current_stock,207.0,0.42568752,0.42568752,POSITIVE,4,Current stock (207.0) increased the forecast by 0.426 units relative to the model baseline.
E42C86E0-D337-5328-BEFD-92530DEA73DA,2016-01-30,SAMPLE_ITEM_003,SAMPLE_TX_1,XGBoost,current_price,9.35,-0.40783501,0.40783501,NEGATIVE,5,The current price (9.35) decreased the forecast by 0.408 units relative to the model baseline.
290CE570-2964-59E8-8814-C6A11E477935,2016-01-31,SAMPLE_ITEM_003,SAMPLE_TX_1,XGBoost,day_of_week,6,0.63917446,0.63917446,POSITIVE,1,The day of week (6) increased the forecast by 0.639 units relative to the model baseline.
290CE570-2964-59E8-8814-C6A11E477935,2016-01-31,SAMPLE_ITEM_003,SAMPLE_TX_1,XGBoost,days_of_supply,44.13088031947856,-0.48746231,0.48746231,NEGATIVE,2,Days of supply (44.13088031947856) decreased the forecast by 0.487 units relative to the model baseline.
290CE570-2964-59E8-8814-C6A11E477935,2016-01-31,SAMPLE_ITEM_003,SAMPLE_TX_1,XGBoost,current_stock,207.0,0.47832474,0.47832474,POSITIVE,3,Current stock (207.0) increased the forecast by 0.478 units relative to the model baseline.
290CE570-2964-59E8-8814-C6A11E477935,2016-01-31,SAMPLE_ITEM_003,SAMPLE_TX_1,XGBoost,day_of_month,31,-0.44066688,0.44066688,NEGATIVE,4,Day of month (31) decreased the forecast by 0.441 units relative to the model baseline.
290CE570-2964-59E8-8814-C6A11E477935,2016-01-31,SAMPLE_ITEM_003,SAMPLE_TX_1,XGBoost,lag_14,8.0,0.43194997,0.43194997,POSITIVE,5,Demand fourteen days ago (8.0) increased the forecast by 0.432 units relative to the model baseline.
0AA0EA0F-1C3B-5466-8E75-7C5B2EB8B4D7,2016-02-01,SAMPLE_ITEM_003,SAMPLE_TX_1,XGBoost,day_of_month,1,0.65670532,0.65670532,POSITIVE,1,Day of month (1) increased the forecast by 0.657 units relative to the model baseline.
0AA0EA0F-1C3B-5466-8E75-7C5B2EB8B4D7,2016-02-01,SAMPLE_ITEM_003,SAMPLE_TX_1,XGBoost,days_of_supply,44.66502527965971,-0.53509206,0.53509206,NEGATIVE,2,Days of supply (44.66502527965971) decreased the forecast by 0.535 units relative to the model baseline.
0AA0EA0F-1C3B-5466-8E75-7C5B2EB8B4D7,2016-02-01,SAMPLE_ITEM_003,SAMPLE_TX_1,XGBoost,current_stock,207.0,0.48324105,0.48324105,POSITIVE,3,Current stock (207.0) increased the forecast by 0.483 units relative to the model baseline.
0AA0EA0F-1C3B-5466-8E75-7C5B2EB8B4D7,2016-02-01,SAMPLE_ITEM_003,SAMPLE_TX_1,XGBoost,rolling_mean_7,4.634498664311001,-0.34060299,0.34060299,NEGATIVE,4,The recent seven-day demand average (4.634498664311001) decreased the forecast by 0.341 units relative to the model baseline.
0AA0EA0F-1C3B-5466-8E75-7C5B2EB8B4D7,2016-02-01,SAMPLE_ITEM_003,SAMPLE_TX_1,XGBoost,current_price,9.35,-0.33010650,0.33010650,NEGATIVE,5,The current price (9.35) decreased the forecast by 0.330 units relative to the model baseline.
5B030511-0D34-5FFB-A336-DC6085DCB21F,2016-02-02,SAMPLE_ITEM_003,SAMPLE_TX_1,XGBoost,day_of_month,2,0.75948948,0.75948948,POSITIVE,1,Day of month (2) increased the forecast by 0.759 units relative to the model baseline.
5B030511-0D34-5FFB-A336-DC6085DCB21F,2016-02-02,SAMPLE_ITEM_003,SAMPLE_TX_1,XGBoost,days_of_supply,47.822898733380775,-0.57588094,0.57588094,NEGATIVE,2,Days of supply (47.822898733380775) decreased the forecast by 0.576 units relative to the model baseline.
5B030511-0D34-5FFB-A336-DC6085DCB21F,2016-02-02,SAMPLE_ITEM_003,SAMPLE_TX_1,XGBoost,current_stock,207.0,0.48941931,0.48941931,POSITIVE,3,Current stock (207.0) increased the forecast by 0.489 units relative to the model baseline.
5B030511-0D34-5FFB-A336-DC6085DCB21F,2016-02-02,SAMPLE_ITEM_003,SAMPLE_TX_1,XGBoost,rolling_mean_7,4.328470366341727,-0.43634236,0.43634236,NEGATIVE,4,The recent seven-day demand average (4.328470366341727) decreased the forecast by 0.436 units relative to the model baseline.
5B030511-0D34-5FFB-A336-DC6085DCB21F,2016-02-02,SAMPLE_ITEM_003,SAMPLE_TX_1,XGBoost,current_price,9.35,-0.27790242,0.27790242,NEGATIVE,5,The current price (9.35) decreased the forecast by 0.278 units relative to the model baseline.
370EB565-F2BD-5AA3-81E3-5F64E6B7E04E,2016-02-03,SAMPLE_ITEM_003,SAMPLE_TX_1,XGBoost,day_of_month,3,0.70888430,0.70888430,POSITIVE,1,Day of month (3) increased the forecast by 0.709 units relative to the model baseline.
370EB565-F2BD-5AA3-81E3-5F64E6B7E04E,2016-02-03,SAMPLE_ITEM_003,SAMPLE_TX_1,XGBoost,days_of_supply,44.77497398172137,-0.61940974,0.61940974,NEGATIVE,2,Days of supply (44.77497398172137) decreased the forecast by 0.619 units relative to the model baseline.
370EB565-F2BD-5AA3-81E3-5F64E6B7E04E,2016-02-03,SAMPLE_ITEM_003,SAMPLE_TX_1,XGBoost,rolling_mean_7,4.6231182643345425,-0.46628046,0.46628046,NEGATIVE,3,The recent seven-day demand average (4.6231182643345425) decreased the forecast by 0.466 units relative to the model baseline.
370EB565-F2BD-5AA3-81E3-5F64E6B7E04E,2016-02-03,SAMPLE_ITEM_003,SAMPLE_TX_1,XGBoost,current_stock,207.0,0.46293765,0.46293765,POSITIVE,4,Current stock (207.0) increased the forecast by 0.463 units relative to the model baseline.
370EB565-F2BD-5AA3-81E3-5F64E6B7E04E,2016-02-03,SAMPLE_ITEM_003,SAMPLE_TX_1,XGBoost,current_price,9.35,-0.36633101,0.36633101,NEGATIVE,5,The current price (9.35) decreased the forecast by 0.366 units relative to the model baseline.
88CD54C9-4076-54BA-9890-15C084D30CA8,2016-02-04,SAMPLE_ITEM_003,SAMPLE_TX_1,XGBoost,day_of_month,4,0.66678619,0.66678619,POSITIVE,1,Day of month (4) increased the forecast by 0.667 units relative to the model baseline.
88CD54C9-4076-54BA-9890-15C084D30CA8,2016-02-04,SAMPLE_ITEM_003,SAMPLE_TX_1,XGBoost,days_of_supply,42.30048523070456,-0.56943363,0.56943363,NEGATIVE,2,Days of supply (42.30048523070456) decreased the forecast by 0.569 units relative to the model baseline.
88CD54C9-4076-54BA-9890-15C084D30CA8,2016-02-04,SAMPLE_ITEM_003,SAMPLE_TX_1,XGBoost,current_stock,207.0,0.46617094,0.46617094,POSITIVE,3,Current stock (207.0) increased the forecast by 0.466 units relative to the model baseline.
88CD54C9-4076-54BA-9890-15C084D30CA8,2016-02-04,SAMPLE_ITEM_003,SAMPLE_TX_1,XGBoost,rolling_mean_7,4.893560886383057,-0.38053614,0.38053614,NEGATIVE,4,The recent seven-day demand average (4.893560886383057) decreased the forecast by 0.381 units relative to the model baseline.
88CD54C9-4076-54BA-9890-15C084D30CA8,2016-02-04,SAMPLE_ITEM_003,SAMPLE_TX_1,XGBoost,current_price,9.35,-0.37657097,0.37657097,NEGATIVE,5,The current price (9.35) decreased the forecast by 0.377 units relative to the model baseline.
822EFBEA-9BF2-5F46-8A8D-C230FD71FEF3,2016-02-05,SAMPLE_ITEM_003,SAMPLE_TX_1,XGBoost,day_of_month,5,0.76598567,0.76598567,POSITIVE,1,Day of month (5) increased the forecast by 0.766 units relative to the model baseline.
822EFBEA-9BF2-5F46-8A8D-C230FD71FEF3,2016-02-05,SAMPLE_ITEM_003,SAMPLE_TX_1,XGBoost,days_of_supply,43.983610590914765,-0.56422311,0.56422311,NEGATIVE,2,Days of supply (43.983610590914765) decreased the forecast by 0.564 units relative to the model baseline.
822EFBEA-9BF2-5F46-8A8D-C230FD71FEF3,2016-02-05,SAMPLE_ITEM_003,SAMPLE_TX_1,XGBoost,current_stock,207.0,0.49817690,0.49817690,POSITIVE,3,Current stock (207.0) increased the forecast by 0.498 units relative to the model baseline.
822EFBEA-9BF2-5F46-8A8D-C230FD71FEF3,2016-02-05,SAMPLE_ITEM_003,SAMPLE_TX_1,XGBoost,rolling_mean_7,4.70629848752703,-0.47594717,0.47594717,NEGATIVE,4,The recent seven-day demand average (4.70629848752703) decreased the forecast by 0.476 units relative to the model baseline.
822EFBEA-9BF2-5F46-8A8D-C230FD71FEF3,2016-02-05,SAMPLE_ITEM_003,SAMPLE_TX_1,XGBoost,current_price,9.35,-0.26412651,0.26412651,NEGATIVE,5,The current price (9.35) decreased the forecast by 0.264 units relative to the model baseline.
C79CB53D-5CDA-54F9-99AF-B365D00E8B23,2016-02-06,SAMPLE_ITEM_003,SAMPLE_TX_1,XGBoost,day_of_month,6,0.70274287,0.70274287,POSITIVE,1,Day of month (6) increased the forecast by 0.703 units relative to the model baseline.
C79CB53D-5CDA-54F9-99AF-B365D00E8B23,2016-02-06,SAMPLE_ITEM_003,SAMPLE_TX_1,XGBoost,days_of_supply,42.32954644372055,-0.62663311,0.62663311,NEGATIVE,2,Days of supply (42.32954644372055) decreased the forecast by 0.627 units relative to the model baseline.
C79CB53D-5CDA-54F9-99AF-B365D00E8B23,2016-02-06,SAMPLE_ITEM_003,SAMPLE_TX_1,XGBoost,rolling_mean_7,4.890201228005545,-0.53628099,0.53628099,NEGATIVE,3,The recent seven-day demand average (4.890201228005545) decreased the forecast by 0.536 units relative to the model baseline.
C79CB53D-5CDA-54F9-99AF-B365D00E8B23,2016-02-06,SAMPLE_ITEM_003,SAMPLE_TX_1,XGBoost,current_stock,207.0,0.42035437,0.42035437,POSITIVE,4,Current stock (207.0) increased the forecast by 0.420 units relative to the model baseline.
C79CB53D-5CDA-54F9-99AF-B365D00E8B23,2016-02-06,SAMPLE_ITEM_003,SAMPLE_TX_1,XGBoost,current_price,9.35,-0.34906343,0.34906343,NEGATIVE,5,The current price (9.35) decreased the forecast by 0.349 units relative to the model baseline.
98A4B8CD-C9D1-5657-8E91-FD8245734441,2016-02-07,SAMPLE_ITEM_003,SAMPLE_TX_1,XGBoost,day_of_month,7,0.66237342,0.66237342,POSITIVE,1,Day of month (7) increased the forecast by 0.662 units relative to the model baseline.
98A4B8CD-C9D1-5657-8E91-FD8245734441,2016-02-07,SAMPLE_ITEM_003,SAMPLE_TX_1,XGBoost,day_of_week,6,0.50442076,0.50442076,POSITIVE,2,The day of week (6) increased the forecast by 0.504 units relative to the model baseline.
98A4B8CD-C9D1-5657-8E91-FD8245734441,2016-02-07,SAMPLE_ITEM_003,SAMPLE_TX_1,XGBoost,current_stock,207.0,0.47207671,0.47207671,POSITIVE,3,Current stock (207.0) increased the forecast by 0.472 units relative to the model baseline.
98A4B8CD-C9D1-5657-8E91-FD8245734441,2016-02-07,SAMPLE_ITEM_003,SAMPLE_TX_1,XGBoost,days_of_supply,41.10407602281207,-0.44390789,0.44390789,NEGATIVE,4,Days of supply (41.10407602281207) decreased the forecast by 0.444 units relative to the model baseline.
98A4B8CD-C9D1-5657-8E91-FD8245734441,2016-02-07,SAMPLE_ITEM_003,SAMPLE_TX_1,XGBoost,current_price,9.35,-0.39305198,0.39305198,NEGATIVE,5,The current price (9.35) decreased the forecast by 0.393 units relative to the model baseline.
05B497A9-EF97-54E4-B15A-F693643D752E,2016-02-08,SAMPLE_ITEM_003,SAMPLE_TX_1,XGBoost,day_of_month,8,0.70157009,0.70157009,POSITIVE,1,Day of month (8) increased the forecast by 0.702 units relative to the model baseline.
05B497A9-EF97-54E4-B15A-F693643D752E,2016-02-08,SAMPLE_ITEM_003,SAMPLE_TX_1,XGBoost,days_of_supply,40.31454601637888,-0.64603639,0.64603639,NEGATIVE,2,Days of supply (40.31454601637888) decreased the forecast by 0.646 units relative to the model baseline.
05B497A9-EF97-54E4-B15A-F693643D752E,2016-02-08,SAMPLE_ITEM_003,SAMPLE_TX_1,XGBoost,current_price,9.35,-0.42471552,0.42471552,NEGATIVE,3,The current price (9.35) decreased the forecast by 0.425 units relative to the model baseline.
05B497A9-EF97-54E4-B15A-F693643D752E,2016-02-08,SAMPLE_ITEM_003,SAMPLE_TX_1,XGBoost,lag_14,7.0,0.37934256,0.37934256,POSITIVE,4,Demand fourteen days ago (7.0) increased the forecast by 0.379 units relative to the model baseline.
05B497A9-EF97-54E4-B15A-F693643D752E,2016-02-08,SAMPLE_ITEM_003,SAMPLE_TX_1,XGBoost,current_stock,207.0,0.37027553,0.37027553,POSITIVE,5,Current stock (207.0) increased the forecast by 0.370 units relative to the model baseline.
74298B20-1969-5B41-9FBB-37BD5975DA39,2016-02-09,SAMPLE_ITEM_003,SAMPLE_TX_1,XGBoost,day_of_month,9,0.72329527,0.72329527,POSITIVE,1,Day of month (9) increased the forecast by 0.723 units relative to the model baseline.
74298B20-1969-5B41-9FBB-37BD5975DA39,2016-02-09,SAMPLE_ITEM_003,SAMPLE_TX_1,XGBoost,days_of_supply,39.370371270093166,-0.53909290,0.53909290,NEGATIVE,2,Days of supply (39.370371270093166) decreased the forecast by 0.539 units relative to the model baseline.
74298B20-1969-5B41-9FBB-37BD5975DA39,2016-02-09,SAMPLE_ITEM_003,SAMPLE_TX_1,XGBoost,current_stock,207.0,0.43154421,0.43154421,POSITIVE,3,Current stock (207.0) increased the forecast by 0.432 units relative to the model baseline.
74298B20-1969-5B41-9FBB-37BD5975DA39,2016-02-09,SAMPLE_ITEM_003,SAMPLE_TX_1,XGBoost,current_price,9.35,-0.39515746,0.39515746,NEGATIVE,4,The current price (9.35) decreased the forecast by 0.395 units relative to the model baseline.
74298B20-1969-5B41-9FBB-37BD5975DA39,2016-02-09,SAMPLE_ITEM_003,SAMPLE_TX_1,XGBoost,rolling_mean_7,5.25776093346732,0.18468530,0.18468530,POSITIVE,5,The recent seven-day demand average (5.25776093346732) increased the forecast by 0.185 units relative to the model baseline.
F73C62EF-54DB-5D89-AD89-A26415E9F2DB,2016-02-10,SAMPLE_ITEM_003,SAMPLE_TX_1,XGBoost,day_of_month,10,0.78884870,0.78884870,POSITIVE,1,Day of month (10) increased the forecast by 0.789 units relative to the model baseline.
F73C62EF-54DB-5D89-AD89-A26415E9F2DB,2016-02-10,SAMPLE_ITEM_003,SAMPLE_TX_1,XGBoost,days_of_supply,39.021490002253884,-0.54895782,0.54895782,NEGATIVE,2,Days of supply (39.021490002253884) decreased the forecast by 0.549 units relative to the model baseline.
F73C62EF-54DB-5D89-AD89-A26415E9F2DB,2016-02-10,SAMPLE_ITEM_003,SAMPLE_TX_1,XGBoost,current_stock,207.0,0.43706855,0.43706855,POSITIVE,3,Current stock (207.0) increased the forecast by 0.437 units relative to the model baseline.
F73C62EF-54DB-5D89-AD89-A26415E9F2DB,2016-02-10,SAMPLE_ITEM_003,SAMPLE_TX_1,XGBoost,current_price,9.35,-0.36097646,0.36097646,NEGATIVE,4,The current price (9.35) decreased the forecast by 0.361 units relative to the model baseline.
F73C62EF-54DB-5D89-AD89-A26415E9F2DB,2016-02-10,SAMPLE_ITEM_003,SAMPLE_TX_1,XGBoost,rolling_mean_7,5.304769243512835,0.19779927,0.19779927,POSITIVE,5,The recent seven-day demand average (5.304769243512835) increased the forecast by 0.198 units relative to the model baseline.
EA13C621-7076-5F96-8AE7-ADE8F275C3F9,2016-02-11,SAMPLE_ITEM_003,SAMPLE_TX_1,XGBoost,day_of_month,11,0.74776733,0.74776733,POSITIVE,1,Day of month (11) increased the forecast by 0.748 units relative to the model baseline.
EA13C621-7076-5F96-8AE7-ADE8F275C3F9,2016-02-11,SAMPLE_ITEM_003,SAMPLE_TX_1,XGBoost,days_of_supply,38.177159131270265,-0.65827638,0.65827638,NEGATIVE,2,Days of supply (38.177159131270265) decreased the forecast by 0.658 units relative to the model baseline.
EA13C621-7076-5F96-8AE7-ADE8F275C3F9,2016-02-11,SAMPLE_ITEM_003,SAMPLE_TX_1,XGBoost,current_stock,207.0,0.39219132,0.39219132,POSITIVE,3,Current stock (207.0) increased the forecast by 0.392 units relative to the model baseline.
EA13C621-7076-5F96-8AE7-ADE8F275C3F9,2016-02-11,SAMPLE_ITEM_003,SAMPLE_TX_1,XGBoost,current_price,9.35,-0.38226420,0.38226420,NEGATIVE,4,The current price (9.35) decreased the forecast by 0.382 units relative to the model baseline.
EA13C621-7076-5F96-8AE7-ADE8F275C3F9,2016-02-11,SAMPLE_ITEM_003,SAMPLE_TX_1,XGBoost,lag_14,6.0,0.23669381,0.23669381,POSITIVE,5,Demand fourteen days ago (6.0) increased the forecast by 0.237 units relative to the model baseline.
ADDEB376-8AFF-5A9F-BF0A-DE047562FB23,2016-02-12,SAMPLE_ITEM_003,SAMPLE_TX_1,XGBoost,day_of_month,12,0.73539442,0.73539442,POSITIVE,1,Day of month (12) increased the forecast by 0.735 units relative to the model baseline.
ADDEB376-8AFF-5A9F-BF0A-DE047562FB23,2016-02-12,SAMPLE_ITEM_003,SAMPLE_TX_1,XGBoost,days_of_supply,37.19280702796025,-0.54973984,0.54973984,NEGATIVE,2,Days of supply (37.19280702796025) decreased the forecast by 0.550 units relative to the model baseline.
ADDEB376-8AFF-5A9F-BF0A-DE047562FB23,2016-02-12,SAMPLE_ITEM_003,SAMPLE_TX_1,XGBoost,current_stock,207.0,0.43318722,0.43318722,POSITIVE,3,Current stock (207.0) increased the forecast by 0.433 units relative to the model baseline.
ADDEB376-8AFF-5A9F-BF0A-DE047562FB23,2016-02-12,SAMPLE_ITEM_003,SAMPLE_TX_1,XGBoost,current_price,9.35,-0.34544912,0.34544912,NEGATIVE,4,The current price (9.35) decreased the forecast by 0.345 units relative to the model baseline.
ADDEB376-8AFF-5A9F-BF0A-DE047562FB23,2016-02-12,SAMPLE_ITEM_003,SAMPLE_TX_1,XGBoost,rolling_mean_7,5.565592288970947,0.18454102,0.18454102,POSITIVE,5,The recent seven-day demand average (5.565592288970947) increased the forecast by 0.185 units relative to the model baseline.
3C31453D-0241-550E-A1A0-2A8FE05B4943,2016-02-13,SAMPLE_ITEM_003,SAMPLE_TX_1,XGBoost,day_of_month,13,0.79758614,0.79758614,POSITIVE,1,Day of month (13) increased the forecast by 0.798 units relative to the model baseline.
3C31453D-0241-550E-A1A0-2A8FE05B4943,2016-02-13,SAMPLE_ITEM_003,SAMPLE_TX_1,XGBoost,days_of_supply,36.90898327111234,-0.55734789,0.55734789,NEGATIVE,2,Days of supply (36.90898327111234) decreased the forecast by 0.557 units relative to the model baseline.
3C31453D-0241-550E-A1A0-2A8FE05B4943,2016-02-13,SAMPLE_ITEM_003,SAMPLE_TX_1,XGBoost,current_stock,207.0,0.42299449,0.42299449,POSITIVE,3,Current stock (207.0) increased the forecast by 0.423 units relative to the model baseline.
3C31453D-0241-550E-A1A0-2A8FE05B4943,2016-02-13,SAMPLE_ITEM_003,SAMPLE_TX_1,XGBoost,current_price,9.35,-0.34040567,0.34040567,NEGATIVE,4,The current price (9.35) decreased the forecast by 0.340 units relative to the model baseline.
3C31453D-0241-550E-A1A0-2A8FE05B4943,2016-02-13,SAMPLE_ITEM_003,SAMPLE_TX_1,XGBoost,rolling_mean_7,5.608390739985874,0.28120372,0.28120372,POSITIVE,5,The recent seven-day demand average (5.608390739985874) increased the forecast by 0.281 units relative to the model baseline.
0A7E08D4-16D9-5BD9-9981-D22C74F1C15E,2016-02-14,SAMPLE_ITEM_003,SAMPLE_TX_1,XGBoost,day_of_month,14,0.59747809,0.59747809,POSITIVE,1,Day of month (14) increased the forecast by 0.597 units relative to the model baseline.
0A7E08D4-16D9-5BD9-9981-D22C74F1C15E,2016-02-14,SAMPLE_ITEM_003,SAMPLE_TX_1,XGBoost,day_of_week,6,0.51474410,0.51474410,POSITIVE,2,The day of week (6) increased the forecast by 0.515 units relative to the model baseline.
0A7E08D4-16D9-5BD9-9981-D22C74F1C15E,2016-02-14,SAMPLE_ITEM_003,SAMPLE_TX_1,XGBoost,current_stock,207.0,0.45732474,0.45732474,POSITIVE,3,Current stock (207.0) increased the forecast by 0.457 units relative to the model baseline.
0A7E08D4-16D9-5BD9-9981-D22C74F1C15E,2016-02-14,SAMPLE_ITEM_003,SAMPLE_TX_1,XGBoost,current_price,9.35,-0.43715867,0.43715867,NEGATIVE,4,The current price (9.35) decreased the forecast by 0.437 units relative to the model baseline.
0A7E08D4-16D9-5BD9-9981-D22C74F1C15E,2016-02-14,SAMPLE_ITEM_003,SAMPLE_TX_1,XGBoost,days_of_supply,35.74158367566775,-0.36264738,0.36264738,NEGATIVE,5,Days of supply (35.74158367566775) decreased the forecast by 0.363 units relative to the model baseline.
56DE7D91-EC57-5653-9734-556F5D2DC1E7,2016-02-15,SAMPLE_ITEM_003,SAMPLE_TX_1,XGBoost,day_of_month,15,0.72034979,0.72034979,POSITIVE,1,Day of month (15) increased the forecast by 0.720 units relative to the model baseline.
56DE7D91-EC57-5653-9734-556F5D2DC1E7,2016-02-15,SAMPLE_ITEM_003,SAMPLE_TX_1,XGBoost,days_of_supply,35.91776353053022,-0.45992991,0.45992991,NEGATIVE,2,Days of supply (35.91776353053022) decreased the forecast by 0.460 units relative to the model baseline.
56DE7D91-EC57-5653-9734-556F5D2DC1E7,2016-02-15,SAMPLE_ITEM_003,SAMPLE_TX_1,XGBoost,current_stock,207.0,0.40780237,0.40780237,POSITIVE,3,Current stock (207.0) increased the forecast by 0.408 units relative to the model baseline.
56DE7D91-EC57-5653-9734-556F5D2DC1E7,2016-02-15,SAMPLE_ITEM_003,SAMPLE_TX_1,XGBoost,current_price,9.35,-0.38837257,0.38837257,NEGATIVE,4,The current price (9.35) decreased the forecast by 0.388 units relative to the model baseline.
56DE7D91-EC57-5653-9734-556F5D2DC1E7,2016-02-15,SAMPLE_ITEM_003,SAMPLE_TX_1,XGBoost,rolling_mean_7,5.7631650652204245,0.23944578,0.23944578,POSITIVE,5,The recent seven-day demand average (5.7631650652204245) increased the forecast by 0.239 units relative to the model baseline.
AF931DB5-E00C-57D8-9307-75A6F6338DE8,2016-02-16,SAMPLE_ITEM_003,SAMPLE_TX_1,XGBoost,days_of_supply,36.242782216435245,-0.59839922,0.59839922,NEGATIVE,1,Days of supply (36.242782216435245) decreased the forecast by 0.598 units relative to the model baseline.
AF931DB5-E00C-57D8-9307-75A6F6338DE8,2016-02-16,SAMPLE_ITEM_003,SAMPLE_TX_1,XGBoost,current_price,9.35,-0.46001300,0.46001300,NEGATIVE,2,The current price (9.35) decreased the forecast by 0.460 units relative to the model baseline.
AF931DB5-E00C-57D8-9307-75A6F6338DE8,2016-02-16,SAMPLE_ITEM_003,SAMPLE_TX_1,XGBoost,current_stock,207.0,0.39379662,0.39379662,POSITIVE,3,Current stock (207.0) increased the forecast by 0.394 units relative to the model baseline.
AF931DB5-E00C-57D8-9307-75A6F6338DE8,2016-02-16,SAMPLE_ITEM_003,SAMPLE_TX_1,XGBoost,rolling_mean_7,5.711482048034668,0.21909055,0.21909055,POSITIVE,4,The recent seven-day demand average (5.711482048034668) increased the forecast by 0.219 units relative to the model baseline.
AF931DB5-E00C-57D8-9307-75A6F6338DE8,2016-02-16,SAMPLE_ITEM_003,SAMPLE_TX_1,XGBoost,price_change_percentage,0.0,0.19237353,0.19237353,POSITIVE,5,Price change percentage (0.0) increased the forecast by 0.192 units relative to the model baseline.
5E120DA5-ABAD-51C7-B375-CD4B2C53CC79,2016-02-17,SAMPLE_ITEM_003,SAMPLE_TX_1,XGBoost,days_of_supply,36.89829269096161,-0.46294540,0.46294540,NEGATIVE,1,Days of supply (36.89829269096161) decreased the forecast by 0.463 units relative to the model baseline.
5E120DA5-ABAD-51C7-B375-CD4B2C53CC79,2016-02-17,SAMPLE_ITEM_003,SAMPLE_TX_1,XGBoost,current_stock,207.0,0.45917800,0.45917800,POSITIVE,2,Current stock (207.0) increased the forecast by 0.459 units relative to the model baseline.
5E120DA5-ABAD-51C7-B375-CD4B2C53CC79,2016-02-17,SAMPLE_ITEM_003,SAMPLE_TX_1,XGBoost,current_price,9.35,-0.35073549,0.35073549,NEGATIVE,3,The current price (9.35) decreased the forecast by 0.351 units relative to the model baseline.
5E120DA5-ABAD-51C7-B375-CD4B2C53CC79,2016-02-17,SAMPLE_ITEM_003,SAMPLE_TX_1,XGBoost,price_change_percentage,0.0,0.17970349,0.17970349,POSITIVE,4,Price change percentage (0.0) increased the forecast by 0.180 units relative to the model baseline.
5E120DA5-ABAD-51C7-B375-CD4B2C53CC79,2016-02-17,SAMPLE_ITEM_003,SAMPLE_TX_1,XGBoost,lag_1,4.681328773498535,-0.17710502,0.17710502,NEGATIVE,5,Yesterday's demand (4.681328773498535) decreased the forecast by 0.177 units relative to the model baseline.
9568BA07-CF10-5B6F-B259-257F7993E5AB,2016-02-18,SAMPLE_ITEM_003,SAMPLE_TX_1,XGBoost,days_of_supply,37.903298588919164,-0.46680248,0.46680248,NEGATIVE,1,Days of supply (37.903298588919164) decreased the forecast by 0.467 units relative to the model baseline.
9568BA07-CF10-5B6F-B259-257F7993E5AB,2016-02-18,SAMPLE_ITEM_003,SAMPLE_TX_1,XGBoost,current_stock,207.0,0.46241131,0.46241131,POSITIVE,2,Current stock (207.0) increased the forecast by 0.462 units relative to the model baseline.
9568BA07-CF10-5B6F-B259-257F7993E5AB,2016-02-18,SAMPLE_ITEM_003,SAMPLE_TX_1,XGBoost,current_price,9.35,-0.34370235,0.34370235,NEGATIVE,3,The current price (9.35) decreased the forecast by 0.344 units relative to the model baseline.
9568BA07-CF10-5B6F-B259-257F7993E5AB,2016-02-18,SAMPLE_ITEM_003,SAMPLE_TX_1,XGBoost,price_change_percentage,0.0,0.18233848,0.18233848,POSITIVE,4,Price change percentage (0.0) increased the forecast by 0.182 units relative to the model baseline.
9568BA07-CF10-5B6F-B259-257F7993E5AB,2016-02-18,SAMPLE_ITEM_003,SAMPLE_TX_1,XGBoost,lag_1,4.673098087310791,-0.17180356,0.17180356,NEGATIVE,5,Yesterday's demand (4.673098087310791) decreased the forecast by 0.172 units relative to the model baseline.
E61B64D9-BD88-502F-99D7-37AEF3F784C6,2016-02-19,SAMPLE_ITEM_003,SAMPLE_TX_1,XGBoost,days_of_supply,38.99374325073353,-0.56005287,0.56005287,NEGATIVE,1,Days of supply (38.99374325073353) decreased the forecast by 0.560 units relative to the model baseline.
E61B64D9-BD88-502F-99D7-37AEF3F784C6,2016-02-19,SAMPLE_ITEM_003,SAMPLE_TX_1,XGBoost,current_price,9.35,-0.45383599,0.45383599,NEGATIVE,2,The current price (9.35) decreased the forecast by 0.454 units relative to the model baseline.
E61B64D9-BD88-502F-99D7-37AEF3F784C6,2016-02-19,SAMPLE_ITEM_003,SAMPLE_TX_1,XGBoost,current_stock,207.0,0.43751994,0.43751994,POSITIVE,3,Current stock (207.0) increased the forecast by 0.438 units relative to the model baseline.
E61B64D9-BD88-502F-99D7-37AEF3F784C6,2016-02-19,SAMPLE_ITEM_003,SAMPLE_TX_1,XGBoost,price_change_percentage,0.0,0.19335292,0.19335292,POSITIVE,4,Price change percentage (0.0) increased the forecast by 0.193 units relative to the model baseline.
E61B64D9-BD88-502F-99D7-37AEF3F784C6,2016-02-19,SAMPLE_ITEM_003,SAMPLE_TX_1,XGBoost,day_of_month,19,-0.17667474,0.17667474,NEGATIVE,5,Day of month (19) decreased the forecast by 0.177 units relative to the model baseline.
A72B6A65-EA7B-56CE-95F1-90C9E6CF8281,2016-02-20,SAMPLE_ITEM_003,SAMPLE_TX_1,XGBoost,days_of_supply,40.14177945578269,-0.53005189,0.53005189,NEGATIVE,1,Days of supply (40.14177945578269) decreased the forecast by 0.530 units relative to the model baseline.
A72B6A65-EA7B-56CE-95F1-90C9E6CF8281,2016-02-20,SAMPLE_ITEM_003,SAMPLE_TX_1,XGBoost,current_stock,207.0,0.45978522,0.45978522,POSITIVE,2,Current stock (207.0) increased the forecast by 0.460 units relative to the model baseline.
A72B6A65-EA7B-56CE-95F1-90C9E6CF8281,2016-02-20,SAMPLE_ITEM_003,SAMPLE_TX_1,XGBoost,current_price,9.35,-0.32080418,0.32080418,NEGATIVE,3,The current price (9.35) decreased the forecast by 0.321 units relative to the model baseline.
A72B6A65-EA7B-56CE-95F1-90C9E6CF8281,2016-02-20,SAMPLE_ITEM_003,SAMPLE_TX_1,XGBoost,rolling_mean_7,5.156722068786621,0.21044652,0.21044652,POSITIVE,4,The recent seven-day demand average (5.156722068786621) increased the forecast by 0.210 units relative to the model baseline.
A72B6A65-EA7B-56CE-95F1-90C9E6CF8281,2016-02-20,SAMPLE_ITEM_003,SAMPLE_TX_1,XGBoost,price_change_percentage,0.0,0.18296386,0.18296386,POSITIVE,5,Price change percentage (0.0) increased the forecast by 0.183 units relative to the model baseline.
AE675324-963E-5678-B910-A5E6C5973F0A,2016-02-21,SAMPLE_ITEM_003,SAMPLE_TX_1,XGBoost,day_of_week,6,0.53413171,0.53413171,POSITIVE,1,The day of week (6) increased the forecast by 0.534 units relative to the model baseline.
AE675324-963E-5678-B910-A5E6C5973F0A,2016-02-21,SAMPLE_ITEM_003,SAMPLE_TX_1,XGBoost,current_stock,207.0,0.53298712,0.53298712,POSITIVE,2,Current stock (207.0) increased the forecast by 0.533 units relative to the model baseline.
AE675324-963E-5678-B910-A5E6C5973F0A,2016-02-21,SAMPLE_ITEM_003,SAMPLE_TX_1,XGBoost,days_of_supply,41.83823363667742,-0.44208625,0.44208625,NEGATIVE,3,Days of supply (41.83823363667742) decreased the forecast by 0.442 units relative to the model baseline.
AE675324-963E-5678-B910-A5E6C5973F0A,2016-02-21,SAMPLE_ITEM_003,SAMPLE_TX_1,XGBoost,rolling_mean_7,4.947627612522671,-0.41793144,0.41793144,NEGATIVE,4,The recent seven-day demand average (4.947627612522671) decreased the forecast by 0.418 units relative to the model baseline.
AE675324-963E-5678-B910-A5E6C5973F0A,2016-02-21,SAMPLE_ITEM_003,SAMPLE_TX_1,XGBoost,day_of_month,21,-0.35049182,0.35049182,NEGATIVE,5,Day of month (21) decreased the forecast by 0.350 units relative to the model baseline.
5C004077-1960-5896-8751-13D68B545A25,2016-02-22,SAMPLE_ITEM_003,SAMPLE_TX_1,XGBoost,days_of_supply,43.56489520506102,-0.54995257,0.54995257,NEGATIVE,1,Days of supply (43.56489520506102) decreased the forecast by 0.550 units relative to the model baseline.
5C004077-1960-5896-8751-13D68B545A25,2016-02-22,SAMPLE_ITEM_003,SAMPLE_TX_1,XGBoost,current_stock,207.0,0.49010280,0.49010280,POSITIVE,2,Current stock (207.0) increased the forecast by 0.490 units relative to the model baseline.
5C004077-1960-5896-8751-13D68B545A25,2016-02-22,SAMPLE_ITEM_003,SAMPLE_TX_1,XGBoost,current_price,9.35,-0.38977078,0.38977078,NEGATIVE,3,The current price (9.35) decreased the forecast by 0.390 units relative to the model baseline.
5C004077-1960-5896-8751-13D68B545A25,2016-02-22,SAMPLE_ITEM_003,SAMPLE_TX_1,XGBoost,day_of_month,22,-0.37364137,0.37364137,NEGATIVE,4,Day of month (22) decreased the forecast by 0.374 units relative to the model baseline.
5C004077-1960-5896-8751-13D68B545A25,2016-02-22,SAMPLE_ITEM_003,SAMPLE_TX_1,XGBoost,rolling_mean_7,4.751532145908901,-0.29338756,0.29338756,NEGATIVE,5,The recent seven-day demand average (4.751532145908901) decreased the forecast by 0.293 units relative to the model baseline.
5A55991B-A505-5A42-810C-C04CA41B9AC5,2016-02-23,SAMPLE_ITEM_003,SAMPLE_TX_1,XGBoost,days_of_supply,45.54075697218409,-0.57756728,0.57756728,NEGATIVE,1,Days of supply (45.54075697218409) decreased the forecast by 0.578 units relative to the model baseline.
5A55991B-A505-5A42-810C-C04CA41B9AC5,2016-02-23,SAMPLE_ITEM_003,SAMPLE_TX_1,XGBoost,day_of_month,23,-0.45327324,0.45327324,NEGATIVE,2,Day of month (23) decreased the forecast by 0.453 units relative to the model baseline.
5A55991B-A505-5A42-810C-C04CA41B9AC5,2016-02-23,SAMPLE_ITEM_003,SAMPLE_TX_1,XGBoost,current_stock,207.0,0.40848774,0.40848774,POSITIVE,3,Current stock (207.0) increased the forecast by 0.408 units relative to the model baseline.
5A55991B-A505-5A42-810C-C04CA41B9AC5,2016-02-23,SAMPLE_ITEM_003,SAMPLE_TX_1,XGBoost,current_price,9.35,-0.38194641,0.38194641,NEGATIVE,4,The current price (9.35) decreased the forecast by 0.382 units relative to the model baseline.
5A55991B-A505-5A42-810C-C04CA41B9AC5,2016-02-23,SAMPLE_ITEM_003,SAMPLE_TX_1,XGBoost,rolling_mean_7,4.545378991535732,-0.32957748,0.32957748,NEGATIVE,5,The recent seven-day demand average (4.545378991535732) decreased the forecast by 0.330 units relative to the model baseline.
205DE039-02CC-52C0-A4CA-AE7CD0A9C761,2016-02-24,SAMPLE_ITEM_003,SAMPLE_TX_1,XGBoost,days_of_supply,46.27708793484796,-0.58478284,0.58478284,NEGATIVE,1,Days of supply (46.27708793484796) decreased the forecast by 0.585 units relative to the model baseline.
205DE039-02CC-52C0-A4CA-AE7CD0A9C761,2016-02-24,SAMPLE_ITEM_003,SAMPLE_TX_1,XGBoost,current_stock,207.0,0.49562708,0.49562708,POSITIVE,2,Current stock (207.0) increased the forecast by 0.496 units relative to the model baseline.
205DE039-02CC-52C0-A4CA-AE7CD0A9C761,2016-02-24,SAMPLE_ITEM_003,SAMPLE_TX_1,XGBoost,rolling_mean_7,4.473055873598371,-0.41852114,0.41852114,NEGATIVE,3,The recent seven-day demand average (4.473055873598371) decreased the forecast by 0.419 units relative to the model baseline.
205DE039-02CC-52C0-A4CA-AE7CD0A9C761,2016-02-24,SAMPLE_ITEM_003,SAMPLE_TX_1,XGBoost,day_of_month,24,-0.38753238,0.38753238,NEGATIVE,4,Day of month (24) decreased the forecast by 0.388 units relative to the model baseline.
205DE039-02CC-52C0-A4CA-AE7CD0A9C761,2016-02-24,SAMPLE_ITEM_003,SAMPLE_TX_1,XGBoost,current_price,9.35,-0.37129891,0.37129891,NEGATIVE,5,The current price (9.35) decreased the forecast by 0.371 units relative to the model baseline.
73581496-7C90-5FFD-A616-76132ECE2BA6,2016-02-25,SAMPLE_ITEM_003,SAMPLE_TX_1,XGBoost,days_of_supply,47.54383947326194,-0.59378290,0.59378290,NEGATIVE,1,Days of supply (47.54383947326194) decreased the forecast by 0.594 units relative to the model baseline.
73581496-7C90-5FFD-A616-76132ECE2BA6,2016-02-25,SAMPLE_ITEM_003,SAMPLE_TX_1,XGBoost,day_of_month,25,-0.45874897,0.45874897,NEGATIVE,2,Day of month (25) decreased the forecast by 0.459 units relative to the model baseline.
73581496-7C90-5FFD-A616-76132ECE2BA6,2016-02-25,SAMPLE_ITEM_003,SAMPLE_TX_1,XGBoost,current_stock,207.0,0.41724530,0.41724530,POSITIVE,3,Current stock (207.0) increased the forecast by 0.417 units relative to the model baseline.
73581496-7C90-5FFD-A616-76132ECE2BA6,2016-02-25,SAMPLE_ITEM_003,SAMPLE_TX_1,XGBoost,rolling_mean_7,4.353876386369977,-0.37589949,0.37589949,NEGATIVE,4,The recent seven-day demand average (4.353876386369977) decreased the forecast by 0.376 units relative to the model baseline.
73581496-7C90-5FFD-A616-76132ECE2BA6,2016-02-25,SAMPLE_ITEM_003,SAMPLE_TX_1,XGBoost,current_price,9.35,-0.36283737,0.36283737,NEGATIVE,5,The current price (9.35) decreased the forecast by 0.363 units relative to the model baseline.
3B597061-D8C9-501D-AA30-8B495144CAF5,2016-02-26,SAMPLE_ITEM_003,SAMPLE_TX_1,XGBoost,days_of_supply,48.256608250269345,-0.58556485,0.58556485,NEGATIVE,1,Days of supply (48.256608250269345) decreased the forecast by 0.586 units relative to the model baseline.
3B597061-D8C9-501D-AA30-8B495144CAF5,2016-02-26,SAMPLE_ITEM_003,SAMPLE_TX_1,XGBoost,current_stock,207.0,0.49886033,0.49886033,POSITIVE,2,Current stock (207.0) increased the forecast by 0.499 units relative to the model baseline.
3B597061-D8C9-501D-AA30-8B495144CAF5,2016-02-26,SAMPLE_ITEM_003,SAMPLE_TX_1,XGBoost,rolling_mean_7,4.289567947387695,-0.45599794,0.45599794,NEGATIVE,3,The recent seven-day demand average (4.289567947387695) decreased the forecast by 0.456 units relative to the model baseline.
3B597061-D8C9-501D-AA30-8B495144CAF5,2016-02-26,SAMPLE_ITEM_003,SAMPLE_TX_1,XGBoost,day_of_month,26,-0.39140019,0.39140019,NEGATIVE,4,Day of month (26) decreased the forecast by 0.391 units relative to the model baseline.
3B597061-D8C9-501D-AA30-8B495144CAF5,2016-02-26,SAMPLE_ITEM_003,SAMPLE_TX_1,XGBoost,current_price,9.35,-0.36110982,0.36110982,NEGATIVE,5,The current price (9.35) decreased the forecast by 0.361 units relative to the model baseline.
1EB87B43-B5F6-50DF-A707-FD50CE9DE2AE,2016-02-27,SAMPLE_ITEM_003,SAMPLE_TX_1,XGBoost,days_of_supply,49.05725706140213,-0.66746432,0.66746432,NEGATIVE,1,Days of supply (49.05725706140213) decreased the forecast by 0.667 units relative to the model baseline.
1EB87B43-B5F6-50DF-A707-FD50CE9DE2AE,2016-02-27,SAMPLE_ITEM_003,SAMPLE_TX_1,XGBoost,rolling_mean_7,4.219559192657471,-0.52928025,0.52928025,NEGATIVE,2,The recent seven-day demand average (4.219559192657471) decreased the forecast by 0.529 units relative to the model baseline.
1EB87B43-B5F6-50DF-A707-FD50CE9DE2AE,2016-02-27,SAMPLE_ITEM_003,SAMPLE_TX_1,XGBoost,current_stock,207.0,0.43840483,0.43840483,POSITIVE,3,Current stock (207.0) increased the forecast by 0.438 units relative to the model baseline.
1EB87B43-B5F6-50DF-A707-FD50CE9DE2AE,2016-02-27,SAMPLE_ITEM_003,SAMPLE_TX_1,XGBoost,day_of_month,27,-0.38378328,0.38378328,NEGATIVE,4,Day of month (27) decreased the forecast by 0.384 units relative to the model baseline.
1EB87B43-B5F6-50DF-A707-FD50CE9DE2AE,2016-02-27,SAMPLE_ITEM_003,SAMPLE_TX_1,XGBoost,current_price,9.35,-0.29510888,0.29510888,NEGATIVE,5,The current price (9.35) decreased the forecast by 0.295 units relative to the model baseline.
0C8E6E13-0FC8-5A44-89E8-08E596F33BD8,2016-02-28,SAMPLE_ITEM_003,SAMPLE_TX_1,XGBoost,day_of_week,6,0.59573233,0.59573233,POSITIVE,1,The day of week (6) increased the forecast by 0.596 units relative to the model baseline.
0C8E6E13-0FC8-5A44-89E8-08E596F33BD8,2016-02-28,SAMPLE_ITEM_003,SAMPLE_TX_1,XGBoost,current_stock,207.0,0.48824248,0.48824248,POSITIVE,2,Current stock (207.0) increased the forecast by 0.488 units relative to the model baseline.
0C8E6E13-0FC8-5A44-89E8-08E596F33BD8,2016-02-28,SAMPLE_ITEM_003,SAMPLE_TX_1,XGBoost,day_of_month,28,-0.45172071,0.45172071,NEGATIVE,3,Day of month (28) decreased the forecast by 0.452 units relative to the model baseline.
0C8E6E13-0FC8-5A44-89E8-08E596F33BD8,2016-02-28,SAMPLE_ITEM_003,SAMPLE_TX_1,XGBoost,days_of_supply,50.46371163783596,-0.42422417,0.42422417,NEGATIVE,4,Days of supply (50.46371163783596) decreased the forecast by 0.424 units relative to the model baseline.
0C8E6E13-0FC8-5A44-89E8-08E596F33BD8,2016-02-28,SAMPLE_ITEM_003,SAMPLE_TX_1,XGBoost,rolling_mean_7,4.101957491465977,-0.34187326,0.34187326,NEGATIVE,5,The recent seven-day demand average (4.101957491465977) decreased the forecast by 0.342 units relative to the model baseline.
14091F05-CF79-5A35-97C1-A5E06A0E7F3E,2016-02-29,SAMPLE_ITEM_003,SAMPLE_TX_1,XGBoost,days_of_supply,49.20083754525845,-0.57454675,0.57454675,NEGATIVE,1,Days of supply (49.20083754525845) decreased the forecast by 0.575 units relative to the model baseline.
14091F05-CF79-5A35-97C1-A5E06A0E7F3E,2016-02-29,SAMPLE_ITEM_003,SAMPLE_TX_1,XGBoost,current_stock,207.0,0.49010280,0.49010280,POSITIVE,2,Current stock (207.0) increased the forecast by 0.490 units relative to the model baseline.
14091F05-CF79-5A35-97C1-A5E06A0E7F3E,2016-02-29,SAMPLE_ITEM_003,SAMPLE_TX_1,XGBoost,day_of_month,29,-0.37022868,0.37022868,NEGATIVE,3,Day of month (29) decreased the forecast by 0.370 units relative to the model baseline.
14091F05-CF79-5A35-97C1-A5E06A0E7F3E,2016-02-29,SAMPLE_ITEM_003,SAMPLE_TX_1,XGBoost,current_price,9.35,-0.36680928,0.36680928,NEGATIVE,4,The current price (9.35) decreased the forecast by 0.367 units relative to the model baseline.
14091F05-CF79-5A35-97C1-A5E06A0E7F3E,2016-02-29,SAMPLE_ITEM_003,SAMPLE_TX_1,XGBoost,rolling_mean_7,4.207245452063424,-0.31413522,0.31413522,NEGATIVE,5,The recent seven-day demand average (4.207245452063424) decreased the forecast by 0.314 units relative to the model baseline.
01797C21-F548-5AD6-8383-54CB9045B70E,2016-03-01,SAMPLE_ITEM_003,SAMPLE_TX_1,XGBoost,day_of_month,1,0.75633913,0.75633913,POSITIVE,1,Day of month (1) increased the forecast by 0.756 units relative to the model baseline.
01797C21-F548-5AD6-8383-54CB9045B70E,2016-03-01,SAMPLE_ITEM_003,SAMPLE_TX_1,XGBoost,days_of_supply,48.92180779616795,-0.55108243,0.55108243,NEGATIVE,2,Days of supply (48.92180779616795) decreased the forecast by 0.551 units relative to the model baseline.
01797C21-F548-5AD6-8383-54CB9045B70E,2016-03-01,SAMPLE_ITEM_003,SAMPLE_TX_1,XGBoost,current_stock,207.0,0.48941931,0.48941931,POSITIVE,3,Current stock (207.0) increased the forecast by 0.489 units relative to the model baseline.
01797C21-F548-5AD6-8383-54CB9045B70E,2016-03-01,SAMPLE_ITEM_003,SAMPLE_TX_1,XGBoost,rolling_mean_7,4.231241839272635,-0.41725153,0.41725153,NEGATIVE,4,The recent seven-day demand average (4.231241839272635) decreased the forecast by 0.417 units relative to the model baseline.
01797C21-F548-5AD6-8383-54CB9045B70E,2016-03-01,SAMPLE_ITEM_003,SAMPLE_TX_1,XGBoost,current_price,9.35,-0.28239459,0.28239459,NEGATIVE,5,The current price (9.35) decreased the forecast by 0.282 units relative to the model baseline.
FD84ECF3-5CD0-5A1D-B492-B50C2A61D727,2016-03-02,SAMPLE_ITEM_003,SAMPLE_TX_1,XGBoost,day_of_month,2,0.74387723,0.74387723,POSITIVE,1,Day of month (2) increased the forecast by 0.744 units relative to the model baseline.
FD84ECF3-5CD0-5A1D-B492-B50C2A61D727,2016-03-02,SAMPLE_ITEM_003,SAMPLE_TX_1,XGBoost,days_of_supply,47.367541422919565,-0.58823955,0.58823955,NEGATIVE,2,Days of supply (47.367541422919565) decreased the forecast by 0.588 units relative to the model baseline.
FD84ECF3-5CD0-5A1D-B492-B50C2A61D727,2016-03-02,SAMPLE_ITEM_003,SAMPLE_TX_1,XGBoost,current_stock,207.0,0.49494365,0.49494365,POSITIVE,3,Current stock (207.0) increased the forecast by 0.495 units relative to the model baseline.
FD84ECF3-5CD0-5A1D-B492-B50C2A61D727,2016-03-02,SAMPLE_ITEM_003,SAMPLE_TX_1,XGBoost,rolling_mean_7,4.370081152234759,-0.44973236,0.44973236,NEGATIVE,4,The recent seven-day demand average (4.370081152234759) decreased the forecast by 0.450 units relative to the model baseline.
FD84ECF3-5CD0-5A1D-B492-B50C2A61D727,2016-03-02,SAMPLE_ITEM_003,SAMPLE_TX_1,XGBoost,current_price,9.35,-0.26637068,0.26637068,NEGATIVE,5,The current price (9.35) decreased the forecast by 0.266 units relative to the model baseline.
A5866D5C-E5E8-54F2-98F1-162A0EDBF49D,2016-03-03,SAMPLE_ITEM_003,SAMPLE_TX_1,XGBoost,day_of_month,3,0.76580083,0.76580083,POSITIVE,1,Day of month (3) increased the forecast by 0.766 units relative to the model baseline.
A5866D5C-E5E8-54F2-98F1-162A0EDBF49D,2016-03-03,SAMPLE_ITEM_003,SAMPLE_TX_1,XGBoost,days_of_supply,45.515328288224026,-0.56729811,0.56729811,NEGATIVE,2,Days of supply (45.515328288224026) decreased the forecast by 0.567 units relative to the model baseline.
A5866D5C-E5E8-54F2-98F1-162A0EDBF49D,2016-03-03,SAMPLE_ITEM_003,SAMPLE_TX_1,XGBoost,current_stock,207.0,0.49817690,0.49817690,POSITIVE,3,Current stock (207.0) increased the forecast by 0.498 units relative to the model baseline.
A5866D5C-E5E8-54F2-98F1-162A0EDBF49D,2016-03-03,SAMPLE_ITEM_003,SAMPLE_TX_1,XGBoost,rolling_mean_7,4.54791842188154,-0.45568702,0.45568702,NEGATIVE,4,The recent seven-day demand average (4.54791842188154) decreased the forecast by 0.456 units relative to the model baseline.
A5866D5C-E5E8-54F2-98F1-162A0EDBF49D,2016-03-03,SAMPLE_ITEM_003,SAMPLE_TX_1,XGBoost,current_price,9.35,-0.26439238,0.26439238,NEGATIVE,5,The current price (9.35) decreased the forecast by 0.264 units relative to the model baseline.
207B588C-F737-5452-B29E-94E572CA80AC,2016-03-04,SAMPLE_ITEM_003,SAMPLE_TX_1,XGBoost,day_of_month,4,0.76580083,0.76580083,POSITIVE,1,Day of month (4) increased the forecast by 0.766 units relative to the model baseline.
207B588C-F737-5452-B29E-94E572CA80AC,2016-03-04,SAMPLE_ITEM_003,SAMPLE_TX_1,XGBoost,days_of_supply,44.17933481499984,-0.56422311,0.56422311,NEGATIVE,2,Days of supply (44.17933481499984) decreased the forecast by 0.564 units relative to the model baseline.
207B588C-F737-5452-B29E-94E572CA80AC,2016-03-04,SAMPLE_ITEM_003,SAMPLE_TX_1,XGBoost,current_stock,207.0,0.49817690,0.49817690,POSITIVE,3,Current stock (207.0) increased the forecast by 0.498 units relative to the model baseline.
207B588C-F737-5452-B29E-94E572CA80AC,2016-03-04,SAMPLE_ITEM_003,SAMPLE_TX_1,XGBoost,rolling_mean_7,4.685448544366019,-0.47412226,0.47412226,NEGATIVE,4,The recent seven-day demand average (4.685448544366019) decreased the forecast by 0.474 units relative to the model baseline.
207B588C-F737-5452-B29E-94E572CA80AC,2016-03-04,SAMPLE_ITEM_003,SAMPLE_TX_1,XGBoost,current_price,9.35,-0.26260310,0.26260310,NEGATIVE,5,The current price (9.35) decreased the forecast by 0.263 units relative to the model baseline.
0E580684-F90A-54BE-8304-745A3A0CD2D7,2016-03-05,SAMPLE_ITEM_003,SAMPLE_TX_1,XGBoost,day_of_month,5,0.74261558,0.74261558,POSITIVE,1,Day of month (5) increased the forecast by 0.743 units relative to the model baseline.
0E580684-F90A-54BE-8304-745A3A0CD2D7,2016-03-05,SAMPLE_ITEM_003,SAMPLE_TX_1,XGBoost,days_of_supply,42.53827672645481,-0.59546298,0.59546298,NEGATIVE,2,Days of supply (42.53827672645481) decreased the forecast by 0.595 units relative to the model baseline.
0E580684-F90A-54BE-8304-745A3A0CD2D7,2016-03-05,SAMPLE_ITEM_003,SAMPLE_TX_1,XGBoost,rolling_mean_7,4.866205590111869,-0.53214723,0.53214723,NEGATIVE,3,The recent seven-day demand average (4.866205590111869) decreased the forecast by 0.532 units relative to the model baseline.
0E580684-F90A-54BE-8304-745A3A0CD2D7,2016-03-05,SAMPLE_ITEM_003,SAMPLE_TX_1,XGBoost,current_stock,207.0,0.45236036,0.45236036,POSITIVE,4,Current stock (207.0) increased the forecast by 0.452 units relative to the model baseline.
0E580684-F90A-54BE-8304-745A3A0CD2D7,2016-03-05,SAMPLE_ITEM_003,SAMPLE_TX_1,XGBoost,current_price,9.35,-0.25526881,0.25526881,NEGATIVE,5,The current price (9.35) decreased the forecast by 0.255 units relative to the model baseline.
8DC18287-BB34-5802-A9FE-33B414757EDF,2016-03-06,SAMPLE_ITEM_003,SAMPLE_TX_1,XGBoost,day_of_month,6,0.71276271,0.71276271,POSITIVE,1,Day of month (6) increased the forecast by 0.713 units relative to the model baseline.
8DC18287-BB34-5802-A9FE-33B414757EDF,2016-03-06,SAMPLE_ITEM_003,SAMPLE_TX_1,XGBoost,day_of_week,6,0.51634973,0.51634973,POSITIVE,2,The day of week (6) increased the forecast by 0.516 units relative to the model baseline.
8DC18287-BB34-5802-A9FE-33B414757EDF,2016-03-06,SAMPLE_ITEM_003,SAMPLE_TX_1,XGBoost,current_stock,207.0,0.51307261,0.51307261,POSITIVE,3,Current stock (207.0) increased the forecast by 0.513 units relative to the model baseline.
8DC18287-BB34-5802-A9FE-33B414757EDF,2016-03-06,SAMPLE_ITEM_003,SAMPLE_TX_1,XGBoost,current_price,9.35,-0.35631913,0.35631913,NEGATIVE,4,The current price (9.35) decreased the forecast by 0.356 units relative to the model baseline.
8DC18287-BB34-5802-A9FE-33B414757EDF,2016-03-06,SAMPLE_ITEM_003,SAMPLE_TX_1,XGBoost,days_of_supply,41.12842971428794,-0.33844635,0.33844635,NEGATIVE,5,Days of supply (41.12842971428794) decreased the forecast by 0.338 units relative to the model baseline.
6E391E56-5C3B-5E89-B0AB-259770E84114,2016-03-07,SAMPLE_ITEM_003,SAMPLE_TX_1,XGBoost,day_of_month,7,0.77186817,0.77186817,POSITIVE,1,Day of month (7) increased the forecast by 0.772 units relative to the model baseline.
6E391E56-5C3B-5E89-B0AB-259770E84114,2016-03-07,SAMPLE_ITEM_003,SAMPLE_TX_1,XGBoost,days_of_supply,39.99361170525454,-0.53217405,0.53217405,NEGATIVE,2,Days of supply (39.99361170525454) decreased the forecast by 0.532 units relative to the model baseline.
6E391E56-5C3B-5E89-B0AB-259770E84114,2016-03-07,SAMPLE_ITEM_003,SAMPLE_TX_1,XGBoost,current_stock,207.0,0.41491696,0.41491696,POSITIVE,3,Current stock (207.0) increased the forecast by 0.415 units relative to the model baseline.
6E391E56-5C3B-5E89-B0AB-259770E84114,2016-03-07,SAMPLE_ITEM_003,SAMPLE_TX_1,XGBoost,current_price,9.35,-0.38121715,0.38121715,NEGATIVE,4,The current price (9.35) decreased the forecast by 0.381 units relative to the model baseline.
6E391E56-5C3B-5E89-B0AB-259770E84114,2016-03-07,SAMPLE_ITEM_003,SAMPLE_TX_1,XGBoost,lag_1,6.462894916534424,-0.21146217,0.21146217,NEGATIVE,5,Yesterday's demand (6.462894916534424) decreased the forecast by 0.211 units relative to the model baseline.
C0142D11-5AB5-5928-8A55-31A6AB0FF439,2016-03-08,SAMPLE_ITEM_003,SAMPLE_TX_1,XGBoost,day_of_month,8,0.72561038,0.72561038,POSITIVE,1,Day of month (8) increased the forecast by 0.726 units relative to the model baseline.
C0142D11-5AB5-5928-8A55-31A6AB0FF439,2016-03-08,SAMPLE_ITEM_003,SAMPLE_TX_1,XGBoost,days_of_supply,38.331693441084,-0.53659922,0.53659922,NEGATIVE,2,Days of supply (38.331693441084) decreased the forecast by 0.537 units relative to the model baseline.
C0142D11-5AB5-5928-8A55-31A6AB0FF439,2016-03-08,SAMPLE_ITEM_003,SAMPLE_TX_1,XGBoost,current_stock,207.0,0.43154421,0.43154421,POSITIVE,3,Current stock (207.0) increased the forecast by 0.432 units relative to the model baseline.
C0142D11-5AB5-5928-8A55-31A6AB0FF439,2016-03-08,SAMPLE_ITEM_003,SAMPLE_TX_1,XGBoost,current_price,9.35,-0.39515746,0.39515746,NEGATIVE,4,The current price (9.35) decreased the forecast by 0.395 units relative to the model baseline.
C0142D11-5AB5-5928-8A55-31A6AB0FF439,2016-03-08,SAMPLE_ITEM_003,SAMPLE_TX_1,XGBoost,rolling_mean_7,5.40023102079119,0.17226800,0.17226800,POSITIVE,5,The recent seven-day demand average (5.40023102079119) increased the forecast by 0.172 units relative to the model baseline.
5D053904-E413-5BC6-BC43-5936179B6481,2016-03-09,SAMPLE_ITEM_003,SAMPLE_TX_1,XGBoost,day_of_month,9,0.72608644,0.72608644,POSITIVE,1,Day of month (9) increased the forecast by 0.726 units relative to the model baseline.
5D053904-E413-5BC6-BC43-5936179B6481,2016-03-09,SAMPLE_ITEM_003,SAMPLE_TX_1,XGBoost,days_of_supply,38.08520673726571,-0.54895782,0.54895782,NEGATIVE,2,Days of supply (38.08520673726571) decreased the forecast by 0.549 units relative to the model baseline.
5D053904-E413-5BC6-BC43-5936179B6481,2016-03-09,SAMPLE_ITEM_003,SAMPLE_TX_1,XGBoost,current_stock,207.0,0.42995390,0.42995390,POSITIVE,3,Current stock (207.0) increased the forecast by 0.430 units relative to the model baseline.
5D053904-E413-5BC6-BC43-5936179B6481,2016-03-09,SAMPLE_ITEM_003,SAMPLE_TX_1,XGBoost,current_price,9.35,-0.36428514,0.36428514,NEGATIVE,4,The current price (9.35) decreased the forecast by 0.364 units relative to the model baseline.
5D053904-E413-5BC6-BC43-5936179B6481,2016-03-09,SAMPLE_ITEM_003,SAMPLE_TX_1,XGBoost,rolling_mean_7,5.435181209019253,0.18371008,0.18371008,POSITIVE,5,The recent seven-day demand average (5.435181209019253) increased the forecast by 0.184 units relative to the model baseline.
6CED8B0F-A35C-56A8-975B-977862F76A9B,2016-03-10,SAMPLE_ITEM_003,SAMPLE_TX_1,XGBoost,day_of_month,10,0.73539442,0.73539442,POSITIVE,1,Day of month (10) increased the forecast by 0.735 units relative to the model baseline.
6CED8B0F-A35C-56A8-975B-977862F76A9B,2016-03-10,SAMPLE_ITEM_003,SAMPLE_TX_1,XGBoost,days_of_supply,37.68019362145634,-0.55281484,0.55281484,NEGATIVE,2,Days of supply (37.68019362145634) decreased the forecast by 0.553 units relative to the model baseline.
6CED8B0F-A35C-56A8-975B-977862F76A9B,2016-03-10,SAMPLE_ITEM_003,SAMPLE_TX_1,XGBoost,current_stock,207.0,0.43318722,0.43318722,POSITIVE,3,Current stock (207.0) increased the forecast by 0.433 units relative to the model baseline.
6CED8B0F-A35C-56A8-975B-977862F76A9B,2016-03-10,SAMPLE_ITEM_003,SAMPLE_TX_1,XGBoost,current_price,9.35,-0.34723839,0.34723839,NEGATIVE,4,The current price (9.35) decreased the forecast by 0.347 units relative to the model baseline.
6CED8B0F-A35C-56A8-975B-977862F76A9B,2016-03-10,SAMPLE_ITEM_003,SAMPLE_TX_1,XGBoost,rolling_mean_7,5.493602343967983,0.17255585,0.17255585,POSITIVE,5,The recent seven-day demand average (5.493602343967983) increased the forecast by 0.173 units relative to the model baseline.
96EBCCDB-9A06-5A8C-8E01-6FE7E2BD48D5,2016-03-11,SAMPLE_ITEM_003,SAMPLE_TX_1,XGBoost,day_of_month,11,0.73539442,0.73539442,POSITIVE,1,Day of month (11) increased the forecast by 0.735 units relative to the model baseline.
96EBCCDB-9A06-5A8C-8E01-6FE7E2BD48D5,2016-03-11,SAMPLE_ITEM_003,SAMPLE_TX_1,XGBoost,days_of_supply,37.45724973158565,-0.54973984,0.54973984,NEGATIVE,2,Days of supply (37.45724973158565) decreased the forecast by 0.550 units relative to the model baseline.
96EBCCDB-9A06-5A8C-8E01-6FE7E2BD48D5,2016-03-11,SAMPLE_ITEM_003,SAMPLE_TX_1,XGBoost,current_stock,207.0,0.43318722,0.43318722,POSITIVE,3,Current stock (207.0) increased the forecast by 0.433 units relative to the model baseline.
96EBCCDB-9A06-5A8C-8E01-6FE7E2BD48D5,2016-03-11,SAMPLE_ITEM_003,SAMPLE_TX_1,XGBoost,current_price,9.35,-0.34544912,0.34544912,NEGATIVE,4,The current price (9.35) decreased the forecast by 0.345 units relative to the model baseline.
96EBCCDB-9A06-5A8C-8E01-6FE7E2BD48D5,2016-03-11,SAMPLE_ITEM_003,SAMPLE_TX_1,XGBoost,rolling_mean_7,5.526300021580288,0.18454102,0.18454102,POSITIVE,5,The recent seven-day demand average (5.526300021580288) increased the forecast by 0.185 units relative to the model baseline.
98574DB4-F06D-5E89-919D-6EBB12375E23,2016-03-12,SAMPLE_ITEM_003,SAMPLE_TX_1,XGBoost,day_of_month,12,0.79758614,0.79758614,POSITIVE,1,Day of month (12) increased the forecast by 0.798 units relative to the model baseline.
98574DB4-F06D-5E89-919D-6EBB12375E23,2016-03-12,SAMPLE_ITEM_003,SAMPLE_TX_1,XGBoost,days_of_supply,37.180906880744175,-0.55734789,0.55734789,NEGATIVE,2,Days of supply (37.180906880744175) decreased the forecast by 0.557 units relative to the model baseline.
98574DB4-F06D-5E89-919D-6EBB12375E23,2016-03-12,SAMPLE_ITEM_003,SAMPLE_TX_1,XGBoost,current_stock,207.0,0.42299449,0.42299449,POSITIVE,3,Current stock (207.0) increased the forecast by 0.423 units relative to the model baseline.
98574DB4-F06D-5E89-919D-6EBB12375E23,2016-03-12,SAMPLE_ITEM_003,SAMPLE_TX_1,XGBoost,current_price,9.35,-0.34040567,0.34040567,NEGATIVE,4,The current price (9.35) decreased the forecast by 0.340 units relative to the model baseline.
98574DB4-F06D-5E89-919D-6EBB12375E23,2016-03-12,SAMPLE_ITEM_003,SAMPLE_TX_1,XGBoost,rolling_mean_7,5.567373616354806,0.26074174,0.26074174,POSITIVE,5,The recent seven-day demand average (5.567373616354806) increased the forecast by 0.261 units relative to the model baseline.
014D98F5-4241-5E0A-AC7C-3F7F5EED0E4B,2016-03-13,SAMPLE_ITEM_003,SAMPLE_TX_1,XGBoost,day_of_month,13,0.59747809,0.59747809,POSITIVE,1,Day of month (13) increased the forecast by 0.597 units relative to the model baseline.
014D98F5-4241-5E0A-AC7C-3F7F5EED0E4B,2016-03-13,SAMPLE_ITEM_003,SAMPLE_TX_1,XGBoost,day_of_week,6,0.51474410,0.51474410,POSITIVE,2,The day of week (6) increased the forecast by 0.515 units relative to the model baseline.
014D98F5-4241-5E0A-AC7C-3F7F5EED0E4B,2016-03-13,SAMPLE_ITEM_003,SAMPLE_TX_1,XGBoost,current_stock,207.0,0.45732474,0.45732474,POSITIVE,3,Current stock (207.0) increased the forecast by 0.457 units relative to the model baseline.
014D98F5-4241-5E0A-AC7C-3F7F5EED0E4B,2016-03-13,SAMPLE_ITEM_003,SAMPLE_TX_1,XGBoost,current_price,9.35,-0.43715867,0.43715867,NEGATIVE,4,The current price (9.35) decreased the forecast by 0.437 units relative to the model baseline.
014D98F5-4241-5E0A-AC7C-3F7F5EED0E4B,2016-03-13,SAMPLE_ITEM_003,SAMPLE_TX_1,XGBoost,days_of_supply,36.16660000320156,-0.36264738,0.36264738,NEGATIVE,5,Days of supply (36.16660000320156) decreased the forecast by 0.363 units relative to the model baseline.
5B4800CD-1B78-529D-9D2B-246DF0BA11D7,2016-03-14,SAMPLE_ITEM_003,SAMPLE_TX_1,XGBoost,day_of_month,14,0.71385574,0.71385574,POSITIVE,1,Day of month (14) increased the forecast by 0.714 units relative to the model baseline.
5B4800CD-1B78-529D-9D2B-246DF0BA11D7,2016-03-14,SAMPLE_ITEM_003,SAMPLE_TX_1,XGBoost,days_of_supply,36.498225193918046,-0.53499490,0.53499490,NEGATIVE,2,Days of supply (36.498225193918046) decreased the forecast by 0.535 units relative to the model baseline.
5B4800CD-1B78-529D-9D2B-246DF0BA11D7,2016-03-14,SAMPLE_ITEM_003,SAMPLE_TX_1,XGBoost,current_stock,207.0,0.40780237,0.40780237,POSITIVE,3,Current stock (207.0) increased the forecast by 0.408 units relative to the model baseline.
5B4800CD-1B78-529D-9D2B-246DF0BA11D7,2016-03-14,SAMPLE_ITEM_003,SAMPLE_TX_1,XGBoost,current_price,9.35,-0.37236410,0.37236410,NEGATIVE,4,The current price (9.35) decreased the forecast by 0.372 units relative to the model baseline.
5B4800CD-1B78-529D-9D2B-246DF0BA11D7,2016-03-14,SAMPLE_ITEM_003,SAMPLE_TX_1,XGBoost,lag_1,6.098865509033203,-0.21419743,0.21419743,NEGATIVE,5,Yesterday's demand (6.098865509033203) decreased the forecast by 0.214 units relative to the model baseline.
B8883EA0-F7B1-58F9-B6ED-658B5D34E283,2016-03-15,SAMPLE_ITEM_003,SAMPLE_TX_1,XGBoost,day_of_month,15,0.68836218,0.68836218,POSITIVE,1,Day of month (15) increased the forecast by 0.688 units relative to the model baseline.
B8883EA0-F7B1-58F9-B6ED-658B5D34E283,2016-03-15,SAMPLE_ITEM_003,SAMPLE_TX_1,XGBoost,days_of_supply,36.88540267973086,-0.57308394,0.57308394,NEGATIVE,2,Days of supply (36.88540267973086) decreased the forecast by 0.573 units relative to the model baseline.
B8883EA0-F7B1-58F9-B6ED-658B5D34E283,2016-03-15,SAMPLE_ITEM_003,SAMPLE_TX_1,XGBoost,current_price,9.35,-0.47140765,0.47140765,NEGATIVE,3,The current price (9.35) decreased the forecast by 0.471 units relative to the model baseline.
B8883EA0-F7B1-58F9-B6ED-658B5D34E283,2016-03-15,SAMPLE_ITEM_003,SAMPLE_TX_1,XGBoost,current_stock,207.0,0.39242360,0.39242360,POSITIVE,4,Current stock (207.0) increased the forecast by 0.392 units relative to the model baseline.
B8883EA0-F7B1-58F9-B6ED-658B5D34E283,2016-03-15,SAMPLE_ITEM_003,SAMPLE_TX_1,XGBoost,rolling_mean_7,5.611976146697998,0.19909441,0.19909441,POSITIVE,5,The recent seven-day demand average (5.611976146697998) increased the forecast by 0.199 units relative to the model baseline.
5ED52BC3-E5C8-5A35-AE33-52F6B26C1258,2016-03-16,SAMPLE_ITEM_003,SAMPLE_TX_1,XGBoost,days_of_supply,37.08865786806957,-0.61075783,0.61075783,NEGATIVE,1,Days of supply (37.08865786806957) decreased the forecast by 0.611 units relative to the model baseline.
5ED52BC3-E5C8-5A35-AE33-52F6B26C1258,2016-03-16,SAMPLE_ITEM_003,SAMPLE_TX_1,XGBoost,current_price,9.35,-0.43739998,0.43739998,NEGATIVE,2,The current price (9.35) decreased the forecast by 0.437 units relative to the model baseline.
5ED52BC3-E5C8-5A35-AE33-52F6B26C1258,2016-03-16,SAMPLE_ITEM_003,SAMPLE_TX_1,XGBoost,current_stock,207.0,0.39932096,0.39932096,POSITIVE,3,Current stock (207.0) increased the forecast by 0.399 units relative to the model baseline.
5ED52BC3-E5C8-5A35-AE33-52F6B26C1258,2016-03-16,SAMPLE_ITEM_003,SAMPLE_TX_1,XGBoost,rolling_mean_7,5.581221103668213,0.21861939,0.21861939,POSITIVE,4,The recent seven-day demand average (5.581221103668213) increased the forecast by 0.219 units relative to the model baseline.
5ED52BC3-E5C8-5A35-AE33-52F6B26C1258,2016-03-16,SAMPLE_ITEM_003,SAMPLE_TX_1,XGBoost,price_change_percentage,0.0,0.19360624,0.19360624,POSITIVE,5,Price change percentage (0.0) increased the forecast by 0.194 units relative to the model baseline.
DCDAE06B-59A4-505E-82B7-9E726A3E2A41,2016-03-17,SAMPLE_ITEM_003,SAMPLE_TX_1,XGBoost,days_of_supply,37.79634060837619,-0.51093251,0.51093251,NEGATIVE,1,Days of supply (37.79634060837619) decreased the forecast by 0.511 units relative to the model baseline.
DCDAE06B-59A4-505E-82B7-9E726A3E2A41,2016-03-17,SAMPLE_ITEM_003,SAMPLE_TX_1,XGBoost,current_price,9.35,-0.44736591,0.44736591,NEGATIVE,2,The current price (9.35) decreased the forecast by 0.447 units relative to the model baseline.
DCDAE06B-59A4-505E-82B7-9E726A3E2A41,2016-03-17,SAMPLE_ITEM_003,SAMPLE_TX_1,XGBoost,current_stock,207.0,0.43040529,0.43040529,POSITIVE,3,Current stock (207.0) increased the forecast by 0.430 units relative to the model baseline.
DCDAE06B-59A4-505E-82B7-9E726A3E2A41,2016-03-17,SAMPLE_ITEM_003,SAMPLE_TX_1,XGBoost,price_change_percentage,0.0,0.19604784,0.19604784,POSITIVE,4,Price change percentage (0.0) increased the forecast by 0.196 units relative to the model baseline.
DCDAE06B-59A4-505E-82B7-9E726A3E2A41,2016-03-17,SAMPLE_ITEM_003,SAMPLE_TX_1,XGBoost,lag_1,4.761147499084473,-0.18215461,0.18215461,NEGATIVE,5,Yesterday's demand (4.761147499084473) decreased the forecast by 0.182 units relative to the model baseline.
FEFCF992-76AB-57DF-A38E-6EC86515B6C5,2016-03-18,SAMPLE_ITEM_003,SAMPLE_TX_1,XGBoost,days_of_supply,38.63127393150178,-0.52968866,0.52968866,NEGATIVE,1,Days of supply (38.63127393150178) decreased the forecast by 0.530 units relative to the model baseline.
FEFCF992-76AB-57DF-A38E-6EC86515B6C5,2016-03-18,SAMPLE_ITEM_003,SAMPLE_TX_1,XGBoost,current_price,9.35,-0.45383599,0.45383599,NEGATIVE,2,The current price (9.35) decreased the forecast by 0.454 units relative to the model baseline.
FEFCF992-76AB-57DF-A38E-6EC86515B6C5,2016-03-18,SAMPLE_ITEM_003,SAMPLE_TX_1,XGBoost,current_stock,207.0,0.43751994,0.43751994,POSITIVE,3,Current stock (207.0) increased the forecast by 0.438 units relative to the model baseline.
FEFCF992-76AB-57DF-A38E-6EC86515B6C5,2016-03-18,SAMPLE_ITEM_003,SAMPLE_TX_1,XGBoost,price_change_percentage,0.0,0.19335292,0.19335292,POSITIVE,4,Price change percentage (0.0) increased the forecast by 0.193 units relative to the model baseline.
FEFCF992-76AB-57DF-A38E-6EC86515B6C5,2016-03-18,SAMPLE_ITEM_003,SAMPLE_TX_1,XGBoost,lag_1,4.537484169006348,-0.15529972,0.15529972,NEGATIVE,5,Yesterday's demand (4.537484169006348) decreased the forecast by 0.155 units relative to the model baseline.
823CCDEA-F505-5D1A-840A-9501901FA1BA,2016-03-19,SAMPLE_ITEM_003,SAMPLE_TX_1,XGBoost,days_of_supply,39.529509465272696,-0.53005189,0.53005189,NEGATIVE,1,Days of supply (39.529509465272696) decreased the forecast by 0.530 units relative to the model baseline.
823CCDEA-F505-5D1A-840A-9501901FA1BA,2016-03-19,SAMPLE_ITEM_003,SAMPLE_TX_1,XGBoost,current_stock,207.0,0.45933324,0.45933324,POSITIVE,2,Current stock (207.0) increased the forecast by 0.459 units relative to the model baseline.
823CCDEA-F505-5D1A-840A-9501901FA1BA,2016-03-19,SAMPLE_ITEM_003,SAMPLE_TX_1,XGBoost,current_price,9.35,-0.34668326,0.34668326,NEGATIVE,3,The current price (9.35) decreased the forecast by 0.347 units relative to the model baseline.
823CCDEA-F505-5D1A-840A-9501901FA1BA,2016-03-19,SAMPLE_ITEM_003,SAMPLE_TX_1,XGBoost,rolling_mean_7,5.236594200134277,0.20663287,0.20663287,POSITIVE,4,The recent seven-day demand average (5.236594200134277) increased the forecast by 0.207 units relative to the model baseline.
823CCDEA-F505-5D1A-840A-9501901FA1BA,2016-03-19,SAMPLE_ITEM_003,SAMPLE_TX_1,XGBoost,price_change_percentage,0.0,0.18440244,0.18440244,POSITIVE,5,Price change percentage (0.0) increased the forecast by 0.184 units relative to the model baseline.
C12BD611-535D-5784-AF0D-BED04562E3E2,2016-03-20,SAMPLE_ITEM_003,SAMPLE_TX_1,XGBoost,day_of_week,6,0.53287816,0.53287816,POSITIVE,1,The day of week (6) increased the forecast by 0.533 units relative to the model baseline.
C12BD611-535D-5784-AF0D-BED04562E3E2,2016-03-20,SAMPLE_ITEM_003,SAMPLE_TX_1,XGBoost,current_stock,207.0,0.50175279,0.50175279,POSITIVE,2,Current stock (207.0) increased the forecast by 0.502 units relative to the model baseline.
C12BD611-535D-5784-AF0D-BED04562E3E2,2016-03-20,SAMPLE_ITEM_003,SAMPLE_TX_1,XGBoost,days_of_supply,41.156558336616804,-0.40009025,0.40009025,NEGATIVE,3,Days of supply (41.156558336616804) decreased the forecast by 0.400 units relative to the model baseline.
C12BD611-535D-5784-AF0D-BED04562E3E2,2016-03-20,SAMPLE_ITEM_003,SAMPLE_TX_1,XGBoost,current_price,9.35,-0.35209984,0.35209984,NEGATIVE,4,The current price (9.35) decreased the forecast by 0.352 units relative to the model baseline.
C12BD611-535D-5784-AF0D-BED04562E3E2,2016-03-20,SAMPLE_ITEM_003,SAMPLE_TX_1,XGBoost,lag_14,6.462894916534424,0.24942230,0.24942230,POSITIVE,5,Demand fourteen days ago (6.462894916534424) increased the forecast by 0.249 units relative to the model baseline.
DD3ABAE2-01A3-5E22-A06F-3A663C9031EA,2016-03-21,SAMPLE_ITEM_003,SAMPLE_TX_1,XGBoost,days_of_supply,41.90736870227053,-0.55476844,0.55476844,NEGATIVE,1,Days of supply (41.90736870227053) decreased the forecast by 0.555 units relative to the model baseline.
DD3ABAE2-01A3-5E22-A06F-3A663C9031EA,2016-03-21,SAMPLE_ITEM_003,SAMPLE_TX_1,XGBoost,current_stock,207.0,0.49010280,0.49010280,POSITIVE,2,Current stock (207.0) increased the forecast by 0.490 units relative to the model baseline.
DD3ABAE2-01A3-5E22-A06F-3A663C9031EA,2016-03-21,SAMPLE_ITEM_003,SAMPLE_TX_1,XGBoost,day_of_month,21,-0.37970233,0.37970233,NEGATIVE,3,Day of month (21) decreased the forecast by 0.380 units relative to the model baseline.
DD3ABAE2-01A3-5E22-A06F-3A663C9031EA,2016-03-21,SAMPLE_ITEM_003,SAMPLE_TX_1,XGBoost,current_price,9.35,-0.37910685,0.37910685,NEGATIVE,4,The current price (9.35) decreased the forecast by 0.379 units relative to the model baseline.
DD3ABAE2-01A3-5E22-A06F-3A663C9031EA,2016-03-21,SAMPLE_ITEM_003,SAMPLE_TX_1,XGBoost,rolling_mean_7,4.939465454646519,-0.29073086,0.29073086,NEGATIVE,5,The recent seven-day demand average (4.939465454646519) decreased the forecast by 0.291 units relative to the model baseline.
C5EDC0AE-8550-5288-8ACF-F0412D90F07F,2016-03-22,SAMPLE_ITEM_003,SAMPLE_TX_1,XGBoost,days_of_supply,43.5292896733923,-0.57756728,0.57756728,NEGATIVE,1,Days of supply (43.5292896733923) decreased the forecast by 0.578 units relative to the model baseline.
C5EDC0AE-8550-5288-8ACF-F0412D90F07F,2016-03-22,SAMPLE_ITEM_003,SAMPLE_TX_1,XGBoost,day_of_month,22,-0.44740927,0.44740927,NEGATIVE,2,Day of month (22) decreased the forecast by 0.447 units relative to the model baseline.
C5EDC0AE-8550-5288-8ACF-F0412D90F07F,2016-03-22,SAMPLE_ITEM_003,SAMPLE_TX_1,XGBoost,current_stock,207.0,0.40848774,0.40848774,POSITIVE,3,Current stock (207.0) increased the forecast by 0.408 units relative to the model baseline.
C5EDC0AE-8550-5288-8ACF-F0412D90F07F,2016-03-22,SAMPLE_ITEM_003,SAMPLE_TX_1,XGBoost,current_price,9.35,-0.38350075,0.38350075,NEGATIVE,4,The current price (9.35) decreased the forecast by 0.384 units relative to the model baseline.
C5EDC0AE-8550-5288-8ACF-F0412D90F07F,2016-03-22,SAMPLE_ITEM_003,SAMPLE_TX_1,XGBoost,rolling_mean_7,4.7554187434060236,-0.31594941,0.31594941,NEGATIVE,5,The recent seven-day demand average (4.7554187434060236) decreased the forecast by 0.316 units relative to the model baseline.
467FFBEA-FD92-5E73-B828-DB3FB98BEE0B,2016-03-23,SAMPLE_ITEM_003,SAMPLE_TX_1,XGBoost,days_of_supply,44.99489798407593,-0.58478284,0.58478284,NEGATIVE,1,Days of supply (44.99489798407593) decreased the forecast by 0.585 units relative to the model baseline.
467FFBEA-FD92-5E73-B828-DB3FB98BEE0B,2016-03-23,SAMPLE_ITEM_003,SAMPLE_TX_1,XGBoost,current_stock,207.0,0.49562708,0.49562708,POSITIVE,2,Current stock (207.0) increased the forecast by 0.496 units relative to the model baseline.
467FFBEA-FD92-5E73-B828-DB3FB98BEE0B,2016-03-23,SAMPLE_ITEM_003,SAMPLE_TX_1,XGBoost,rolling_mean_7,4.600521598543439,-0.41852114,0.41852114,NEGATIVE,3,The recent seven-day demand average (4.600521598543439) decreased the forecast by 0.419 units relative to the model baseline.
467FFBEA-FD92-5E73-B828-DB3FB98BEE0B,2016-03-23,SAMPLE_ITEM_003,SAMPLE_TX_1,XGBoost,day_of_month,23,-0.38753238,0.38753238,NEGATIVE,4,Day of month (23) decreased the forecast by 0.388 units relative to the model baseline.
467FFBEA-FD92-5E73-B828-DB3FB98BEE0B,2016-03-23,SAMPLE_ITEM_003,SAMPLE_TX_1,XGBoost,current_price,9.35,-0.37129891,0.37129891,NEGATIVE,5,The current price (9.35) decreased the forecast by 0.371 units relative to the model baseline.
77BD031F-1BA9-5E9D-9C76-74D343E2FE71,2016-03-24,SAMPLE_ITEM_003,SAMPLE_TX_1,XGBoost,days_of_supply,46.32153710078648,-0.59378290,0.59378290,NEGATIVE,1,Days of supply (46.32153710078648) decreased the forecast by 0.594 units relative to the model baseline.
77BD031F-1BA9-5E9D-9C76-74D343E2FE71,2016-03-24,SAMPLE_ITEM_003,SAMPLE_TX_1,XGBoost,day_of_month,24,-0.45772871,0.45772871,NEGATIVE,2,Day of month (24) decreased the forecast by 0.458 units relative to the model baseline.
77BD031F-1BA9-5E9D-9C76-74D343E2FE71,2016-03-24,SAMPLE_ITEM_003,SAMPLE_TX_1,XGBoost,current_stock,207.0,0.41724530,0.41724530,POSITIVE,3,Current stock (207.0) increased the forecast by 0.417 units relative to the model baseline.
77BD031F-1BA9-5E9D-9C76-74D343E2FE71,2016-03-24,SAMPLE_ITEM_003,SAMPLE_TX_1,XGBoost,current_price,9.35,-0.36541367,0.36541367,NEGATIVE,4,The current price (9.35) decreased the forecast by 0.365 units relative to the model baseline.
77BD031F-1BA9-5E9D-9C76-74D343E2FE71,2016-03-24,SAMPLE_ITEM_003,SAMPLE_TX_1,XGBoost,rolling_mean_7,4.4687636239188055,-0.36429611,0.36429611,NEGATIVE,5,The recent seven-day demand average (4.4687636239188055) decreased the forecast by 0.364 units relative to the model baseline.
1AEF8965-E6FF-5138-BB9D-37A1702AC778,2016-03-25,SAMPLE_ITEM_003,SAMPLE_TX_1,XGBoost,days_of_supply,46.92855621916947,-0.58556485,0.58556485,NEGATIVE,1,Days of supply (46.92855621916947) decreased the forecast by 0.586 units relative to the model baseline.
1AEF8965-E6FF-5138-BB9D-37A1702AC778,2016-03-25,SAMPLE_ITEM_003,SAMPLE_TX_1,XGBoost,current_stock,207.0,0.49886033,0.49886033,POSITIVE,2,Current stock (207.0) increased the forecast by 0.499 units relative to the model baseline.
1AEF8965-E6FF-5138-BB9D-37A1702AC778,2016-03-25,SAMPLE_ITEM_003,SAMPLE_TX_1,XGBoost,rolling_mean_7,4.410960333687918,-0.45599794,0.45599794,NEGATIVE,3,The recent seven-day demand average (4.410960333687918) decreased the forecast by 0.456 units relative to the model baseline.
1AEF8965-E6FF-5138-BB9D-37A1702AC778,2016-03-25,SAMPLE_ITEM_003,SAMPLE_TX_1,XGBoost,day_of_month,25,-0.39140019,0.39140019,NEGATIVE,4,Day of month (25) decreased the forecast by 0.391 units relative to the model baseline.
1AEF8965-E6FF-5138-BB9D-37A1702AC778,2016-03-25,SAMPLE_ITEM_003,SAMPLE_TX_1,XGBoost,current_price,9.35,-0.36110982,0.36110982,NEGATIVE,5,The current price (9.35) decreased the forecast by 0.361 units relative to the model baseline.
CEC8F1A5-884B-5160-8A59-FECD30B069B3,2016-03-26,SAMPLE_ITEM_003,SAMPLE_TX_1,XGBoost,days_of_supply,48.01794421785257,-0.66746432,0.66746432,NEGATIVE,1,Days of supply (48.01794421785257) decreased the forecast by 0.667 units relative to the model baseline.
CEC8F1A5-884B-5160-8A59-FECD30B069B3,2016-03-26,SAMPLE_ITEM_003,SAMPLE_TX_1,XGBoost,rolling_mean_7,4.310888426644461,-0.53283721,0.53283721,NEGATIVE,2,The recent seven-day demand average (4.310888426644461) decreased the forecast by 0.533 units relative to the model baseline.
CEC8F1A5-884B-5160-8A59-FECD30B069B3,2016-03-26,SAMPLE_ITEM_003,SAMPLE_TX_1,XGBoost,current_stock,207.0,0.43840483,0.43840483,POSITIVE,3,Current stock (207.0) increased the forecast by 0.438 units relative to the model baseline.
CEC8F1A5-884B-5160-8A59-FECD30B069B3,2016-03-26,SAMPLE_ITEM_003,SAMPLE_TX_1,XGBoost,day_of_month,26,-0.38378328,0.38378328,NEGATIVE,4,Day of month (26) decreased the forecast by 0.384 units relative to the model baseline.
CEC8F1A5-884B-5160-8A59-FECD30B069B3,2016-03-26,SAMPLE_ITEM_003,SAMPLE_TX_1,XGBoost,current_price,9.35,-0.29510888,0.29510888,NEGATIVE,5,The current price (9.35) decreased the forecast by 0.295 units relative to the model baseline.
44955D5E-FEB8-53F6-A2F6-D1F35A3BB7A2,2016-03-27,SAMPLE_ITEM_003,SAMPLE_TX_1,XGBoost,day_of_week,6,0.58752614,0.58752614,POSITIVE,1,The day of week (6) increased the forecast by 0.588 units relative to the model baseline.
44955D5E-FEB8-53F6-A2F6-D1F35A3BB7A2,2016-03-27,SAMPLE_ITEM_003,SAMPLE_TX_1,XGBoost,current_stock,207.0,0.48824248,0.48824248,POSITIVE,2,Current stock (207.0) increased the forecast by 0.488 units relative to the model baseline.
44955D5E-FEB8-53F6-A2F6-D1F35A3BB7A2,2016-03-27,SAMPLE_ITEM_003,SAMPLE_TX_1,XGBoost,day_of_month,27,-0.44585678,0.44585678,NEGATIVE,3,Day of month (27) decreased the forecast by 0.446 units relative to the model baseline.
44955D5E-FEB8-53F6-A2F6-D1F35A3BB7A2,2016-03-27,SAMPLE_ITEM_003,SAMPLE_TX_1,XGBoost,days_of_supply,49.344940040490386,-0.42422417,0.42422417,NEGATIVE,4,Days of supply (49.344940040490386) decreased the forecast by 0.424 units relative to the model baseline.
44955D5E-FEB8-53F6-A2F6-D1F35A3BB7A2,2016-03-27,SAMPLE_ITEM_003,SAMPLE_TX_1,XGBoost,rolling_mean_7,4.194958993366787,-0.32904732,0.32904732,NEGATIVE,5,The recent seven-day demand average (4.194958993366787) decreased the forecast by 0.329 units relative to the model baseline.
D2E81FF1-2F60-5A70-A72B-FCBD7A63796B,2016-03-28,SAMPLE_ITEM_003,SAMPLE_TX_1,XGBoost,days_of_supply,49.52871230627954,-0.57454675,0.57454675,NEGATIVE,1,Days of supply (49.52871230627954) decreased the forecast by 0.575 units relative to the model baseline.
D2E81FF1-2F60-5A70-A72B-FCBD7A63796B,2016-03-28,SAMPLE_ITEM_003,SAMPLE_TX_1,XGBoost,current_stock,207.0,0.49010280,0.49010280,POSITIVE,2,Current stock (207.0) increased the forecast by 0.490 units relative to the model baseline.
D2E81FF1-2F60-5A70-A72B-FCBD7A63796B,2016-03-28,SAMPLE_ITEM_003,SAMPLE_TX_1,XGBoost,day_of_month,28,-0.37022868,0.37022868,NEGATIVE,3,Day of month (28) decreased the forecast by 0.370 units relative to the model baseline.
D2E81FF1-2F60-5A70-A72B-FCBD7A63796B,2016-03-28,SAMPLE_ITEM_003,SAMPLE_TX_1,XGBoost,current_price,9.35,-0.36680928,0.36680928,NEGATIVE,4,The current price (9.35) decreased the forecast by 0.367 units relative to the model baseline.
D2E81FF1-2F60-5A70-A72B-FCBD7A63796B,2016-03-28,SAMPLE_ITEM_003,SAMPLE_TX_1,XGBoost,rolling_mean_7,4.179393938609532,-0.31413522,0.31413522,NEGATIVE,5,The recent seven-day demand average (4.179393938609532) decreased the forecast by 0.314 units relative to the model baseline.
C69CBFEC-31D3-532C-AE6A-E0709C4B54D9,2016-03-29,SAMPLE_ITEM_003,SAMPLE_TX_1,XGBoost,days_of_supply,49.30251525839318,-0.57242423,0.57242423,NEGATIVE,1,Days of supply (49.30251525839318) decreased the forecast by 0.572 units relative to the model baseline.
C69CBFEC-31D3-532C-AE6A-E0709C4B54D9,2016-03-29,SAMPLE_ITEM_003,SAMPLE_TX_1,XGBoost,current_stock,207.0,0.49010280,0.49010280,POSITIVE,2,Current stock (207.0) increased the forecast by 0.490 units relative to the model baseline.
C69CBFEC-31D3-532C-AE6A-E0709C4B54D9,2016-03-29,SAMPLE_ITEM_003,SAMPLE_TX_1,XGBoost,rolling_mean_7,4.198568752833775,-0.39684111,0.39684111,NEGATIVE,3,The recent seven-day demand average (4.198568752833775) decreased the forecast by 0.397 units relative to the model baseline.
C69CBFEC-31D3-532C-AE6A-E0709C4B54D9,2016-03-29,SAMPLE_ITEM_003,SAMPLE_TX_1,XGBoost,day_of_month,29,-0.38694471,0.38694471,NEGATIVE,4,Day of month (29) decreased the forecast by 0.387 units relative to the model baseline.
C69CBFEC-31D3-532C-AE6A-E0709C4B54D9,2016-03-29,SAMPLE_ITEM_003,SAMPLE_TX_1,XGBoost,current_price,9.35,-0.37394068,0.37394068,NEGATIVE,5,The current price (9.35) decreased the forecast by 0.374 units relative to the model baseline.
A590583D-2C41-5C00-9899-10CA59EEE913,2016-03-30,SAMPLE_ITEM_003,SAMPLE_TX_1,XGBoost,days_of_supply,49.68869846292263,-0.55115360,0.55115360,NEGATIVE,1,Days of supply (49.68869846292263) decreased the forecast by 0.551 units relative to the model baseline.
A590583D-2C41-5C00-9899-10CA59EEE913,2016-03-30,SAMPLE_ITEM_003,SAMPLE_TX_1,XGBoost,day_of_month,30,-0.50106442,0.50106442,NEGATIVE,2,Day of month (30) decreased the forecast by 0.501 units relative to the model baseline.
A590583D-2C41-5C00-9899-10CA59EEE913,2016-03-30,SAMPLE_ITEM_003,SAMPLE_TX_1,XGBoost,current_stock,207.0,0.44601801,0.44601801,POSITIVE,3,Current stock (207.0) increased the forecast by 0.446 units relative to the model baseline.
A590583D-2C41-5C00-9899-10CA59EEE913,2016-03-30,SAMPLE_ITEM_003,SAMPLE_TX_1,XGBoost,rolling_mean_7,4.16593725340707,-0.36497879,0.36497879,NEGATIVE,4,The recent seven-day demand average (4.16593725340707) decreased the forecast by 0.365 units relative to the model baseline.
A590583D-2C41-5C00-9899-10CA59EEE913,2016-03-30,SAMPLE_ITEM_003,SAMPLE_TX_1,XGBoost,current_price,9.35,-0.25410712,0.25410712,NEGATIVE,5,The current price (9.35) decreased the forecast by 0.254 units relative to the model baseline.
E1B21ED6-6C24-5458-AB05-F9209C976AC2,2016-03-31,SAMPLE_ITEM_003,SAMPLE_TX_1,XGBoost,days_of_supply,48.9750334885131,-0.54450977,0.54450977,NEGATIVE,1,Days of supply (48.9750334885131) decreased the forecast by 0.545 units relative to the model baseline.
E1B21ED6-6C24-5458-AB05-F9209C976AC2,2016-03-31,SAMPLE_ITEM_003,SAMPLE_TX_1,XGBoost,current_stock,207.0,0.53086632,0.53086632,POSITIVE,2,Current stock (207.0) increased the forecast by 0.531 units relative to the model baseline.
E1B21ED6-6C24-5458-AB05-F9209C976AC2,2016-03-31,SAMPLE_ITEM_003,SAMPLE_TX_1,XGBoost,day_of_month,31,-0.45262060,0.45262060,NEGATIVE,3,Day of month (31) decreased the forecast by 0.453 units relative to the model baseline.
E1B21ED6-6C24-5458-AB05-F9209C976AC2,2016-03-31,SAMPLE_ITEM_003,SAMPLE_TX_1,XGBoost,rolling_mean_7,4.226643357958112,-0.43022811,0.43022811,NEGATIVE,4,The recent seven-day demand average (4.226643357958112) decreased the forecast by 0.430 units relative to the model baseline.
E1B21ED6-6C24-5458-AB05-F9209C976AC2,2016-03-31,SAMPLE_ITEM_003,SAMPLE_TX_1,XGBoost,current_price,9.35,-0.25379828,0.25379828,NEGATIVE,5,The current price (9.35) decreased the forecast by 0.254 units relative to the model baseline.
02D250D9-5A17-51CD-BC90-033A86BBE64A,2016-04-01,SAMPLE_ITEM_003,SAMPLE_TX_1,XGBoost,day_of_month,1,0.71033484,0.71033484,POSITIVE,1,Day of month (1) increased the forecast by 0.710 units relative to the model baseline.
02D250D9-5A17-51CD-BC90-033A86BBE64A,2016-04-01,SAMPLE_ITEM_003,SAMPLE_TX_1,XGBoost,days_of_supply,49.432417268518186,-0.56936610,0.56936610,NEGATIVE,2,Days of supply (49.432417268518186) decreased the forecast by 0.569 units relative to the model baseline.
02D250D9-5A17-51CD-BC90-033A86BBE64A,2016-04-01,SAMPLE_ITEM_003,SAMPLE_TX_1,XGBoost,current_stock,207.0,0.41629493,0.41629493,POSITIVE,3,Current stock (207.0) increased the forecast by 0.416 units relative to the model baseline.
02D250D9-5A17-51CD-BC90-033A86BBE64A,2016-04-01,SAMPLE_ITEM_003,SAMPLE_TX_1,XGBoost,rolling_mean_7,4.187535456248692,-0.39042675,0.39042675,NEGATIVE,4,The recent seven-day demand average (4.187535456248692) decreased the forecast by 0.390 units relative to the model baseline.
02D250D9-5A17-51CD-BC90-033A86BBE64A,2016-04-01,SAMPLE_ITEM_003,SAMPLE_TX_1,XGBoost,lag_1,3.8591058254241943,0.29472101,0.29472101,POSITIVE,5,Yesterday's demand (3.8591058254241943) increased the forecast by 0.295 units relative to the model baseline.
4492C922-4BF0-5868-BEB8-EE15641522AC,2016-04-02,SAMPLE_ITEM_003,SAMPLE_TX_1,XGBoost,day_of_month,2,0.74273157,0.74273157,POSITIVE,1,Day of month (2) increased the forecast by 0.743 units relative to the model baseline.
4492C922-4BF0-5868-BEB8-EE15641522AC,2016-04-02,SAMPLE_ITEM_003,SAMPLE_TX_1,XGBoost,days_of_supply,46.79260742667027,-0.59662962,0.59662962,NEGATIVE,2,Days of supply (46.79260742667027) decreased the forecast by 0.597 units relative to the model baseline.
4492C922-4BF0-5868-BEB8-EE15641522AC,2016-04-02,SAMPLE_ITEM_003,SAMPLE_TX_1,XGBoost,rolling_mean_7,4.423775706972394,-0.53251135,0.53251135,NEGATIVE,3,The recent seven-day demand average (4.423775706972394) decreased the forecast by 0.533 units relative to the model baseline.
4492C922-4BF0-5868-BEB8-EE15641522AC,2016-04-02,SAMPLE_ITEM_003,SAMPLE_TX_1,XGBoost,current_stock,207.0,0.45236036,0.45236036,POSITIVE,4,Current stock (207.0) increased the forecast by 0.452 units relative to the model baseline.
4492C922-4BF0-5868-BEB8-EE15641522AC,2016-04-02,SAMPLE_ITEM_003,SAMPLE_TX_1,XGBoost,current_price,9.35,-0.25526881,0.25526881,NEGATIVE,5,The current price (9.35) decreased the forecast by 0.255 units relative to the model baseline.
3018670C-9E52-5239-8370-325BAB1EF552,2016-04-03,SAMPLE_ITEM_003,SAMPLE_TX_1,XGBoost,day_of_month,3,0.63615847,0.63615847,POSITIVE,1,Day of month (3) increased the forecast by 0.636 units relative to the model baseline.
3018670C-9E52-5239-8370-325BAB1EF552,2016-04-03,SAMPLE_ITEM_003,SAMPLE_TX_1,XGBoost,current_stock,207.0,0.51493675,0.51493675,POSITIVE,2,Current stock (207.0) increased the forecast by 0.515 units relative to the model baseline.
3018670C-9E52-5239-8370-325BAB1EF552,2016-04-03,SAMPLE_ITEM_003,SAMPLE_TX_1,XGBoost,day_of_week,6,0.49791583,0.49791583,POSITIVE,3,The day of week (6) increased the forecast by 0.498 units relative to the model baseline.
3018670C-9E52-5239-8370-325BAB1EF552,2016-04-03,SAMPLE_ITEM_003,SAMPLE_TX_1,XGBoost,rolling_mean_7,4.5905850274222235,-0.42182553,0.42182553,NEGATIVE,4,The recent seven-day demand average (4.5905850274222235) decreased the forecast by 0.422 units relative to the model baseline.
3018670C-9E52-5239-8370-325BAB1EF552,2016-04-03,SAMPLE_ITEM_003,SAMPLE_TX_1,XGBoost,days_of_supply,45.092291889480116,-0.38160607,0.38160607,NEGATIVE,5,Days of supply (45.092291889480116) decreased the forecast by 0.382 units relative to the model baseline.
438AE0A7-320F-5FF1-9789-64D550DDA7D8,2016-04-04,SAMPLE_ITEM_003,SAMPLE_TX_1,XGBoost,day_of_month,4,0.70928949,0.70928949,POSITIVE,1,Day of month (4) increased the forecast by 0.709 units relative to the model baseline.
438AE0A7-320F-5FF1-9789-64D550DDA7D8,2016-04-04,SAMPLE_ITEM_003,SAMPLE_TX_1,XGBoost,days_of_supply,44.769003477083004,-0.52861077,0.52861077,NEGATIVE,2,Days of supply (44.769003477083004) decreased the forecast by 0.529 units relative to the model baseline.
438AE0A7-320F-5FF1-9789-64D550DDA7D8,2016-04-04,SAMPLE_ITEM_003,SAMPLE_TX_1,XGBoost,current_stock,207.0,0.48941931,0.48941931,POSITIVE,3,Current stock (207.0) increased the forecast by 0.489 units relative to the model baseline.
438AE0A7-320F-5FF1-9789-64D550DDA7D8,2016-04-04,SAMPLE_ITEM_003,SAMPLE_TX_1,XGBoost,rolling_mean_7,4.623734814780099,-0.37754658,0.37754658,NEGATIVE,4,The recent seven-day demand average (4.623734814780099) decreased the forecast by 0.378 units relative to the model baseline.
438AE0A7-320F-5FF1-9789-64D550DDA7D8,2016-04-04,SAMPLE_ITEM_003,SAMPLE_TX_1,XGBoost,current_price,9.35,-0.28513327,0.28513327,NEGATIVE,5,The current price (9.35) decreased the forecast by 0.285 units relative to the model baseline.
7C4C904F-F4A8-59D0-ABED-3B30CBC6CCC6,2016-04-05,SAMPLE_ITEM_003,SAMPLE_TX_1,XGBoost,day_of_month,5,0.74339426,0.74339426,POSITIVE,1,Day of month (5) increased the forecast by 0.743 units relative to the model baseline.
7C4C904F-F4A8-59D0-ABED-3B30CBC6CCC6,2016-04-05,SAMPLE_ITEM_003,SAMPLE_TX_1,XGBoost,days_of_supply,43.286771932927934,-0.57588094,0.57588094,NEGATIVE,2,Days of supply (43.286771932927934) decreased the forecast by 0.576 units relative to the model baseline.
7C4C904F-F4A8-59D0-ABED-3B30CBC6CCC6,2016-04-05,SAMPLE_ITEM_003,SAMPLE_TX_1,XGBoost,current_stock,207.0,0.48941931,0.48941931,POSITIVE,3,Current stock (207.0) increased the forecast by 0.489 units relative to the model baseline.
7C4C904F-F4A8-59D0-ABED-3B30CBC6CCC6,2016-04-05,SAMPLE_ITEM_003,SAMPLE_TX_1,XGBoost,rolling_mean_7,4.782061372484479,-0.41892311,0.41892311,NEGATIVE,4,The recent seven-day demand average (4.782061372484479) decreased the forecast by 0.419 units relative to the model baseline.
7C4C904F-F4A8-59D0-ABED-3B30CBC6CCC6,2016-04-05,SAMPLE_ITEM_003,SAMPLE_TX_1,XGBoost,current_price,9.35,-0.27702588,0.27702588,NEGATIVE,5,The current price (9.35) decreased the forecast by 0.277 units relative to the model baseline.
1782100E-A612-55C1-9C85-89F5689C2B74,2016-04-06,SAMPLE_ITEM_003,SAMPLE_TX_1,XGBoost,day_of_month,6,0.75652301,0.75652301,POSITIVE,1,Day of month (6) increased the forecast by 0.757 units relative to the model baseline.
1782100E-A612-55C1-9C85-89F5689C2B74,2016-04-06,SAMPLE_ITEM_003,SAMPLE_TX_1,XGBoost,days_of_supply,41.75717044831893,-0.56274593,0.56274593,NEGATIVE,2,Days of supply (41.75717044831893) decreased the forecast by 0.563 units relative to the model baseline.
1782100E-A612-55C1-9C85-89F5689C2B74,2016-04-06,SAMPLE_ITEM_003,SAMPLE_TX_1,XGBoost,current_stock,207.0,0.49494365,0.49494365,POSITIVE,3,Current stock (207.0) increased the forecast by 0.495 units relative to the model baseline.
1782100E-A612-55C1-9C85-89F5689C2B74,2016-04-06,SAMPLE_ITEM_003,SAMPLE_TX_1,XGBoost,rolling_mean_7,4.957232441220965,-0.44936824,0.44936824,NEGATIVE,4,The recent seven-day demand average (4.957232441220965) decreased the forecast by 0.449 units relative to the model baseline.
1782100E-A612-55C1-9C85-89F5689C2B74,2016-04-06,SAMPLE_ITEM_003,SAMPLE_TX_1,XGBoost,current_price,9.35,-0.27021590,0.27021590,NEGATIVE,5,The current price (9.35) decreased the forecast by 0.270 units relative to the model baseline.
D99FD0CA-4AD3-5D6C-97E5-8A07A1D08791,2016-04-07,SAMPLE_ITEM_003,SAMPLE_TX_1,XGBoost,day_of_month,7,0.78417718,0.78417718,POSITIVE,1,Day of month (7) increased the forecast by 0.784 units relative to the model baseline.
D99FD0CA-4AD3-5D6C-97E5-8A07A1D08791,2016-04-07,SAMPLE_ITEM_003,SAMPLE_TX_1,XGBoost,days_of_supply,40.713962461725735,-0.57963556,0.57963556,NEGATIVE,2,Days of supply (40.713962461725735) decreased the forecast by 0.580 units relative to the model baseline.
D99FD0CA-4AD3-5D6C-97E5-8A07A1D08791,2016-04-07,SAMPLE_ITEM_003,SAMPLE_TX_1,XGBoost,current_stock,207.0,0.44030181,0.44030181,POSITIVE,3,Current stock (207.0) increased the forecast by 0.440 units relative to the model baseline.
D99FD0CA-4AD3-5D6C-97E5-8A07A1D08791,2016-04-07,SAMPLE_ITEM_003,SAMPLE_TX_1,XGBoost,current_price,9.35,-0.35467443,0.35467443,NEGATIVE,4,The current price (9.35) decreased the forecast by 0.355 units relative to the model baseline.
D99FD0CA-4AD3-5D6C-97E5-8A07A1D08791,2016-04-07,SAMPLE_ITEM_003,SAMPLE_TX_1,XGBoost,rolling_mean_7,5.084250892911639,0.20968947,0.20968947,POSITIVE,5,The recent seven-day demand average (5.084250892911639) increased the forecast by 0.210 units relative to the model baseline.
95C257EF-08E3-52AA-BC2A-2C1B82150E6F,2016-04-08,SAMPLE_ITEM_003,SAMPLE_TX_1,XGBoost,day_of_month,8,0.73539442,0.73539442,POSITIVE,1,Day of month (8) increased the forecast by 0.735 units relative to the model baseline.
95C257EF-08E3-52AA-BC2A-2C1B82150E6F,2016-04-08,SAMPLE_ITEM_003,SAMPLE_TX_1,XGBoost,days_of_supply,38.67169386144577,-0.54973984,0.54973984,NEGATIVE,2,Days of supply (38.67169386144577) decreased the forecast by 0.550 units relative to the model baseline.
95C257EF-08E3-52AA-BC2A-2C1B82150E6F,2016-04-08,SAMPLE_ITEM_003,SAMPLE_TX_1,XGBoost,current_stock,207.0,0.44030181,0.44030181,POSITIVE,3,Current stock (207.0) increased the forecast by 0.440 units relative to the model baseline.
95C257EF-08E3-52AA-BC2A-2C1B82150E6F,2016-04-08,SAMPLE_ITEM_003,SAMPLE_TX_1,XGBoost,current_price,9.35,-0.35828483,0.35828483,NEGATIVE,4,The current price (9.35) decreased the forecast by 0.358 units relative to the model baseline.
95C257EF-08E3-52AA-BC2A-2C1B82150E6F,2016-04-08,SAMPLE_ITEM_003,SAMPLE_TX_1,XGBoost,rolling_mean_7,5.352752344948905,0.18406375,0.18406375,POSITIVE,5,The recent seven-day demand average (5.352752344948905) increased the forecast by 0.184 units relative to the model baseline.
8F51F033-FD0C-5E76-8016-713FE12B4B07,2016-04-09,SAMPLE_ITEM_003,SAMPLE_TX_1,XGBoost,day_of_month,9,0.79758614,0.79758614,POSITIVE,1,Day of month (9) increased the forecast by 0.798 units relative to the model baseline.
8F51F033-FD0C-5E76-8016-713FE12B4B07,2016-04-09,SAMPLE_ITEM_003,SAMPLE_TX_1,XGBoost,days_of_supply,38.67976909344174,-0.55734789,0.55734789,NEGATIVE,2,Days of supply (38.67976909344174) decreased the forecast by 0.557 units relative to the model baseline.
8F51F033-FD0C-5E76-8016-713FE12B4B07,2016-04-09,SAMPLE_ITEM_003,SAMPLE_TX_1,XGBoost,current_stock,207.0,0.43010914,0.43010914,POSITIVE,3,Current stock (207.0) increased the forecast by 0.430 units relative to the model baseline.
8F51F033-FD0C-5E76-8016-713FE12B4B07,2016-04-09,SAMPLE_ITEM_003,SAMPLE_TX_1,XGBoost,current_price,9.35,-0.35867861,0.35867861,NEGATIVE,4,The current price (9.35) decreased the forecast by 0.359 units relative to the model baseline.
8F51F033-FD0C-5E76-8016-713FE12B4B07,2016-04-09,SAMPLE_ITEM_003,SAMPLE_TX_1,XGBoost,rolling_mean_7,5.351634843008859,0.25637811,0.25637811,POSITIVE,5,The recent seven-day demand average (5.351634843008859) increased the forecast by 0.256 units relative to the model baseline.
5C75793F-5405-59CC-80B7-D72AAFF055DC,2016-04-10,SAMPLE_ITEM_003,SAMPLE_TX_1,XGBoost,day_of_month,10,0.65936798,0.65936798,POSITIVE,1,Day of month (10) increased the forecast by 0.659 units relative to the model baseline.
5C75793F-5405-59CC-80B7-D72AAFF055DC,2016-04-10,SAMPLE_ITEM_003,SAMPLE_TX_1,XGBoost,day_of_week,6,0.50193965,0.50193965,POSITIVE,2,The day of week (6) increased the forecast by 0.502 units relative to the model baseline.
5C75793F-5405-59CC-80B7-D72AAFF055DC,2016-04-10,SAMPLE_ITEM_003,SAMPLE_TX_1,XGBoost,current_stock,207.0,0.45732474,0.45732474,POSITIVE,3,Current stock (207.0) increased the forecast by 0.457 units relative to the model baseline.
5C75793F-5405-59CC-80B7-D72AAFF055DC,2016-04-10,SAMPLE_ITEM_003,SAMPLE_TX_1,XGBoost,current_price,9.35,-0.42823255,0.42823255,NEGATIVE,4,The current price (9.35) decreased the forecast by 0.428 units relative to the model baseline.
5C75793F-5405-59CC-80B7-D72AAFF055DC,2016-04-10,SAMPLE_ITEM_003,SAMPLE_TX_1,XGBoost,days_of_supply,37.50578980053725,-0.38501492,0.38501492,NEGATIVE,5,Days of supply (37.50578980053725) decreased the forecast by 0.385 units relative to the model baseline.
29357247-5C93-5A34-BDBF-05F3B3C058E8,2016-04-11,SAMPLE_ITEM_003,SAMPLE_TX_1,XGBoost,day_of_month,11,0.71142095,0.71142095,POSITIVE,1,Day of month (11) increased the forecast by 0.711 units relative to the model baseline.
29357247-5C93-5A34-BDBF-05F3B3C058E8,2016-04-11,SAMPLE_ITEM_003,SAMPLE_TX_1,XGBoost,days_of_supply,36.964199563184124,-0.52968043,0.52968043,NEGATIVE,2,Days of supply (36.964199563184124) decreased the forecast by 0.530 units relative to the model baseline.
29357247-5C93-5A34-BDBF-05F3B3C058E8,2016-04-11,SAMPLE_ITEM_003,SAMPLE_TX_1,XGBoost,current_stock,207.0,0.40780237,0.40780237,POSITIVE,3,Current stock (207.0) increased the forecast by 0.408 units relative to the model baseline.
29357247-5C93-5A34-BDBF-05F3B3C058E8,2016-04-11,SAMPLE_ITEM_003,SAMPLE_TX_1,XGBoost,current_price,9.35,-0.37236410,0.37236410,NEGATIVE,4,The current price (9.35) decreased the forecast by 0.372 units relative to the model baseline.
29357247-5C93-5A34-BDBF-05F3B3C058E8,2016-04-11,SAMPLE_ITEM_003,SAMPLE_TX_1,XGBoost,lag_1,6.157247543334961,-0.21489909,0.21489909,NEGATIVE,5,Yesterday's demand (6.157247543334961) decreased the forecast by 0.215 units relative to the model baseline.
C2D78497-0EC2-5A3B-8214-32EF12B89E5D,2016-04-12,SAMPLE_ITEM_003,SAMPLE_TX_1,XGBoost,day_of_month,12,0.72578889,0.72578889,POSITIVE,1,Day of month (12) increased the forecast by 0.726 units relative to the model baseline.
C2D78497-0EC2-5A3B-8214-32EF12B89E5D,2016-04-12,SAMPLE_ITEM_003,SAMPLE_TX_1,XGBoost,days_of_supply,36.9210459542036,-0.53659922,0.53659922,NEGATIVE,2,Days of supply (36.9210459542036) decreased the forecast by 0.537 units relative to the model baseline.
C2D78497-0EC2-5A3B-8214-32EF12B89E5D,2016-04-12,SAMPLE_ITEM_003,SAMPLE_TX_1,XGBoost,current_stock,207.0,0.42442963,0.42442963,POSITIVE,3,Current stock (207.0) increased the forecast by 0.424 units relative to the model baseline.
C2D78497-0EC2-5A3B-8214-32EF12B89E5D,2016-04-12,SAMPLE_ITEM_003,SAMPLE_TX_1,XGBoost,current_price,9.35,-0.37688452,0.37688452,NEGATIVE,4,The current price (9.35) decreased the forecast by 0.377 units relative to the model baseline.
C2D78497-0EC2-5A3B-8214-32EF12B89E5D,2016-04-12,SAMPLE_ITEM_003,SAMPLE_TX_1,XGBoost,rolling_mean_7,5.6065583910260886,0.19420807,0.19420807,POSITIVE,5,The recent seven-day demand average (5.6065583910260886) increased the forecast by 0.194 units relative to the model baseline.
BA2D3808-42DF-5A0F-8B6C-18A109D9764B,2016-04-13,SAMPLE_ITEM_003,SAMPLE_TX_1,XGBoost,day_of_month,13,0.72818267,0.72818267,POSITIVE,1,Day of month (13) increased the forecast by 0.728 units relative to the model baseline.
BA2D3808-42DF-5A0F-8B6C-18A109D9764B,2016-04-13,SAMPLE_ITEM_003,SAMPLE_TX_1,XGBoost,days_of_supply,36.71332846790058,-0.55427229,0.55427229,NEGATIVE,2,Days of supply (36.71332846790058) decreased the forecast by 0.554 units relative to the model baseline.
BA2D3808-42DF-5A0F-8B6C-18A109D9764B,2016-04-13,SAMPLE_ITEM_003,SAMPLE_TX_1,XGBoost,current_stock,207.0,0.42995390,0.42995390,POSITIVE,3,Current stock (207.0) increased the forecast by 0.430 units relative to the model baseline.
BA2D3808-42DF-5A0F-8B6C-18A109D9764B,2016-04-13,SAMPLE_ITEM_003,SAMPLE_TX_1,XGBoost,current_price,9.35,-0.35427153,0.35427153,NEGATIVE,4,The current price (9.35) decreased the forecast by 0.354 units relative to the model baseline.
BA2D3808-42DF-5A0F-8B6C-18A109D9764B,2016-04-13,SAMPLE_ITEM_003,SAMPLE_TX_1,XGBoost,rolling_mean_7,5.638279301779611,0.19339341,0.19339341,POSITIVE,5,The recent seven-day demand average (5.638279301779611) increased the forecast by 0.193 units relative to the model baseline.
C6F82274-0CEB-51A2-B078-0A0E586520DA,2016-04-14,SAMPLE_ITEM_003,SAMPLE_TX_1,XGBoost,day_of_month,14,0.73800778,0.73800778,POSITIVE,1,Day of month (14) increased the forecast by 0.738 units relative to the model baseline.
C6F82274-0CEB-51A2-B078-0A0E586520DA,2016-04-14,SAMPLE_ITEM_003,SAMPLE_TX_1,XGBoost,days_of_supply,36.49257104002942,-0.55812937,0.55812937,NEGATIVE,2,Days of supply (36.49257104002942) decreased the forecast by 0.558 units relative to the model baseline.
C6F82274-0CEB-51A2-B078-0A0E586520DA,2016-04-14,SAMPLE_ITEM_003,SAMPLE_TX_1,XGBoost,current_stock,207.0,0.43318722,0.43318722,POSITIVE,3,Current stock (207.0) increased the forecast by 0.433 units relative to the model baseline.
C6F82274-0CEB-51A2-B078-0A0E586520DA,2016-04-14,SAMPLE_ITEM_003,SAMPLE_TX_1,XGBoost,current_price,9.35,-0.34723839,0.34723839,NEGATIVE,4,The current price (9.35) decreased the forecast by 0.347 units relative to the model baseline.
C6F82274-0CEB-51A2-B078-0A0E586520DA,2016-04-14,SAMPLE_ITEM_003,SAMPLE_TX_1,XGBoost,rolling_mean_7,5.672387395586286,0.19267431,0.19267431,POSITIVE,5,The recent seven-day demand average (5.672387395586286) increased the forecast by 0.193 units relative to the model baseline.
D3BEE27C-8E7E-501F-9DBC-B8F90D4B6EE6,2016-04-15,SAMPLE_ITEM_003,SAMPLE_TX_1,XGBoost,day_of_month,15,0.69814616,0.69814616,POSITIVE,1,Day of month (15) increased the forecast by 0.698 units relative to the model baseline.
D3BEE27C-8E7E-501F-9DBC-B8F90D4B6EE6,2016-04-15,SAMPLE_ITEM_003,SAMPLE_TX_1,XGBoost,days_of_supply,36.813662122402384,-0.60805565,0.60805565,NEGATIVE,2,Days of supply (36.813662122402384) decreased the forecast by 0.608 units relative to the model baseline.
D3BEE27C-8E7E-501F-9DBC-B8F90D4B6EE6,2016-04-15,SAMPLE_ITEM_003,SAMPLE_TX_1,XGBoost,current_price,9.35,-0.43997225,0.43997225,NEGATIVE,3,The current price (9.35) decreased the forecast by 0.440 units relative to the model baseline.
D3BEE27C-8E7E-501F-9DBC-B8F90D4B6EE6,2016-04-15,SAMPLE_ITEM_003,SAMPLE_TX_1,XGBoost,current_stock,207.0,0.40118119,0.40118119,POSITIVE,4,Current stock (207.0) increased the forecast by 0.401 units relative to the model baseline.
D3BEE27C-8E7E-501F-9DBC-B8F90D4B6EE6,2016-04-15,SAMPLE_ITEM_003,SAMPLE_TX_1,XGBoost,rolling_mean_7,5.622912475040981,0.21060278,0.21060278,POSITIVE,5,The recent seven-day demand average (5.622912475040981) increased the forecast by 0.211 units relative to the model baseline.
41EBBD6C-3C1B-5416-BF6A-BD1DD6694CF2,2016-04-16,SAMPLE_ITEM_003,SAMPLE_TX_1,XGBoost,days_of_supply,37.00390215111855,-0.57986212,0.57986212,NEGATIVE,1,Days of supply (37.00390215111855) decreased the forecast by 0.580 units relative to the model baseline.
41EBBD6C-3C1B-5416-BF6A-BD1DD6694CF2,2016-04-16,SAMPLE_ITEM_003,SAMPLE_TX_1,XGBoost,current_stock,207.0,0.42436752,0.42436752,POSITIVE,2,Current stock (207.0) increased the forecast by 0.424 units relative to the model baseline.
41EBBD6C-3C1B-5416-BF6A-BD1DD6694CF2,2016-04-16,SAMPLE_ITEM_003,SAMPLE_TX_1,XGBoost,current_price,9.35,-0.33056539,0.33056539,NEGATIVE,3,The current price (9.35) decreased the forecast by 0.331 units relative to the model baseline.
41EBBD6C-3C1B-5416-BF6A-BD1DD6694CF2,2016-04-16,SAMPLE_ITEM_003,SAMPLE_TX_1,XGBoost,rolling_mean_7,5.5940046310424805,0.24761537,0.24761537,POSITIVE,4,The recent seven-day demand average (5.5940046310424805) increased the forecast by 0.248 units relative to the model baseline.
41EBBD6C-3C1B-5416-BF6A-BD1DD6694CF2,2016-04-16,SAMPLE_ITEM_003,SAMPLE_TX_1,XGBoost,lag_7,6.166470527648926,-0.20637780,0.20637780,NEGATIVE,5,Demand seven days ago (6.166470527648926) decreased the forecast by 0.206 units relative to the model baseline.
F79F3C2C-381C-53EA-B14D-8D0B21DE49E9,2016-04-17,SAMPLE_ITEM_003,SAMPLE_TX_1,XGBoost,day_of_week,6,0.53766185,0.53766185,POSITIVE,1,The day of week (6) increased the forecast by 0.538 units relative to the model baseline.
F79F3C2C-381C-53EA-B14D-8D0B21DE49E9,2016-04-17,SAMPLE_ITEM_003,SAMPLE_TX_1,XGBoost,current_stock,207.0,0.51029068,0.51029068,POSITIVE,2,Current stock (207.0) increased the forecast by 0.510 units relative to the model baseline.
F79F3C2C-381C-53EA-B14D-8D0B21DE49E9,2016-04-17,SAMPLE_ITEM_003,SAMPLE_TX_1,XGBoost,current_price,9.35,-0.44418120,0.44418120,NEGATIVE,3,The current price (9.35) decreased the forecast by 0.444 units relative to the model baseline.
F79F3C2C-381C-53EA-B14D-8D0B21DE49E9,2016-04-17,SAMPLE_ITEM_003,SAMPLE_TX_1,XGBoost,days_of_supply,38.20801340797734,-0.28527179,0.28527179,NEGATIVE,4,Days of supply (38.20801340797734) decreased the forecast by 0.285 units relative to the model baseline.
F79F3C2C-381C-53EA-B14D-8D0B21DE49E9,2016-04-17,SAMPLE_ITEM_003,SAMPLE_TX_1,XGBoost,price_change_percentage,0.0,0.19717422,0.19717422,POSITIVE,5,Price change percentage (0.0) increased the forecast by 0.197 units relative to the model baseline.
72D6ADE8-4DA3-50EB-8806-D2D3131B721D,2016-04-18,SAMPLE_ITEM_003,SAMPLE_TX_1,XGBoost,current_price,9.35,-0.47762680,0.47762680,NEGATIVE,1,The current price (9.35) decreased the forecast by 0.478 units relative to the model baseline.
72D6ADE8-4DA3-50EB-8806-D2D3131B721D,2016-04-18,SAMPLE_ITEM_003,SAMPLE_TX_1,XGBoost,days_of_supply,38.848118448684886,-0.47224522,0.47224522,NEGATIVE,2,Days of supply (38.848118448684886) decreased the forecast by 0.472 units relative to the model baseline.
72D6ADE8-4DA3-50EB-8806-D2D3131B721D,2016-04-18,SAMPLE_ITEM_003,SAMPLE_TX_1,XGBoost,current_stock,207.0,0.42876235,0.42876235,POSITIVE,3,Current stock (207.0) increased the forecast by 0.429 units relative to the model baseline.
72D6ADE8-4DA3-50EB-8806-D2D3131B721D,2016-04-18,SAMPLE_ITEM_003,SAMPLE_TX_1,XGBoost,price_change_percentage,0.0,0.19170922,0.19170922,POSITIVE,4,Price change percentage (0.0) increased the forecast by 0.192 units relative to the model baseline.
72D6ADE8-4DA3-50EB-8806-D2D3131B721D,2016-04-18,SAMPLE_ITEM_003,SAMPLE_TX_1,XGBoost,lag_1,5.532369613647461,-0.18892442,0.18892442,NEGATIVE,5,Yesterday's demand (5.532369613647461) decreased the forecast by 0.189 units relative to the model baseline.
AF76D247-E610-594C-8933-0704D0FA20CA,2016-04-19,SAMPLE_ITEM_003,SAMPLE_TX_1,XGBoost,days_of_supply,39.62726889726373,-0.53524399,0.53524399,NEGATIVE,1,Days of supply (39.62726889726373) decreased the forecast by 0.535 units relative to the model baseline.
AF76D247-E610-594C-8933-0704D0FA20CA,2016-04-19,SAMPLE_ITEM_003,SAMPLE_TX_1,XGBoost,current_price,9.35,-0.48527136,0.48527136,NEGATIVE,2,The current price (9.35) decreased the forecast by 0.485 units relative to the model baseline.
AF76D247-E610-594C-8933-0704D0FA20CA,2016-04-19,SAMPLE_ITEM_003,SAMPLE_TX_1,XGBoost,current_stock,207.0,0.42876235,0.42876235,POSITIVE,3,Current stock (207.0) increased the forecast by 0.429 units relative to the model baseline.
AF76D247-E610-594C-8933-0704D0FA20CA,2016-04-19,SAMPLE_ITEM_003,SAMPLE_TX_1,XGBoost,lag_1,4.503617286682129,-0.24470258,0.24470258,NEGATIVE,4,Yesterday's demand (4.503617286682129) decreased the forecast by 0.245 units relative to the model baseline.
AF76D247-E610-594C-8933-0704D0FA20CA,2016-04-19,SAMPLE_ITEM_003,SAMPLE_TX_1,XGBoost,price_change_percentage,0.0,0.19255517,0.19255517,POSITIVE,5,Price change percentage (0.0) increased the forecast by 0.193 units relative to the model baseline.
77280EFF-9BE1-57CE-BE1F-AE338C14D7A6,2016-04-20,SAMPLE_ITEM_003,SAMPLE_TX_1,XGBoost,days_of_supply,40.82022683957304,-0.54760259,0.54760259,NEGATIVE,1,Days of supply (40.82022683957304) decreased the forecast by 0.548 units relative to the model baseline.
77280EFF-9BE1-57CE-BE1F-AE338C14D7A6,2016-04-20,SAMPLE_ITEM_003,SAMPLE_TX_1,XGBoost,current_price,9.35,-0.43677926,0.43677926,NEGATIVE,2,The current price (9.35) decreased the forecast by 0.437 units relative to the model baseline.
77280EFF-9BE1-57CE-BE1F-AE338C14D7A6,2016-04-20,SAMPLE_ITEM_003,SAMPLE_TX_1,XGBoost,current_stock,207.0,0.43473861,0.43473861,POSITIVE,3,Current stock (207.0) increased the forecast by 0.435 units relative to the model baseline.
77280EFF-9BE1-57CE-BE1F-AE338C14D7A6,2016-04-20,SAMPLE_ITEM_003,SAMPLE_TX_1,XGBoost,lag_1,4.243229866027832,-0.21591665,0.21591665,NEGATIVE,4,Yesterday's demand (4.243229866027832) decreased the forecast by 0.216 units relative to the model baseline.
77280EFF-9BE1-57CE-BE1F-AE338C14D7A6,2016-04-20,SAMPLE_ITEM_003,SAMPLE_TX_1,XGBoost,price_change_percentage,0.0,0.19610982,0.19610982,POSITIVE,5,Price change percentage (0.0) increased the forecast by 0.196 units relative to the model baseline.
EC69A9D5-F2B1-509E-AEFB-479B30F88849,2016-04-21,SAMPLE_ITEM_003,SAMPLE_TX_1,XGBoost,days_of_supply,42.08382943285406,-0.59345573,0.59345573,NEGATIVE,1,Days of supply (42.08382943285406) decreased the forecast by 0.593 units relative to the model baseline.
EC69A9D5-F2B1-509E-AEFB-479B30F88849,2016-04-21,SAMPLE_ITEM_003,SAMPLE_TX_1,XGBoost,current_stock,207.0,0.49886033,0.49886033,POSITIVE,2,Current stock (207.0) increased the forecast by 0.499 units relative to the model baseline.
EC69A9D5-F2B1-509E-AEFB-479B30F88849,2016-04-21,SAMPLE_ITEM_003,SAMPLE_TX_1,XGBoost,rolling_mean_7,4.918753896440778,-0.40859112,0.40859112,NEGATIVE,3,The recent seven-day demand average (4.918753896440778) decreased the forecast by 0.409 units relative to the model baseline.
EC69A9D5-F2B1-509E-AEFB-479B30F88849,2016-04-21,SAMPLE_ITEM_003,SAMPLE_TX_1,XGBoost,day_of_month,21,-0.38590333,0.38590333,NEGATIVE,4,Day of month (21) decreased the forecast by 0.386 units relative to the model baseline.
EC69A9D5-F2B1-509E-AEFB-479B30F88849,2016-04-21,SAMPLE_ITEM_003,SAMPLE_TX_1,XGBoost,current_price,9.35,-0.36702976,0.36702976,NEGATIVE,5,The current price (9.35) decreased the forecast by 0.367 units relative to the model baseline.
F6F0B0EA-537C-5879-91BF-85CEE4D285FC,2016-04-22,SAMPLE_ITEM_003,SAMPLE_TX_1,XGBoost,days_of_supply,44.28474132691707,-0.59070790,0.59070790,NEGATIVE,1,Days of supply (44.28474132691707) decreased the forecast by 0.591 units relative to the model baseline.
F6F0B0EA-537C-5879-91BF-85CEE4D285FC,2016-04-22,SAMPLE_ITEM_003,SAMPLE_TX_1,XGBoost,day_of_month,22,-0.45186475,0.45186475,NEGATIVE,2,Day of month (22) decreased the forecast by 0.452 units relative to the model baseline.
F6F0B0EA-537C-5879-91BF-85CEE4D285FC,2016-04-22,SAMPLE_ITEM_003,SAMPLE_TX_1,XGBoost,current_stock,207.0,0.41724530,0.41724530,POSITIVE,3,Current stock (207.0) increased the forecast by 0.417 units relative to the model baseline.
F6F0B0EA-537C-5879-91BF-85CEE4D285FC,2016-04-22,SAMPLE_ITEM_003,SAMPLE_TX_1,XGBoost,rolling_mean_7,4.6742962428501675,-0.37069443,0.37069443,NEGATIVE,4,The recent seven-day demand average (4.6742962428501675) decreased the forecast by 0.371 units relative to the model baseline.
F6F0B0EA-537C-5879-91BF-85CEE4D285FC,2016-04-22,SAMPLE_ITEM_003,SAMPLE_TX_1,XGBoost,current_price,9.35,-0.36517873,0.36517873,NEGATIVE,5,The current price (9.35) decreased the forecast by 0.365 units relative to the model baseline.
23C4C1B7-6472-5805-ABFA-AA38382B2CED,2016-04-23,SAMPLE_ITEM_003,SAMPLE_TX_1,XGBoost,days_of_supply,46.081180232091484,-0.66746432,0.66746432,NEGATIVE,1,Days of supply (46.081180232091484) decreased the forecast by 0.667 units relative to the model baseline.
23C4C1B7-6472-5805-ABFA-AA38382B2CED,2016-04-23,SAMPLE_ITEM_003,SAMPLE_TX_1,XGBoost,rolling_mean_7,4.492072446005685,-0.52599299,0.52599299,NEGATIVE,2,The recent seven-day demand average (4.492072446005685) decreased the forecast by 0.526 units relative to the model baseline.
23C4C1B7-6472-5805-ABFA-AA38382B2CED,2016-04-23,SAMPLE_ITEM_003,SAMPLE_TX_1,XGBoost,current_stock,207.0,0.43840483,0.43840483,POSITIVE,3,Current stock (207.0) increased the forecast by 0.438 units relative to the model baseline.
23C4C1B7-6472-5805-ABFA-AA38382B2CED,2016-04-23,SAMPLE_ITEM_003,SAMPLE_TX_1,XGBoost,day_of_month,23,-0.38276303,0.38276303,NEGATIVE,4,Day of month (23) decreased the forecast by 0.383 units relative to the model baseline.
23C4C1B7-6472-5805-ABFA-AA38382B2CED,2016-04-23,SAMPLE_ITEM_003,SAMPLE_TX_1,XGBoost,current_price,9.35,-0.30312240,0.30312240,NEGATIVE,5,The current price (9.35) decreased the forecast by 0.303 units relative to the model baseline.
AC354519-07C6-51A6-879F-9739844FE0F7,2016-04-24,SAMPLE_ITEM_003,SAMPLE_TX_1,XGBoost,day_of_week,6,0.58469671,0.58469671,POSITIVE,1,The day of week (6) increased the forecast by 0.585 units relative to the model baseline.
AC354519-07C6-51A6-879F-9739844FE0F7,2016-04-24,SAMPLE_ITEM_003,SAMPLE_TX_1,XGBoost,current_stock,207.0,0.48824248,0.48824248,POSITIVE,2,Current stock (207.0) increased the forecast by 0.488 units relative to the model baseline.
AC354519-07C6-51A6-879F-9739844FE0F7,2016-04-24,SAMPLE_ITEM_003,SAMPLE_TX_1,XGBoost,day_of_month,24,-0.44585678,0.44585678,NEGATIVE,3,Day of month (24) decreased the forecast by 0.446 units relative to the model baseline.
AC354519-07C6-51A6-879F-9739844FE0F7,2016-04-24,SAMPLE_ITEM_003,SAMPLE_TX_1,XGBoost,days_of_supply,47.71637381416101,-0.42422417,0.42422417,NEGATIVE,4,Days of supply (47.71637381416101) decreased the forecast by 0.424 units relative to the model baseline.
AC354519-07C6-51A6-879F-9739844FE0F7,2016-04-24,SAMPLE_ITEM_003,SAMPLE_TX_1,XGBoost,rolling_mean_7,4.33813350541251,-0.33287495,0.33287495,NEGATIVE,5,The recent seven-day demand average (4.33813350541251) decreased the forecast by 0.333 units relative to the model baseline.
3DACE1CC-FCE2-575E-8888-D7B440DBFB9D,2016-04-25,SAMPLE_ITEM_003,SAMPLE_TX_1,XGBoost,days_of_supply,47.974633781103414,-0.54995257,0.54995257,NEGATIVE,1,Days of supply (47.974633781103414) decreased the forecast by 0.550 units relative to the model baseline.
3DACE1CC-FCE2-575E-8888-D7B440DBFB9D,2016-04-25,SAMPLE_ITEM_003,SAMPLE_TX_1,XGBoost,current_stock,207.0,0.49010280,0.49010280,POSITIVE,2,Current stock (207.0) increased the forecast by 0.490 units relative to the model baseline.
3DACE1CC-FCE2-575E-8888-D7B440DBFB9D,2016-04-25,SAMPLE_ITEM_003,SAMPLE_TX_1,XGBoost,day_of_month,25,-0.38563502,0.38563502,NEGATIVE,3,Day of month (25) decreased the forecast by 0.386 units relative to the model baseline.
3DACE1CC-FCE2-575E-8888-D7B440DBFB9D,2016-04-25,SAMPLE_ITEM_003,SAMPLE_TX_1,XGBoost,current_price,9.35,-0.37609178,0.37609178,NEGATIVE,4,The current price (9.35) decreased the forecast by 0.376 units relative to the model baseline.
3DACE1CC-FCE2-575E-8888-D7B440DBFB9D,2016-04-25,SAMPLE_ITEM_003,SAMPLE_TX_1,XGBoost,rolling_mean_7,4.314780201230731,-0.31815913,0.31815913,NEGATIVE,5,The recent seven-day demand average (4.314780201230731) decreased the forecast by 0.318 units relative to the model baseline.
5236782A-E999-5A63-AF4A-24286E62685E,2016-04-26,SAMPLE_ITEM_003,SAMPLE_TX_1,XGBoost,days_of_supply,48.621652856822855,-0.57242423,0.57242423,NEGATIVE,1,Days of supply (48.621652856822855) decreased the forecast by 0.572 units relative to the model baseline.
5236782A-E999-5A63-AF4A-24286E62685E,2016-04-26,SAMPLE_ITEM_003,SAMPLE_TX_1,XGBoost,current_stock,207.0,0.49010280,0.49010280,POSITIVE,2,Current stock (207.0) increased the forecast by 0.490 units relative to the model baseline.
5236782A-E999-5A63-AF4A-24286E62685E,2016-04-26,SAMPLE_ITEM_003,SAMPLE_TX_1,XGBoost,rolling_mean_7,4.257362467902047,-0.39684111,0.39684111,NEGATIVE,3,The recent seven-day demand average (4.257362467902047) decreased the forecast by 0.397 units relative to the model baseline.
5236782A-E999-5A63-AF4A-24286E62685E,2016-04-26,SAMPLE_ITEM_003,SAMPLE_TX_1,XGBoost,day_of_month,26,-0.38694471,0.38694471,NEGATIVE,4,Day of month (26) decreased the forecast by 0.387 units relative to the model baseline.
5236782A-E999-5A63-AF4A-24286E62685E,2016-04-26,SAMPLE_ITEM_003,SAMPLE_TX_1,XGBoost,current_price,9.35,-0.37394068,0.37394068,NEGATIVE,5,The current price (9.35) decreased the forecast by 0.374 units relative to the model baseline.
10FF6603-536A-5ABF-AE77-82D7B20221D2,2016-04-27,SAMPLE_ITEM_003,SAMPLE_TX_1,XGBoost,days_of_supply,49.24900358541348,-0.58992589,0.58992589,NEGATIVE,1,Days of supply (49.24900358541348) decreased the forecast by 0.590 units relative to the model baseline.
10FF6603-536A-5ABF-AE77-82D7B20221D2,2016-04-27,SAMPLE_ITEM_003,SAMPLE_TX_1,XGBoost,day_of_month,27,-0.45590138,0.45590138,NEGATIVE,2,Day of month (27) decreased the forecast by 0.456 units relative to the model baseline.
10FF6603-536A-5ABF-AE77-82D7B20221D2,2016-04-27,SAMPLE_ITEM_003,SAMPLE_TX_1,XGBoost,current_stock,207.0,0.41401201,0.41401201,POSITIVE,3,Current stock (207.0) increased the forecast by 0.414 units relative to the model baseline.
10FF6603-536A-5ABF-AE77-82D7B20221D2,2016-04-27,SAMPLE_ITEM_003,SAMPLE_TX_1,XGBoost,rolling_mean_7,4.203130722045898,-0.36641657,0.36641657,NEGATIVE,4,The recent seven-day demand average (4.203130722045898) decreased the forecast by 0.366 units relative to the model baseline.
10FF6603-536A-5ABF-AE77-82D7B20221D2,2016-04-27,SAMPLE_ITEM_003,SAMPLE_TX_1,XGBoost,current_price,9.35,-0.36322370,0.36322370,NEGATIVE,5,The current price (9.35) decreased the forecast by 0.363 units relative to the model baseline.
E4901F10-49CC-53AD-956D-88B6821BE0F7,2016-01-29,SAMPLE_ITEM_004,SAMPLE_CA_1,XGBoost,days_of_supply,51.270270270270274,-1.09548473,1.09548473,NEGATIVE,1,Days of supply (51.270270270270274) decreased the forecast by 1.095 units relative to the model baseline.
E4901F10-49CC-53AD-956D-88B6821BE0F7,2016-01-29,SAMPLE_ITEM_004,SAMPLE_CA_1,XGBoost,rolling_mean_14,5.857142857142857,0.64530534,0.64530534,POSITIVE,2,The recent fourteen-day demand average (5.857142857142857) increased the forecast by 0.645 units relative to the model baseline.
E4901F10-49CC-53AD-956D-88B6821BE0F7,2016-01-29,SAMPLE_ITEM_004,SAMPLE_CA_1,XGBoost,lag_14,8.0,0.56175053,0.56175053,POSITIVE,3,Demand fourteen days ago (8.0) increased the forecast by 0.562 units relative to the model baseline.
E4901F10-49CC-53AD-956D-88B6821BE0F7,2016-01-29,SAMPLE_ITEM_004,SAMPLE_CA_1,XGBoost,day_of_month,29,-0.49898076,0.49898076,NEGATIVE,4,Day of month (29) decreased the forecast by 0.499 units relative to the model baseline.
E4901F10-49CC-53AD-956D-88B6821BE0F7,2016-01-29,SAMPLE_ITEM_004,SAMPLE_CA_1,XGBoost,current_stock,271.0,0.38583973,0.38583973,POSITIVE,5,Current stock (271.0) increased the forecast by 0.386 units relative to the model baseline.
C8A3B618-B1CB-5EB3-844B-32416E68BF91,2016-01-30,SAMPLE_ITEM_004,SAMPLE_CA_1,XGBoost,days_of_supply,48.8375961083789,-1.00019538,1.00019538,NEGATIVE,1,Days of supply (48.8375961083789) decreased the forecast by 1.000 units relative to the model baseline.
C8A3B618-B1CB-5EB3-844B-32416E68BF91,2016-01-30,SAMPLE_ITEM_004,SAMPLE_CA_1,XGBoost,lag_14,8.0,0.58849090,0.58849090,POSITIVE,2,Demand fourteen days ago (8.0) increased the forecast by 0.588 units relative to the model baseline.
C8A3B618-B1CB-5EB3-844B-32416E68BF91,2016-01-30,SAMPLE_ITEM_004,SAMPLE_CA_1,XGBoost,day_of_month,30,-0.45124298,0.45124298,NEGATIVE,3,Day of month (30) decreased the forecast by 0.451 units relative to the model baseline.
C8A3B618-B1CB-5EB3-844B-32416E68BF91,2016-01-30,SAMPLE_ITEM_004,SAMPLE_CA_1,XGBoost,current_stock,271.0,0.41535661,0.41535661,POSITIVE,4,Current stock (271.0) increased the forecast by 0.415 units relative to the model baseline.
C8A3B618-B1CB-5EB3-844B-32416E68BF91,2016-01-30,SAMPLE_ITEM_004,SAMPLE_CA_1,XGBoost,price_change_percentage,0.0,0.25761360,0.25761360,POSITIVE,5,Price change percentage (0.0) increased the forecast by 0.258 units relative to the model baseline.
7F34FBFB-E0B5-5C5B-9EE3-4648CEEC6AE0,2016-01-31,SAMPLE_ITEM_004,SAMPLE_CA_1,XGBoost,days_of_supply,50.121423162621454,-0.75487155,0.75487155,NEGATIVE,1,Days of supply (50.121423162621454) decreased the forecast by 0.755 units relative to the model baseline.
7F34FBFB-E0B5-5C5B-9EE3-4648CEEC6AE0,2016-01-31,SAMPLE_ITEM_004,SAMPLE_CA_1,XGBoost,lag_14,7.0,0.59762067,0.59762067,POSITIVE,2,Demand fourteen days ago (7.0) increased the forecast by 0.598 units relative to the model baseline.
7F34FBFB-E0B5-5C5B-9EE3-4648CEEC6AE0,2016-01-31,SAMPLE_ITEM_004,SAMPLE_CA_1,XGBoost,day_of_week,6,0.54165697,0.54165697,POSITIVE,3,The day of week (6) increased the forecast by 0.542 units relative to the model baseline.
7F34FBFB-E0B5-5C5B-9EE3-4648CEEC6AE0,2016-01-31,SAMPLE_ITEM_004,SAMPLE_CA_1,XGBoost,current_stock,271.0,0.49832001,0.49832001,POSITIVE,4,Current stock (271.0) increased the forecast by 0.498 units relative to the model baseline.
7F34FBFB-E0B5-5C5B-9EE3-4648CEEC6AE0,2016-01-31,SAMPLE_ITEM_004,SAMPLE_CA_1,XGBoost,day_of_month,31,-0.47686428,0.47686428,NEGATIVE,5,Day of month (31) decreased the forecast by 0.477 units relative to the model baseline.
8443C1C5-88C8-5B8C-B88C-C06F7528709F,2016-02-01,SAMPLE_ITEM_004,SAMPLE_CA_1,XGBoost,days_of_supply,48.92282997934684,-0.95533955,0.95533955,NEGATIVE,1,Days of supply (48.92282997934684) decreased the forecast by 0.955 units relative to the model baseline.
8443C1C5-88C8-5B8C-B88C-C06F7528709F,2016-02-01,SAMPLE_ITEM_004,SAMPLE_CA_1,XGBoost,day_of_month,1,0.67611855,0.67611855,POSITIVE,2,Day of month (1) increased the forecast by 0.676 units relative to the model baseline.
8443C1C5-88C8-5B8C-B88C-C06F7528709F,2016-02-01,SAMPLE_ITEM_004,SAMPLE_CA_1,XGBoost,current_stock,271.0,0.38343373,0.38343373,POSITIVE,3,Current stock (271.0) increased the forecast by 0.383 units relative to the model baseline.
8443C1C5-88C8-5B8C-B88C-C06F7528709F,2016-02-01,SAMPLE_ITEM_004,SAMPLE_CA_1,XGBoost,lag_14,6.0,0.33785754,0.33785754,POSITIVE,4,Demand fourteen days ago (6.0) increased the forecast by 0.338 units relative to the model baseline.
8443C1C5-88C8-5B8C-B88C-C06F7528709F,2016-02-01,SAMPLE_ITEM_004,SAMPLE_CA_1,XGBoost,rolling_mean_7,5.539336136409214,0.20343477,0.20343477,POSITIVE,5,The recent seven-day demand average (5.539336136409214) increased the forecast by 0.203 units relative to the model baseline.
F608DF10-7C2D-547D-84BF-8504FC2C9D5B,2016-02-02,SAMPLE_ITEM_004,SAMPLE_CA_1,XGBoost,days_of_supply,47.94520665358383,-0.99021733,0.99021733,NEGATIVE,1,Days of supply (47.94520665358383) decreased the forecast by 0.990 units relative to the model baseline.
F608DF10-7C2D-547D-84BF-8504FC2C9D5B,2016-02-02,SAMPLE_ITEM_004,SAMPLE_CA_1,XGBoost,day_of_month,2,0.72582495,0.72582495,POSITIVE,2,Day of month (2) increased the forecast by 0.726 units relative to the model baseline.
F608DF10-7C2D-547D-84BF-8504FC2C9D5B,2016-02-02,SAMPLE_ITEM_004,SAMPLE_CA_1,XGBoost,lag_14,7.0,0.46681058,0.46681058,POSITIVE,3,Demand fourteen days ago (7.0) increased the forecast by 0.467 units relative to the model baseline.
F608DF10-7C2D-547D-84BF-8504FC2C9D5B,2016-02-02,SAMPLE_ITEM_004,SAMPLE_CA_1,XGBoost,current_stock,271.0,0.37781876,0.37781876,POSITIVE,4,Current stock (271.0) increased the forecast by 0.378 units relative to the model baseline.
F608DF10-7C2D-547D-84BF-8504FC2C9D5B,2016-02-02,SAMPLE_ITEM_004,SAMPLE_CA_1,XGBoost,rolling_mean_7,5.652285575866699,0.25303400,0.25303400,POSITIVE,5,The recent seven-day demand average (5.652285575866699) increased the forecast by 0.253 units relative to the model baseline.
C1F29102-82D7-58AE-BF4B-FC334F46CB0E,2016-02-03,SAMPLE_ITEM_004,SAMPLE_CA_1,XGBoost,days_of_supply,44.479728531593075,-0.95089740,0.95089740,NEGATIVE,1,Days of supply (44.479728531593075) decreased the forecast by 0.951 units relative to the model baseline.
C1F29102-82D7-58AE-BF4B-FC334F46CB0E,2016-02-03,SAMPLE_ITEM_004,SAMPLE_CA_1,XGBoost,day_of_month,3,0.59227073,0.59227073,POSITIVE,2,Day of month (3) increased the forecast by 0.592 units relative to the model baseline.
C1F29102-82D7-58AE-BF4B-FC334F46CB0E,2016-02-03,SAMPLE_ITEM_004,SAMPLE_CA_1,XGBoost,current_stock,271.0,0.37036145,0.37036145,POSITIVE,3,Current stock (271.0) increased the forecast by 0.370 units relative to the model baseline.
C1F29102-82D7-58AE-BF4B-FC334F46CB0E,2016-02-03,SAMPLE_ITEM_004,SAMPLE_CA_1,XGBoost,lag_14,6.0,0.28225151,0.28225151,POSITIVE,4,Demand fourteen days ago (6.0) increased the forecast by 0.282 units relative to the model baseline.
C1F29102-82D7-58AE-BF4B-FC334F46CB0E,2016-02-03,SAMPLE_ITEM_004,SAMPLE_CA_1,XGBoost,price_change_percentage,0.0,0.20324601,0.20324601,POSITIVE,5,Price change percentage (0.0) increased the forecast by 0.203 units relative to the model baseline.
8FCAAA36-AC93-5C54-963A-FABC174DD141,2016-02-04,SAMPLE_ITEM_004,SAMPLE_CA_1,XGBoost,days_of_supply,46.096504683821884,-0.84713072,0.84713072,NEGATIVE,1,Days of supply (46.096504683821884) decreased the forecast by 0.847 units relative to the model baseline.
8FCAAA36-AC93-5C54-963A-FABC174DD141,2016-02-04,SAMPLE_ITEM_004,SAMPLE_CA_1,XGBoost,day_of_month,4,0.63988835,0.63988835,POSITIVE,2,Day of month (4) increased the forecast by 0.640 units relative to the model baseline.
8FCAAA36-AC93-5C54-963A-FABC174DD141,2016-02-04,SAMPLE_ITEM_004,SAMPLE_CA_1,XGBoost,current_stock,271.0,0.43318722,0.43318722,POSITIVE,3,Current stock (271.0) increased the forecast by 0.433 units relative to the model baseline.
8FCAAA36-AC93-5C54-963A-FABC174DD141,2016-02-04,SAMPLE_ITEM_004,SAMPLE_CA_1,XGBoost,lag_7,7.0,-0.18873906,0.18873906,NEGATIVE,4,Demand seven days ago (7.0) decreased the forecast by 0.189 units relative to the model baseline.
8FCAAA36-AC93-5C54-963A-FABC174DD141,2016-02-04,SAMPLE_ITEM_004,SAMPLE_CA_1,XGBoost,day_of_week,3,-0.17816412,0.17816412,NEGATIVE,5,The day of week (3) decreased the forecast by 0.178 units relative to the model baseline.
9499E591-34D7-52A0-94CD-47F8AD7F62BE,2016-02-05,SAMPLE_ITEM_004,SAMPLE_CA_1,XGBoost,days_of_supply,48.00438431406856,-0.91597736,0.91597736,NEGATIVE,1,Days of supply (48.00438431406856) decreased the forecast by 0.916 units relative to the model baseline.
9499E591-34D7-52A0-94CD-47F8AD7F62BE,2016-02-05,SAMPLE_ITEM_004,SAMPLE_CA_1,XGBoost,day_of_month,5,0.69784397,0.69784397,POSITIVE,2,Day of month (5) increased the forecast by 0.698 units relative to the model baseline.
9499E591-34D7-52A0-94CD-47F8AD7F62BE,2016-02-05,SAMPLE_ITEM_004,SAMPLE_CA_1,XGBoost,current_stock,271.0,0.43318722,0.43318722,POSITIVE,3,Current stock (271.0) increased the forecast by 0.433 units relative to the model baseline.
9499E591-34D7-52A0-94CD-47F8AD7F62BE,2016-02-05,SAMPLE_ITEM_004,SAMPLE_CA_1,XGBoost,rolling_mean_7,5.645317690713065,0.23220728,0.23220728,POSITIVE,4,The recent seven-day demand average (5.645317690713065) increased the forecast by 0.232 units relative to the model baseline.
9499E591-34D7-52A0-94CD-47F8AD7F62BE,2016-02-05,SAMPLE_ITEM_004,SAMPLE_CA_1,XGBoost,price_change_percentage,0.0,0.14700674,0.14700674,POSITIVE,5,Price change percentage (0.0) increased the forecast by 0.147 units relative to the model baseline.
8E393218-DAE0-518F-8F1A-3D8B01B46C9A,2016-02-06,SAMPLE_ITEM_004,SAMPLE_CA_1,XGBoost,days_of_supply,47.96989230394471,-1.01606333,1.01606333,NEGATIVE,1,Days of supply (47.96989230394471) decreased the forecast by 1.016 units relative to the model baseline.
8E393218-DAE0-518F-8F1A-3D8B01B46C9A,2016-02-06,SAMPLE_ITEM_004,SAMPLE_CA_1,XGBoost,day_of_month,6,0.64248312,0.64248312,POSITIVE,2,Day of month (6) increased the forecast by 0.642 units relative to the model baseline.
8E393218-DAE0-518F-8F1A-3D8B01B46C9A,2016-02-06,SAMPLE_ITEM_004,SAMPLE_CA_1,XGBoost,current_stock,271.0,0.38199866,0.38199866,POSITIVE,3,Current stock (271.0) increased the forecast by 0.382 units relative to the model baseline.
8E393218-DAE0-518F-8F1A-3D8B01B46C9A,2016-02-06,SAMPLE_ITEM_004,SAMPLE_CA_1,XGBoost,rolling_mean_7,5.64937686920166,0.28292605,0.28292605,POSITIVE,4,The recent seven-day demand average (5.64937686920166) increased the forecast by 0.283 units relative to the model baseline.
8E393218-DAE0-518F-8F1A-3D8B01B46C9A,2016-02-06,SAMPLE_ITEM_004,SAMPLE_CA_1,XGBoost,lag_14,6.0,0.24911176,0.24911176,POSITIVE,5,Demand fourteen days ago (6.0) increased the forecast by 0.249 units relative to the model baseline.
A78C5B09-0049-5FB7-B1AD-CD2981DEE8FF,2016-02-07,SAMPLE_ITEM_004,SAMPLE_CA_1,XGBoost,days_of_supply,46.85948311869592,-0.76818240,0.76818240,NEGATIVE,1,Days of supply (46.85948311869592) decreased the forecast by 0.768 units relative to the model baseline.
A78C5B09-0049-5FB7-B1AD-CD2981DEE8FF,2016-02-07,SAMPLE_ITEM_004,SAMPLE_CA_1,XGBoost,day_of_month,7,0.64246380,0.64246380,POSITIVE,2,Day of month (7) increased the forecast by 0.642 units relative to the model baseline.
A78C5B09-0049-5FB7-B1AD-CD2981DEE8FF,2016-02-07,SAMPLE_ITEM_004,SAMPLE_CA_1,XGBoost,day_of_week,6,0.47745231,0.47745231,POSITIVE,3,The day of week (6) increased the forecast by 0.477 units relative to the model baseline.
A78C5B09-0049-5FB7-B1AD-CD2981DEE8FF,2016-02-07,SAMPLE_ITEM_004,SAMPLE_CA_1,XGBoost,current_stock,271.0,0.47395194,0.47395194,POSITIVE,4,Current stock (271.0) increased the forecast by 0.474 units relative to the model baseline.
A78C5B09-0049-5FB7-B1AD-CD2981DEE8FF,2016-02-07,SAMPLE_ITEM_004,SAMPLE_CA_1,XGBoost,rolling_mean_7,5.783247743334089,0.33608708,0.33608708,POSITIVE,5,The recent seven-day demand average (5.783247743334089) increased the forecast by 0.336 units relative to the model baseline.
34C13E1B-CBD0-5538-B2B3-A43ACF25EB6A,2016-02-08,SAMPLE_ITEM_004,SAMPLE_CA_1,XGBoost,days_of_supply,45.79995118720994,-0.94734794,0.94734794,NEGATIVE,1,Days of supply (45.79995118720994) decreased the forecast by 0.947 units relative to the model baseline.
34C13E1B-CBD0-5538-B2B3-A43ACF25EB6A,2016-02-08,SAMPLE_ITEM_004,SAMPLE_CA_1,XGBoost,day_of_month,8,0.63382369,0.63382369,POSITIVE,2,Day of month (8) increased the forecast by 0.634 units relative to the model baseline.
34C13E1B-CBD0-5538-B2B3-A43ACF25EB6A,2016-02-08,SAMPLE_ITEM_004,SAMPLE_CA_1,XGBoost,current_stock,271.0,0.37579635,0.37579635,POSITIVE,3,Current stock (271.0) increased the forecast by 0.376 units relative to the model baseline.
34C13E1B-CBD0-5538-B2B3-A43ACF25EB6A,2016-02-08,SAMPLE_ITEM_004,SAMPLE_CA_1,XGBoost,rolling_mean_14,5.728186505181449,0.31272092,0.31272092,POSITIVE,4,The recent fourteen-day demand average (5.728186505181449) increased the forecast by 0.313 units relative to the model baseline.
34C13E1B-CBD0-5538-B2B3-A43ACF25EB6A,2016-02-08,SAMPLE_ITEM_004,SAMPLE_CA_1,XGBoost,day_of_week,0,-0.27229026,0.27229026,NEGATIVE,5,The day of week (0) decreased the forecast by 0.272 units relative to the model baseline.
33DB5B0D-9488-54A9-B2DD-99294DAEA2FD,2016-02-09,SAMPLE_ITEM_004,SAMPLE_CA_1,XGBoost,days_of_supply,45.87508256148145,-0.84790653,0.84790653,NEGATIVE,1,Days of supply (45.87508256148145) decreased the forecast by 0.848 units relative to the model baseline.
33DB5B0D-9488-54A9-B2DD-99294DAEA2FD,2016-02-09,SAMPLE_ITEM_004,SAMPLE_CA_1,XGBoost,day_of_month,9,0.62041336,0.62041336,POSITIVE,2,Day of month (9) increased the forecast by 0.620 units relative to the model baseline.
33DB5B0D-9488-54A9-B2DD-99294DAEA2FD,2016-02-09,SAMPLE_ITEM_004,SAMPLE_CA_1,XGBoost,current_stock,271.0,0.42442963,0.42442963,POSITIVE,3,Current stock (271.0) increased the forecast by 0.424 units relative to the model baseline.
33DB5B0D-9488-54A9-B2DD-99294DAEA2FD,2016-02-09,SAMPLE_ITEM_004,SAMPLE_CA_1,XGBoost,day_of_week,1,-0.26708466,0.26708466,NEGATIVE,4,The day of week (1) decreased the forecast by 0.267 units relative to the model baseline.
33DB5B0D-9488-54A9-B2DD-99294DAEA2FD,2016-02-09,SAMPLE_ITEM_004,SAMPLE_CA_1,XGBoost,rolling_mean_14,5.779815946306501,0.26653203,0.26653203,POSITIVE,5,The recent fourteen-day demand average (5.779815946306501) increased the forecast by 0.267 units relative to the model baseline.
934C3B9F-942D-54B4-8C64-75E220587866,2016-02-10,SAMPLE_ITEM_004,SAMPLE_CA_1,XGBoost,days_of_supply,46.59465762021741,-0.99338478,0.99338478,NEGATIVE,1,Days of supply (46.59465762021741) decreased the forecast by 0.993 units relative to the model baseline.
934C3B9F-942D-54B4-8C64-75E220587866,2016-02-10,SAMPLE_ITEM_004,SAMPLE_CA_1,XGBoost,day_of_month,10,0.61973077,0.61973077,POSITIVE,2,Day of month (10) increased the forecast by 0.620 units relative to the model baseline.
934C3B9F-942D-54B4-8C64-75E220587866,2016-02-10,SAMPLE_ITEM_004,SAMPLE_CA_1,XGBoost,current_stock,271.0,0.38531247,0.38531247,POSITIVE,3,Current stock (271.0) increased the forecast by 0.385 units relative to the model baseline.
934C3B9F-942D-54B4-8C64-75E220587866,2016-02-10,SAMPLE_ITEM_004,SAMPLE_CA_1,XGBoost,lag_14,7.0,0.35640863,0.35640863,POSITIVE,4,Demand fourteen days ago (7.0) increased the forecast by 0.356 units relative to the model baseline.
934C3B9F-942D-54B4-8C64-75E220587866,2016-02-10,SAMPLE_ITEM_004,SAMPLE_CA_1,XGBoost,rolling_mean_7,5.816117422921317,0.26259139,0.26259139,POSITIVE,5,The recent seven-day demand average (5.816117422921317) increased the forecast by 0.263 units relative to the model baseline.
EE41ED0C-6155-5820-B008-F300E4080EA8,2016-02-11,SAMPLE_ITEM_004,SAMPLE_CA_1,XGBoost,days_of_supply,46.53156550616711,-1.03763509,1.03763509,NEGATIVE,1,Days of supply (46.53156550616711) decreased the forecast by 1.038 units relative to the model baseline.
EE41ED0C-6155-5820-B008-F300E4080EA8,2016-02-11,SAMPLE_ITEM_004,SAMPLE_CA_1,XGBoost,day_of_month,11,0.61821228,0.61821228,POSITIVE,2,Day of month (11) increased the forecast by 0.618 units relative to the model baseline.
EE41ED0C-6155-5820-B008-F300E4080EA8,2016-02-11,SAMPLE_ITEM_004,SAMPLE_CA_1,XGBoost,lag_14,7.0,0.40276894,0.40276894,POSITIVE,3,Demand fourteen days ago (7.0) increased the forecast by 0.403 units relative to the model baseline.
EE41ED0C-6155-5820-B008-F300E4080EA8,2016-02-11,SAMPLE_ITEM_004,SAMPLE_CA_1,XGBoost,current_stock,271.0,0.38854572,0.38854572,POSITIVE,4,Current stock (271.0) increased the forecast by 0.389 units relative to the model baseline.
EE41ED0C-6155-5820-B008-F300E4080EA8,2016-02-11,SAMPLE_ITEM_004,SAMPLE_CA_1,XGBoost,day_of_week,3,-0.32146770,0.32146770,NEGATIVE,5,The day of week (3) decreased the forecast by 0.321 units relative to the model baseline.
B1DF5A8D-3F71-5166-B3FC-4925D1DE1DC8,2016-02-12,SAMPLE_ITEM_004,SAMPLE_CA_1,XGBoost,days_of_supply,45.999372845776115,-0.98923832,0.98923832,NEGATIVE,1,Days of supply (45.999372845776115) decreased the forecast by 0.989 units relative to the model baseline.
B1DF5A8D-3F71-5166-B3FC-4925D1DE1DC8,2016-02-12,SAMPLE_ITEM_004,SAMPLE_CA_1,XGBoost,day_of_month,12,0.65637219,0.65637219,POSITIVE,2,Day of month (12) increased the forecast by 0.656 units relative to the model baseline.
B1DF5A8D-3F71-5166-B3FC-4925D1DE1DC8,2016-02-12,SAMPLE_ITEM_004,SAMPLE_CA_1,XGBoost,rolling_mean_14,5.768351180212838,0.49720612,0.49720612,POSITIVE,3,The recent fourteen-day demand average (5.768351180212838) increased the forecast by 0.497 units relative to the model baseline.
B1DF5A8D-3F71-5166-B3FC-4925D1DE1DC8,2016-02-12,SAMPLE_ITEM_004,SAMPLE_CA_1,XGBoost,current_stock,271.0,0.40118119,0.40118119,POSITIVE,4,Current stock (271.0) increased the forecast by 0.401 units relative to the model baseline.
B1DF5A8D-3F71-5166-B3FC-4925D1DE1DC8,2016-02-12,SAMPLE_ITEM_004,SAMPLE_CA_1,XGBoost,lag_14,5.8430256843566895,0.25357369,0.25357369,POSITIVE,5,Demand fourteen days ago (5.8430256843566895) increased the forecast by 0.254 units relative to the model baseline.
8FE74DA2-1B46-5552-A4F8-71E07369C6A4,2016-02-13,SAMPLE_ITEM_004,SAMPLE_CA_1,XGBoost,days_of_supply,45.449666491443004,-1.01206946,1.01206946,NEGATIVE,1,Days of supply (45.449666491443004) decreased the forecast by 1.012 units relative to the model baseline.
8FE74DA2-1B46-5552-A4F8-71E07369C6A4,2016-02-13,SAMPLE_ITEM_004,SAMPLE_CA_1,XGBoost,day_of_month,13,0.64766216,0.64766216,POSITIVE,2,Day of month (13) increased the forecast by 0.648 units relative to the model baseline.
8FE74DA2-1B46-5552-A4F8-71E07369C6A4,2016-02-13,SAMPLE_ITEM_004,SAMPLE_CA_1,XGBoost,rolling_mean_14,5.806008441107614,0.50555140,0.50555140,POSITIVE,3,The recent fourteen-day demand average (5.806008441107614) increased the forecast by 0.506 units relative to the model baseline.
8FE74DA2-1B46-5552-A4F8-71E07369C6A4,2016-02-13,SAMPLE_ITEM_004,SAMPLE_CA_1,XGBoost,current_stock,271.0,0.37436128,0.37436128,POSITIVE,4,Current stock (271.0) increased the forecast by 0.374 units relative to the model baseline.
8FE74DA2-1B46-5552-A4F8-71E07369C6A4,2016-02-13,SAMPLE_ITEM_004,SAMPLE_CA_1,XGBoost,lag_14,5.005061626434326,0.25063679,0.25063679,POSITIVE,5,Demand fourteen days ago (5.005061626434326) increased the forecast by 0.251 units relative to the model baseline.
02C7D7CE-832A-5C32-A0C2-69CCEA8C7906,2016-02-14,SAMPLE_ITEM_004,SAMPLE_CA_1,XGBoost,days_of_supply,45.048810429444664,-0.75093657,0.75093657,NEGATIVE,1,Days of supply (45.048810429444664) decreased the forecast by 0.751 units relative to the model baseline.
02C7D7CE-832A-5C32-A0C2-69CCEA8C7906,2016-02-14,SAMPLE_ITEM_004,SAMPLE_CA_1,XGBoost,day_of_month,14,0.58483028,0.58483028,POSITIVE,2,Day of month (14) increased the forecast by 0.585 units relative to the model baseline.
02C7D7CE-832A-5C32-A0C2-69CCEA8C7906,2016-02-14,SAMPLE_ITEM_004,SAMPLE_CA_1,XGBoost,day_of_week,6,0.53403723,0.53403723,POSITIVE,3,The day of week (6) increased the forecast by 0.534 units relative to the model baseline.
02C7D7CE-832A-5C32-A0C2-69CCEA8C7906,2016-02-14,SAMPLE_ITEM_004,SAMPLE_CA_1,XGBoost,rolling_mean_14,5.899472440992083,0.51946938,0.51946938,POSITIVE,4,The recent fourteen-day demand average (5.899472440992083) increased the forecast by 0.519 units relative to the model baseline.
02C7D7CE-832A-5C32-A0C2-69CCEA8C7906,2016-02-14,SAMPLE_ITEM_004,SAMPLE_CA_1,XGBoost,current_stock,271.0,0.45870116,0.45870116,POSITIVE,5,Current stock (271.0) increased the forecast by 0.459 units relative to the model baseline.
0FF920D3-0E8C-582F-86E2-37DD7ADBF9C0,2016-02-15,SAMPLE_ITEM_004,SAMPLE_CA_1,XGBoost,days_of_supply,45.01507976193623,-0.93424010,0.93424010,NEGATIVE,1,Days of supply (45.01507976193623) decreased the forecast by 0.934 units relative to the model baseline.
0FF920D3-0E8C-582F-86E2-37DD7ADBF9C0,2016-02-15,SAMPLE_ITEM_004,SAMPLE_CA_1,XGBoost,day_of_month,15,0.66447985,0.66447985,POSITIVE,2,Day of month (15) increased the forecast by 0.664 units relative to the model baseline.
0FF920D3-0E8C-582F-86E2-37DD7ADBF9C0,2016-02-15,SAMPLE_ITEM_004,SAMPLE_CA_1,XGBoost,current_stock,271.0,0.37382698,0.37382698,POSITIVE,3,Current stock (271.0) increased the forecast by 0.374 units relative to the model baseline.
0FF920D3-0E8C-582F-86E2-37DD7ADBF9C0,2016-02-15,SAMPLE_ITEM_004,SAMPLE_CA_1,XGBoost,lag_14,5.790646076202393,0.23613182,0.23613182,POSITIVE,4,Demand fourteen days ago (5.790646076202393) increased the forecast by 0.236 units relative to the model baseline.
0FF920D3-0E8C-582F-86E2-37DD7ADBF9C0,2016-02-15,SAMPLE_ITEM_004,SAMPLE_CA_1,XGBoost,lag_1,6.89534330368042,-0.16974886,0.16974886,NEGATIVE,5,Yesterday's demand (6.89534330368042) decreased the forecast by 0.170 units relative to the model baseline.
CB0260A4-6B4D-5634-B86C-B670F41DC48D,2016-02-16,SAMPLE_ITEM_004,SAMPLE_CA_1,XGBoost,days_of_supply,45.24609201305006,-0.97150171,0.97150171,NEGATIVE,1,Days of supply (45.24609201305006) decreased the forecast by 0.972 units relative to the model baseline.
CB0260A4-6B4D-5634-B86C-B670F41DC48D,2016-02-16,SAMPLE_ITEM_004,SAMPLE_CA_1,XGBoost,current_stock,271.0,0.38283738,0.38283738,POSITIVE,2,Current stock (271.0) increased the forecast by 0.383 units relative to the model baseline.
CB0260A4-6B4D-5634-B86C-B670F41DC48D,2016-02-16,SAMPLE_ITEM_004,SAMPLE_CA_1,XGBoost,lag_14,6.082642555236816,0.28696200,0.28696200,POSITIVE,3,Demand fourteen days ago (6.082642555236816) increased the forecast by 0.287 units relative to the model baseline.
CB0260A4-6B4D-5634-B86C-B670F41DC48D,2016-02-16,SAMPLE_ITEM_004,SAMPLE_CA_1,XGBoost,rolling_mean_7,5.989467552730015,0.19994825,0.19994825,POSITIVE,4,The recent seven-day demand average (5.989467552730015) increased the forecast by 0.200 units relative to the model baseline.
CB0260A4-6B4D-5634-B86C-B670F41DC48D,2016-02-16,SAMPLE_ITEM_004,SAMPLE_CA_1,XGBoost,day_of_month,16,0.19815460,0.19815460,POSITIVE,5,Day of month (16) increased the forecast by 0.198 units relative to the model baseline.
B4099057-347E-5E2C-ADAF-FB3317C21A64,2016-02-17,SAMPLE_ITEM_004,SAMPLE_CA_1,XGBoost,days_of_supply,45.44198207085703,-0.87823808,0.87823808,NEGATIVE,1,Days of supply (45.44198207085703) decreased the forecast by 0.878 units relative to the model baseline.
B4099057-347E-5E2C-ADAF-FB3317C21A64,2016-02-17,SAMPLE_ITEM_004,SAMPLE_CA_1,XGBoost,current_stock,271.0,0.42520267,0.42520267,POSITIVE,2,Current stock (271.0) increased the forecast by 0.425 units relative to the model baseline.
B4099057-347E-5E2C-ADAF-FB3317C21A64,2016-02-17,SAMPLE_ITEM_004,SAMPLE_CA_1,XGBoost,rolling_mean_14,5.889882871082851,0.31940046,0.31940046,POSITIVE,3,The recent fourteen-day demand average (5.889882871082851) increased the forecast by 0.319 units relative to the model baseline.
B4099057-347E-5E2C-ADAF-FB3317C21A64,2016-02-17,SAMPLE_ITEM_004,SAMPLE_CA_1,XGBoost,lag_14,5.504153251647949,0.28323767,0.28323767,POSITIVE,4,Demand fourteen days ago (5.504153251647949) increased the forecast by 0.283 units relative to the model baseline.
B4099057-347E-5E2C-ADAF-FB3317C21A64,2016-02-17,SAMPLE_ITEM_004,SAMPLE_CA_1,XGBoost,day_of_week,2,-0.27208892,0.27208892,NEGATIVE,5,The day of week (2) decreased the forecast by 0.272 units relative to the model baseline.
7B6796B5-AC7B-55E9-8CAC-CBE9FD04C684,2016-02-18,SAMPLE_ITEM_004,SAMPLE_CA_1,XGBoost,days_of_supply,45.6307330320699,-0.88242644,0.88242644,NEGATIVE,1,Days of supply (45.6307330320699) decreased the forecast by 0.882 units relative to the model baseline.
7B6796B5-AC7B-55E9-8CAC-CBE9FD04C684,2016-02-18,SAMPLE_ITEM_004,SAMPLE_CA_1,XGBoost,current_stock,271.0,0.43040529,0.43040529,POSITIVE,2,Current stock (271.0) increased the forecast by 0.430 units relative to the model baseline.
7B6796B5-AC7B-55E9-8CAC-CBE9FD04C684,2016-02-18,SAMPLE_ITEM_004,SAMPLE_CA_1,XGBoost,rolling_mean_14,5.881491627011981,0.31805936,0.31805936,POSITIVE,3,The recent fourteen-day demand average (5.881491627011981) increased the forecast by 0.318 units relative to the model baseline.
7B6796B5-AC7B-55E9-8CAC-CBE9FD04C684,2016-02-18,SAMPLE_ITEM_004,SAMPLE_CA_1,XGBoost,day_of_week,3,-0.31719258,0.31719258,NEGATIVE,4,The day of week (3) decreased the forecast by 0.317 units relative to the model baseline.
7B6796B5-AC7B-55E9-8CAC-CBE9FD04C684,2016-02-18,SAMPLE_ITEM_004,SAMPLE_CA_1,XGBoost,lag_14,5.364428997039795,0.28067985,0.28067985,POSITIVE,5,Demand fourteen days ago (5.364428997039795) increased the forecast by 0.281 units relative to the model baseline.
CF6AF005-9EC8-5EE0-828F-20B9D9DAB8EF,2016-02-19,SAMPLE_ITEM_004,SAMPLE_CA_1,XGBoost,days_of_supply,46.25503318998213,-0.92841852,0.92841852,NEGATIVE,1,Days of supply (46.25503318998213) decreased the forecast by 0.928 units relative to the model baseline.
CF6AF005-9EC8-5EE0-828F-20B9D9DAB8EF,2016-02-19,SAMPLE_ITEM_004,SAMPLE_CA_1,XGBoost,rolling_mean_14,5.875103269304548,0.49223050,0.49223050,POSITIVE,2,The recent fourteen-day demand average (5.875103269304548) increased the forecast by 0.492 units relative to the model baseline.
CF6AF005-9EC8-5EE0-828F-20B9D9DAB8EF,2016-02-19,SAMPLE_ITEM_004,SAMPLE_CA_1,XGBoost,current_stock,271.0,0.43040529,0.43040529,POSITIVE,3,Current stock (271.0) increased the forecast by 0.430 units relative to the model baseline.
CF6AF005-9EC8-5EE0-828F-20B9D9DAB8EF,2016-02-19,SAMPLE_ITEM_004,SAMPLE_CA_1,XGBoost,lag_14,5.8714399337768555,0.27430928,0.27430928,POSITIVE,4,Demand fourteen days ago (5.8714399337768555) increased the forecast by 0.274 units relative to the model baseline.
CF6AF005-9EC8-5EE0-828F-20B9D9DAB8EF,2016-02-19,SAMPLE_ITEM_004,SAMPLE_CA_1,XGBoost,price_change_percentage,0.0,0.20589527,0.20589527,POSITIVE,5,Price change percentage (0.0) increased the forecast by 0.206 units relative to the model baseline.
64A8CA01-ECFD-5145-B04B-F8BCC1684182,2016-02-20,SAMPLE_ITEM_004,SAMPLE_CA_1,XGBoost,days_of_supply,47.133133437279916,-0.95390332,0.95390332,NEGATIVE,1,Days of supply (47.133133437279916) decreased the forecast by 0.954 units relative to the model baseline.
64A8CA01-ECFD-5145-B04B-F8BCC1684182,2016-02-20,SAMPLE_ITEM_004,SAMPLE_CA_1,XGBoost,rolling_mean_14,5.8561553955078125,0.46071091,0.46071091,POSITIVE,2,The recent fourteen-day demand average (5.8561553955078125) increased the forecast by 0.461 units relative to the model baseline.
64A8CA01-ECFD-5145-B04B-F8BCC1684182,2016-02-20,SAMPLE_ITEM_004,SAMPLE_CA_1,XGBoost,current_stock,271.0,0.42066455,0.42066455,POSITIVE,3,Current stock (271.0) increased the forecast by 0.421 units relative to the model baseline.
64A8CA01-ECFD-5145-B04B-F8BCC1684182,2016-02-20,SAMPLE_ITEM_004,SAMPLE_CA_1,XGBoost,rolling_mean_7,5.7496707780020575,0.31096381,0.31096381,POSITIVE,4,The recent seven-day demand average (5.7496707780020575) increased the forecast by 0.311 units relative to the model baseline.
64A8CA01-ECFD-5145-B04B-F8BCC1684182,2016-02-20,SAMPLE_ITEM_004,SAMPLE_CA_1,XGBoost,lag_14,5.942157745361328,0.25560820,0.25560820,POSITIVE,5,Demand fourteen days ago (5.942157745361328) increased the forecast by 0.256 units relative to the model baseline.
A9913180-6D0C-50F4-A0C7-4E195204BE27,2016-02-21,SAMPLE_ITEM_004,SAMPLE_CA_1,XGBoost,days_of_supply,47.98508805371458,-0.72410738,0.72410738,NEGATIVE,1,Days of supply (47.98508805371458) decreased the forecast by 0.724 units relative to the model baseline.
A9913180-6D0C-50F4-A0C7-4E195204BE27,2016-02-21,SAMPLE_ITEM_004,SAMPLE_CA_1,XGBoost,day_of_week,6,0.55054277,0.55054277,POSITIVE,2,The day of week (6) increased the forecast by 0.551 units relative to the model baseline.
A9913180-6D0C-50F4-A0C7-4E195204BE27,2016-02-21,SAMPLE_ITEM_004,SAMPLE_CA_1,XGBoost,rolling_mean_14,5.8316424914768765,0.51751828,0.51751828,POSITIVE,3,The recent fourteen-day demand average (5.8316424914768765) increased the forecast by 0.518 units relative to the model baseline.
A9913180-6D0C-50F4-A0C7-4E195204BE27,2016-02-21,SAMPLE_ITEM_004,SAMPLE_CA_1,XGBoost,current_stock,271.0,0.50196552,0.50196552,POSITIVE,4,Current stock (271.0) increased the forecast by 0.502 units relative to the model baseline.
A9913180-6D0C-50F4-A0C7-4E195204BE27,2016-02-21,SAMPLE_ITEM_004,SAMPLE_CA_1,XGBoost,day_of_month,21,-0.42427066,0.42427066,NEGATIVE,5,Day of month (21) decreased the forecast by 0.424 units relative to the model baseline.
2FC9FFF9-9644-5B70-B245-A3CE78C953F7,2016-02-22,SAMPLE_ITEM_004,SAMPLE_CA_1,XGBoost,days_of_supply,48.89696716429358,-0.91576177,0.91576177,NEGATIVE,1,Days of supply (48.89696716429358) decreased the forecast by 0.916 units relative to the model baseline.
2FC9FFF9-9644-5B70-B245-A3CE78C953F7,2016-02-22,SAMPLE_ITEM_004,SAMPLE_CA_1,XGBoost,day_of_month,22,-0.44964227,0.44964227,NEGATIVE,2,Day of month (22) decreased the forecast by 0.450 units relative to the model baseline.
2FC9FFF9-9644-5B70-B245-A3CE78C953F7,2016-02-22,SAMPLE_ITEM_004,SAMPLE_CA_1,XGBoost,current_stock,271.0,0.41279995,0.41279995,POSITIVE,3,Current stock (271.0) increased the forecast by 0.413 units relative to the model baseline.
2FC9FFF9-9644-5B70-B245-A3CE78C953F7,2016-02-22,SAMPLE_ITEM_004,SAMPLE_CA_1,XGBoost,rolling_mean_14,5.781235422406878,0.31565639,0.31565639,POSITIVE,4,The recent fourteen-day demand average (5.781235422406878) increased the forecast by 0.316 units relative to the model baseline.
2FC9FFF9-9644-5B70-B245-A3CE78C953F7,2016-02-22,SAMPLE_ITEM_004,SAMPLE_CA_1,XGBoost,lag_14,5.722812175750732,0.27981681,0.27981681,POSITIVE,5,Demand fourteen days ago (5.722812175750732) increased the forecast by 0.280 units relative to the model baseline.
EA8F3C47-3D9B-5D07-8BF9-DBA563A855B1,2016-02-23,SAMPLE_ITEM_004,SAMPLE_CA_1,XGBoost,days_of_supply,49.88543313533047,-0.90421200,0.90421200,NEGATIVE,1,Days of supply (49.88543313533047) decreased the forecast by 0.904 units relative to the model baseline.
EA8F3C47-3D9B-5D07-8BF9-DBA563A855B1,2016-02-23,SAMPLE_ITEM_004,SAMPLE_CA_1,XGBoost,day_of_month,23,-0.45220292,0.45220292,NEGATIVE,2,Day of month (23) decreased the forecast by 0.452 units relative to the model baseline.
EA8F3C47-3D9B-5D07-8BF9-DBA563A855B1,2016-02-23,SAMPLE_ITEM_004,SAMPLE_CA_1,XGBoost,current_stock,271.0,0.43654180,0.43654180,POSITIVE,3,Current stock (271.0) increased the forecast by 0.437 units relative to the model baseline.
EA8F3C47-3D9B-5D07-8BF9-DBA563A855B1,2016-02-23,SAMPLE_ITEM_004,SAMPLE_CA_1,XGBoost,lag_14,5.444040298461914,0.28965175,0.28965175,POSITIVE,4,Demand fourteen days ago (5.444040298461914) increased the forecast by 0.290 units relative to the model baseline.
EA8F3C47-3D9B-5D07-8BF9-DBA563A855B1,2016-02-23,SAMPLE_ITEM_004,SAMPLE_CA_1,XGBoost,price_change_percentage,0.0,0.23483317,0.23483317,POSITIVE,5,Price change percentage (0.0) increased the forecast by 0.235 units relative to the model baseline.
83E6E1AB-6DAA-54EA-A6C4-BAD25158FB18,2016-02-24,SAMPLE_ITEM_004,SAMPLE_CA_1,XGBoost,days_of_supply,50.463797709332994,-0.91305107,0.91305107,NEGATIVE,1,Days of supply (50.463797709332994) decreased the forecast by 0.913 units relative to the model baseline.
83E6E1AB-6DAA-54EA-A6C4-BAD25158FB18,2016-02-24,SAMPLE_ITEM_004,SAMPLE_CA_1,XGBoost,day_of_month,24,-0.45391628,0.45391628,NEGATIVE,2,Day of month (24) decreased the forecast by 0.454 units relative to the model baseline.
83E6E1AB-6DAA-54EA-A6C4-BAD25158FB18,2016-02-24,SAMPLE_ITEM_004,SAMPLE_CA_1,XGBoost,current_stock,271.0,0.44206607,0.44206607,POSITIVE,3,Current stock (271.0) increased the forecast by 0.442 units relative to the model baseline.
83E6E1AB-6DAA-54EA-A6C4-BAD25158FB18,2016-02-24,SAMPLE_ITEM_004,SAMPLE_CA_1,XGBoost,lag_14,5.559355735778809,0.28778759,0.28778759,POSITIVE,4,Demand fourteen days ago (5.559355735778809) increased the forecast by 0.288 units relative to the model baseline.
83E6E1AB-6DAA-54EA-A6C4-BAD25158FB18,2016-02-24,SAMPLE_ITEM_004,SAMPLE_CA_1,XGBoost,price_change_percentage,0.0,0.23606588,0.23606588,POSITIVE,5,Price change percentage (0.0) increased the forecast by 0.236 units relative to the model baseline.
1F245776-D0C2-5C24-BD57-B726FA3042D0,2016-02-25,SAMPLE_ITEM_004,SAMPLE_CA_1,XGBoost,days_of_supply,51.23426250159725,-0.91833448,0.91833448,NEGATIVE,1,Days of supply (51.23426250159725) decreased the forecast by 0.918 units relative to the model baseline.
1F245776-D0C2-5C24-BD57-B726FA3042D0,2016-02-25,SAMPLE_ITEM_004,SAMPLE_CA_1,XGBoost,day_of_month,25,-0.45676383,0.45676383,NEGATIVE,2,Day of month (25) decreased the forecast by 0.457 units relative to the model baseline.
1F245776-D0C2-5C24-BD57-B726FA3042D0,2016-02-25,SAMPLE_ITEM_004,SAMPLE_CA_1,XGBoost,current_stock,271.0,0.44529939,0.44529939,POSITIVE,3,Current stock (271.0) increased the forecast by 0.445 units relative to the model baseline.
1F245776-D0C2-5C24-BD57-B726FA3042D0,2016-02-25,SAMPLE_ITEM_004,SAMPLE_CA_1,XGBoost,lag_14,5.836097240447998,0.28390643,0.28390643,POSITIVE,4,Demand fourteen days ago (5.836097240447998) increased the forecast by 0.284 units relative to the model baseline.
1F245776-D0C2-5C24-BD57-B726FA3042D0,2016-02-25,SAMPLE_ITEM_004,SAMPLE_CA_1,XGBoost,price_change_percentage,0.0,0.24425986,0.24425986,POSITIVE,5,Price change percentage (0.0) increased the forecast by 0.244 units relative to the model baseline.
5EEE8421-6064-5242-8735-DC14DB5689A1,2016-02-26,SAMPLE_ITEM_004,SAMPLE_CA_1,XGBoost,days_of_supply,51.91797515611716,-0.96179658,0.96179658,NEGATIVE,1,Days of supply (51.91797515611716) decreased the forecast by 0.962 units relative to the model baseline.
5EEE8421-6064-5242-8735-DC14DB5689A1,2016-02-26,SAMPLE_ITEM_004,SAMPLE_CA_1,XGBoost,day_of_month,26,-0.45155495,0.45155495,NEGATIVE,2,Day of month (26) decreased the forecast by 0.452 units relative to the model baseline.
5EEE8421-6064-5242-8735-DC14DB5689A1,2016-02-26,SAMPLE_ITEM_004,SAMPLE_CA_1,XGBoost,current_stock,271.0,0.43630952,0.43630952,POSITIVE,3,Current stock (271.0) increased the forecast by 0.436 units relative to the model baseline.
5EEE8421-6064-5242-8735-DC14DB5689A1,2016-02-26,SAMPLE_ITEM_004,SAMPLE_CA_1,XGBoost,lag_14,6.370227336883545,0.31060845,0.31060845,POSITIVE,4,Demand fourteen days ago (6.370227336883545) increased the forecast by 0.311 units relative to the model baseline.
5EEE8421-6064-5242-8735-DC14DB5689A1,2016-02-26,SAMPLE_ITEM_004,SAMPLE_CA_1,XGBoost,price_change_percentage,0.0,0.24140608,0.24140608,POSITIVE,5,Price change percentage (0.0) increased the forecast by 0.241 units relative to the model baseline.
75C52353-9C6A-50E6-A1EA-84C52C1D6ADB,2016-02-27,SAMPLE_ITEM_004,SAMPLE_CA_1,XGBoost,days_of_supply,52.86696457946888,-0.96940464,0.96940464,NEGATIVE,1,Days of supply (52.86696457946888) decreased the forecast by 0.969 units relative to the model baseline.
75C52353-9C6A-50E6-A1EA-84C52C1D6ADB,2016-02-27,SAMPLE_ITEM_004,SAMPLE_CA_1,XGBoost,day_of_month,27,-0.45487863,0.45487863,NEGATIVE,2,Day of month (27) decreased the forecast by 0.455 units relative to the model baseline.
75C52353-9C6A-50E6-A1EA-84C52C1D6ADB,2016-02-27,SAMPLE_ITEM_004,SAMPLE_CA_1,XGBoost,current_stock,271.0,0.42611685,0.42611685,POSITIVE,3,Current stock (271.0) increased the forecast by 0.426 units relative to the model baseline.
75C52353-9C6A-50E6-A1EA-84C52C1D6ADB,2016-02-27,SAMPLE_ITEM_004,SAMPLE_CA_1,XGBoost,lag_14,6.3135576248168945,0.30479166,0.30479166,POSITIVE,4,Demand fourteen days ago (6.3135576248168945) increased the forecast by 0.305 units relative to the model baseline.
75C52353-9C6A-50E6-A1EA-84C52C1D6ADB,2016-02-27,SAMPLE_ITEM_004,SAMPLE_CA_1,XGBoost,price_change_percentage,0.0,0.24522738,0.24522738,POSITIVE,5,Price change percentage (0.0) increased the forecast by 0.245 units relative to the model baseline.
AEB7493F-BDB5-5657-941A-8309948CFBD0,2016-02-28,SAMPLE_ITEM_004,SAMPLE_CA_1,XGBoost,days_of_supply,53.848348342291914,-0.71679717,0.71679717,NEGATIVE,1,Days of supply (53.848348342291914) decreased the forecast by 0.717 units relative to the model baseline.
AEB7493F-BDB5-5657-941A-8309948CFBD0,2016-02-28,SAMPLE_ITEM_004,SAMPLE_CA_1,XGBoost,current_stock,271.0,0.50908017,0.50908017,POSITIVE,2,Current stock (271.0) increased the forecast by 0.509 units relative to the model baseline.
AEB7493F-BDB5-5657-941A-8309948CFBD0,2016-02-28,SAMPLE_ITEM_004,SAMPLE_CA_1,XGBoost,day_of_week,6,0.47108355,0.47108355,POSITIVE,3,The day of week (6) increased the forecast by 0.471 units relative to the model baseline.
AEB7493F-BDB5-5657-941A-8309948CFBD0,2016-02-28,SAMPLE_ITEM_004,SAMPLE_CA_1,XGBoost,day_of_month,28,-0.42145929,0.42145929,NEGATIVE,4,Day of month (28) decreased the forecast by 0.421 units relative to the model baseline.
AEB7493F-BDB5-5657-941A-8309948CFBD0,2016-02-28,SAMPLE_ITEM_004,SAMPLE_CA_1,XGBoost,lag_14,6.89534330368042,0.31409895,0.31409895,POSITIVE,5,Demand fourteen days ago (6.89534330368042) increased the forecast by 0.314 units relative to the model baseline.
B5928F39-84C4-59CB-BDA6-9213812ADA30,2016-02-29,SAMPLE_ITEM_004,SAMPLE_CA_1,XGBoost,days_of_supply,54.54977699611758,-0.92935717,0.92935717,NEGATIVE,1,Days of supply (54.54977699611758) decreased the forecast by 0.929 units relative to the model baseline.
B5928F39-84C4-59CB-BDA6-9213812ADA30,2016-02-29,SAMPLE_ITEM_004,SAMPLE_CA_1,XGBoost,current_stock,271.0,0.49010280,0.49010280,POSITIVE,2,Current stock (271.0) increased the forecast by 0.490 units relative to the model baseline.
B5928F39-84C4-59CB-BDA6-9213812ADA30,2016-02-29,SAMPLE_ITEM_004,SAMPLE_CA_1,XGBoost,day_of_month,29,-0.41735148,0.41735148,NEGATIVE,3,Day of month (29) decreased the forecast by 0.417 units relative to the model baseline.
B5928F39-84C4-59CB-BDA6-9213812ADA30,2016-02-29,SAMPLE_ITEM_004,SAMPLE_CA_1,XGBoost,rolling_mean_7,4.9679396493094305,-0.37314737,0.37314737,NEGATIVE,4,The recent seven-day demand average (4.9679396493094305) decreased the forecast by 0.373 units relative to the model baseline.
B5928F39-84C4-59CB-BDA6-9213812ADA30,2016-02-29,SAMPLE_ITEM_004,SAMPLE_CA_1,XGBoost,lag_14,5.507651329040527,0.29014087,0.29014087,POSITIVE,5,Demand fourteen days ago (5.507651329040527) increased the forecast by 0.290 units relative to the model baseline.
96C4342A-D580-5EF7-81F9-5D67A5A8C211,2016-03-01,SAMPLE_ITEM_004,SAMPLE_CA_1,XGBoost,days_of_supply,54.84894991964775,-0.96950710,0.96950710,NEGATIVE,1,Days of supply (54.84894991964775) decreased the forecast by 0.970 units relative to the model baseline.
96C4342A-D580-5EF7-81F9-5D67A5A8C211,2016-03-01,SAMPLE_ITEM_004,SAMPLE_CA_1,XGBoost,day_of_month,1,0.65330452,0.65330452,POSITIVE,2,Day of month (1) increased the forecast by 0.653 units relative to the model baseline.
96C4342A-D580-5EF7-81F9-5D67A5A8C211,2016-03-01,SAMPLE_ITEM_004,SAMPLE_CA_1,XGBoost,rolling_mean_7,4.940842083522251,-0.51042008,0.51042008,NEGATIVE,3,The recent seven-day demand average (4.940842083522251) decreased the forecast by 0.510 units relative to the model baseline.
96C4342A-D580-5EF7-81F9-5D67A5A8C211,2016-03-01,SAMPLE_ITEM_004,SAMPLE_CA_1,XGBoost,current_stock,271.0,0.45741335,0.45741335,POSITIVE,4,Current stock (271.0) increased the forecast by 0.457 units relative to the model baseline.
96C4342A-D580-5EF7-81F9-5D67A5A8C211,2016-03-01,SAMPLE_ITEM_004,SAMPLE_CA_1,XGBoost,lag_14,5.2633056640625,0.23548216,0.23548216,POSITIVE,5,Demand fourteen days ago (5.2633056640625) increased the forecast by 0.235 units relative to the model baseline.
CA8A0608-27FF-5E61-A14A-816CA8D53AD5,2016-03-02,SAMPLE_ITEM_004,SAMPLE_CA_1,XGBoost,days_of_supply,54.142409398027816,-0.96705174,0.96705174,NEGATIVE,1,Days of supply (54.142409398027816) decreased the forecast by 0.967 units relative to the model baseline.
CA8A0608-27FF-5E61-A14A-816CA8D53AD5,2016-03-02,SAMPLE_ITEM_004,SAMPLE_CA_1,XGBoost,day_of_month,2,0.69640142,0.69640142,POSITIVE,2,Day of month (2) increased the forecast by 0.696 units relative to the model baseline.
CA8A0608-27FF-5E61-A14A-816CA8D53AD5,2016-03-02,SAMPLE_ITEM_004,SAMPLE_CA_1,XGBoost,current_stock,271.0,0.40506253,0.40506253,POSITIVE,3,Current stock (271.0) increased the forecast by 0.405 units relative to the model baseline.
CA8A0608-27FF-5E61-A14A-816CA8D53AD5,2016-03-02,SAMPLE_ITEM_004,SAMPLE_CA_1,XGBoost,lag_14,5.386675834655762,0.24068549,0.24068549,POSITIVE,4,Demand fourteen days ago (5.386675834655762) increased the forecast by 0.241 units relative to the model baseline.
CA8A0608-27FF-5E61-A14A-816CA8D53AD5,2016-03-02,SAMPLE_ITEM_004,SAMPLE_CA_1,XGBoost,rolling_mean_7,5.005318437303815,0.23914978,0.23914978,POSITIVE,5,The recent seven-day demand average (5.005318437303815) increased the forecast by 0.239 units relative to the model baseline.
E1CFE2E7-188A-5D73-9BE5-BE42FA7C65EC,2016-03-03,SAMPLE_ITEM_004,SAMPLE_CA_1,XGBoost,days_of_supply,52.242068341332725,-0.98755813,0.98755813,NEGATIVE,1,Days of supply (52.242068341332725) decreased the forecast by 0.988 units relative to the model baseline.
E1CFE2E7-188A-5D73-9BE5-BE42FA7C65EC,2016-03-03,SAMPLE_ITEM_004,SAMPLE_CA_1,XGBoost,day_of_month,3,0.69682980,0.69682980,POSITIVE,2,Day of month (3) increased the forecast by 0.697 units relative to the model baseline.
E1CFE2E7-188A-5D73-9BE5-BE42FA7C65EC,2016-03-03,SAMPLE_ITEM_004,SAMPLE_CA_1,XGBoost,current_stock,271.0,0.39166859,0.39166859,POSITIVE,3,Current stock (271.0) increased the forecast by 0.392 units relative to the model baseline.
E1CFE2E7-188A-5D73-9BE5-BE42FA7C65EC,2016-03-03,SAMPLE_ITEM_004,SAMPLE_CA_1,XGBoost,rolling_mean_7,5.187390327453613,0.24741870,0.24741870,POSITIVE,4,The recent seven-day demand average (5.187390327453613) increased the forecast by 0.247 units relative to the model baseline.
E1CFE2E7-188A-5D73-9BE5-BE42FA7C65EC,2016-03-03,SAMPLE_ITEM_004,SAMPLE_CA_1,XGBoost,lag_14,5.274991989135742,0.24059606,0.24059606,POSITIVE,5,Demand fourteen days ago (5.274991989135742) increased the forecast by 0.241 units relative to the model baseline.
21B6FFC5-57CC-5B54-B5D4-C3551570F7A3,2016-03-04,SAMPLE_ITEM_004,SAMPLE_CA_1,XGBoost,days_of_supply,50.530374239381324,-1.00822556,1.00822556,NEGATIVE,1,Days of supply (50.530374239381324) decreased the forecast by 1.008 units relative to the model baseline.
21B6FFC5-57CC-5B54-B5D4-C3551570F7A3,2016-03-04,SAMPLE_ITEM_004,SAMPLE_CA_1,XGBoost,day_of_month,4,0.70159823,0.70159823,POSITIVE,2,Day of month (4) increased the forecast by 0.702 units relative to the model baseline.
21B6FFC5-57CC-5B54-B5D4-C3551570F7A3,2016-03-04,SAMPLE_ITEM_004,SAMPLE_CA_1,XGBoost,current_stock,271.0,0.39166859,0.39166859,POSITIVE,3,Current stock (271.0) increased the forecast by 0.392 units relative to the model baseline.
21B6FFC5-57CC-5B54-B5D4-C3551570F7A3,2016-03-04,SAMPLE_ITEM_004,SAMPLE_CA_1,XGBoost,rolling_mean_7,5.3631108828953336,0.25066492,0.25066492,POSITIVE,4,The recent seven-day demand average (5.3631108828953336) increased the forecast by 0.251 units relative to the model baseline.
21B6FFC5-57CC-5B54-B5D4-C3551570F7A3,2016-03-04,SAMPLE_ITEM_004,SAMPLE_CA_1,XGBoost,lag_14,5.606169700622559,0.24245074,0.24245074,POSITIVE,5,Demand fourteen days ago (5.606169700622559) increased the forecast by 0.242 units relative to the model baseline.
A2C92F92-DA00-5895-AB18-6726D2BBE138,2016-03-05,SAMPLE_ITEM_004,SAMPLE_CA_1,XGBoost,days_of_supply,48.85342224695684,-1.01583374,1.01583374,NEGATIVE,1,Days of supply (48.85342224695684) decreased the forecast by 1.016 units relative to the model baseline.
A2C92F92-DA00-5895-AB18-6726D2BBE138,2016-03-05,SAMPLE_ITEM_004,SAMPLE_CA_1,XGBoost,day_of_month,5,0.70084912,0.70084912,POSITIVE,2,Day of month (5) increased the forecast by 0.701 units relative to the model baseline.
A2C92F92-DA00-5895-AB18-6726D2BBE138,2016-03-05,SAMPLE_ITEM_004,SAMPLE_CA_1,XGBoost,current_stock,271.0,0.37436128,0.37436128,POSITIVE,3,Current stock (271.0) increased the forecast by 0.374 units relative to the model baseline.
A2C92F92-DA00-5895-AB18-6726D2BBE138,2016-03-05,SAMPLE_ITEM_004,SAMPLE_CA_1,XGBoost,rolling_mean_7,5.547206061226981,0.29211017,0.29211017,POSITIVE,4,The recent seven-day demand average (5.547206061226981) increased the forecast by 0.292 units relative to the model baseline.
A2C92F92-DA00-5895-AB18-6726D2BBE138,2016-03-05,SAMPLE_ITEM_004,SAMPLE_CA_1,XGBoost,lag_14,5.598977088928223,0.23695099,0.23695099,POSITIVE,5,Demand fourteen days ago (5.598977088928223) increased the forecast by 0.237 units relative to the model baseline.
D7ED3495-48C5-5EDC-A8B0-7D53211A03AA,2016-03-06,SAMPLE_ITEM_004,SAMPLE_CA_1,XGBoost,days_of_supply,47.23020528870617,-0.79885787,0.79885787,NEGATIVE,1,Days of supply (47.23020528870617) decreased the forecast by 0.799 units relative to the model baseline.
D7ED3495-48C5-5EDC-A8B0-7D53211A03AA,2016-03-06,SAMPLE_ITEM_004,SAMPLE_CA_1,XGBoost,day_of_month,6,0.62374789,0.62374789,POSITIVE,2,Day of month (6) increased the forecast by 0.624 units relative to the model baseline.
D7ED3495-48C5-5EDC-A8B0-7D53211A03AA,2016-03-06,SAMPLE_ITEM_004,SAMPLE_CA_1,XGBoost,day_of_week,6,0.46840823,0.46840823,POSITIVE,3,The day of week (6) increased the forecast by 0.468 units relative to the model baseline.
D7ED3495-48C5-5EDC-A8B0-7D53211A03AA,2016-03-06,SAMPLE_ITEM_004,SAMPLE_CA_1,XGBoost,current_stock,271.0,0.44833487,0.44833487,POSITIVE,4,Current stock (271.0) increased the forecast by 0.448 units relative to the model baseline.
D7ED3495-48C5-5EDC-A8B0-7D53211A03AA,2016-03-06,SAMPLE_ITEM_004,SAMPLE_CA_1,XGBoost,rolling_mean_7,5.737853527069092,0.33943045,0.33943045,POSITIVE,5,The recent seven-day demand average (5.737853527069092) increased the forecast by 0.339 units relative to the model baseline.
7692BB3F-CF1E-5CBC-B26A-6E62DB722EC5,2016-03-07,SAMPLE_ITEM_004,SAMPLE_CA_1,XGBoost,days_of_supply,46.05133200698896,-0.84155715,0.84155715,NEGATIVE,1,Days of supply (46.05133200698896) decreased the forecast by 0.842 units relative to the model baseline.
7692BB3F-CF1E-5CBC-B26A-6E62DB722EC5,2016-03-07,SAMPLE_ITEM_004,SAMPLE_CA_1,XGBoost,day_of_month,7,0.73863453,0.73863453,POSITIVE,2,Day of month (7) increased the forecast by 0.739 units relative to the model baseline.
7692BB3F-CF1E-5CBC-B26A-6E62DB722EC5,2016-03-07,SAMPLE_ITEM_004,SAMPLE_CA_1,XGBoost,current_stock,271.0,0.40780237,0.40780237,POSITIVE,3,Current stock (271.0) increased the forecast by 0.408 units relative to the model baseline.
7692BB3F-CF1E-5CBC-B26A-6E62DB722EC5,2016-03-07,SAMPLE_ITEM_004,SAMPLE_CA_1,XGBoost,lag_1,6.7332916259765625,-0.18683128,0.18683128,NEGATIVE,4,Yesterday's demand (6.7332916259765625) decreased the forecast by 0.187 units relative to the model baseline.
7692BB3F-CF1E-5CBC-B26A-6E62DB722EC5,2016-03-07,SAMPLE_ITEM_004,SAMPLE_CA_1,XGBoost,price_change_percentage,0.0,0.16261698,0.16261698,POSITIVE,5,Price change percentage (0.0) increased the forecast by 0.163 units relative to the model baseline.
8101517C-538C-521F-8493-586A0B1661CD,2016-03-08,SAMPLE_ITEM_004,SAMPLE_CA_1,XGBoost,days_of_supply,44.734001674734735,-0.86012232,0.86012232,NEGATIVE,1,Days of supply (44.734001674734735) decreased the forecast by 0.860 units relative to the model baseline.
8101517C-538C-521F-8493-586A0B1661CD,2016-03-08,SAMPLE_ITEM_004,SAMPLE_CA_1,XGBoost,day_of_month,8,0.72225529,0.72225529,POSITIVE,2,Day of month (8) increased the forecast by 0.722 units relative to the model baseline.
8101517C-538C-521F-8493-586A0B1661CD,2016-03-08,SAMPLE_ITEM_004,SAMPLE_CA_1,XGBoost,current_stock,271.0,0.42246026,0.42246026,POSITIVE,3,Current stock (271.0) increased the forecast by 0.422 units relative to the model baseline.
8101517C-538C-521F-8493-586A0B1661CD,2016-03-08,SAMPLE_ITEM_004,SAMPLE_CA_1,XGBoost,price_change_percentage,0.0,0.15788126,0.15788126,POSITIVE,4,Price change percentage (0.0) increased the forecast by 0.158 units relative to the model baseline.
8101517C-538C-521F-8493-586A0B1661CD,2016-03-08,SAMPLE_ITEM_004,SAMPLE_CA_1,XGBoost,product_code,3,0.14256877,0.14256877,POSITIVE,5,Product code (3) increased the forecast by 0.143 units relative to the model baseline.
FC86E6CA-AE04-5C21-A2E0-B65A724DA130,2016-03-09,SAMPLE_ITEM_004,SAMPLE_CA_1,XGBoost,days_of_supply,44.380261237855926,-0.84319663,0.84319663,NEGATIVE,1,Days of supply (44.380261237855926) decreased the forecast by 0.843 units relative to the model baseline.
FC86E6CA-AE04-5C21-A2E0-B65A724DA130,2016-03-09,SAMPLE_ITEM_004,SAMPLE_CA_1,XGBoost,day_of_month,9,0.65176064,0.65176064,POSITIVE,2,Day of month (9) increased the forecast by 0.652 units relative to the model baseline.
FC86E6CA-AE04-5C21-A2E0-B65A724DA130,2016-03-09,SAMPLE_ITEM_004,SAMPLE_CA_1,XGBoost,current_stock,271.0,0.42798454,0.42798454,POSITIVE,3,Current stock (271.0) increased the forecast by 0.428 units relative to the model baseline.
FC86E6CA-AE04-5C21-A2E0-B65A724DA130,2016-03-09,SAMPLE_ITEM_004,SAMPLE_CA_1,XGBoost,lag_7,6.0958781242370605,-0.19106904,0.19106904,NEGATIVE,4,Demand seven days ago (6.0958781242370605) decreased the forecast by 0.191 units relative to the model baseline.
FC86E6CA-AE04-5C21-A2E0-B65A724DA130,2016-03-09,SAMPLE_ITEM_004,SAMPLE_CA_1,XGBoost,price_change_percentage,0.0,0.15911397,0.15911397,POSITIVE,5,Price change percentage (0.0) increased the forecast by 0.159 units relative to the model baseline.
AEA86630-5367-52F6-9BE0-2D6D86543590,2016-03-10,SAMPLE_ITEM_004,SAMPLE_CA_1,XGBoost,days_of_supply,45.096247606098736,-0.84713072,0.84713072,NEGATIVE,1,Days of supply (45.096247606098736) decreased the forecast by 0.847 units relative to the model baseline.
AEA86630-5367-52F6-9BE0-2D6D86543590,2016-03-10,SAMPLE_ITEM_004,SAMPLE_CA_1,XGBoost,day_of_month,10,0.63599199,0.63599199,POSITIVE,2,Day of month (10) increased the forecast by 0.636 units relative to the model baseline.
AEA86630-5367-52F6-9BE0-2D6D86543590,2016-03-10,SAMPLE_ITEM_004,SAMPLE_CA_1,XGBoost,current_stock,271.0,0.43318722,0.43318722,POSITIVE,3,Current stock (271.0) increased the forecast by 0.433 units relative to the model baseline.
AEA86630-5367-52F6-9BE0-2D6D86543590,2016-03-10,SAMPLE_ITEM_004,SAMPLE_CA_1,XGBoost,lag_7,6.017436981201172,-0.19856720,0.19856720,NEGATIVE,4,Demand seven days ago (6.017436981201172) decreased the forecast by 0.199 units relative to the model baseline.
AEA86630-5367-52F6-9BE0-2D6D86543590,2016-03-10,SAMPLE_ITEM_004,SAMPLE_CA_1,XGBoost,day_of_week,3,-0.17816412,0.17816412,NEGATIVE,5,The day of week (3) decreased the forecast by 0.178 units relative to the model baseline.
163B42DF-9285-5E3D-A70C-5B3EC25EC076,2016-03-11,SAMPLE_ITEM_004,SAMPLE_CA_1,XGBoost,days_of_supply,45.83462219459907,-0.86640042,0.86640042,NEGATIVE,1,Days of supply (45.83462219459907) decreased the forecast by 0.866 units relative to the model baseline.
163B42DF-9285-5E3D-A70C-5B3EC25EC076,2016-03-11,SAMPLE_ITEM_004,SAMPLE_CA_1,XGBoost,day_of_month,11,0.63599199,0.63599199,POSITIVE,2,Day of month (11) increased the forecast by 0.636 units relative to the model baseline.
163B42DF-9285-5E3D-A70C-5B3EC25EC076,2016-03-11,SAMPLE_ITEM_004,SAMPLE_CA_1,XGBoost,current_stock,271.0,0.43318722,0.43318722,POSITIVE,3,Current stock (271.0) increased the forecast by 0.433 units relative to the model baseline.
163B42DF-9285-5E3D-A70C-5B3EC25EC076,2016-03-11,SAMPLE_ITEM_004,SAMPLE_CA_1,XGBoost,lag_7,6.23895263671875,-0.21479766,0.21479766,NEGATIVE,4,Demand seven days ago (6.23895263671875) decreased the forecast by 0.215 units relative to the model baseline.
163B42DF-9285-5E3D-A70C-5B3EC25EC076,2016-03-11,SAMPLE_ITEM_004,SAMPLE_CA_1,XGBoost,price_change_percentage,0.0,0.14700674,0.14700674,POSITIVE,5,Price change percentage (0.0) increased the forecast by 0.147 units relative to the model baseline.
F9C1ABCA-AEDC-59D2-B971-D05C9BE422A9,2016-03-12,SAMPLE_ITEM_004,SAMPLE_CA_1,XGBoost,days_of_supply,46.65450289314284,-0.89188522,0.89188522,NEGATIVE,1,Days of supply (46.65450289314284) decreased the forecast by 0.892 units relative to the model baseline.
F9C1ABCA-AEDC-59D2-B971-D05C9BE422A9,2016-03-12,SAMPLE_ITEM_004,SAMPLE_CA_1,XGBoost,day_of_month,12,0.63277024,0.63277024,POSITIVE,2,Day of month (12) increased the forecast by 0.633 units relative to the model baseline.
F9C1ABCA-AEDC-59D2-B971-D05C9BE422A9,2016-03-12,SAMPLE_ITEM_004,SAMPLE_CA_1,XGBoost,current_stock,271.0,0.42299449,0.42299449,POSITIVE,3,Current stock (271.0) increased the forecast by 0.423 units relative to the model baseline.
F9C1ABCA-AEDC-59D2-B971-D05C9BE422A9,2016-03-12,SAMPLE_ITEM_004,SAMPLE_CA_1,XGBoost,rolling_mean_7,5.808656896863665,0.34683311,0.34683311,POSITIVE,4,The recent seven-day demand average (5.808656896863665) increased the forecast by 0.347 units relative to the model baseline.
F9C1ABCA-AEDC-59D2-B971-D05C9BE422A9,2016-03-12,SAMPLE_ITEM_004,SAMPLE_CA_1,XGBoost,lag_7,6.279551982879639,-0.21642867,0.21642867,NEGATIVE,5,Demand seven days ago (6.279551982879639) decreased the forecast by 0.216 units relative to the model baseline.
522DF15C-22F5-54F5-ADFC-B013A333BC26,2016-03-13,SAMPLE_ITEM_004,SAMPLE_CA_1,XGBoost,days_of_supply,47.210318364702694,-0.75731611,0.75731611,NEGATIVE,1,Days of supply (47.210318364702694) decreased the forecast by 0.757 units relative to the model baseline.
522DF15C-22F5-54F5-ADFC-B013A333BC26,2016-03-13,SAMPLE_ITEM_004,SAMPLE_CA_1,XGBoost,day_of_month,13,0.56506342,0.56506342,POSITIVE,2,Day of month (13) increased the forecast by 0.565 units relative to the model baseline.
522DF15C-22F5-54F5-ADFC-B013A333BC26,2016-03-13,SAMPLE_ITEM_004,SAMPLE_CA_1,XGBoost,day_of_week,6,0.54821670,0.54821670,POSITIVE,3,The day of week (6) increased the forecast by 0.548 units relative to the model baseline.
522DF15C-22F5-54F5-ADFC-B013A333BC26,2016-03-13,SAMPLE_ITEM_004,SAMPLE_CA_1,XGBoost,rolling_mean_14,5.739062036786761,0.47960445,0.47960445,POSITIVE,4,The recent fourteen-day demand average (5.739062036786761) increased the forecast by 0.480 units relative to the model baseline.
522DF15C-22F5-54F5-ADFC-B013A333BC26,2016-03-13,SAMPLE_ITEM_004,SAMPLE_CA_1,XGBoost,current_stock,271.0,0.47395194,0.47395194,POSITIVE,5,Current stock (271.0) increased the forecast by 0.474 units relative to the model baseline.
EC723221-A6AA-5098-94B1-0B85F264ACA7,2016-03-14,SAMPLE_ITEM_004,SAMPLE_CA_1,XGBoost,days_of_supply,46.88717356626605,-0.87690699,0.87690699,NEGATIVE,1,Days of supply (46.88717356626605) decreased the forecast by 0.877 units relative to the model baseline.
EC723221-A6AA-5098-94B1-0B85F264ACA7,2016-03-14,SAMPLE_ITEM_004,SAMPLE_CA_1,XGBoost,day_of_month,14,0.67854553,0.67854553,POSITIVE,2,Day of month (14) increased the forecast by 0.679 units relative to the model baseline.
EC723221-A6AA-5098-94B1-0B85F264ACA7,2016-03-14,SAMPLE_ITEM_004,SAMPLE_CA_1,XGBoost,current_stock,271.0,0.40780237,0.40780237,POSITIVE,3,Current stock (271.0) increased the forecast by 0.408 units relative to the model baseline.
EC723221-A6AA-5098-94B1-0B85F264ACA7,2016-03-14,SAMPLE_ITEM_004,SAMPLE_CA_1,XGBoost,day_of_week,0,-0.26944146,0.26944146,NEGATIVE,4,The day of week (0) decreased the forecast by 0.269 units relative to the model baseline.
EC723221-A6AA-5098-94B1-0B85F264ACA7,2016-03-14,SAMPLE_ITEM_004,SAMPLE_CA_1,XGBoost,rolling_mean_7,5.779832295009068,0.25877646,0.25877646,POSITIVE,5,The recent seven-day demand average (5.779832295009068) increased the forecast by 0.259 units relative to the model baseline.
976CAD86-38E5-5446-B613-316B0B1024C2,2016-03-15,SAMPLE_ITEM_004,SAMPLE_CA_1,XGBoost,days_of_supply,47.0143214442552,-0.97114801,0.97114801,NEGATIVE,1,Days of supply (47.0143214442552) decreased the forecast by 0.971 units relative to the model baseline.
976CAD86-38E5-5446-B613-316B0B1024C2,2016-03-15,SAMPLE_ITEM_004,SAMPLE_CA_1,XGBoost,day_of_month,15,0.64408916,0.64408916,POSITIVE,2,Day of month (15) increased the forecast by 0.644 units relative to the model baseline.
976CAD86-38E5-5446-B613-316B0B1024C2,2016-03-15,SAMPLE_ITEM_004,SAMPLE_CA_1,XGBoost,current_stock,271.0,0.39242360,0.39242360,POSITIVE,3,Current stock (271.0) increased the forecast by 0.392 units relative to the model baseline.
976CAD86-38E5-5446-B613-316B0B1024C2,2016-03-15,SAMPLE_ITEM_004,SAMPLE_CA_1,XGBoost,rolling_mean_7,5.7642010280064175,0.28551489,0.28551489,POSITIVE,4,The recent seven-day demand average (5.7642010280064175) increased the forecast by 0.286 units relative to the model baseline.
976CAD86-38E5-5446-B613-316B0B1024C2,2016-03-15,SAMPLE_ITEM_004,SAMPLE_CA_1,XGBoost,rolling_mean_14,5.911116361618042,0.27691987,0.27691987,POSITIVE,5,The recent fourteen-day demand average (5.911116361618042) increased the forecast by 0.277 units relative to the model baseline.
9FDA2954-8DCA-5B60-8F4A-DC57CE5B0E12,2016-03-16,SAMPLE_ITEM_004,SAMPLE_CA_1,XGBoost,days_of_supply,46.75124457365323,-0.99969703,0.99969703,NEGATIVE,1,Days of supply (46.75124457365323) decreased the forecast by 1.000 units relative to the model baseline.
9FDA2954-8DCA-5B60-8F4A-DC57CE5B0E12,2016-03-16,SAMPLE_ITEM_004,SAMPLE_CA_1,XGBoost,current_stock,271.0,0.39033109,0.39033109,POSITIVE,2,Current stock (271.0) increased the forecast by 0.390 units relative to the model baseline.
9FDA2954-8DCA-5B60-8F4A-DC57CE5B0E12,2016-03-16,SAMPLE_ITEM_004,SAMPLE_CA_1,XGBoost,rolling_mean_7,5.796637126377651,0.30610642,0.30610642,POSITIVE,3,The recent seven-day demand average (5.796637126377651) increased the forecast by 0.306 units relative to the model baseline.
9FDA2954-8DCA-5B60-8F4A-DC57CE5B0E12,2016-03-16,SAMPLE_ITEM_004,SAMPLE_CA_1,XGBoost,lag_14,6.0958781242370605,0.26477924,0.26477924,POSITIVE,4,Demand fourteen days ago (6.0958781242370605) increased the forecast by 0.265 units relative to the model baseline.
9FDA2954-8DCA-5B60-8F4A-DC57CE5B0E12,2016-03-16,SAMPLE_ITEM_004,SAMPLE_CA_1,XGBoost,day_of_month,16,0.20059107,0.20059107,POSITIVE,5,Day of month (16) increased the forecast by 0.201 units relative to the model baseline.
256F5DDF-3A5A-5012-B13E-4F219296AB22,2016-03-17,SAMPLE_ITEM_004,SAMPLE_CA_1,XGBoost,days_of_supply,46.95978419377912,-0.91575563,0.91575563,NEGATIVE,1,Days of supply (46.95978419377912) decreased the forecast by 0.916 units relative to the model baseline.
256F5DDF-3A5A-5012-B13E-4F219296AB22,2016-03-17,SAMPLE_ITEM_004,SAMPLE_CA_1,XGBoost,current_stock,271.0,0.42141542,0.42141542,POSITIVE,2,Current stock (271.0) increased the forecast by 0.421 units relative to the model baseline.
256F5DDF-3A5A-5012-B13E-4F219296AB22,2016-03-17,SAMPLE_ITEM_004,SAMPLE_CA_1,XGBoost,day_of_week,3,-0.31223604,0.31223604,NEGATIVE,3,The day of week (3) decreased the forecast by 0.312 units relative to the model baseline.
256F5DDF-3A5A-5012-B13E-4F219296AB22,2016-03-17,SAMPLE_ITEM_004,SAMPLE_CA_1,XGBoost,lag_14,6.017436981201172,0.30753365,0.30753365,POSITIVE,4,Demand fourteen days ago (6.017436981201172) increased the forecast by 0.308 units relative to the model baseline.
256F5DDF-3A5A-5012-B13E-4F219296AB22,2016-03-17,SAMPLE_ITEM_004,SAMPLE_CA_1,XGBoost,rolling_mean_14,5.8901322569165915,0.28257990,0.28257990,POSITIVE,5,The recent fourteen-day demand average (5.8901322569165915) increased the forecast by 0.283 units relative to the model baseline.
EDB85A21-527D-5C08-9112-F1F672E62EF9,2016-03-18,SAMPLE_ITEM_004,SAMPLE_CA_1,XGBoost,days_of_supply,46.949600903932954,-0.93502533,0.93502533,NEGATIVE,1,Days of supply (46.949600903932954) decreased the forecast by 0.935 units relative to the model baseline.
EDB85A21-527D-5C08-9112-F1F672E62EF9,2016-03-18,SAMPLE_ITEM_004,SAMPLE_CA_1,XGBoost,rolling_mean_14,5.842354025159564,0.46874881,0.46874881,POSITIVE,2,The recent fourteen-day demand average (5.842354025159564) increased the forecast by 0.469 units relative to the model baseline.
EDB85A21-527D-5C08-9112-F1F672E62EF9,2016-03-18,SAMPLE_ITEM_004,SAMPLE_CA_1,XGBoost,current_stock,271.0,0.42141542,0.42141542,POSITIVE,3,Current stock (271.0) increased the forecast by 0.421 units relative to the model baseline.
EDB85A21-527D-5C08-9112-F1F672E62EF9,2016-03-18,SAMPLE_ITEM_004,SAMPLE_CA_1,XGBoost,lag_14,6.23895263671875,0.29723877,0.29723877,POSITIVE,4,Demand fourteen days ago (6.23895263671875) increased the forecast by 0.297 units relative to the model baseline.
EDB85A21-527D-5C08-9112-F1F672E62EF9,2016-03-18,SAMPLE_ITEM_004,SAMPLE_CA_1,XGBoost,rolling_mean_7,5.772147042410714,0.27498385,0.27498385,POSITIVE,5,The recent seven-day demand average (5.772147042410714) increased the forecast by 0.275 units relative to the model baseline.
B114D279-41B7-5FEC-B51A-BC0D3FD0C46B,2016-03-19,SAMPLE_ITEM_004,SAMPLE_CA_1,XGBoost,days_of_supply,46.51002646384043,-0.97299761,0.97299761,NEGATIVE,1,Days of supply (46.51002646384043) decreased the forecast by 0.973 units relative to the model baseline.
B114D279-41B7-5FEC-B51A-BC0D3FD0C46B,2016-03-19,SAMPLE_ITEM_004,SAMPLE_CA_1,XGBoost,rolling_mean_14,5.8176787580762594,0.46451309,0.46451309,POSITIVE,2,The recent fourteen-day demand average (5.8176787580762594) increased the forecast by 0.465 units relative to the model baseline.
B114D279-41B7-5FEC-B51A-BC0D3FD0C46B,2016-03-19,SAMPLE_ITEM_004,SAMPLE_CA_1,XGBoost,current_stock,271.0,0.41122276,0.41122276,POSITIVE,3,Current stock (271.0) increased the forecast by 0.411 units relative to the model baseline.
B114D279-41B7-5FEC-B51A-BC0D3FD0C46B,2016-03-19,SAMPLE_ITEM_004,SAMPLE_CA_1,XGBoost,rolling_mean_7,5.826700619288853,0.32960892,0.32960892,POSITIVE,4,The recent seven-day demand average (5.826700619288853) increased the forecast by 0.330 units relative to the model baseline.
B114D279-41B7-5FEC-B51A-BC0D3FD0C46B,2016-03-19,SAMPLE_ITEM_004,SAMPLE_CA_1,XGBoost,lag_14,6.279551982879639,0.29029101,0.29029101,POSITIVE,5,Demand fourteen days ago (6.279551982879639) increased the forecast by 0.290 units relative to the model baseline.
D1799572-6FAD-5A29-B56C-C19095F07271,2016-03-20,SAMPLE_ITEM_004,SAMPLE_CA_1,XGBoost,days_of_supply,46.622301959384906,-0.72039020,0.72039020,NEGATIVE,1,Days of supply (46.622301959384906) decreased the forecast by 0.720 units relative to the model baseline.
D1799572-6FAD-5A29-B56C-C19095F07271,2016-03-20,SAMPLE_ITEM_004,SAMPLE_CA_1,XGBoost,day_of_week,6,0.56421894,0.56421894,POSITIVE,2,The day of week (6) increased the forecast by 0.564 units relative to the model baseline.
D1799572-6FAD-5A29-B56C-C19095F07271,2016-03-20,SAMPLE_ITEM_004,SAMPLE_CA_1,XGBoost,current_stock,271.0,0.49463812,0.49463812,POSITIVE,3,Current stock (271.0) increased the forecast by 0.495 units relative to the model baseline.
D1799572-6FAD-5A29-B56C-C19095F07271,2016-03-20,SAMPLE_ITEM_004,SAMPLE_CA_1,XGBoost,rolling_mean_14,5.776469673429217,0.47843108,0.47843108,POSITIVE,4,The recent fourteen-day demand average (5.776469673429217) increased the forecast by 0.478 units relative to the model baseline.
D1799572-6FAD-5A29-B56C-C19095F07271,2016-03-20,SAMPLE_ITEM_004,SAMPLE_CA_1,XGBoost,lag_14,6.7332916259765625,0.29663604,0.29663604,POSITIVE,5,Demand fourteen days ago (6.7332916259765625) increased the forecast by 0.297 units relative to the model baseline.
8B15FCA8-D30E-5F8A-92B4-285BFDB9DBC0,2016-03-21,SAMPLE_ITEM_004,SAMPLE_CA_1,XGBoost,days_of_supply,47.311952482085175,-0.90840322,0.90840322,NEGATIVE,1,Days of supply (47.311952482085175) decreased the forecast by 0.908 units relative to the model baseline.
8B15FCA8-D30E-5F8A-92B4-285BFDB9DBC0,2016-03-21,SAMPLE_ITEM_004,SAMPLE_CA_1,XGBoost,day_of_month,21,-0.45263952,0.45263952,NEGATIVE,2,Day of month (21) decreased the forecast by 0.453 units relative to the model baseline.
8B15FCA8-D30E-5F8A-92B4-285BFDB9DBC0,2016-03-21,SAMPLE_ITEM_004,SAMPLE_CA_1,XGBoost,current_stock,271.0,0.41279995,0.41279995,POSITIVE,3,Current stock (271.0) increased the forecast by 0.413 units relative to the model baseline.
8B15FCA8-D30E-5F8A-92B4-285BFDB9DBC0,2016-03-21,SAMPLE_ITEM_004,SAMPLE_CA_1,XGBoost,rolling_mean_14,5.753885882241385,0.30513659,0.30513659,POSITIVE,4,The recent fourteen-day demand average (5.753885882241385) increased the forecast by 0.305 units relative to the model baseline.
8B15FCA8-D30E-5F8A-92B4-285BFDB9DBC0,2016-03-21,SAMPLE_ITEM_004,SAMPLE_CA_1,XGBoost,lag_14,5.762298583984375,0.28579116,0.28579116,POSITIVE,5,Demand fourteen days ago (5.762298583984375) increased the forecast by 0.286 units relative to the model baseline.
233C3C75-7374-5C99-841C-433644FE9997,2016-03-22,SAMPLE_ITEM_004,SAMPLE_CA_1,XGBoost,days_of_supply,48.34354315669974,-0.90421200,0.90421200,NEGATIVE,1,Days of supply (48.34354315669974) decreased the forecast by 0.904 units relative to the model baseline.
233C3C75-7374-5C99-841C-433644FE9997,2016-03-22,SAMPLE_ITEM_004,SAMPLE_CA_1,XGBoost,day_of_month,22,-0.45220292,0.45220292,NEGATIVE,2,Day of month (22) decreased the forecast by 0.452 units relative to the model baseline.
233C3C75-7374-5C99-841C-433644FE9997,2016-03-22,SAMPLE_ITEM_004,SAMPLE_CA_1,XGBoost,current_stock,271.0,0.42942715,0.42942715,POSITIVE,3,Current stock (271.0) increased the forecast by 0.429 units relative to the model baseline.
233C3C75-7374-5C99-841C-433644FE9997,2016-03-22,SAMPLE_ITEM_004,SAMPLE_CA_1,XGBoost,lag_14,5.616817951202393,0.29542309,0.29542309,POSITIVE,4,Demand fourteen days ago (5.616817951202393) increased the forecast by 0.295 units relative to the model baseline.
233C3C75-7374-5C99-841C-433644FE9997,2016-03-22,SAMPLE_ITEM_004,SAMPLE_CA_1,XGBoost,price_change_percentage,0.0,0.23483317,0.23483317,POSITIVE,5,Price change percentage (0.0) increased the forecast by 0.235 units relative to the model baseline.
BB0E2657-82F0-52B6-B1E4-5BC06A81236F,2016-03-23,SAMPLE_ITEM_004,SAMPLE_CA_1,XGBoost,days_of_supply,49.59499567297929,-0.91305107,0.91305107,NEGATIVE,1,Days of supply (49.59499567297929) decreased the forecast by 0.913 units relative to the model baseline.
BB0E2657-82F0-52B6-B1E4-5BC06A81236F,2016-03-23,SAMPLE_ITEM_004,SAMPLE_CA_1,XGBoost,day_of_month,23,-0.45391628,0.45391628,NEGATIVE,2,Day of month (23) decreased the forecast by 0.454 units relative to the model baseline.
BB0E2657-82F0-52B6-B1E4-5BC06A81236F,2016-03-23,SAMPLE_ITEM_004,SAMPLE_CA_1,XGBoost,current_stock,271.0,0.43495148,0.43495148,POSITIVE,3,Current stock (271.0) increased the forecast by 0.435 units relative to the model baseline.
BB0E2657-82F0-52B6-B1E4-5BC06A81236F,2016-03-23,SAMPLE_ITEM_004,SAMPLE_CA_1,XGBoost,lag_14,5.417234420776367,0.28778759,0.28778759,POSITIVE,4,Demand fourteen days ago (5.417234420776367) increased the forecast by 0.288 units relative to the model baseline.
BB0E2657-82F0-52B6-B1E4-5BC06A81236F,2016-03-23,SAMPLE_ITEM_004,SAMPLE_CA_1,XGBoost,price_change_percentage,0.0,0.23606588,0.23606588,POSITIVE,5,Price change percentage (0.0) increased the forecast by 0.236 units relative to the model baseline.
F2392C77-5758-5443-A4E4-08F9F673E33D,2016-03-24,SAMPLE_ITEM_004,SAMPLE_CA_1,XGBoost,days_of_supply,50.139873793078,-0.91833448,0.91833448,NEGATIVE,1,Days of supply (50.139873793078) decreased the forecast by 0.918 units relative to the model baseline.
F2392C77-5758-5443-A4E4-08F9F673E33D,2016-03-24,SAMPLE_ITEM_004,SAMPLE_CA_1,XGBoost,day_of_month,24,-0.45676383,0.45676383,NEGATIVE,2,Day of month (24) decreased the forecast by 0.457 units relative to the model baseline.
F2392C77-5758-5443-A4E4-08F9F673E33D,2016-03-24,SAMPLE_ITEM_004,SAMPLE_CA_1,XGBoost,current_stock,271.0,0.43818474,0.43818474,POSITIVE,3,Current stock (271.0) increased the forecast by 0.438 units relative to the model baseline.
F2392C77-5758-5443-A4E4-08F9F673E33D,2016-03-24,SAMPLE_ITEM_004,SAMPLE_CA_1,XGBoost,lag_14,5.339779853820801,0.28390643,0.28390643,POSITIVE,4,Demand fourteen days ago (5.339779853820801) increased the forecast by 0.284 units relative to the model baseline.
F2392C77-5758-5443-A4E4-08F9F673E33D,2016-03-24,SAMPLE_ITEM_004,SAMPLE_CA_1,XGBoost,price_change_percentage,0.0,0.24425986,0.24425986,POSITIVE,5,Price change percentage (0.0) increased the forecast by 0.244 units relative to the model baseline.
45ED323B-099E-5CDA-887A-EA516FB1A93F,2016-03-25,SAMPLE_ITEM_004,SAMPLE_CA_1,XGBoost,days_of_supply,50.894734247127026,-0.93618119,0.93618119,NEGATIVE,1,Days of supply (50.894734247127026) decreased the forecast by 0.936 units relative to the model baseline.
45ED323B-099E-5CDA-887A-EA516FB1A93F,2016-03-25,SAMPLE_ITEM_004,SAMPLE_CA_1,XGBoost,day_of_month,25,-0.45676383,0.45676383,NEGATIVE,2,Day of month (25) decreased the forecast by 0.457 units relative to the model baseline.
45ED323B-099E-5CDA-887A-EA516FB1A93F,2016-03-25,SAMPLE_ITEM_004,SAMPLE_CA_1,XGBoost,current_stock,271.0,0.44529939,0.44529939,POSITIVE,3,Current stock (271.0) increased the forecast by 0.445 units relative to the model baseline.
45ED323B-099E-5CDA-887A-EA516FB1A93F,2016-03-25,SAMPLE_ITEM_004,SAMPLE_CA_1,XGBoost,lag_14,5.511623859405518,0.28530863,0.28530863,POSITIVE,4,Demand fourteen days ago (5.511623859405518) increased the forecast by 0.285 units relative to the model baseline.
45ED323B-099E-5CDA-887A-EA516FB1A93F,2016-03-25,SAMPLE_ITEM_004,SAMPLE_CA_1,XGBoost,price_change_percentage,0.0,0.24156494,0.24156494,POSITIVE,5,Price change percentage (0.0) increased the forecast by 0.242 units relative to the model baseline.
26C4AFB0-6856-593C-B0D1-08D867CBFC3F,2016-03-26,SAMPLE_ITEM_004,SAMPLE_CA_1,XGBoost,days_of_supply,52.18580999415006,-0.95395213,0.95395213,NEGATIVE,1,Days of supply (52.18580999415006) decreased the forecast by 0.954 units relative to the model baseline.
26C4AFB0-6856-593C-B0D1-08D867CBFC3F,2016-03-26,SAMPLE_ITEM_004,SAMPLE_CA_1,XGBoost,day_of_month,26,-0.45942038,0.45942038,NEGATIVE,2,Day of month (26) decreased the forecast by 0.459 units relative to the model baseline.
26C4AFB0-6856-593C-B0D1-08D867CBFC3F,2016-03-26,SAMPLE_ITEM_004,SAMPLE_CA_1,XGBoost,current_stock,271.0,0.43510672,0.43510672,POSITIVE,3,Current stock (271.0) increased the forecast by 0.435 units relative to the model baseline.
26C4AFB0-6856-593C-B0D1-08D867CBFC3F,2016-03-26,SAMPLE_ITEM_004,SAMPLE_CA_1,XGBoost,lag_14,5.80084753036499,0.27826676,0.27826676,POSITIVE,4,Demand fourteen days ago (5.80084753036499) increased the forecast by 0.278 units relative to the model baseline.
26C4AFB0-6856-593C-B0D1-08D867CBFC3F,2016-03-26,SAMPLE_ITEM_004,SAMPLE_CA_1,XGBoost,price_change_percentage,0.0,0.24576128,0.24576128,POSITIVE,5,Price change percentage (0.0) increased the forecast by 0.246 units relative to the model baseline.
468FD2CE-3B6F-5759-97B5-8E41ECE85366,2016-03-27,SAMPLE_ITEM_004,SAMPLE_CA_1,XGBoost,days_of_supply,53.25171443515826,-0.76139265,0.76139265,NEGATIVE,1,Days of supply (53.25171443515826) decreased the forecast by 0.761 units relative to the model baseline.
468FD2CE-3B6F-5759-97B5-8E41ECE85366,2016-03-27,SAMPLE_ITEM_004,SAMPLE_CA_1,XGBoost,lag_14,7.010223865509033,0.51943958,0.51943958,POSITIVE,2,Demand fourteen days ago (7.010223865509033) increased the forecast by 0.519 units relative to the model baseline.
468FD2CE-3B6F-5759-97B5-8E41ECE85366,2016-03-27,SAMPLE_ITEM_004,SAMPLE_CA_1,XGBoost,current_stock,271.0,0.50543463,0.50543463,POSITIVE,3,Current stock (271.0) increased the forecast by 0.505 units relative to the model baseline.
468FD2CE-3B6F-5759-97B5-8E41ECE85366,2016-03-27,SAMPLE_ITEM_004,SAMPLE_CA_1,XGBoost,day_of_week,6,0.49525660,0.49525660,POSITIVE,4,The day of week (6) increased the forecast by 0.495 units relative to the model baseline.
468FD2CE-3B6F-5759-97B5-8E41ECE85366,2016-03-27,SAMPLE_ITEM_004,SAMPLE_CA_1,XGBoost,day_of_month,27,-0.42302769,0.42302769,NEGATIVE,5,Day of month (27) decreased the forecast by 0.423 units relative to the model baseline.
CC10C1D4-8F2B-5E1F-ADB5-37588391CA48,2016-03-28,SAMPLE_ITEM_004,SAMPLE_CA_1,XGBoost,days_of_supply,54.08591164588748,-0.89322853,0.89322853,NEGATIVE,1,Days of supply (54.08591164588748) decreased the forecast by 0.893 units relative to the model baseline.
CC10C1D4-8F2B-5E1F-ADB5-37588391CA48,2016-03-28,SAMPLE_ITEM_004,SAMPLE_CA_1,XGBoost,day_of_month,28,-0.47608051,0.47608051,NEGATIVE,2,Day of month (28) decreased the forecast by 0.476 units relative to the model baseline.
CC10C1D4-8F2B-5E1F-ADB5-37588391CA48,2016-03-28,SAMPLE_ITEM_004,SAMPLE_CA_1,XGBoost,current_stock,271.0,0.43654180,0.43654180,POSITIVE,3,Current stock (271.0) increased the forecast by 0.437 units relative to the model baseline.
CC10C1D4-8F2B-5E1F-ADB5-37588391CA48,2016-03-28,SAMPLE_ITEM_004,SAMPLE_CA_1,XGBoost,lag_14,5.65287971496582,0.29473138,0.29473138,POSITIVE,4,Demand fourteen days ago (5.65287971496582) increased the forecast by 0.295 units relative to the model baseline.
CC10C1D4-8F2B-5E1F-ADB5-37588391CA48,2016-03-28,SAMPLE_ITEM_004,SAMPLE_CA_1,XGBoost,price_change_percentage,0.0,0.23543696,0.23543696,POSITIVE,5,Price change percentage (0.0) increased the forecast by 0.235 units relative to the model baseline.
3AE464E6-2F53-5F63-8DED-5A0625875F2B,2016-03-29,SAMPLE_ITEM_004,SAMPLE_CA_1,XGBoost,days_of_supply,53.83458650197961,-0.91437489,0.91437489,NEGATIVE,1,Days of supply (53.83458650197961) decreased the forecast by 0.914 units relative to the model baseline.
3AE464E6-2F53-5F63-8DED-5A0625875F2B,2016-03-29,SAMPLE_ITEM_004,SAMPLE_CA_1,XGBoost,day_of_month,29,-0.47085872,0.47085872,NEGATIVE,2,Day of month (29) decreased the forecast by 0.471 units relative to the model baseline.
3AE464E6-2F53-5F63-8DED-5A0625875F2B,2016-03-29,SAMPLE_ITEM_004,SAMPLE_CA_1,XGBoost,current_stock,271.0,0.43654180,0.43654180,POSITIVE,3,Current stock (271.0) increased the forecast by 0.437 units relative to the model baseline.
3AE464E6-2F53-5F63-8DED-5A0625875F2B,2016-03-29,SAMPLE_ITEM_004,SAMPLE_CA_1,XGBoost,lag_14,5.843870639801025,0.29114991,0.29114991,POSITIVE,4,Demand fourteen days ago (5.843870639801025) increased the forecast by 0.291 units relative to the model baseline.
3AE464E6-2F53-5F63-8DED-5A0625875F2B,2016-03-29,SAMPLE_ITEM_004,SAMPLE_CA_1,XGBoost,price_change_percentage,0.0,0.23702753,0.23702753,POSITIVE,5,Price change percentage (0.0) increased the forecast by 0.237 units relative to the model baseline.
F3300699-C68D-580A-8974-4970DD636758,2016-03-30,SAMPLE_ITEM_004,SAMPLE_CA_1,XGBoost,days_of_supply,53.66186305242769,-0.91789937,0.91789937,NEGATIVE,1,Days of supply (53.66186305242769) decreased the forecast by 0.918 units relative to the model baseline.
F3300699-C68D-580A-8974-4970DD636758,2016-03-30,SAMPLE_ITEM_004,SAMPLE_CA_1,XGBoost,day_of_month,30,-0.47135094,0.47135094,NEGATIVE,2,Day of month (30) decreased the forecast by 0.471 units relative to the model baseline.
F3300699-C68D-580A-8974-4970DD636758,2016-03-30,SAMPLE_ITEM_004,SAMPLE_CA_1,XGBoost,current_stock,271.0,0.44206607,0.44206607,POSITIVE,3,Current stock (271.0) increased the forecast by 0.442 units relative to the model baseline.
F3300699-C68D-580A-8974-4970DD636758,2016-03-30,SAMPLE_ITEM_004,SAMPLE_CA_1,XGBoost,lag_14,5.23704195022583,0.28928575,0.28928575,POSITIVE,4,Demand fourteen days ago (5.23704195022583) increased the forecast by 0.289 units relative to the model baseline.
F3300699-C68D-580A-8974-4970DD636758,2016-03-30,SAMPLE_ITEM_004,SAMPLE_CA_1,XGBoost,price_change_percentage,0.0,0.23928678,0.23928678,POSITIVE,5,Price change percentage (0.0) increased the forecast by 0.239 units relative to the model baseline.
73338C79-BE16-5B8D-96C5-5562E3719B29,2016-03-31,SAMPLE_ITEM_004,SAMPLE_CA_1,XGBoost,days_of_supply,53.45070664735079,-0.92318290,0.92318290,NEGATIVE,1,Days of supply (53.45070664735079) decreased the forecast by 0.923 units relative to the model baseline.
73338C79-BE16-5B8D-96C5-5562E3719B29,2016-03-31,SAMPLE_ITEM_004,SAMPLE_CA_1,XGBoost,day_of_month,31,-0.47419849,0.47419849,NEGATIVE,2,Day of month (31) decreased the forecast by 0.474 units relative to the model baseline.
73338C79-BE16-5B8D-96C5-5562E3719B29,2016-03-31,SAMPLE_ITEM_004,SAMPLE_CA_1,XGBoost,current_stock,271.0,0.44529939,0.44529939,POSITIVE,3,Current stock (271.0) increased the forecast by 0.445 units relative to the model baseline.
73338C79-BE16-5B8D-96C5-5562E3719B29,2016-03-31,SAMPLE_ITEM_004,SAMPLE_CA_1,XGBoost,lag_14,5.348541736602783,0.28540462,0.28540462,POSITIVE,4,Demand fourteen days ago (5.348541736602783) increased the forecast by 0.285 units relative to the model baseline.
73338C79-BE16-5B8D-96C5-5562E3719B29,2016-03-31,SAMPLE_ITEM_004,SAMPLE_CA_1,XGBoost,price_change_percentage,0.0,0.24748076,0.24748076,POSITIVE,5,Price change percentage (0.0) increased the forecast by 0.247 units relative to the model baseline.
AD6910C6-F17A-5010-95C9-626158E915AE,2016-04-01,SAMPLE_ITEM_004,SAMPLE_CA_1,XGBoost,days_of_supply,53.24120550599789,-0.96835071,0.96835071,NEGATIVE,1,Days of supply (53.24120550599789) decreased the forecast by 0.968 units relative to the model baseline.
AD6910C6-F17A-5010-95C9-626158E915AE,2016-04-01,SAMPLE_ITEM_004,SAMPLE_CA_1,XGBoost,day_of_month,1,0.70843089,0.70843089,POSITIVE,2,Day of month (1) increased the forecast by 0.708 units relative to the model baseline.
AD6910C6-F17A-5010-95C9-626158E915AE,2016-04-01,SAMPLE_ITEM_004,SAMPLE_CA_1,XGBoost,current_stock,271.0,0.40829584,0.40829584,POSITIVE,3,Current stock (271.0) increased the forecast by 0.408 units relative to the model baseline.
AD6910C6-F17A-5010-95C9-626158E915AE,2016-04-01,SAMPLE_ITEM_004,SAMPLE_CA_1,XGBoost,rolling_mean_7,5.090042522975376,0.25222087,0.25222087,POSITIVE,4,The recent seven-day demand average (5.090042522975376) increased the forecast by 0.252 units relative to the model baseline.
AD6910C6-F17A-5010-95C9-626158E915AE,2016-04-01,SAMPLE_ITEM_004,SAMPLE_CA_1,XGBoost,lag_14,5.89349889755249,0.23785916,0.23785916,POSITIVE,5,Demand fourteen days ago (5.89349889755249) increased the forecast by 0.238 units relative to the model baseline.
6A39141B-EA09-5B63-8D6E-ADB4CAF20924,2016-04-02,SAMPLE_ITEM_004,SAMPLE_CA_1,XGBoost,days_of_supply,51.332227136411674,-0.99118161,0.99118161,NEGATIVE,1,Days of supply (51.332227136411674) decreased the forecast by 0.991 units relative to the model baseline.
6A39141B-EA09-5B63-8D6E-ADB4CAF20924,2016-04-02,SAMPLE_ITEM_004,SAMPLE_CA_1,XGBoost,day_of_month,2,0.69608063,0.69608063,POSITIVE,2,Day of month (2) increased the forecast by 0.696 units relative to the model baseline.
6A39141B-EA09-5B63-8D6E-ADB4CAF20924,2016-04-02,SAMPLE_ITEM_004,SAMPLE_CA_1,XGBoost,current_stock,271.0,0.38147593,0.38147593,POSITIVE,3,Current stock (271.0) increased the forecast by 0.381 units relative to the model baseline.
6A39141B-EA09-5B63-8D6E-ADB4CAF20924,2016-04-02,SAMPLE_ITEM_004,SAMPLE_CA_1,XGBoost,rolling_mean_7,5.279334545135498,0.30173916,0.30173916,POSITIVE,4,The recent seven-day demand average (5.279334545135498) increased the forecast by 0.302 units relative to the model baseline.
6A39141B-EA09-5B63-8D6E-ADB4CAF20924,2016-04-02,SAMPLE_ITEM_004,SAMPLE_CA_1,XGBoost,lag_14,5.702624797821045,0.23572591,0.23572591,POSITIVE,5,Demand fourteen days ago (5.702624797821045) increased the forecast by 0.236 units relative to the model baseline.
B9BE4E16-597B-5697-9EC6-6503CF863933,2016-04-03,SAMPLE_ITEM_004,SAMPLE_CA_1,XGBoost,days_of_supply,49.58196348470344,-0.77507299,0.77507299,NEGATIVE,1,Days of supply (49.58196348470344) decreased the forecast by 0.775 units relative to the model baseline.
B9BE4E16-597B-5697-9EC6-6503CF863933,2016-04-03,SAMPLE_ITEM_004,SAMPLE_CA_1,XGBoost,day_of_month,3,0.61481905,0.61481905,POSITIVE,2,Day of month (3) increased the forecast by 0.615 units relative to the model baseline.
B9BE4E16-597B-5697-9EC6-6503CF863933,2016-04-03,SAMPLE_ITEM_004,SAMPLE_CA_1,XGBoost,day_of_week,6,0.45558113,0.45558113,POSITIVE,3,The day of week (6) increased the forecast by 0.456 units relative to the model baseline.
B9BE4E16-597B-5697-9EC6-6503CF863933,2016-04-03,SAMPLE_ITEM_004,SAMPLE_CA_1,XGBoost,current_stock,271.0,0.44833487,0.44833487,POSITIVE,4,Current stock (271.0) increased the forecast by 0.448 units relative to the model baseline.
B9BE4E16-597B-5697-9EC6-6503CF863933,2016-04-03,SAMPLE_ITEM_004,SAMPLE_CA_1,XGBoost,lag_14,6.417118549346924,0.25160688,0.25160688,POSITIVE,5,Demand fourteen days ago (6.417118549346924) increased the forecast by 0.252 units relative to the model baseline.
676E4069-280F-5BD5-87A3-AAB13DB7FC35,2016-04-04,SAMPLE_ITEM_004,SAMPLE_CA_1,XGBoost,days_of_supply,48.65880338183007,-0.86679250,0.86679250,NEGATIVE,1,Days of supply (48.65880338183007) decreased the forecast by 0.867 units relative to the model baseline.
676E4069-280F-5BD5-87A3-AAB13DB7FC35,2016-04-04,SAMPLE_ITEM_004,SAMPLE_CA_1,XGBoost,day_of_month,4,0.72950792,0.72950792,POSITIVE,2,Day of month (4) increased the forecast by 0.730 units relative to the model baseline.
676E4069-280F-5BD5-87A3-AAB13DB7FC35,2016-04-04,SAMPLE_ITEM_004,SAMPLE_CA_1,XGBoost,current_stock,271.0,0.40780237,0.40780237,POSITIVE,3,Current stock (271.0) increased the forecast by 0.408 units relative to the model baseline.
676E4069-280F-5BD5-87A3-AAB13DB7FC35,2016-04-04,SAMPLE_ITEM_004,SAMPLE_CA_1,XGBoost,rolling_mean_7,5.569393021719796,0.21645933,0.21645933,POSITIVE,4,The recent seven-day demand average (5.569393021719796) increased the forecast by 0.216 units relative to the model baseline.
676E4069-280F-5BD5-87A3-AAB13DB7FC35,2016-04-04,SAMPLE_ITEM_004,SAMPLE_CA_1,XGBoost,lag_1,6.5935516357421875,-0.19060931,0.19060931,NEGATIVE,5,Yesterday's demand (6.5935516357421875) decreased the forecast by 0.191 units relative to the model baseline.
69EB8358-DB32-5FF7-972E-1374A6C05345,2016-04-05,SAMPLE_ITEM_004,SAMPLE_CA_1,XGBoost,days_of_supply,47.52600299967253,-0.88400817,0.88400817,NEGATIVE,1,Days of supply (47.52600299967253) decreased the forecast by 0.884 units relative to the model baseline.
69EB8358-DB32-5FF7-972E-1374A6C05345,2016-04-05,SAMPLE_ITEM_004,SAMPLE_CA_1,XGBoost,day_of_month,5,0.74376541,0.74376541,POSITIVE,2,Day of month (5) increased the forecast by 0.744 units relative to the model baseline.
69EB8358-DB32-5FF7-972E-1374A6C05345,2016-04-05,SAMPLE_ITEM_004,SAMPLE_CA_1,XGBoost,current_stock,271.0,0.42442963,0.42442963,POSITIVE,3,Current stock (271.0) increased the forecast by 0.424 units relative to the model baseline.
69EB8358-DB32-5FF7-972E-1374A6C05345,2016-04-05,SAMPLE_ITEM_004,SAMPLE_CA_1,XGBoost,rolling_mean_7,5.702141625540597,0.25601456,0.25601456,POSITIVE,4,The recent seven-day demand average (5.702141625540597) increased the forecast by 0.256 units relative to the model baseline.
69EB8358-DB32-5FF7-972E-1374A6C05345,2016-04-05,SAMPLE_ITEM_004,SAMPLE_CA_1,XGBoost,product_code,3,0.14360648,0.14360648,POSITIVE,5,Product code (3) increased the forecast by 0.144 units relative to the model baseline.
CDC8B20E-2133-54F0-BB11-96C32A969821,2016-04-06,SAMPLE_ITEM_004,SAMPLE_CA_1,XGBoost,days_of_supply,46.2904776829552,-0.89199406,0.89199406,NEGATIVE,1,Days of supply (46.2904776829552) decreased the forecast by 0.892 units relative to the model baseline.
CDC8B20E-2133-54F0-BB11-96C32A969821,2016-04-06,SAMPLE_ITEM_004,SAMPLE_CA_1,XGBoost,day_of_month,6,0.74126291,0.74126291,POSITIVE,2,Day of month (6) increased the forecast by 0.741 units relative to the model baseline.
CDC8B20E-2133-54F0-BB11-96C32A969821,2016-04-06,SAMPLE_ITEM_004,SAMPLE_CA_1,XGBoost,current_stock,271.0,0.41332665,0.41332665,POSITIVE,3,Current stock (271.0) increased the forecast by 0.413 units relative to the model baseline.
CDC8B20E-2133-54F0-BB11-96C32A969821,2016-04-06,SAMPLE_ITEM_004,SAMPLE_CA_1,XGBoost,rolling_mean_7,5.854335784912109,0.33535305,0.33535305,POSITIVE,4,The recent seven-day demand average (5.854335784912109) increased the forecast by 0.335 units relative to the model baseline.
CDC8B20E-2133-54F0-BB11-96C32A969821,2016-04-06,SAMPLE_ITEM_004,SAMPLE_CA_1,XGBoost,lag_1,6.032490253448486,-0.17057152,0.17057152,NEGATIVE,5,Yesterday's demand (6.032490253448486) decreased the forecast by 0.171 units relative to the model baseline.
717EC243-E2E0-5F90-B43D-DED614817EC6,2016-04-07,SAMPLE_ITEM_004,SAMPLE_CA_1,XGBoost,days_of_supply,45.13482441233473,-0.87982732,0.87982732,NEGATIVE,1,Days of supply (45.13482441233473) decreased the forecast by 0.880 units relative to the model baseline.
717EC243-E2E0-5F90-B43D-DED614817EC6,2016-04-07,SAMPLE_ITEM_004,SAMPLE_CA_1,XGBoost,day_of_month,7,0.77847731,0.77847731,POSITIVE,2,Day of month (7) increased the forecast by 0.778 units relative to the model baseline.
717EC243-E2E0-5F90-B43D-DED614817EC6,2016-04-07,SAMPLE_ITEM_004,SAMPLE_CA_1,XGBoost,current_stock,271.0,0.41459060,0.41459060,POSITIVE,3,Current stock (271.0) increased the forecast by 0.415 units relative to the model baseline.
717EC243-E2E0-5F90-B43D-DED614817EC6,2016-04-07,SAMPLE_ITEM_004,SAMPLE_CA_1,XGBoost,day_of_week,3,-0.19457141,0.19457141,NEGATIVE,4,The day of week (3) decreased the forecast by 0.195 units relative to the model baseline.
717EC243-E2E0-5F90-B43D-DED614817EC6,2016-04-07,SAMPLE_ITEM_004,SAMPLE_CA_1,XGBoost,price_change_percentage,0.0,0.19314896,0.19314896,POSITIVE,5,Price change percentage (0.0) increased the forecast by 0.193 units relative to the model baseline.
8EE0DF8A-7273-5D65-8BF9-0650ACB651C2,2016-04-08,SAMPLE_ITEM_004,SAMPLE_CA_1,XGBoost,days_of_supply,44.271554326089806,-0.86682707,0.86682707,NEGATIVE,1,Days of supply (44.271554326089806) decreased the forecast by 0.867 units relative to the model baseline.
8EE0DF8A-7273-5D65-8BF9-0650ACB651C2,2016-04-08,SAMPLE_ITEM_004,SAMPLE_CA_1,XGBoost,day_of_month,8,0.66124719,0.66124719,POSITIVE,2,Day of month (8) increased the forecast by 0.661 units relative to the model baseline.
8EE0DF8A-7273-5D65-8BF9-0650ACB651C2,2016-04-08,SAMPLE_ITEM_004,SAMPLE_CA_1,XGBoost,current_stock,271.0,0.43121785,0.43121785,POSITIVE,3,Current stock (271.0) increased the forecast by 0.431 units relative to the model baseline.
8EE0DF8A-7273-5D65-8BF9-0650ACB651C2,2016-04-08,SAMPLE_ITEM_004,SAMPLE_CA_1,XGBoost,lag_7,6.296409606933594,-0.20729950,0.20729950,NEGATIVE,4,Demand seven days ago (6.296409606933594) decreased the forecast by 0.207 units relative to the model baseline.
8EE0DF8A-7273-5D65-8BF9-0650ACB651C2,2016-04-08,SAMPLE_ITEM_004,SAMPLE_CA_1,XGBoost,price_change_percentage,0.0,0.16461299,0.16461299,POSITIVE,5,Price change percentage (0.0) increased the forecast by 0.165 units relative to the model baseline.
1D7F65E8-7413-5D6F-ABA5-4E8E60C0E706,2016-04-09,SAMPLE_ITEM_004,SAMPLE_CA_1,XGBoost,days_of_supply,45.07420762904955,-0.87400848,0.87400848,NEGATIVE,1,Days of supply (45.07420762904955) decreased the forecast by 0.874 units relative to the model baseline.
1D7F65E8-7413-5D6F-ABA5-4E8E60C0E706,2016-04-09,SAMPLE_ITEM_004,SAMPLE_CA_1,XGBoost,day_of_month,9,0.63524282,0.63524282,POSITIVE,2,Day of month (9) increased the forecast by 0.635 units relative to the model baseline.
1D7F65E8-7413-5D6F-ABA5-4E8E60C0E706,2016-04-09,SAMPLE_ITEM_004,SAMPLE_CA_1,XGBoost,current_stock,271.0,0.42299449,0.42299449,POSITIVE,3,Current stock (271.0) increased the forecast by 0.423 units relative to the model baseline.
1D7F65E8-7413-5D6F-ABA5-4E8E60C0E706,2016-04-09,SAMPLE_ITEM_004,SAMPLE_CA_1,XGBoost,lag_7,6.279551982879639,-0.21642867,0.21642867,NEGATIVE,4,Demand seven days ago (6.279551982879639) decreased the forecast by 0.216 units relative to the model baseline.
1D7F65E8-7413-5D6F-ABA5-4E8E60C0E706,2016-04-09,SAMPLE_ITEM_004,SAMPLE_CA_1,XGBoost,price_change_percentage,0.0,0.15082803,0.15082803,POSITIVE,5,Price change percentage (0.0) increased the forecast by 0.151 units relative to the model baseline.
716E1C8E-86D6-55CD-91CB-46D2055F22CB,2016-04-10,SAMPLE_ITEM_004,SAMPLE_CA_1,XGBoost,days_of_supply,45.859430003895916,-0.72196621,0.72196621,NEGATIVE,1,Days of supply (45.859430003895916) decreased the forecast by 0.722 units relative to the model baseline.
716E1C8E-86D6-55CD-91CB-46D2055F22CB,2016-04-10,SAMPLE_ITEM_004,SAMPLE_CA_1,XGBoost,day_of_month,10,0.57411766,0.57411766,POSITIVE,2,Day of month (10) increased the forecast by 0.574 units relative to the model baseline.
716E1C8E-86D6-55CD-91CB-46D2055F22CB,2016-04-10,SAMPLE_ITEM_004,SAMPLE_CA_1,XGBoost,current_stock,271.0,0.47395194,0.47395194,POSITIVE,3,Current stock (271.0) increased the forecast by 0.474 units relative to the model baseline.
716E1C8E-86D6-55CD-91CB-46D2055F22CB,2016-04-10,SAMPLE_ITEM_004,SAMPLE_CA_1,XGBoost,day_of_week,6,0.46865723,0.46865723,POSITIVE,4,The day of week (6) increased the forecast by 0.469 units relative to the model baseline.
716E1C8E-86D6-55CD-91CB-46D2055F22CB,2016-04-10,SAMPLE_ITEM_004,SAMPLE_CA_1,XGBoost,lag_14,5.86768102645874,0.24274184,0.24274184,POSITIVE,5,Demand fourteen days ago (5.86768102645874) increased the forecast by 0.243 units relative to the model baseline.
AAC0376C-CE26-57F7-96E8-F2AB20E844D6,2016-04-11,SAMPLE_ITEM_004,SAMPLE_CA_1,XGBoost,days_of_supply,46.01886674158999,-0.85903025,0.85903025,NEGATIVE,1,Days of supply (46.01886674158999) decreased the forecast by 0.859 units relative to the model baseline.
AAC0376C-CE26-57F7-96E8-F2AB20E844D6,2016-04-11,SAMPLE_ITEM_004,SAMPLE_CA_1,XGBoost,day_of_month,11,0.67632097,0.67632097,POSITIVE,2,Day of month (11) increased the forecast by 0.676 units relative to the model baseline.
AAC0376C-CE26-57F7-96E8-F2AB20E844D6,2016-04-11,SAMPLE_ITEM_004,SAMPLE_CA_1,XGBoost,current_stock,271.0,0.40780237,0.40780237,POSITIVE,3,Current stock (271.0) increased the forecast by 0.408 units relative to the model baseline.
AAC0376C-CE26-57F7-96E8-F2AB20E844D6,2016-04-11,SAMPLE_ITEM_004,SAMPLE_CA_1,XGBoost,day_of_week,0,-0.26903874,0.26903874,NEGATIVE,4,The day of week (0) decreased the forecast by 0.269 units relative to the model baseline.
AAC0376C-CE26-57F7-96E8-F2AB20E844D6,2016-04-11,SAMPLE_ITEM_004,SAMPLE_CA_1,XGBoost,rolling_mean_14,5.72914103099278,0.26530033,0.26530033,POSITIVE,5,The recent fourteen-day demand average (5.72914103099278) increased the forecast by 0.265 units relative to the model baseline.
03EC79B0-6230-5811-A43B-CC4DA4A82FDF,2016-04-12,SAMPLE_ITEM_004,SAMPLE_CA_1,XGBoost,days_of_supply,46.43144301185192,-0.86578327,0.86578327,NEGATIVE,1,Days of supply (46.43144301185192) decreased the forecast by 0.866 units relative to the model baseline.
03EC79B0-6230-5811-A43B-CC4DA4A82FDF,2016-04-12,SAMPLE_ITEM_004,SAMPLE_CA_1,XGBoost,day_of_month,12,0.61712730,0.61712730,POSITIVE,2,Day of month (12) increased the forecast by 0.617 units relative to the model baseline.
03EC79B0-6230-5811-A43B-CC4DA4A82FDF,2016-04-12,SAMPLE_ITEM_004,SAMPLE_CA_1,XGBoost,current_stock,271.0,0.42442963,0.42442963,POSITIVE,3,Current stock (271.0) increased the forecast by 0.424 units relative to the model baseline.
03EC79B0-6230-5811-A43B-CC4DA4A82FDF,2016-04-12,SAMPLE_ITEM_004,SAMPLE_CA_1,XGBoost,day_of_week,1,-0.26708466,0.26708466,NEGATIVE,4,The day of week (1) decreased the forecast by 0.267 units relative to the model baseline.
03EC79B0-6230-5811-A43B-CC4DA4A82FDF,2016-04-12,SAMPLE_ITEM_004,SAMPLE_CA_1,XGBoost,rolling_mean_7,5.836562088557652,0.26185429,0.26185429,POSITIVE,5,The recent seven-day demand average (5.836562088557652) increased the forecast by 0.262 units relative to the model baseline.
1FE66278-D8D2-558A-8AE7-7F27275EB6EF,2016-04-13,SAMPLE_ITEM_004,SAMPLE_CA_1,XGBoost,days_of_supply,47.00129065490895,-0.87719709,0.87719709,NEGATIVE,1,Days of supply (47.00129065490895) decreased the forecast by 0.877 units relative to the model baseline.
1FE66278-D8D2-558A-8AE7-7F27275EB6EF,2016-04-13,SAMPLE_ITEM_004,SAMPLE_CA_1,XGBoost,day_of_month,13,0.61745119,0.61745119,POSITIVE,2,Day of month (13) increased the forecast by 0.617 units relative to the model baseline.
1FE66278-D8D2-558A-8AE7-7F27275EB6EF,2016-04-13,SAMPLE_ITEM_004,SAMPLE_CA_1,XGBoost,current_stock,271.0,0.42995390,0.42995390,POSITIVE,3,Current stock (271.0) increased the forecast by 0.430 units relative to the model baseline.
1FE66278-D8D2-558A-8AE7-7F27275EB6EF,2016-04-13,SAMPLE_ITEM_004,SAMPLE_CA_1,XGBoost,day_of_week,2,-0.27050903,0.27050903,NEGATIVE,4,The day of week (2) decreased the forecast by 0.271 units relative to the model baseline.
1FE66278-D8D2-558A-8AE7-7F27275EB6EF,2016-04-13,SAMPLE_ITEM_004,SAMPLE_CA_1,XGBoost,rolling_mean_7,5.7657991136823386,0.26441276,0.26441276,POSITIVE,5,The recent seven-day demand average (5.7657991136823386) increased the forecast by 0.264 units relative to the model baseline.
B7190E18-39D9-58E6-8229-D2C97ADBCD1E,2016-04-14,SAMPLE_ITEM_004,SAMPLE_CA_1,XGBoost,days_of_supply,47.55883712773601,-0.91560382,0.91560382,NEGATIVE,1,Days of supply (47.55883712773601) decreased the forecast by 0.916 units relative to the model baseline.
B7190E18-39D9-58E6-8229-D2C97ADBCD1E,2016-04-14,SAMPLE_ITEM_004,SAMPLE_CA_1,XGBoost,day_of_month,14,0.69126236,0.69126236,POSITIVE,2,Day of month (14) increased the forecast by 0.691 units relative to the model baseline.
B7190E18-39D9-58E6-8229-D2C97ADBCD1E,2016-04-14,SAMPLE_ITEM_004,SAMPLE_CA_1,XGBoost,current_stock,271.0,0.43318722,0.43318722,POSITIVE,3,Current stock (271.0) increased the forecast by 0.433 units relative to the model baseline.
B7190E18-39D9-58E6-8229-D2C97ADBCD1E,2016-04-14,SAMPLE_ITEM_004,SAMPLE_CA_1,XGBoost,day_of_week,3,-0.31648320,0.31648320,NEGATIVE,4,The day of week (3) decreased the forecast by 0.316 units relative to the model baseline.
B7190E18-39D9-58E6-8229-D2C97ADBCD1E,2016-04-14,SAMPLE_ITEM_004,SAMPLE_CA_1,XGBoost,rolling_mean_14,5.851218938827515,0.23935246,0.23935246,POSITIVE,5,The recent fourteen-day demand average (5.851218938827515) increased the forecast by 0.239 units relative to the model baseline.
0779D7E1-719F-5A11-B10B-ECD38B9C7492,2016-04-15,SAMPLE_ITEM_004,SAMPLE_CA_1,XGBoost,days_of_supply,47.657749303994905,-1.02592838,1.02592838,NEGATIVE,1,Days of supply (47.657749303994905) decreased the forecast by 1.026 units relative to the model baseline.
0779D7E1-719F-5A11-B10B-ECD38B9C7492,2016-04-15,SAMPLE_ITEM_004,SAMPLE_CA_1,XGBoost,day_of_month,15,0.63665062,0.63665062,POSITIVE,2,Day of month (15) increased the forecast by 0.637 units relative to the model baseline.
0779D7E1-719F-5A11-B10B-ECD38B9C7492,2016-04-15,SAMPLE_ITEM_004,SAMPLE_CA_1,XGBoost,rolling_mean_14,5.903845276151385,0.46863869,0.46863869,POSITIVE,3,The recent fourteen-day demand average (5.903845276151385) increased the forecast by 0.469 units relative to the model baseline.
0779D7E1-719F-5A11-B10B-ECD38B9C7492,2016-04-15,SAMPLE_ITEM_004,SAMPLE_CA_1,XGBoost,current_stock,271.0,0.39219132,0.39219132,POSITIVE,4,Current stock (271.0) increased the forecast by 0.392 units relative to the model baseline.
0779D7E1-719F-5A11-B10B-ECD38B9C7492,2016-04-15,SAMPLE_ITEM_004,SAMPLE_CA_1,XGBoost,lag_14,6.296409606933594,0.25410458,0.25410458,POSITIVE,5,Demand fourteen days ago (6.296409606933594) increased the forecast by 0.254 units relative to the model baseline.
5144667E-F248-5F09-B1DB-1A66CC46533C,2016-04-16,SAMPLE_ITEM_004,SAMPLE_CA_1,XGBoost,days_of_supply,46.77346959722447,-1.06153870,1.06153870,NEGATIVE,1,Days of supply (46.77346959722447) decreased the forecast by 1.062 units relative to the model baseline.
5144667E-F248-5F09-B1DB-1A66CC46533C,2016-04-16,SAMPLE_ITEM_004,SAMPLE_CA_1,XGBoost,rolling_mean_14,5.903095177241734,0.47692913,0.47692913,POSITIVE,2,The recent fourteen-day demand average (5.903095177241734) increased the forecast by 0.477 units relative to the model baseline.
5144667E-F248-5F09-B1DB-1A66CC46533C,2016-04-16,SAMPLE_ITEM_004,SAMPLE_CA_1,XGBoost,rolling_mean_7,5.793882778712681,0.37551379,0.37551379,POSITIVE,3,The recent seven-day demand average (5.793882778712681) increased the forecast by 0.376 units relative to the model baseline.
5144667E-F248-5F09-B1DB-1A66CC46533C,2016-04-16,SAMPLE_ITEM_004,SAMPLE_CA_1,XGBoost,current_stock,271.0,0.36674443,0.36674443,POSITIVE,4,Current stock (271.0) increased the forecast by 0.367 units relative to the model baseline.
5144667E-F248-5F09-B1DB-1A66CC46533C,2016-04-16,SAMPLE_ITEM_004,SAMPLE_CA_1,XGBoost,lag_14,6.279551982879639,0.26088107,0.26088107,POSITIVE,5,Demand fourteen days ago (6.279551982879639) increased the forecast by 0.261 units relative to the model baseline.
040540D8-8419-5C14-A51C-A5F1A992D539,2016-04-17,SAMPLE_ITEM_004,SAMPLE_CA_1,XGBoost,days_of_supply,46.273953736925804,-0.69002599,0.69002599,NEGATIVE,1,Days of supply (46.273953736925804) decreased the forecast by 0.690 units relative to the model baseline.
040540D8-8419-5C14-A51C-A5F1A992D539,2016-04-17,SAMPLE_ITEM_004,SAMPLE_CA_1,XGBoost,day_of_week,6,0.56625074,0.56625074,POSITIVE,2,The day of week (6) increased the forecast by 0.566 units relative to the model baseline.
040540D8-8419-5C14-A51C-A5F1A992D539,2016-04-17,SAMPLE_ITEM_004,SAMPLE_CA_1,XGBoost,current_stock,271.0,0.49418613,0.49418613,POSITIVE,3,Current stock (271.0) increased the forecast by 0.494 units relative to the model baseline.
040540D8-8419-5C14-A51C-A5F1A992D539,2016-04-17,SAMPLE_ITEM_004,SAMPLE_CA_1,XGBoost,rolling_mean_14,5.8828944478716165,0.48911750,0.48911750,POSITIVE,4,The recent fourteen-day demand average (5.8828944478716165) increased the forecast by 0.489 units relative to the model baseline.
040540D8-8419-5C14-A51C-A5F1A992D539,2016-04-17,SAMPLE_ITEM_004,SAMPLE_CA_1,XGBoost,lag_14,6.5935516357421875,0.29877371,0.29877371,POSITIVE,5,Demand fourteen days ago (6.5935516357421875) increased the forecast by 0.299 units relative to the model baseline.
D0E27D20-A2F4-5701-B433-CBBA039F6F11,2016-04-18,SAMPLE_ITEM_004,SAMPLE_CA_1,XGBoost,days_of_supply,45.963840991739126,-0.85980576,0.85980576,NEGATIVE,1,Days of supply (45.963840991739126) decreased the forecast by 0.860 units relative to the model baseline.
D0E27D20-A2F4-5701-B433-CBBA039F6F11,2016-04-18,SAMPLE_ITEM_004,SAMPLE_CA_1,XGBoost,current_stock,271.0,0.40502045,0.40502045,POSITIVE,2,Current stock (271.0) increased the forecast by 0.405 units relative to the model baseline.
D0E27D20-A2F4-5701-B433-CBBA039F6F11,2016-04-18,SAMPLE_ITEM_004,SAMPLE_CA_1,XGBoost,rolling_mean_14,5.892413990838187,0.31749427,0.31749427,POSITIVE,3,The recent fourteen-day demand average (5.892413990838187) increased the forecast by 0.317 units relative to the model baseline.
D0E27D20-A2F4-5701-B433-CBBA039F6F11,2016-04-18,SAMPLE_ITEM_004,SAMPLE_CA_1,XGBoost,lag_14,5.8902716636657715,0.27907243,0.27907243,POSITIVE,4,Demand fourteen days ago (5.8902716636657715) increased the forecast by 0.279 units relative to the model baseline.
D0E27D20-A2F4-5701-B433-CBBA039F6F11,2016-04-18,SAMPLE_ITEM_004,SAMPLE_CA_1,XGBoost,day_of_week,0,-0.25734630,0.25734630,NEGATIVE,5,The day of week (0) decreased the forecast by 0.257 units relative to the model baseline.
CB5F69C2-AB12-58EF-A834-C478B0D54DF5,2016-04-19,SAMPLE_ITEM_004,SAMPLE_CA_1,XGBoost,days_of_supply,46.28585028407475,-0.92942250,0.92942250,NEGATIVE,1,Days of supply (46.28585028407475) decreased the forecast by 0.929 units relative to the model baseline.
CB5F69C2-AB12-58EF-A834-C478B0D54DF5,2016-04-19,SAMPLE_ITEM_004,SAMPLE_CA_1,XGBoost,current_stock,271.0,0.41265783,0.41265783,POSITIVE,2,Current stock (271.0) increased the forecast by 0.413 units relative to the model baseline.
CB5F69C2-AB12-58EF-A834-C478B0D54DF5,2016-04-19,SAMPLE_ITEM_004,SAMPLE_CA_1,XGBoost,lag_14,6.032490253448486,0.31333941,0.31333941,POSITIVE,3,Demand fourteen days ago (6.032490253448486) increased the forecast by 0.313 units relative to the model baseline.
CB5F69C2-AB12-58EF-A834-C478B0D54DF5,2016-04-19,SAMPLE_ITEM_004,SAMPLE_CA_1,XGBoost,rolling_mean_14,5.84574157851083,0.27256012,0.27256012,POSITIVE,4,The recent fourteen-day demand average (5.84574157851083) increased the forecast by 0.273 units relative to the model baseline.
CB5F69C2-AB12-58EF-A834-C478B0D54DF5,2016-04-19,SAMPLE_ITEM_004,SAMPLE_CA_1,XGBoost,rolling_mean_7,5.854921068464007,0.26990789,0.26990789,POSITIVE,5,The recent seven-day demand average (5.854921068464007) increased the forecast by 0.270 units relative to the model baseline.
80DFDE79-E819-5A99-A310-DCE0F4B4F8E3,2016-04-20,SAMPLE_ITEM_004,SAMPLE_CA_1,XGBoost,days_of_supply,46.728950645113194,-0.94083631,0.94083631,NEGATIVE,1,Days of supply (46.728950645113194) decreased the forecast by 0.941 units relative to the model baseline.
80DFDE79-E819-5A99-A310-DCE0F4B4F8E3,2016-04-20,SAMPLE_ITEM_004,SAMPLE_CA_1,XGBoost,current_stock,271.0,0.41863409,0.41863409,POSITIVE,2,Current stock (271.0) increased the forecast by 0.419 units relative to the model baseline.
80DFDE79-E819-5A99-A310-DCE0F4B4F8E3,2016-04-20,SAMPLE_ITEM_004,SAMPLE_CA_1,XGBoost,lag_14,6.010308742523193,0.30976841,0.30976841,POSITIVE,3,Demand fourteen days ago (6.010308742523193) increased the forecast by 0.310 units relative to the model baseline.
80DFDE79-E819-5A99-A310-DCE0F4B4F8E3,2016-04-20,SAMPLE_ITEM_004,SAMPLE_CA_1,XGBoost,rolling_mean_14,5.7826008796691895,0.27229702,0.27229702,POSITIVE,4,The recent fourteen-day demand average (5.7826008796691895) increased the forecast by 0.272 units relative to the model baseline.
80DFDE79-E819-5A99-A310-DCE0F4B4F8E3,2016-04-20,SAMPLE_ITEM_004,SAMPLE_CA_1,XGBoost,rolling_mean_7,5.79940264565604,0.26630145,0.26630145,POSITIVE,5,The recent seven-day demand average (5.79940264565604) increased the forecast by 0.266 units relative to the model baseline.
D653AD2E-553C-5801-A6C8-61417D16B06B,2016-04-21,SAMPLE_ITEM_004,SAMPLE_CA_1,XGBoost,days_of_supply,47.269617748075,-0.93102390,0.93102390,NEGATIVE,1,Days of supply (47.269617748075) decreased the forecast by 0.931 units relative to the model baseline.
D653AD2E-553C-5801-A6C8-61417D16B06B,2016-04-21,SAMPLE_ITEM_004,SAMPLE_CA_1,XGBoost,day_of_month,21,-0.46016848,0.46016848,NEGATIVE,2,Day of month (21) decreased the forecast by 0.460 units relative to the model baseline.
D653AD2E-553C-5801-A6C8-61417D16B06B,2016-04-21,SAMPLE_ITEM_004,SAMPLE_CA_1,XGBoost,current_stock,271.0,0.43818474,0.43818474,POSITIVE,3,Current stock (271.0) increased the forecast by 0.438 units relative to the model baseline.
D653AD2E-553C-5801-A6C8-61417D16B06B,2016-04-21,SAMPLE_ITEM_004,SAMPLE_CA_1,XGBoost,day_of_week,3,-0.31903186,0.31903186,NEGATIVE,4,The day of week (3) decreased the forecast by 0.319 units relative to the model baseline.
D653AD2E-553C-5801-A6C8-61417D16B06B,2016-04-21,SAMPLE_ITEM_004,SAMPLE_CA_1,XGBoost,rolling_mean_14,5.715637172971453,0.30570164,0.30570164,POSITIVE,5,The recent fourteen-day demand average (5.715637172971453) increased the forecast by 0.306 units relative to the model baseline.
0E557572-8B98-588B-A255-D38A51A06860,2016-04-22,SAMPLE_ITEM_004,SAMPLE_CA_1,XGBoost,days_of_supply,48.26591917428887,-0.93253934,0.93253934,NEGATIVE,1,Days of supply (48.26591917428887) decreased the forecast by 0.933 units relative to the model baseline.
0E557572-8B98-588B-A255-D38A51A06860,2016-04-22,SAMPLE_ITEM_004,SAMPLE_CA_1,XGBoost,current_stock,271.0,0.43818474,0.43818474,POSITIVE,2,Current stock (271.0) increased the forecast by 0.438 units relative to the model baseline.
0E557572-8B98-588B-A255-D38A51A06860,2016-04-22,SAMPLE_ITEM_004,SAMPLE_CA_1,XGBoost,day_of_month,22,-0.42631838,0.42631838,NEGATIVE,3,Day of month (22) decreased the forecast by 0.426 units relative to the model baseline.
0E557572-8B98-588B-A255-D38A51A06860,2016-04-22,SAMPLE_ITEM_004,SAMPLE_CA_1,XGBoost,lag_14,5.5333781242370605,0.28805393,0.28805393,POSITIVE,4,Demand fourteen days ago (5.5333781242370605) increased the forecast by 0.288 units relative to the model baseline.
0E557572-8B98-588B-A255-D38A51A06860,2016-04-22,SAMPLE_ITEM_004,SAMPLE_CA_1,XGBoost,price_change_percentage,0.0,0.24156494,0.24156494,POSITIVE,5,Price change percentage (0.0) increased the forecast by 0.242 units relative to the model baseline.
D5C600D4-BDA5-59CA-920B-8B50277D715A,2016-04-23,SAMPLE_ITEM_004,SAMPLE_CA_1,XGBoost,days_of_supply,49.94118344954377,-0.94378924,0.94378924,NEGATIVE,1,Days of supply (49.94118344954377) decreased the forecast by 0.944 units relative to the model baseline.
D5C600D4-BDA5-59CA-920B-8B50277D715A,2016-04-23,SAMPLE_ITEM_004,SAMPLE_CA_1,XGBoost,day_of_month,23,-0.46039617,0.46039617,NEGATIVE,2,Day of month (23) decreased the forecast by 0.460 units relative to the model baseline.
D5C600D4-BDA5-59CA-920B-8B50277D715A,2016-04-23,SAMPLE_ITEM_004,SAMPLE_CA_1,XGBoost,current_stock,271.0,0.42799208,0.42799208,POSITIVE,3,Current stock (271.0) increased the forecast by 0.428 units relative to the model baseline.
D5C600D4-BDA5-59CA-920B-8B50277D715A,2016-04-23,SAMPLE_ITEM_004,SAMPLE_CA_1,XGBoost,lag_14,5.558937072753906,0.27949187,0.27949187,POSITIVE,4,Demand fourteen days ago (5.558937072753906) increased the forecast by 0.279 units relative to the model baseline.
D5C600D4-BDA5-59CA-920B-8B50277D715A,2016-04-23,SAMPLE_ITEM_004,SAMPLE_CA_1,XGBoost,price_change_percentage,0.0,0.24538624,0.24538624,POSITIVE,5,Price change percentage (0.0) increased the forecast by 0.245 units relative to the model baseline.
637FE3CE-BF0D-5D6C-A21B-66A8F078695A,2016-04-24,SAMPLE_ITEM_004,SAMPLE_CA_1,XGBoost,days_of_supply,51.32165566973606,-0.71679717,0.71679717,NEGATIVE,1,Days of supply (51.32165566973606) decreased the forecast by 0.717 units relative to the model baseline.
637FE3CE-BF0D-5D6C-A21B-66A8F078695A,2016-04-24,SAMPLE_ITEM_004,SAMPLE_CA_1,XGBoost,current_stock,271.0,0.50908017,0.50908017,POSITIVE,2,Current stock (271.0) increased the forecast by 0.509 units relative to the model baseline.
637FE3CE-BF0D-5D6C-A21B-66A8F078695A,2016-04-24,SAMPLE_ITEM_004,SAMPLE_CA_1,XGBoost,day_of_week,6,0.47108355,0.47108355,POSITIVE,3,The day of week (6) increased the forecast by 0.471 units relative to the model baseline.
637FE3CE-BF0D-5D6C-A21B-66A8F078695A,2016-04-24,SAMPLE_ITEM_004,SAMPLE_CA_1,XGBoost,day_of_month,24,-0.42288753,0.42288753,NEGATIVE,4,Day of month (24) decreased the forecast by 0.423 units relative to the model baseline.
637FE3CE-BF0D-5D6C-A21B-66A8F078695A,2016-04-24,SAMPLE_ITEM_004,SAMPLE_CA_1,XGBoost,lag_14,6.450236797332764,0.31409895,0.31409895,POSITIVE,5,Demand fourteen days ago (6.450236797332764) increased the forecast by 0.314 units relative to the model baseline.
F463837D-E01E-5B33-B9B0-4E91F5C8D39B,2016-04-25,SAMPLE_ITEM_004,SAMPLE_CA_1,XGBoost,days_of_supply,52.76751627248201,-0.89322853,0.89322853,NEGATIVE,1,Days of supply (52.76751627248201) decreased the forecast by 0.893 units relative to the model baseline.
F463837D-E01E-5B33-B9B0-4E91F5C8D39B,2016-04-25,SAMPLE_ITEM_004,SAMPLE_CA_1,XGBoost,day_of_month,25,-0.45248437,0.45248437,NEGATIVE,2,Day of month (25) decreased the forecast by 0.452 units relative to the model baseline.
F463837D-E01E-5B33-B9B0-4E91F5C8D39B,2016-04-25,SAMPLE_ITEM_004,SAMPLE_CA_1,XGBoost,current_stock,271.0,0.43654180,0.43654180,POSITIVE,3,Current stock (271.0) increased the forecast by 0.437 units relative to the model baseline.
F463837D-E01E-5B33-B9B0-4E91F5C8D39B,2016-04-25,SAMPLE_ITEM_004,SAMPLE_CA_1,XGBoost,lag_14,5.523983001708984,0.29200813,0.29200813,POSITIVE,4,Demand fourteen days ago (5.523983001708984) increased the forecast by 0.292 units relative to the model baseline.
F463837D-E01E-5B33-B9B0-4E91F5C8D39B,2016-04-25,SAMPLE_ITEM_004,SAMPLE_CA_1,XGBoost,price_change_percentage,0.0,0.23473728,0.23473728,POSITIVE,5,Price change percentage (0.0) increased the forecast by 0.235 units relative to the model baseline.
5F0A9464-2BF1-5714-817A-3089A2E677D3,2016-04-26,SAMPLE_ITEM_004,SAMPLE_CA_1,XGBoost,days_of_supply,53.38252438575805,-0.91437489,0.91437489,NEGATIVE,1,Days of supply (53.38252438575805) decreased the forecast by 0.914 units relative to the model baseline.
5F0A9464-2BF1-5714-817A-3089A2E677D3,2016-04-26,SAMPLE_ITEM_004,SAMPLE_CA_1,XGBoost,day_of_month,26,-0.45091850,0.45091850,NEGATIVE,2,Day of month (26) decreased the forecast by 0.451 units relative to the model baseline.
5F0A9464-2BF1-5714-817A-3089A2E677D3,2016-04-26,SAMPLE_ITEM_004,SAMPLE_CA_1,XGBoost,current_stock,271.0,0.43654180,0.43654180,POSITIVE,3,Current stock (271.0) increased the forecast by 0.437 units relative to the model baseline.
5F0A9464-2BF1-5714-817A-3089A2E677D3,2016-04-26,SAMPLE_ITEM_004,SAMPLE_CA_1,XGBoost,lag_14,5.537149429321289,0.28842667,0.28842667,POSITIVE,4,Demand fourteen days ago (5.537149429321289) increased the forecast by 0.288 units relative to the model baseline.
5F0A9464-2BF1-5714-817A-3089A2E677D3,2016-04-26,SAMPLE_ITEM_004,SAMPLE_CA_1,XGBoost,price_change_percentage,0.0,0.23520820,0.23520820,POSITIVE,5,Price change percentage (0.0) increased the forecast by 0.235 units relative to the model baseline.
9A338C52-7901-597A-B3BC-41AD1411C3E7,2016-04-27,SAMPLE_ITEM_004,SAMPLE_CA_1,XGBoost,days_of_supply,53.8828362904849,-0.92321396,0.92321396,NEGATIVE,1,Days of supply (53.8828362904849) decreased the forecast by 0.923 units relative to the model baseline.
9A338C52-7901-597A-B3BC-41AD1411C3E7,2016-04-27,SAMPLE_ITEM_004,SAMPLE_CA_1,XGBoost,day_of_month,27,-0.45263186,0.45263186,NEGATIVE,2,Day of month (27) decreased the forecast by 0.453 units relative to the model baseline.
9A338C52-7901-597A-B3BC-41AD1411C3E7,2016-04-27,SAMPLE_ITEM_004,SAMPLE_CA_1,XGBoost,current_stock,271.0,0.44206607,0.44206607,POSITIVE,3,Current stock (271.0) increased the forecast by 0.442 units relative to the model baseline.
9A338C52-7901-597A-B3BC-41AD1411C3E7,2016-04-27,SAMPLE_ITEM_004,SAMPLE_CA_1,XGBoost,lag_14,5.537149429321289,0.28656250,0.28656250,POSITIVE,4,Demand fourteen days ago (5.537149429321289) increased the forecast by 0.287 units relative to the model baseline.
9A338C52-7901-597A-B3BC-41AD1411C3E7,2016-04-27,SAMPLE_ITEM_004,SAMPLE_CA_1,XGBoost,price_change_percentage,0.0,0.23644091,0.23644091,POSITIVE,5,Price change percentage (0.0) increased the forecast by 0.236 units relative to the model baseline.
28FDFAF8-1BD4-5948-86EC-552FD199F29B,2016-01-29,SAMPLE_ITEM_004,SAMPLE_TX_1,XGBoost,days_of_supply,44.11627906976744,-1.14341140,1.14341140,NEGATIVE,1,Days of supply (44.11627906976744) decreased the forecast by 1.143 units relative to the model baseline.
28FDFAF8-1BD4-5948-86EC-552FD199F29B,2016-01-29,SAMPLE_ITEM_004,SAMPLE_TX_1,XGBoost,day_of_month,29,-0.49029329,0.49029329,NEGATIVE,2,Day of month (29) decreased the forecast by 0.490 units relative to the model baseline.
28FDFAF8-1BD4-5948-86EC-552FD199F29B,2016-01-29,SAMPLE_ITEM_004,SAMPLE_TX_1,XGBoost,lag_14,10.0,0.45726246,0.45726246,POSITIVE,3,Demand fourteen days ago (10.0) increased the forecast by 0.457 units relative to the model baseline.
28FDFAF8-1BD4-5948-86EC-552FD199F29B,2016-01-29,SAMPLE_ITEM_004,SAMPLE_TX_1,XGBoost,current_stock,271.0,0.36081412,0.36081412,POSITIVE,4,Current stock (271.0) increased the forecast by 0.361 units relative to the model baseline.
28FDFAF8-1BD4-5948-86EC-552FD199F29B,2016-01-29,SAMPLE_ITEM_004,SAMPLE_TX_1,XGBoost,rolling_mean_7,6.142857142857143,0.23048972,0.23048972,POSITIVE,5,The recent seven-day demand average (6.142857142857143) increased the forecast by 0.230 units relative to the model baseline.
255BB267-2668-52A6-B783-72DF9F9F9259,2016-01-30,SAMPLE_ITEM_004,SAMPLE_TX_1,XGBoost,days_of_supply,43.93753494901744,-1.12135935,1.12135935,NEGATIVE,1,Days of supply (43.93753494901744) decreased the forecast by 1.121 units relative to the model baseline.
255BB267-2668-52A6-B783-72DF9F9F9259,2016-01-30,SAMPLE_ITEM_004,SAMPLE_TX_1,XGBoost,lag_14,7.0,0.50333148,0.50333148,POSITIVE,2,Demand fourteen days ago (7.0) increased the forecast by 0.503 units relative to the model baseline.
255BB267-2668-52A6-B783-72DF9F9F9259,2016-01-30,SAMPLE_ITEM_004,SAMPLE_TX_1,XGBoost,day_of_month,30,-0.44645289,0.44645289,NEGATIVE,3,Day of month (30) decreased the forecast by 0.446 units relative to the model baseline.
255BB267-2668-52A6-B783-72DF9F9F9259,2016-01-30,SAMPLE_ITEM_004,SAMPLE_TX_1,XGBoost,current_stock,271.0,0.37059447,0.37059447,POSITIVE,4,Current stock (271.0) increased the forecast by 0.371 units relative to the model baseline.
255BB267-2668-52A6-B783-72DF9F9F9259,2016-01-30,SAMPLE_ITEM_004,SAMPLE_TX_1,XGBoost,rolling_mean_7,6.167847156524658,0.23608913,0.23608913,POSITIVE,5,The recent seven-day demand average (6.167847156524658) increased the forecast by 0.236 units relative to the model baseline.
363AA58B-6554-5D55-BEB2-89A815C05F0D,2016-01-31,SAMPLE_ITEM_004,SAMPLE_TX_1,XGBoost,days_of_supply,47.9391662985038,-0.88044626,0.88044626,NEGATIVE,1,Days of supply (47.9391662985038) decreased the forecast by 0.880 units relative to the model baseline.
363AA58B-6554-5D55-BEB2-89A815C05F0D,2016-01-31,SAMPLE_ITEM_004,SAMPLE_TX_1,XGBoost,day_of_week,6,0.53550118,0.53550118,POSITIVE,2,The day of week (6) increased the forecast by 0.536 units relative to the model baseline.
363AA58B-6554-5D55-BEB2-89A815C05F0D,2016-01-31,SAMPLE_ITEM_004,SAMPLE_TX_1,XGBoost,lag_14,10.0,0.52829760,0.52829760,POSITIVE,3,Demand fourteen days ago (10.0) increased the forecast by 0.528 units relative to the model baseline.
363AA58B-6554-5D55-BEB2-89A815C05F0D,2016-01-31,SAMPLE_ITEM_004,SAMPLE_TX_1,XGBoost,current_stock,271.0,0.45915836,0.45915836,POSITIVE,4,Current stock (271.0) increased the forecast by 0.459 units relative to the model baseline.
363AA58B-6554-5D55-BEB2-89A815C05F0D,2016-01-31,SAMPLE_ITEM_004,SAMPLE_TX_1,XGBoost,day_of_month,31,-0.43713573,0.43713573,NEGATIVE,5,Day of month (31) decreased the forecast by 0.437 units relative to the model baseline.
6DDD1EEE-D555-5B9F-AD3B-19944D0820C7,2016-02-01,SAMPLE_ITEM_004,SAMPLE_TX_1,XGBoost,days_of_supply,51.55246783356074,-0.93136913,0.93136913,NEGATIVE,1,Days of supply (51.55246783356074) decreased the forecast by 0.931 units relative to the model baseline.
6DDD1EEE-D555-5B9F-AD3B-19944D0820C7,2016-02-01,SAMPLE_ITEM_004,SAMPLE_TX_1,XGBoost,day_of_month,1,0.70529360,0.70529360,POSITIVE,2,Day of month (1) increased the forecast by 0.705 units relative to the model baseline.
6DDD1EEE-D555-5B9F-AD3B-19944D0820C7,2016-02-01,SAMPLE_ITEM_004,SAMPLE_TX_1,XGBoost,current_stock,271.0,0.37579635,0.37579635,POSITIVE,3,Current stock (271.0) increased the forecast by 0.376 units relative to the model baseline.
6DDD1EEE-D555-5B9F-AD3B-19944D0820C7,2016-02-01,SAMPLE_ITEM_004,SAMPLE_TX_1,XGBoost,lag_14,5.0,0.20727000,0.20727000,POSITIVE,4,Demand fourteen days ago (5.0) increased the forecast by 0.207 units relative to the model baseline.
6DDD1EEE-D555-5B9F-AD3B-19944D0820C7,2016-02-01,SAMPLE_ITEM_004,SAMPLE_TX_1,XGBoost,rolling_mean_7,5.256780351911273,0.18537657,0.18537657,POSITIVE,5,The recent seven-day demand average (5.256780351911273) increased the forecast by 0.185 units relative to the model baseline.
79AA1A42-1A32-5EFD-9978-3ADA2252B93A,2016-02-02,SAMPLE_ITEM_004,SAMPLE_TX_1,XGBoost,days_of_supply,50.74516011796896,-0.96194160,0.96194160,NEGATIVE,1,Days of supply (50.74516011796896) decreased the forecast by 0.962 units relative to the model baseline.
79AA1A42-1A32-5EFD-9978-3ADA2252B93A,2016-02-02,SAMPLE_ITEM_004,SAMPLE_TX_1,XGBoost,day_of_month,2,0.74194247,0.74194247,POSITIVE,2,Day of month (2) increased the forecast by 0.742 units relative to the model baseline.
79AA1A42-1A32-5EFD-9978-3ADA2252B93A,2016-02-02,SAMPLE_ITEM_004,SAMPLE_TX_1,XGBoost,lag_14,8.0,0.38619456,0.38619456,POSITIVE,3,Demand fourteen days ago (8.0) increased the forecast by 0.386 units relative to the model baseline.
79AA1A42-1A32-5EFD-9978-3ADA2252B93A,2016-02-02,SAMPLE_ITEM_004,SAMPLE_TX_1,XGBoost,current_stock,271.0,0.37978813,0.37978813,POSITIVE,4,Current stock (271.0) increased the forecast by 0.380 units relative to the model baseline.
79AA1A42-1A32-5EFD-9978-3ADA2252B93A,2016-02-02,SAMPLE_ITEM_004,SAMPLE_TX_1,XGBoost,rolling_mean_7,5.340410777500698,0.23084563,0.23084563,POSITIVE,5,The recent seven-day demand average (5.340410777500698) increased the forecast by 0.231 units relative to the model baseline.
EB0B6D93-F523-5463-9039-AEE1637AC5E2,2016-02-03,SAMPLE_ITEM_004,SAMPLE_TX_1,XGBoost,days_of_supply,48.1574686239653,-0.98565030,0.98565030,NEGATIVE,1,Days of supply (48.1574686239653) decreased the forecast by 0.986 units relative to the model baseline.
EB0B6D93-F523-5463-9039-AEE1637AC5E2,2016-02-03,SAMPLE_ITEM_004,SAMPLE_TX_1,XGBoost,day_of_month,3,0.71466827,0.71466827,POSITIVE,2,Day of month (3) increased the forecast by 0.715 units relative to the model baseline.
EB0B6D93-F523-5463-9039-AEE1637AC5E2,2016-02-03,SAMPLE_ITEM_004,SAMPLE_TX_1,XGBoost,lag_14,8.0,0.37946624,0.37946624,POSITIVE,3,Demand fourteen days ago (8.0) increased the forecast by 0.379 units relative to the model baseline.
EB0B6D93-F523-5463-9039-AEE1637AC5E2,2016-02-03,SAMPLE_ITEM_004,SAMPLE_TX_1,XGBoost,current_stock,271.0,0.36868522,0.36868522,POSITIVE,4,Current stock (271.0) increased the forecast by 0.369 units relative to the model baseline.
EB0B6D93-F523-5463-9039-AEE1637AC5E2,2016-02-03,SAMPLE_ITEM_004,SAMPLE_TX_1,XGBoost,rolling_mean_7,5.627372196742466,0.22670870,0.22670870,POSITIVE,5,The recent seven-day demand average (5.627372196742466) increased the forecast by 0.227 units relative to the model baseline.
E3CCA060-96C9-52DC-9CFD-0939A6793613,2016-02-04,SAMPLE_ITEM_004,SAMPLE_TX_1,XGBoost,days_of_supply,45.98037905665901,-0.96666598,0.96666598,NEGATIVE,1,Days of supply (45.98037905665901) decreased the forecast by 0.967 units relative to the model baseline.
E3CCA060-96C9-52DC-9CFD-0939A6793613,2016-02-04,SAMPLE_ITEM_004,SAMPLE_TX_1,XGBoost,day_of_month,4,0.60993642,0.60993642,POSITIVE,2,Day of month (4) increased the forecast by 0.610 units relative to the model baseline.
E3CCA060-96C9-52DC-9CFD-0939A6793613,2016-02-04,SAMPLE_ITEM_004,SAMPLE_TX_1,XGBoost,lag_14,7.0,0.40699118,0.40699118,POSITIVE,3,Demand fourteen days ago (7.0) increased the forecast by 0.407 units relative to the model baseline.
E3CCA060-96C9-52DC-9CFD-0939A6793613,2016-02-04,SAMPLE_ITEM_004,SAMPLE_TX_1,XGBoost,current_stock,271.0,0.38854572,0.38854572,POSITIVE,4,Current stock (271.0) increased the forecast by 0.389 units relative to the model baseline.
E3CCA060-96C9-52DC-9CFD-0939A6793613,2016-02-04,SAMPLE_ITEM_004,SAMPLE_TX_1,XGBoost,day_of_week,3,-0.19228491,0.19228491,NEGATIVE,5,The day of week (3) decreased the forecast by 0.192 units relative to the model baseline.
F55E846C-AB99-5DB4-8CDD-A8AD817BAE22,2016-02-05,SAMPLE_ITEM_004,SAMPLE_TX_1,XGBoost,days_of_supply,47.64500537062074,-0.99996489,0.99996489,NEGATIVE,1,Days of supply (47.64500537062074) decreased the forecast by 1.000 units relative to the model baseline.
F55E846C-AB99-5DB4-8CDD-A8AD817BAE22,2016-02-05,SAMPLE_ITEM_004,SAMPLE_TX_1,XGBoost,day_of_month,5,0.70933771,0.70933771,POSITIVE,2,Day of month (5) increased the forecast by 0.709 units relative to the model baseline.
F55E846C-AB99-5DB4-8CDD-A8AD817BAE22,2016-02-05,SAMPLE_ITEM_004,SAMPLE_TX_1,XGBoost,rolling_mean_14,5.915378298078265,0.46823713,0.46823713,POSITIVE,3,The recent fourteen-day demand average (5.915378298078265) increased the forecast by 0.468 units relative to the model baseline.
F55E846C-AB99-5DB4-8CDD-A8AD817BAE22,2016-02-05,SAMPLE_ITEM_004,SAMPLE_TX_1,XGBoost,current_stock,271.0,0.40118119,0.40118119,POSITIVE,4,Current stock (271.0) increased the forecast by 0.401 units relative to the model baseline.
F55E846C-AB99-5DB4-8CDD-A8AD817BAE22,2016-02-05,SAMPLE_ITEM_004,SAMPLE_TX_1,XGBoost,lag_14,5.0,0.24069396,0.24069396,POSITIVE,5,Demand fourteen days ago (5.0) increased the forecast by 0.241 units relative to the model baseline.
0E3621E0-341C-529D-917A-587749CCBCF5,2016-02-06,SAMPLE_ITEM_004,SAMPLE_TX_1,XGBoost,days_of_supply,46.08604525132991,-1.03710639,1.03710639,NEGATIVE,1,Days of supply (46.08604525132991) decreased the forecast by 1.037 units relative to the model baseline.
0E3621E0-341C-529D-917A-587749CCBCF5,2016-02-06,SAMPLE_ITEM_004,SAMPLE_TX_1,XGBoost,day_of_month,6,0.66880220,0.66880220,POSITIVE,2,Day of month (6) increased the forecast by 0.669 units relative to the model baseline.
0E3621E0-341C-529D-917A-587749CCBCF5,2016-02-06,SAMPLE_ITEM_004,SAMPLE_TX_1,XGBoost,lag_14,9.0,0.41733006,0.41733006,POSITIVE,3,Demand fourteen days ago (9.0) increased the forecast by 0.417 units relative to the model baseline.
0E3621E0-341C-529D-917A-587749CCBCF5,2016-02-06,SAMPLE_ITEM_004,SAMPLE_TX_1,XGBoost,current_stock,271.0,0.36172581,0.36172581,POSITIVE,4,Current stock (271.0) increased the forecast by 0.362 units relative to the model baseline.
0E3621E0-341C-529D-917A-587749CCBCF5,2016-02-06,SAMPLE_ITEM_004,SAMPLE_TX_1,XGBoost,rolling_mean_7,5.880304949624198,0.22158350,0.22158350,POSITIVE,5,The recent seven-day demand average (5.880304949624198) increased the forecast by 0.222 units relative to the model baseline.
CF8FB6FF-1941-55DD-B71E-6FCADA85E0A0,2016-02-07,SAMPLE_ITEM_004,SAMPLE_TX_1,XGBoost,days_of_supply,45.50676678398444,-0.78660583,0.78660583,NEGATIVE,1,Days of supply (45.50676678398444) decreased the forecast by 0.787 units relative to the model baseline.
CF8FB6FF-1941-55DD-B71E-6FCADA85E0A0,2016-02-07,SAMPLE_ITEM_004,SAMPLE_TX_1,XGBoost,day_of_month,7,0.57647341,0.57647341,POSITIVE,2,Day of month (7) increased the forecast by 0.576 units relative to the model baseline.
CF8FB6FF-1941-55DD-B71E-6FCADA85E0A0,2016-02-07,SAMPLE_ITEM_004,SAMPLE_TX_1,XGBoost,day_of_week,6,0.55543029,0.55543029,POSITIVE,3,The day of week (6) increased the forecast by 0.555 units relative to the model baseline.
CF8FB6FF-1941-55DD-B71E-6FCADA85E0A0,2016-02-07,SAMPLE_ITEM_004,SAMPLE_TX_1,XGBoost,rolling_mean_14,5.804078033992222,0.52996325,0.52996325,POSITIVE,4,The recent fourteen-day demand average (5.804078033992222) increased the forecast by 0.530 units relative to the model baseline.
CF8FB6FF-1941-55DD-B71E-6FCADA85E0A0,2016-02-07,SAMPLE_ITEM_004,SAMPLE_TX_1,XGBoost,current_stock,271.0,0.46131647,0.46131647,POSITIVE,5,Current stock (271.0) increased the forecast by 0.461 units relative to the model baseline.
2E697E31-6EDA-5A8C-9157-9132E6DDB95C,2016-02-08,SAMPLE_ITEM_004,SAMPLE_TX_1,XGBoost,days_of_supply,44.43392825261112,-0.92092890,0.92092890,NEGATIVE,1,Days of supply (44.43392825261112) decreased the forecast by 0.921 units relative to the model baseline.
2E697E31-6EDA-5A8C-9157-9132E6DDB95C,2016-02-08,SAMPLE_ITEM_004,SAMPLE_TX_1,XGBoost,day_of_month,8,0.73202735,0.73202735,POSITIVE,2,Day of month (8) increased the forecast by 0.732 units relative to the model baseline.
2E697E31-6EDA-5A8C-9157-9132E6DDB95C,2016-02-08,SAMPLE_ITEM_004,SAMPLE_TX_1,XGBoost,current_stock,271.0,0.37382698,0.37382698,POSITIVE,3,Current stock (271.0) increased the forecast by 0.374 units relative to the model baseline.
2E697E31-6EDA-5A8C-9157-9132E6DDB95C,2016-02-08,SAMPLE_ITEM_004,SAMPLE_TX_1,XGBoost,lag_14,5.0,0.26186496,0.26186496,POSITIVE,4,Demand fourteen days ago (5.0) increased the forecast by 0.262 units relative to the model baseline.
2E697E31-6EDA-5A8C-9157-9132E6DDB95C,2016-02-08,SAMPLE_ITEM_004,SAMPLE_TX_1,XGBoost,price_change_percentage,0.0,0.18812701,0.18812701,POSITIVE,5,Price change percentage (0.0) increased the forecast by 0.188 units relative to the model baseline.
051ED79C-AFAF-5D97-B3B2-0B72CF0CE863,2016-02-09,SAMPLE_ITEM_004,SAMPLE_TX_1,XGBoost,days_of_supply,44.1219830854417,-0.83885133,0.83885133,NEGATIVE,1,Days of supply (44.1219830854417) decreased the forecast by 0.839 units relative to the model baseline.
051ED79C-AFAF-5D97-B3B2-0B72CF0CE863,2016-02-09,SAMPLE_ITEM_004,SAMPLE_TX_1,XGBoost,day_of_month,9,0.70201617,0.70201617,POSITIVE,2,Day of month (9) increased the forecast by 0.702 units relative to the model baseline.
051ED79C-AFAF-5D97-B3B2-0B72CF0CE863,2016-02-09,SAMPLE_ITEM_004,SAMPLE_TX_1,XGBoost,current_stock,271.0,0.42246026,0.42246026,POSITIVE,3,Current stock (271.0) increased the forecast by 0.422 units relative to the model baseline.
051ED79C-AFAF-5D97-B3B2-0B72CF0CE863,2016-02-09,SAMPLE_ITEM_004,SAMPLE_TX_1,XGBoost,rolling_mean_14,5.741236891065325,0.26387292,0.26387292,POSITIVE,4,The recent fourteen-day demand average (5.741236891065325) increased the forecast by 0.264 units relative to the model baseline.
051ED79C-AFAF-5D97-B3B2-0B72CF0CE863,2016-02-09,SAMPLE_ITEM_004,SAMPLE_TX_1,XGBoost,day_of_week,1,-0.26193184,0.26193184,NEGATIVE,5,The day of week (1) decreased the forecast by 0.262 units relative to the model baseline.
11EBFD9D-E673-5A13-812D-195563115CBA,2016-02-10,SAMPLE_ITEM_004,SAMPLE_TX_1,XGBoost,days_of_supply,44.51742022323135,-0.87860459,0.87860459,NEGATIVE,1,Days of supply (44.51742022323135) decreased the forecast by 0.879 units relative to the model baseline.
11EBFD9D-E673-5A13-812D-195563115CBA,2016-02-10,SAMPLE_ITEM_004,SAMPLE_TX_1,XGBoost,day_of_month,10,0.77381229,0.77381229,POSITIVE,2,Day of month (10) increased the forecast by 0.774 units relative to the model baseline.
11EBFD9D-E673-5A13-812D-195563115CBA,2016-02-10,SAMPLE_ITEM_004,SAMPLE_TX_1,XGBoost,current_stock,271.0,0.42798454,0.42798454,POSITIVE,3,Current stock (271.0) increased the forecast by 0.428 units relative to the model baseline.
11EBFD9D-E673-5A13-812D-195563115CBA,2016-02-10,SAMPLE_ITEM_004,SAMPLE_TX_1,XGBoost,day_of_week,2,-0.26703200,0.26703200,NEGATIVE,4,The day of week (2) decreased the forecast by 0.267 units relative to the model baseline.
11EBFD9D-E673-5A13-812D-195563115CBA,2016-02-10,SAMPLE_ITEM_004,SAMPLE_TX_1,XGBoost,rolling_mean_14,5.857438394001552,0.26360986,0.26360986,POSITIVE,5,The recent fourteen-day demand average (5.857438394001552) increased the forecast by 0.264 units relative to the model baseline.
2A405CBA-9E06-5DAB-9414-251967519E92,2016-02-11,SAMPLE_ITEM_004,SAMPLE_TX_1,XGBoost,days_of_supply,44.545673454208504,-0.99543208,0.99543208,NEGATIVE,1,Days of supply (44.545673454208504) decreased the forecast by 0.995 units relative to the model baseline.
2A405CBA-9E06-5DAB-9414-251967519E92,2016-02-11,SAMPLE_ITEM_004,SAMPLE_TX_1,XGBoost,day_of_month,11,0.70276743,0.70276743,POSITIVE,2,Day of month (11) increased the forecast by 0.703 units relative to the model baseline.
2A405CBA-9E06-5DAB-9414-251967519E92,2016-02-11,SAMPLE_ITEM_004,SAMPLE_TX_1,XGBoost,lag_14,7.0,0.41059059,0.41059059,POSITIVE,3,Demand fourteen days ago (7.0) increased the forecast by 0.411 units relative to the model baseline.
2A405CBA-9E06-5DAB-9414-251967519E92,2016-02-11,SAMPLE_ITEM_004,SAMPLE_TX_1,XGBoost,current_stock,271.0,0.38657635,0.38657635,POSITIVE,4,Current stock (271.0) increased the forecast by 0.387 units relative to the model baseline.
2A405CBA-9E06-5DAB-9414-251967519E92,2016-02-11,SAMPLE_ITEM_004,SAMPLE_TX_1,XGBoost,day_of_week,3,-0.19851851,0.19851851,NEGATIVE,5,The day of week (3) decreased the forecast by 0.199 units relative to the model baseline.
8DE61994-C2AF-5305-B3E3-495D7D11E5C0,2016-02-12,SAMPLE_ITEM_004,SAMPLE_TX_1,XGBoost,days_of_supply,44.326498489407236,-0.95103002,0.95103002,NEGATIVE,1,Days of supply (44.326498489407236) decreased the forecast by 0.951 units relative to the model baseline.
8DE61994-C2AF-5305-B3E3-495D7D11E5C0,2016-02-12,SAMPLE_ITEM_004,SAMPLE_TX_1,XGBoost,day_of_month,12,0.67274082,0.67274082,POSITIVE,2,Day of month (12) increased the forecast by 0.673 units relative to the model baseline.
8DE61994-C2AF-5305-B3E3-495D7D11E5C0,2016-02-12,SAMPLE_ITEM_004,SAMPLE_TX_1,XGBoost,rolling_mean_14,5.900811978748867,0.49454698,0.49454698,POSITIVE,3,The recent fourteen-day demand average (5.900811978748867) increased the forecast by 0.495 units relative to the model baseline.
8DE61994-C2AF-5305-B3E3-495D7D11E5C0,2016-02-12,SAMPLE_ITEM_004,SAMPLE_TX_1,XGBoost,current_stock,271.0,0.39921182,0.39921182,POSITIVE,4,Current stock (271.0) increased the forecast by 0.399 units relative to the model baseline.
8DE61994-C2AF-5305-B3E3-495D7D11E5C0,2016-02-12,SAMPLE_ITEM_004,SAMPLE_TX_1,XGBoost,lag_14,5.174930095672607,0.23922205,0.23922205,POSITIVE,5,Demand fourteen days ago (5.174930095672607) increased the forecast by 0.239 units relative to the model baseline.
E081B3B7-4570-509D-B779-A350CE5478EC,2016-02-13,SAMPLE_ITEM_004,SAMPLE_TX_1,XGBoost,days_of_supply,44.513304365670166,-0.98359084,0.98359084,NEGATIVE,1,Days of supply (44.513304365670166) decreased the forecast by 0.984 units relative to the model baseline.
E081B3B7-4570-509D-B779-A350CE5478EC,2016-02-13,SAMPLE_ITEM_004,SAMPLE_TX_1,XGBoost,day_of_month,13,0.73588872,0.73588872,POSITIVE,2,Day of month (13) increased the forecast by 0.736 units relative to the model baseline.
E081B3B7-4570-509D-B779-A350CE5478EC,2016-02-13,SAMPLE_ITEM_004,SAMPLE_TX_1,XGBoost,current_stock,271.0,0.37573770,0.37573770,POSITIVE,3,Current stock (271.0) increased the forecast by 0.376 units relative to the model baseline.
E081B3B7-4570-509D-B779-A350CE5478EC,2016-02-13,SAMPLE_ITEM_004,SAMPLE_TX_1,XGBoost,rolling_mean_7,6.088067463466099,0.22446489,0.22446489,POSITIVE,4,The recent seven-day demand average (6.088067463466099) increased the forecast by 0.224 units relative to the model baseline.
E081B3B7-4570-509D-B779-A350CE5478EC,2016-02-13,SAMPLE_ITEM_004,SAMPLE_TX_1,XGBoost,lag_14,5.396054267883301,0.22109422,0.22109422,POSITIVE,5,Demand fourteen days ago (5.396054267883301) increased the forecast by 0.221 units relative to the model baseline.
4796C983-5B52-5349-BD63-51E1385D8768,2016-02-14,SAMPLE_ITEM_004,SAMPLE_TX_1,XGBoost,days_of_supply,44.57264813749049,-0.73408562,0.73408562,NEGATIVE,1,Days of supply (44.57264813749049) decreased the forecast by 0.734 units relative to the model baseline.
4796C983-5B52-5349-BD63-51E1385D8768,2016-02-14,SAMPLE_ITEM_004,SAMPLE_TX_1,XGBoost,day_of_month,14,0.63788545,0.63788545,POSITIVE,2,Day of month (14) increased the forecast by 0.638 units relative to the model baseline.
4796C983-5B52-5349-BD63-51E1385D8768,2016-02-14,SAMPLE_ITEM_004,SAMPLE_TX_1,XGBoost,current_stock,271.0,0.46633849,0.46633849,POSITIVE,3,Current stock (271.0) increased the forecast by 0.466 units relative to the model baseline.
4796C983-5B52-5349-BD63-51E1385D8768,2016-02-14,SAMPLE_ITEM_004,SAMPLE_TX_1,XGBoost,day_of_week,6,0.45307383,0.45307383,POSITIVE,4,The day of week (6) increased the forecast by 0.453 units relative to the model baseline.
4796C983-5B52-5349-BD63-51E1385D8768,2016-02-14,SAMPLE_ITEM_004,SAMPLE_TX_1,XGBoost,lag_14,6.226478099822998,0.23529117,0.23529117,POSITIVE,5,Demand fourteen days ago (6.226478099822998) increased the forecast by 0.235 units relative to the model baseline.
4CABE040-4A83-5AF8-A4CF-90C15D4B29AD,2016-02-15,SAMPLE_ITEM_004,SAMPLE_TX_1,XGBoost,days_of_supply,45.42835305729606,-0.92259526,0.92259526,NEGATIVE,1,Days of supply (45.42835305729606) decreased the forecast by 0.923 units relative to the model baseline.
4CABE040-4A83-5AF8-A4CF-90C15D4B29AD,2016-02-15,SAMPLE_ITEM_004,SAMPLE_TX_1,XGBoost,day_of_month,15,0.69604957,0.69604957,POSITIVE,2,Day of month (15) increased the forecast by 0.696 units relative to the model baseline.
4CABE040-4A83-5AF8-A4CF-90C15D4B29AD,2016-02-15,SAMPLE_ITEM_004,SAMPLE_TX_1,XGBoost,current_stock,271.0,0.37579635,0.37579635,POSITIVE,3,Current stock (271.0) increased the forecast by 0.376 units relative to the model baseline.
4CABE040-4A83-5AF8-A4CF-90C15D4B29AD,2016-02-15,SAMPLE_ITEM_004,SAMPLE_TX_1,XGBoost,lag_14,5.585412979125977,0.23639064,0.23639064,POSITIVE,4,Demand fourteen days ago (5.585412979125977) increased the forecast by 0.236 units relative to the model baseline.
4CABE040-4A83-5AF8-A4CF-90C15D4B29AD,2016-02-15,SAMPLE_ITEM_004,SAMPLE_TX_1,XGBoost,lag_1,6.431301116943359,-0.16049291,0.16049291,NEGATIVE,5,Yesterday's demand (6.431301116943359) decreased the forecast by 0.160 units relative to the model baseline.
0BB27814-774C-5DA6-B05C-45AFAFD10E16,2016-02-16,SAMPLE_ITEM_004,SAMPLE_TX_1,XGBoost,days_of_supply,45.72059195903392,-0.96928626,0.96928626,NEGATIVE,1,Days of supply (45.72059195903392) decreased the forecast by 0.969 units relative to the model baseline.
0BB27814-774C-5DA6-B05C-45AFAFD10E16,2016-02-16,SAMPLE_ITEM_004,SAMPLE_TX_1,XGBoost,current_stock,271.0,0.38480675,0.38480675,POSITIVE,2,Current stock (271.0) increased the forecast by 0.385 units relative to the model baseline.
0BB27814-774C-5DA6-B05C-45AFAFD10E16,2016-02-16,SAMPLE_ITEM_004,SAMPLE_TX_1,XGBoost,lag_14,6.008729934692383,0.28869975,0.28869975,POSITIVE,3,Demand fourteen days ago (6.008729934692383) increased the forecast by 0.289 units relative to the model baseline.
0BB27814-774C-5DA6-B05C-45AFAFD10E16,2016-02-16,SAMPLE_ITEM_004,SAMPLE_TX_1,XGBoost,rolling_mean_7,5.927307333265032,0.19847821,0.19847821,POSITIVE,4,The recent seven-day demand average (5.927307333265032) increased the forecast by 0.198 units relative to the model baseline.
0BB27814-774C-5DA6-B05C-45AFAFD10E16,2016-02-16,SAMPLE_ITEM_004,SAMPLE_TX_1,XGBoost,day_of_month,16,0.17826107,0.17826107,POSITIVE,5,Day of month (16) increased the forecast by 0.178 units relative to the model baseline.
DCC63C60-C082-5174-BEB3-E295FDAD590C,2016-02-17,SAMPLE_ITEM_004,SAMPLE_TX_1,XGBoost,days_of_supply,46.17132526786681,-0.86156523,0.86156523,NEGATIVE,1,Days of supply (46.17132526786681) decreased the forecast by 0.862 units relative to the model baseline.
DCC63C60-C082-5174-BEB3-E295FDAD590C,2016-02-17,SAMPLE_ITEM_004,SAMPLE_TX_1,XGBoost,current_stock,271.0,0.42717203,0.42717203,POSITIVE,2,Current stock (271.0) increased the forecast by 0.427 units relative to the model baseline.
DCC63C60-C082-5174-BEB3-E295FDAD590C,2016-02-17,SAMPLE_ITEM_004,SAMPLE_TX_1,XGBoost,lag_14,5.8651227951049805,0.25387156,0.25387156,POSITIVE,3,Demand fourteen days ago (5.8651227951049805) increased the forecast by 0.254 units relative to the model baseline.
DCC63C60-C082-5174-BEB3-E295FDAD590C,2016-02-17,SAMPLE_ITEM_004,SAMPLE_TX_1,XGBoost,price_change_percentage,0.0,0.14973499,0.14973499,POSITIVE,4,Price change percentage (0.0) increased the forecast by 0.150 units relative to the model baseline.
DCC63C60-C082-5174-BEB3-E295FDAD590C,2016-02-17,SAMPLE_ITEM_004,SAMPLE_TX_1,XGBoost,current_price,7.02,0.14449155,0.14449155,POSITIVE,5,The current price (7.02) increased the forecast by 0.144 units relative to the model baseline.
D11A613F-882F-5422-AF7F-6F36E6A94DCF,2016-02-18,SAMPLE_ITEM_004,SAMPLE_TX_1,XGBoost,days_of_supply,47.03574740470871,-0.89918286,0.89918286,NEGATIVE,1,Days of supply (47.03574740470871) decreased the forecast by 0.899 units relative to the model baseline.
D11A613F-882F-5422-AF7F-6F36E6A94DCF,2016-02-18,SAMPLE_ITEM_004,SAMPLE_TX_1,XGBoost,current_stock,271.0,0.43040529,0.43040529,POSITIVE,2,Current stock (271.0) increased the forecast by 0.430 units relative to the model baseline.
D11A613F-882F-5422-AF7F-6F36E6A94DCF,2016-02-18,SAMPLE_ITEM_004,SAMPLE_TX_1,XGBoost,day_of_week,3,-0.31647211,0.31647211,NEGATIVE,3,The day of week (3) decreased the forecast by 0.316 units relative to the model baseline.
D11A613F-882F-5422-AF7F-6F36E6A94DCF,2016-02-18,SAMPLE_ITEM_004,SAMPLE_TX_1,XGBoost,rolling_mean_14,5.922609431403024,0.28747413,0.28747413,POSITIVE,4,The recent fourteen-day demand average (5.922609431403024) increased the forecast by 0.287 units relative to the model baseline.
D11A613F-882F-5422-AF7F-6F36E6A94DCF,2016-02-18,SAMPLE_ITEM_004,SAMPLE_TX_1,XGBoost,lag_14,5.558568000793457,0.26521122,0.26521122,POSITIVE,5,Demand fourteen days ago (5.558568000793457) increased the forecast by 0.265 units relative to the model baseline.
3C07F856-E0C9-52F0-ABBC-51B6FC596F12,2016-02-19,SAMPLE_ITEM_004,SAMPLE_TX_1,XGBoost,days_of_supply,47.5135819389842,-0.96377259,0.96377259,NEGATIVE,1,Days of supply (47.5135819389842) decreased the forecast by 0.964 units relative to the model baseline.
3C07F856-E0C9-52F0-ABBC-51B6FC596F12,2016-02-19,SAMPLE_ITEM_004,SAMPLE_TX_1,XGBoost,rolling_mean_14,5.908678395407541,0.47011071,0.47011071,POSITIVE,2,The recent fourteen-day demand average (5.908678395407541) increased the forecast by 0.470 units relative to the model baseline.
3C07F856-E0C9-52F0-ABBC-51B6FC596F12,2016-02-19,SAMPLE_ITEM_004,SAMPLE_TX_1,XGBoost,current_stock,271.0,0.42141542,0.42141542,POSITIVE,3,Current stock (271.0) increased the forecast by 0.421 units relative to the model baseline.
3C07F856-E0C9-52F0-ABBC-51B6FC596F12,2016-02-19,SAMPLE_ITEM_004,SAMPLE_TX_1,XGBoost,lag_14,6.521768569946289,0.29326919,0.29326919,POSITIVE,4,Demand fourteen days ago (6.521768569946289) increased the forecast by 0.293 units relative to the model baseline.
3C07F856-E0C9-52F0-ABBC-51B6FC596F12,2016-02-19,SAMPLE_ITEM_004,SAMPLE_TX_1,XGBoost,rolling_mean_7,5.703632286616734,0.22906959,0.22906959,POSITIVE,5,The recent seven-day demand average (5.703632286616734) increased the forecast by 0.229 units relative to the model baseline.
63FBC68D-DF00-5309-8328-1BE8959036BA,2016-02-20,SAMPLE_ITEM_004,SAMPLE_TX_1,XGBoost,days_of_supply,48.36877429580243,-0.95957005,0.95957005,NEGATIVE,1,Days of supply (48.36877429580243) decreased the forecast by 0.960 units relative to the model baseline.
63FBC68D-DF00-5309-8328-1BE8959036BA,2016-02-20,SAMPLE_ITEM_004,SAMPLE_TX_1,XGBoost,rolling_mean_14,5.845427853720529,0.47182173,0.47182173,POSITIVE,2,The recent fourteen-day demand average (5.845427853720529) increased the forecast by 0.472 units relative to the model baseline.
63FBC68D-DF00-5309-8328-1BE8959036BA,2016-02-20,SAMPLE_ITEM_004,SAMPLE_TX_1,XGBoost,current_stock,271.0,0.42066455,0.42066455,POSITIVE,3,Current stock (271.0) increased the forecast by 0.421 units relative to the model baseline.
63FBC68D-DF00-5309-8328-1BE8959036BA,2016-02-20,SAMPLE_ITEM_004,SAMPLE_TX_1,XGBoost,lag_14,5.920027732849121,0.25648138,0.25648138,POSITIVE,4,Demand fourteen days ago (5.920027732849121) increased the forecast by 0.256 units relative to the model baseline.
63FBC68D-DF00-5309-8328-1BE8959036BA,2016-02-20,SAMPLE_ITEM_004,SAMPLE_TX_1,XGBoost,rolling_mean_7,5.602788243974958,0.25034603,0.25034603,POSITIVE,5,The recent seven-day demand average (5.602788243974958) increased the forecast by 0.250 units relative to the model baseline.
BBF099F5-2A9F-5B14-A081-27FCF8722336,2016-02-21,SAMPLE_ITEM_004,SAMPLE_TX_1,XGBoost,days_of_supply,48.658629598982316,-0.76794946,0.76794946,NEGATIVE,1,Days of supply (48.658629598982316) decreased the forecast by 0.768 units relative to the model baseline.
BBF099F5-2A9F-5B14-A081-27FCF8722336,2016-02-21,SAMPLE_ITEM_004,SAMPLE_TX_1,XGBoost,day_of_week,6,0.57552922,0.57552922,POSITIVE,2,The day of week (6) increased the forecast by 0.576 units relative to the model baseline.
BBF099F5-2A9F-5B14-A081-27FCF8722336,2016-02-21,SAMPLE_ITEM_004,SAMPLE_TX_1,XGBoost,lag_14,7.232971668243408,0.53883070,0.53883070,POSITIVE,3,Demand fourteen days ago (7.232971668243408) increased the forecast by 0.539 units relative to the model baseline.
BBF099F5-2A9F-5B14-A081-27FCF8722336,2016-02-21,SAMPLE_ITEM_004,SAMPLE_TX_1,XGBoost,rolling_mean_14,5.8246873787471225,0.52031088,0.52031088,POSITIVE,4,The recent fourteen-day demand average (5.8246873787471225) increased the forecast by 0.520 units relative to the model baseline.
BBF099F5-2A9F-5B14-A081-27FCF8722336,2016-02-21,SAMPLE_ITEM_004,SAMPLE_TX_1,XGBoost,current_stock,271.0,0.49832001,0.49832001,POSITIVE,5,Current stock (271.0) increased the forecast by 0.498 units relative to the model baseline.
BE556E4E-76D7-55FD-8ACD-6BD2AF88F89B,2016-02-22,SAMPLE_ITEM_004,SAMPLE_TX_1,XGBoost,days_of_supply,48.66947793248817,-0.91442609,0.91442609,NEGATIVE,1,Days of supply (48.66947793248817) decreased the forecast by 0.914 units relative to the model baseline.
BE556E4E-76D7-55FD-8ACD-6BD2AF88F89B,2016-02-22,SAMPLE_ITEM_004,SAMPLE_TX_1,XGBoost,day_of_month,22,-0.44209591,0.44209591,NEGATIVE,2,Day of month (22) decreased the forecast by 0.442 units relative to the model baseline.
BE556E4E-76D7-55FD-8ACD-6BD2AF88F89B,2016-02-22,SAMPLE_ITEM_004,SAMPLE_TX_1,XGBoost,current_stock,271.0,0.41279995,0.41279995,POSITIVE,3,Current stock (271.0) increased the forecast by 0.413 units relative to the model baseline.
BE556E4E-76D7-55FD-8ACD-6BD2AF88F89B,2016-02-22,SAMPLE_ITEM_004,SAMPLE_TX_1,XGBoost,rolling_mean_14,5.766804490770612,0.30626598,0.30626598,POSITIVE,4,The recent fourteen-day demand average (5.766804490770612) increased the forecast by 0.306 units relative to the model baseline.
BE556E4E-76D7-55FD-8ACD-6BD2AF88F89B,2016-02-22,SAMPLE_ITEM_004,SAMPLE_TX_1,XGBoost,lag_14,5.887252330780029,0.27241877,0.27241877,POSITIVE,5,Demand fourteen days ago (5.887252330780029) increased the forecast by 0.272 units relative to the model baseline.
4756307A-BD00-521C-8167-8F5F1D08A30E,2016-02-23,SAMPLE_ITEM_004,SAMPLE_TX_1,XGBoost,days_of_supply,49.731886586121284,-0.90287632,0.90287632,NEGATIVE,1,Days of supply (49.731886586121284) decreased the forecast by 0.903 units relative to the model baseline.
4756307A-BD00-521C-8167-8F5F1D08A30E,2016-02-23,SAMPLE_ITEM_004,SAMPLE_TX_1,XGBoost,day_of_month,23,-0.44547388,0.44547388,NEGATIVE,2,Day of month (23) decreased the forecast by 0.445 units relative to the model baseline.
4756307A-BD00-521C-8167-8F5F1D08A30E,2016-02-23,SAMPLE_ITEM_004,SAMPLE_TX_1,XGBoost,current_stock,271.0,0.42942715,0.42942715,POSITIVE,3,Current stock (271.0) increased the forecast by 0.429 units relative to the model baseline.
4756307A-BD00-521C-8167-8F5F1D08A30E,2016-02-23,SAMPLE_ITEM_004,SAMPLE_TX_1,XGBoost,lag_14,5.626821041107178,0.28229249,0.28229249,POSITIVE,4,Demand fourteen days ago (5.626821041107178) increased the forecast by 0.282 units relative to the model baseline.
4756307A-BD00-521C-8167-8F5F1D08A30E,2016-02-23,SAMPLE_ITEM_004,SAMPLE_TX_1,XGBoost,price_change_percentage,0.0,0.24000464,0.24000464,POSITIVE,5,Price change percentage (0.0) increased the forecast by 0.240 units relative to the model baseline.
A8831866-C172-5E2E-A1B4-BD3AC376EA96,2016-02-24,SAMPLE_ITEM_004,SAMPLE_TX_1,XGBoost,days_of_supply,50.23003769117679,-0.91171521,0.91171521,NEGATIVE,1,Days of supply (50.23003769117679) decreased the forecast by 0.912 units relative to the model baseline.
A8831866-C172-5E2E-A1B4-BD3AC376EA96,2016-02-24,SAMPLE_ITEM_004,SAMPLE_TX_1,XGBoost,day_of_month,24,-0.44980195,0.44980195,NEGATIVE,2,Day of month (24) decreased the forecast by 0.450 units relative to the model baseline.
A8831866-C172-5E2E-A1B4-BD3AC376EA96,2016-02-24,SAMPLE_ITEM_004,SAMPLE_TX_1,XGBoost,current_stock,271.0,0.43495148,0.43495148,POSITIVE,3,Current stock (271.0) increased the forecast by 0.435 units relative to the model baseline.
A8831866-C172-5E2E-A1B4-BD3AC376EA96,2016-02-24,SAMPLE_ITEM_004,SAMPLE_TX_1,XGBoost,lag_14,5.838095664978027,0.28038397,0.28038397,POSITIVE,4,Demand fourteen days ago (5.838095664978027) increased the forecast by 0.280 units relative to the model baseline.
A8831866-C172-5E2E-A1B4-BD3AC376EA96,2016-02-24,SAMPLE_ITEM_004,SAMPLE_TX_1,XGBoost,price_change_percentage,0.0,0.24123736,0.24123736,POSITIVE,5,Price change percentage (0.0) increased the forecast by 0.241 units relative to the model baseline.
0D0FF0D4-1E6D-545C-8B14-7C4992630136,2016-02-25,SAMPLE_ITEM_004,SAMPLE_TX_1,XGBoost,days_of_supply,50.558879058462225,-0.91699862,0.91699862,NEGATIVE,1,Days of supply (50.558879058462225) decreased the forecast by 0.917 units relative to the model baseline.
0D0FF0D4-1E6D-545C-8B14-7C4992630136,2016-02-25,SAMPLE_ITEM_004,SAMPLE_TX_1,XGBoost,day_of_month,25,-0.45264950,0.45264950,NEGATIVE,2,Day of month (25) decreased the forecast by 0.453 units relative to the model baseline.
0D0FF0D4-1E6D-545C-8B14-7C4992630136,2016-02-25,SAMPLE_ITEM_004,SAMPLE_TX_1,XGBoost,current_stock,271.0,0.44529939,0.44529939,POSITIVE,3,Current stock (271.0) increased the forecast by 0.445 units relative to the model baseline.
0D0FF0D4-1E6D-545C-8B14-7C4992630136,2016-02-25,SAMPLE_ITEM_004,SAMPLE_TX_1,XGBoost,lag_14,5.769134521484375,0.27650285,0.27650285,POSITIVE,4,Demand fourteen days ago (5.769134521484375) increased the forecast by 0.277 units relative to the model baseline.
0D0FF0D4-1E6D-545C-8B14-7C4992630136,2016-02-25,SAMPLE_ITEM_004,SAMPLE_TX_1,XGBoost,price_change_percentage,0.0,0.24943136,0.24943136,POSITIVE,5,Price change percentage (0.0) increased the forecast by 0.249 units relative to the model baseline.
AF9F89C3-46F7-59E0-ADBD-728736E64B01,2016-02-26,SAMPLE_ITEM_004,SAMPLE_TX_1,XGBoost,days_of_supply,51.32509866603034,-0.96046072,0.96046072,NEGATIVE,1,Days of supply (51.32509866603034) decreased the forecast by 0.960 units relative to the model baseline.
AF9F89C3-46F7-59E0-ADBD-728736E64B01,2016-02-26,SAMPLE_ITEM_004,SAMPLE_TX_1,XGBoost,day_of_month,26,-0.44744068,0.44744068,NEGATIVE,2,Day of month (26) decreased the forecast by 0.447 units relative to the model baseline.
AF9F89C3-46F7-59E0-ADBD-728736E64B01,2016-02-26,SAMPLE_ITEM_004,SAMPLE_TX_1,XGBoost,current_stock,271.0,0.43630952,0.43630952,POSITIVE,3,Current stock (271.0) increased the forecast by 0.436 units relative to the model baseline.
AF9F89C3-46F7-59E0-ADBD-728736E64B01,2016-02-26,SAMPLE_ITEM_004,SAMPLE_TX_1,XGBoost,lag_14,6.342169284820557,0.30246720,0.30246720,POSITIVE,4,Demand fourteen days ago (6.342169284820557) increased the forecast by 0.302 units relative to the model baseline.
AF9F89C3-46F7-59E0-ADBD-728736E64B01,2016-02-26,SAMPLE_ITEM_004,SAMPLE_TX_1,XGBoost,price_change_percentage,0.0,0.24657758,0.24657758,POSITIVE,5,Price change percentage (0.0) increased the forecast by 0.247 units relative to the model baseline.
87219DB7-5782-5B8F-99DE-AC6A2401AEFC,2016-02-27,SAMPLE_ITEM_004,SAMPLE_TX_1,XGBoost,days_of_supply,52.272626916020435,-0.95261627,0.95261627,NEGATIVE,1,Days of supply (52.272626916020435) decreased the forecast by 0.953 units relative to the model baseline.
87219DB7-5782-5B8F-99DE-AC6A2401AEFC,2016-02-27,SAMPLE_ITEM_004,SAMPLE_TX_1,XGBoost,day_of_month,27,-0.45530602,0.45530602,NEGATIVE,2,Day of month (27) decreased the forecast by 0.455 units relative to the model baseline.
87219DB7-5782-5B8F-99DE-AC6A2401AEFC,2016-02-27,SAMPLE_ITEM_004,SAMPLE_TX_1,XGBoost,current_stock,271.0,0.43510672,0.43510672,POSITIVE,3,Current stock (271.0) increased the forecast by 0.435 units relative to the model baseline.
87219DB7-5782-5B8F-99DE-AC6A2401AEFC,2016-02-27,SAMPLE_ITEM_004,SAMPLE_TX_1,XGBoost,lag_14,5.863288402557373,0.27012554,0.27012554,POSITIVE,4,Demand fourteen days ago (5.863288402557373) increased the forecast by 0.270 units relative to the model baseline.
87219DB7-5782-5B8F-99DE-AC6A2401AEFC,2016-02-27,SAMPLE_ITEM_004,SAMPLE_TX_1,XGBoost,price_change_percentage,0.0,0.25093278,0.25093278,POSITIVE,5,Price change percentage (0.0) increased the forecast by 0.251 units relative to the model baseline.
16212197-F2EA-57FA-80AA-13961EE06E2D,2016-02-28,SAMPLE_ITEM_004,SAMPLE_TX_1,XGBoost,days_of_supply,53.20900330695052,-0.71604383,0.71604383,NEGATIVE,1,Days of supply (53.20900330695052) decreased the forecast by 0.716 units relative to the model baseline.
16212197-F2EA-57FA-80AA-13961EE06E2D,2016-02-28,SAMPLE_ITEM_004,SAMPLE_TX_1,XGBoost,current_stock,271.0,0.50908017,0.50908017,POSITIVE,2,Current stock (271.0) increased the forecast by 0.509 units relative to the model baseline.
16212197-F2EA-57FA-80AA-13961EE06E2D,2016-02-28,SAMPLE_ITEM_004,SAMPLE_TX_1,XGBoost,day_of_week,6,0.46963879,0.46963879,POSITIVE,3,The day of week (6) increased the forecast by 0.470 units relative to the model baseline.
16212197-F2EA-57FA-80AA-13961EE06E2D,2016-02-28,SAMPLE_ITEM_004,SAMPLE_TX_1,XGBoost,day_of_month,28,-0.41575035,0.41575035,NEGATIVE,4,Day of month (28) decreased the forecast by 0.416 units relative to the model baseline.
16212197-F2EA-57FA-80AA-13961EE06E2D,2016-02-28,SAMPLE_ITEM_004,SAMPLE_TX_1,XGBoost,lag_14,6.431301116943359,0.29985541,0.29985541,POSITIVE,5,Demand fourteen days ago (6.431301116943359) increased the forecast by 0.300 units relative to the model baseline.
2925B620-CC8C-510B-83C3-9F4CB2AF7332,2016-02-29,SAMPLE_ITEM_004,SAMPLE_TX_1,XGBoost,days_of_supply,54.276982764757804,-0.92802149,0.92802149,NEGATIVE,1,Days of supply (54.276982764757804) decreased the forecast by 0.928 units relative to the model baseline.
2925B620-CC8C-510B-83C3-9F4CB2AF7332,2016-02-29,SAMPLE_ITEM_004,SAMPLE_TX_1,XGBoost,current_stock,271.0,0.49010280,0.49010280,POSITIVE,2,Current stock (271.0) increased the forecast by 0.490 units relative to the model baseline.
2925B620-CC8C-510B-83C3-9F4CB2AF7332,2016-02-29,SAMPLE_ITEM_004,SAMPLE_TX_1,XGBoost,day_of_month,29,-0.42186904,0.42186904,NEGATIVE,3,Day of month (29) decreased the forecast by 0.422 units relative to the model baseline.
2925B620-CC8C-510B-83C3-9F4CB2AF7332,2016-02-29,SAMPLE_ITEM_004,SAMPLE_TX_1,XGBoost,rolling_mean_7,4.992908341544015,-0.38112000,0.38112000,NEGATIVE,4,The recent seven-day demand average (4.992908341544015) decreased the forecast by 0.381 units relative to the model baseline.
2925B620-CC8C-510B-83C3-9F4CB2AF7332,2016-02-29,SAMPLE_ITEM_004,SAMPLE_TX_1,XGBoost,lag_14,5.6203413009643555,0.28278154,0.28278154,POSITIVE,5,Demand fourteen days ago (5.6203413009643555) increased the forecast by 0.283 units relative to the model baseline.
FD86B00D-3516-5848-9A9D-1837F328CCE9,2016-03-01,SAMPLE_ITEM_004,SAMPLE_TX_1,XGBoost,days_of_supply,54.675813071512295,-0.95899630,0.95899630,NEGATIVE,1,Days of supply (54.675813071512295) decreased the forecast by 0.959 units relative to the model baseline.
FD86B00D-3516-5848-9A9D-1837F328CCE9,2016-03-01,SAMPLE_ITEM_004,SAMPLE_TX_1,XGBoost,day_of_month,1,0.72287399,0.72287399,POSITIVE,2,Day of month (1) increased the forecast by 0.723 units relative to the model baseline.
FD86B00D-3516-5848-9A9D-1837F328CCE9,2016-03-01,SAMPLE_ITEM_004,SAMPLE_TX_1,XGBoost,rolling_mean_7,4.956487791878836,-0.51133418,0.51133418,NEGATIVE,3,The recent seven-day demand average (4.956487791878836) decreased the forecast by 0.511 units relative to the model baseline.
FD86B00D-3516-5848-9A9D-1837F328CCE9,2016-03-01,SAMPLE_ITEM_004,SAMPLE_TX_1,XGBoost,current_stock,271.0,0.45741335,0.45741335,POSITIVE,4,Current stock (271.0) increased the forecast by 0.457 units relative to the model baseline.
FD86B00D-3516-5848-9A9D-1837F328CCE9,2016-03-01,SAMPLE_ITEM_004,SAMPLE_TX_1,XGBoost,lag_14,5.221776485443115,0.23521994,0.23521994,POSITIVE,5,Demand fourteen days ago (5.221776485443115) increased the forecast by 0.235 units relative to the model baseline.
110E2AFC-7BEE-544D-8A92-C0AF66887B37,2016-03-02,SAMPLE_ITEM_004,SAMPLE_TX_1,XGBoost,days_of_supply,53.748064228054176,-0.95654070,0.95654070,NEGATIVE,1,Days of supply (53.748064228054176) decreased the forecast by 0.957 units relative to the model baseline.
110E2AFC-7BEE-544D-8A92-C0AF66887B37,2016-03-02,SAMPLE_ITEM_004,SAMPLE_TX_1,XGBoost,day_of_month,2,0.76632422,0.76632422,POSITIVE,2,Day of month (2) increased the forecast by 0.766 units relative to the model baseline.
110E2AFC-7BEE-544D-8A92-C0AF66887B37,2016-03-02,SAMPLE_ITEM_004,SAMPLE_TX_1,XGBoost,current_stock,271.0,0.40506253,0.40506253,POSITIVE,3,Current stock (271.0) increased the forecast by 0.405 units relative to the model baseline.
110E2AFC-7BEE-544D-8A92-C0AF66887B37,2016-03-02,SAMPLE_ITEM_004,SAMPLE_TX_1,XGBoost,lag_14,5.0830159187316895,0.24037893,0.24037893,POSITIVE,4,Demand fourteen days ago (5.0830159187316895) increased the forecast by 0.240 units relative to the model baseline.
110E2AFC-7BEE-544D-8A92-C0AF66887B37,2016-03-02,SAMPLE_ITEM_004,SAMPLE_TX_1,XGBoost,rolling_mean_7,5.042042051042829,0.23845428,0.23845428,POSITIVE,5,The recent seven-day demand average (5.042042051042829) increased the forecast by 0.238 units relative to the model baseline.
88A9A3F1-DE76-5061-B8C9-53375C419B6B,2016-03-03,SAMPLE_ITEM_004,SAMPLE_TX_1,XGBoost,days_of_supply,51.64330049914751,-0.98236173,0.98236173,NEGATIVE,1,Days of supply (51.64330049914751) decreased the forecast by 0.982 units relative to the model baseline.
88A9A3F1-DE76-5061-B8C9-53375C419B6B,2016-03-03,SAMPLE_ITEM_004,SAMPLE_TX_1,XGBoost,day_of_month,3,0.76902747,0.76902747,POSITIVE,2,Day of month (3) increased the forecast by 0.769 units relative to the model baseline.
88A9A3F1-DE76-5061-B8C9-53375C419B6B,2016-03-03,SAMPLE_ITEM_004,SAMPLE_TX_1,XGBoost,current_stock,271.0,0.39166859,0.39166859,POSITIVE,3,Current stock (271.0) increased the forecast by 0.392 units relative to the model baseline.
88A9A3F1-DE76-5061-B8C9-53375C419B6B,2016-03-03,SAMPLE_ITEM_004,SAMPLE_TX_1,XGBoost,rolling_mean_7,5.247534479413714,0.24637976,0.24637976,POSITIVE,4,The recent seven-day demand average (5.247534479413714) increased the forecast by 0.246 units relative to the model baseline.
88A9A3F1-DE76-5061-B8C9-53375C419B6B,2016-03-03,SAMPLE_ITEM_004,SAMPLE_TX_1,XGBoost,lag_14,5.3635334968566895,0.24028948,0.24028948,POSITIVE,5,Demand fourteen days ago (5.3635334968566895) increased the forecast by 0.240 units relative to the model baseline.
C5293D0A-B630-5C34-BC2C-A44667645609,2016-03-04,SAMPLE_ITEM_004,SAMPLE_TX_1,XGBoost,days_of_supply,49.75512059862368,-0.99771464,0.99771464,NEGATIVE,1,Days of supply (49.75512059862368) decreased the forecast by 0.998 units relative to the model baseline.
C5293D0A-B630-5C34-BC2C-A44667645609,2016-03-04,SAMPLE_ITEM_004,SAMPLE_TX_1,XGBoost,day_of_month,4,0.77168107,0.77168107,POSITIVE,2,Day of month (4) increased the forecast by 0.772 units relative to the model baseline.
C5293D0A-B630-5C34-BC2C-A44667645609,2016-03-04,SAMPLE_ITEM_004,SAMPLE_TX_1,XGBoost,current_stock,271.0,0.38455394,0.38455394,POSITIVE,3,Current stock (271.0) increased the forecast by 0.385 units relative to the model baseline.
C5293D0A-B630-5C34-BC2C-A44667645609,2016-03-04,SAMPLE_ITEM_004,SAMPLE_TX_1,XGBoost,rolling_mean_7,5.44667557307652,0.25126356,0.25126356,POSITIVE,4,The recent seven-day demand average (5.44667557307652) increased the forecast by 0.251 units relative to the model baseline.
C5293D0A-B630-5C34-BC2C-A44667645609,2016-03-04,SAMPLE_ITEM_004,SAMPLE_TX_1,XGBoost,lag_14,5.636260986328125,0.24140652,0.24140652,POSITIVE,5,Demand fourteen days ago (5.636260986328125) increased the forecast by 0.241 units relative to the model baseline.
AAB37809-95DD-5AB2-8762-67FAD243DF3B,2016-03-05,SAMPLE_ITEM_004,SAMPLE_TX_1,XGBoost,days_of_supply,47.929046988038756,-1.00532281,1.00532281,NEGATIVE,1,Days of supply (47.929046988038756) decreased the forecast by 1.005 units relative to the model baseline.
AAB37809-95DD-5AB2-8762-67FAD243DF3B,2016-03-05,SAMPLE_ITEM_004,SAMPLE_TX_1,XGBoost,day_of_month,5,0.77093196,0.77093196,POSITIVE,2,Day of month (5) increased the forecast by 0.771 units relative to the model baseline.
AAB37809-95DD-5AB2-8762-67FAD243DF3B,2016-03-05,SAMPLE_ITEM_004,SAMPLE_TX_1,XGBoost,current_stock,271.0,0.37436128,0.37436128,POSITIVE,3,Current stock (271.0) increased the forecast by 0.374 units relative to the model baseline.
AAB37809-95DD-5AB2-8762-67FAD243DF3B,2016-03-05,SAMPLE_ITEM_004,SAMPLE_TX_1,XGBoost,rolling_mean_7,5.654191289629255,0.31187668,0.31187668,POSITIVE,4,The recent seven-day demand average (5.654191289629255) increased the forecast by 0.312 units relative to the model baseline.
AAB37809-95DD-5AB2-8762-67FAD243DF3B,2016-03-05,SAMPLE_ITEM_004,SAMPLE_TX_1,XGBoost,lag_14,5.6296610832214355,0.24167810,0.24167810,POSITIVE,5,Demand fourteen days ago (5.6296610832214355) increased the forecast by 0.242 units relative to the model baseline.
3E3E4F94-F73D-5435-ADB2-2B0AD823FB25,2016-03-06,SAMPLE_ITEM_004,SAMPLE_TX_1,XGBoost,days_of_supply,46.18487298182082,-0.77835798,0.77835798,NEGATIVE,1,Days of supply (46.18487298182082) decreased the forecast by 0.778 units relative to the model baseline.
3E3E4F94-F73D-5435-ADB2-2B0AD823FB25,2016-03-06,SAMPLE_ITEM_004,SAMPLE_TX_1,XGBoost,day_of_month,6,0.68205869,0.68205869,POSITIVE,2,Day of month (6) increased the forecast by 0.682 units relative to the model baseline.
3E3E4F94-F73D-5435-ADB2-2B0AD823FB25,2016-03-06,SAMPLE_ITEM_004,SAMPLE_TX_1,XGBoost,day_of_week,6,0.45731464,0.45731464,POSITIVE,3,The day of week (6) increased the forecast by 0.457 units relative to the model baseline.
3E3E4F94-F73D-5435-ADB2-2B0AD823FB25,2016-03-06,SAMPLE_ITEM_004,SAMPLE_TX_1,XGBoost,current_stock,271.0,0.44833487,0.44833487,POSITIVE,4,Current stock (271.0) increased the forecast by 0.448 units relative to the model baseline.
3E3E4F94-F73D-5435-ADB2-2B0AD823FB25,2016-03-06,SAMPLE_ITEM_004,SAMPLE_TX_1,XGBoost,lag_14,6.422611236572266,0.27164829,0.27164829,POSITIVE,5,Demand fourteen days ago (6.422611236572266) increased the forecast by 0.272 units relative to the model baseline.
A0B91D6E-5B4E-5916-AAA1-FE9B1EB60EF4,2016-03-07,SAMPLE_ITEM_004,SAMPLE_TX_1,XGBoost,days_of_supply,45.08491836114586,-0.83250195,0.83250195,NEGATIVE,1,Days of supply (45.08491836114586) decreased the forecast by 0.833 units relative to the model baseline.
A0B91D6E-5B4E-5916-AAA1-FE9B1EB60EF4,2016-03-07,SAMPLE_ITEM_004,SAMPLE_TX_1,XGBoost,day_of_month,7,0.82894981,0.82894981,POSITIVE,2,Day of month (7) increased the forecast by 0.829 units relative to the model baseline.
A0B91D6E-5B4E-5916-AAA1-FE9B1EB60EF4,2016-03-07,SAMPLE_ITEM_004,SAMPLE_TX_1,XGBoost,current_stock,271.0,0.40583301,0.40583301,POSITIVE,3,Current stock (271.0) increased the forecast by 0.406 units relative to the model baseline.
A0B91D6E-5B4E-5916-AAA1-FE9B1EB60EF4,2016-03-07,SAMPLE_ITEM_004,SAMPLE_TX_1,XGBoost,price_change_percentage,0.0,0.18210988,0.18210988,POSITIVE,4,Price change percentage (0.0) increased the forecast by 0.182 units relative to the model baseline.
A0B91D6E-5B4E-5916-AAA1-FE9B1EB60EF4,2016-03-07,SAMPLE_ITEM_004,SAMPLE_TX_1,XGBoost,lag_1,6.723208427429199,-0.17925338,0.17925338,NEGATIVE,5,Yesterday's demand (6.723208427429199) decreased the forecast by 0.179 units relative to the model baseline.
5C53AD13-737A-5EEA-98EC-E36451EB2A9C,2016-03-08,SAMPLE_ITEM_004,SAMPLE_TX_1,XGBoost,days_of_supply,43.61055784214338,-0.84971768,0.84971768,NEGATIVE,1,Days of supply (43.61055784214338) decreased the forecast by 0.850 units relative to the model baseline.
5C53AD13-737A-5EEA-98EC-E36451EB2A9C,2016-03-08,SAMPLE_ITEM_004,SAMPLE_TX_1,XGBoost,day_of_month,8,0.78368765,0.78368765,POSITIVE,2,Day of month (8) increased the forecast by 0.784 units relative to the model baseline.
5C53AD13-737A-5EEA-98EC-E36451EB2A9C,2016-03-08,SAMPLE_ITEM_004,SAMPLE_TX_1,XGBoost,current_stock,271.0,0.42246026,0.42246026,POSITIVE,3,Current stock (271.0) increased the forecast by 0.422 units relative to the model baseline.
5C53AD13-737A-5EEA-98EC-E36451EB2A9C,2016-03-08,SAMPLE_ITEM_004,SAMPLE_TX_1,XGBoost,price_change_percentage,0.0,0.15976785,0.15976785,POSITIVE,4,Price change percentage (0.0) increased the forecast by 0.160 units relative to the model baseline.
5C53AD13-737A-5EEA-98EC-E36451EB2A9C,2016-03-08,SAMPLE_ITEM_004,SAMPLE_TX_1,XGBoost,product_code,3,0.13645662,0.13645662,POSITIVE,5,Product code (3) increased the forecast by 0.136 units relative to the model baseline.
23B85C51-C5D6-519E-9013-0BF232B2F080,2016-03-09,SAMPLE_ITEM_004,SAMPLE_TX_1,XGBoost,days_of_supply,43.28902518073014,-0.83279198,0.83279198,NEGATIVE,1,Days of supply (43.28902518073014) decreased the forecast by 0.833 units relative to the model baseline.
23B85C51-C5D6-519E-9013-0BF232B2F080,2016-03-09,SAMPLE_ITEM_004,SAMPLE_TX_1,XGBoost,day_of_month,9,0.71384662,0.71384662,POSITIVE,2,Day of month (9) increased the forecast by 0.714 units relative to the model baseline.
23B85C51-C5D6-519E-9013-0BF232B2F080,2016-03-09,SAMPLE_ITEM_004,SAMPLE_TX_1,XGBoost,current_stock,271.0,0.42798454,0.42798454,POSITIVE,3,Current stock (271.0) increased the forecast by 0.428 units relative to the model baseline.
23B85C51-C5D6-519E-9013-0BF232B2F080,2016-03-09,SAMPLE_ITEM_004,SAMPLE_TX_1,XGBoost,lag_7,6.275826454162598,-0.19287981,0.19287981,NEGATIVE,4,Demand seven days ago (6.275826454162598) decreased the forecast by 0.193 units relative to the model baseline.
23B85C51-C5D6-519E-9013-0BF232B2F080,2016-03-09,SAMPLE_ITEM_004,SAMPLE_TX_1,XGBoost,price_change_percentage,0.0,0.16100056,0.16100056,POSITIVE,5,Price change percentage (0.0) increased the forecast by 0.161 units relative to the model baseline.
8A4DB48B-EBC2-564D-9BA9-E8CEFE383FAB,2016-03-10,SAMPLE_ITEM_004,SAMPLE_TX_1,XGBoost,days_of_supply,43.989972981914,-0.83715260,0.83715260,NEGATIVE,1,Days of supply (43.989972981914) decreased the forecast by 0.837 units relative to the model baseline.
8A4DB48B-EBC2-564D-9BA9-E8CEFE383FAB,2016-03-10,SAMPLE_ITEM_004,SAMPLE_TX_1,XGBoost,day_of_month,10,0.72333324,0.72333324,POSITIVE,2,Day of month (10) increased the forecast by 0.723 units relative to the model baseline.
8A4DB48B-EBC2-564D-9BA9-E8CEFE383FAB,2016-03-10,SAMPLE_ITEM_004,SAMPLE_TX_1,XGBoost,current_stock,271.0,0.43121785,0.43121785,POSITIVE,3,Current stock (271.0) increased the forecast by 0.431 units relative to the model baseline.
8A4DB48B-EBC2-564D-9BA9-E8CEFE383FAB,2016-03-10,SAMPLE_ITEM_004,SAMPLE_TX_1,XGBoost,lag_7,6.197385311126709,-0.19287981,0.19287981,NEGATIVE,4,Demand seven days ago (6.197385311126709) decreased the forecast by 0.193 units relative to the model baseline.
8A4DB48B-EBC2-564D-9BA9-E8CEFE383FAB,2016-03-10,SAMPLE_ITEM_004,SAMPLE_TX_1,XGBoost,day_of_week,3,-0.18260318,0.18260318,NEGATIVE,5,The day of week (3) decreased the forecast by 0.183 units relative to the model baseline.
38B3AF62-AAA6-505F-A0BA-BC942FED2CFA,2016-03-11,SAMPLE_ITEM_004,SAMPLE_TX_1,XGBoost,days_of_supply,44.690039427980146,-0.87389547,0.87389547,NEGATIVE,1,Days of supply (44.690039427980146) decreased the forecast by 0.874 units relative to the model baseline.
38B3AF62-AAA6-505F-A0BA-BC942FED2CFA,2016-03-11,SAMPLE_ITEM_004,SAMPLE_TX_1,XGBoost,day_of_month,11,0.71248037,0.71248037,POSITIVE,2,Day of month (11) increased the forecast by 0.712 units relative to the model baseline.
38B3AF62-AAA6-505F-A0BA-BC942FED2CFA,2016-03-11,SAMPLE_ITEM_004,SAMPLE_TX_1,XGBoost,rolling_mean_14,5.755333321435111,0.44808131,0.44808131,POSITIVE,3,The recent fourteen-day demand average (5.755333321435111) increased the forecast by 0.448 units relative to the model baseline.
38B3AF62-AAA6-505F-A0BA-BC942FED2CFA,2016-03-11,SAMPLE_ITEM_004,SAMPLE_TX_1,XGBoost,current_stock,271.0,0.43121785,0.43121785,POSITIVE,4,Current stock (271.0) increased the forecast by 0.431 units relative to the model baseline.
38B3AF62-AAA6-505F-A0BA-BC942FED2CFA,2016-03-11,SAMPLE_ITEM_004,SAMPLE_TX_1,XGBoost,lag_7,6.418900966644287,-0.20748523,0.20748523,NEGATIVE,5,Demand seven days ago (6.418900966644287) decreased the forecast by 0.207 units relative to the model baseline.
FD37E459-4505-5DB4-9AE0-7C3EAE1404A6,2016-03-12,SAMPLE_ITEM_004,SAMPLE_TX_1,XGBoost,days_of_supply,44.98387908676208,-0.88517994,0.88517994,NEGATIVE,1,Days of supply (44.98387908676208) decreased the forecast by 0.885 units relative to the model baseline.
FD37E459-4505-5DB4-9AE0-7C3EAE1404A6,2016-03-12,SAMPLE_ITEM_004,SAMPLE_TX_1,XGBoost,day_of_month,12,0.70241082,0.70241082,POSITIVE,2,Day of month (12) increased the forecast by 0.702 units relative to the model baseline.
FD37E459-4505-5DB4-9AE0-7C3EAE1404A6,2016-03-12,SAMPLE_ITEM_004,SAMPLE_TX_1,XGBoost,rolling_mean_14,5.839285850524902,0.45642671,0.45642671,POSITIVE,3,The recent fourteen-day demand average (5.839285850524902) increased the forecast by 0.456 units relative to the model baseline.
FD37E459-4505-5DB4-9AE0-7C3EAE1404A6,2016-03-12,SAMPLE_ITEM_004,SAMPLE_TX_1,XGBoost,current_stock,271.0,0.40774366,0.40774366,POSITIVE,4,Current stock (271.0) increased the forecast by 0.408 units relative to the model baseline.
FD37E459-4505-5DB4-9AE0-7C3EAE1404A6,2016-03-12,SAMPLE_ITEM_004,SAMPLE_TX_1,XGBoost,lag_7,6.485733509063721,-0.22250096,0.22250096,NEGATIVE,5,Demand seven days ago (6.485733509063721) decreased the forecast by 0.223 units relative to the model baseline.
02FB7593-76A9-51D0-A78A-9E592F6688B3,2016-03-13,SAMPLE_ITEM_004,SAMPLE_TX_1,XGBoost,days_of_supply,45.326458202569974,-0.75203919,0.75203919,NEGATIVE,1,Days of supply (45.326458202569974) decreased the forecast by 0.752 units relative to the model baseline.
02FB7593-76A9-51D0-A78A-9E592F6688B3,2016-03-13,SAMPLE_ITEM_004,SAMPLE_TX_1,XGBoost,day_of_month,13,0.61114216,0.61114216,POSITIVE,2,Day of month (13) increased the forecast by 0.611 units relative to the model baseline.
02FB7593-76A9-51D0-A78A-9E592F6688B3,2016-03-13,SAMPLE_ITEM_004,SAMPLE_TX_1,XGBoost,day_of_week,6,0.53377491,0.53377491,POSITIVE,3,The day of week (6) increased the forecast by 0.534 units relative to the model baseline.
02FB7593-76A9-51D0-A78A-9E592F6688B3,2016-03-13,SAMPLE_ITEM_004,SAMPLE_TX_1,XGBoost,rolling_mean_14,5.923285007476807,0.51681024,0.51681024,POSITIVE,4,The recent fourteen-day demand average (5.923285007476807) increased the forecast by 0.517 units relative to the model baseline.
02FB7593-76A9-51D0-A78A-9E592F6688B3,2016-03-13,SAMPLE_ITEM_004,SAMPLE_TX_1,XGBoost,current_stock,271.0,0.45732474,0.45732474,POSITIVE,5,Current stock (271.0) increased the forecast by 0.457 units relative to the model baseline.
41EC4374-9EA6-580B-92D7-FD1CFA76FEC7,2016-03-14,SAMPLE_ITEM_004,SAMPLE_TX_1,XGBoost,days_of_supply,45.0052106663382,-0.83551776,0.83551776,NEGATIVE,1,Days of supply (45.0052106663382) decreased the forecast by 0.836 units relative to the model baseline.
41EC4374-9EA6-580B-92D7-FD1CFA76FEC7,2016-03-14,SAMPLE_ITEM_004,SAMPLE_TX_1,XGBoost,day_of_month,14,0.76059371,0.76059371,POSITIVE,2,Day of month (14) increased the forecast by 0.761 units relative to the model baseline.
41EC4374-9EA6-580B-92D7-FD1CFA76FEC7,2016-03-14,SAMPLE_ITEM_004,SAMPLE_TX_1,XGBoost,current_stock,271.0,0.40583301,0.40583301,POSITIVE,3,Current stock (271.0) increased the forecast by 0.406 units relative to the model baseline.
41EC4374-9EA6-580B-92D7-FD1CFA76FEC7,2016-03-14,SAMPLE_ITEM_004,SAMPLE_TX_1,XGBoost,lag_1,7.021947860717773,-0.15531336,0.15531336,NEGATIVE,4,Yesterday's demand (7.021947860717773) decreased the forecast by 0.155 units relative to the model baseline.
41EC4374-9EA6-580B-92D7-FD1CFA76FEC7,2016-03-14,SAMPLE_ITEM_004,SAMPLE_TX_1,XGBoost,day_of_week,0,-0.14252734,0.14252734,NEGATIVE,5,The day of week (0) decreased the forecast by 0.143 units relative to the model baseline.
87C5AD5E-8A75-53BE-832F-5EBF9E0441CA,2016-03-15,SAMPLE_ITEM_004,SAMPLE_TX_1,XGBoost,days_of_supply,45.4986269831181,-0.90781212,0.90781212,NEGATIVE,1,Days of supply (45.4986269831181) decreased the forecast by 0.908 units relative to the model baseline.
87C5AD5E-8A75-53BE-832F-5EBF9E0441CA,2016-03-15,SAMPLE_ITEM_004,SAMPLE_TX_1,XGBoost,day_of_month,15,0.71120495,0.71120495,POSITIVE,2,Day of month (15) increased the forecast by 0.711 units relative to the model baseline.
87C5AD5E-8A75-53BE-832F-5EBF9E0441CA,2016-03-15,SAMPLE_ITEM_004,SAMPLE_TX_1,XGBoost,current_stock,271.0,0.39242360,0.39242360,POSITIVE,3,Current stock (271.0) increased the forecast by 0.392 units relative to the model baseline.
87C5AD5E-8A75-53BE-832F-5EBF9E0441CA,2016-03-15,SAMPLE_ITEM_004,SAMPLE_TX_1,XGBoost,lag_14,5.442361831665039,0.22638287,0.22638287,POSITIVE,4,Demand fourteen days ago (5.442361831665039) increased the forecast by 0.226 units relative to the model baseline.
87C5AD5E-8A75-53BE-832F-5EBF9E0441CA,2016-03-15,SAMPLE_ITEM_004,SAMPLE_TX_1,XGBoost,rolling_mean_7,5.956223692212786,0.15572554,0.15572554,POSITIVE,5,The recent seven-day demand average (5.956223692212786) increased the forecast by 0.156 units relative to the model baseline.
7680A278-1A43-5E5A-A600-1DCECABC61C9,2016-03-16,SAMPLE_ITEM_004,SAMPLE_TX_1,XGBoost,days_of_supply,45.693357089040276,-0.95999354,0.95999354,NEGATIVE,1,Days of supply (45.693357089040276) decreased the forecast by 0.960 units relative to the model baseline.
7680A278-1A43-5E5A-A600-1DCECABC61C9,2016-03-16,SAMPLE_ITEM_004,SAMPLE_TX_1,XGBoost,current_stock,271.0,0.39033109,0.39033109,POSITIVE,2,Current stock (271.0) increased the forecast by 0.390 units relative to the model baseline.
7680A278-1A43-5E5A-A600-1DCECABC61C9,2016-03-16,SAMPLE_ITEM_004,SAMPLE_TX_1,XGBoost,lag_14,6.275826454162598,0.28061864,0.28061864,POSITIVE,3,Demand fourteen days ago (6.275826454162598) increased the forecast by 0.281 units relative to the model baseline.
7680A278-1A43-5E5A-A600-1DCECABC61C9,2016-03-16,SAMPLE_ITEM_004,SAMPLE_TX_1,XGBoost,rolling_mean_7,5.930840219770159,0.19050178,0.19050178,POSITIVE,4,The recent seven-day demand average (5.930840219770159) increased the forecast by 0.191 units relative to the model baseline.
7680A278-1A43-5E5A-A600-1DCECABC61C9,2016-03-16,SAMPLE_ITEM_004,SAMPLE_TX_1,XGBoost,day_of_month,16,0.18156411,0.18156411,POSITIVE,5,Day of month (16) increased the forecast by 0.182 units relative to the model baseline.
73E1290B-F54B-5F37-9D96-94B8EE11FB92,2016-03-17,SAMPLE_ITEM_004,SAMPLE_TX_1,XGBoost,days_of_supply,46.19269434120597,-0.88230115,0.88230115,NEGATIVE,1,Days of supply (46.19269434120597) decreased the forecast by 0.882 units relative to the model baseline.
73E1290B-F54B-5F37-9D96-94B8EE11FB92,2016-03-17,SAMPLE_ITEM_004,SAMPLE_TX_1,XGBoost,current_stock,271.0,0.42141542,0.42141542,POSITIVE,2,Current stock (271.0) increased the forecast by 0.421 units relative to the model baseline.
73E1290B-F54B-5F37-9D96-94B8EE11FB92,2016-03-17,SAMPLE_ITEM_004,SAMPLE_TX_1,XGBoost,lag_14,6.197385311126709,0.29793602,0.29793602,POSITIVE,3,Demand fourteen days ago (6.197385311126709) increased the forecast by 0.298 units relative to the model baseline.
73E1290B-F54B-5F37-9D96-94B8EE11FB92,2016-03-17,SAMPLE_ITEM_004,SAMPLE_TX_1,XGBoost,day_of_week,3,-0.18493056,0.18493056,NEGATIVE,4,The day of week (3) decreased the forecast by 0.185 units relative to the model baseline.
73E1290B-F54B-5F37-9D96-94B8EE11FB92,2016-03-17,SAMPLE_ITEM_004,SAMPLE_TX_1,XGBoost,price_change_percentage,0.0,0.15546723,0.15546723,POSITIVE,5,Price change percentage (0.0) increased the forecast by 0.155 units relative to the model baseline.
7DFECD8E-AF42-5254-B9DB-F02B8B9C3780,2016-03-18,SAMPLE_ITEM_004,SAMPLE_TX_1,XGBoost,days_of_supply,46.70528683701896,-0.91580588,0.91580588,NEGATIVE,1,Days of supply (46.70528683701896) decreased the forecast by 0.916 units relative to the model baseline.
7DFECD8E-AF42-5254-B9DB-F02B8B9C3780,2016-03-18,SAMPLE_ITEM_004,SAMPLE_TX_1,XGBoost,current_stock,271.0,0.42141542,0.42141542,POSITIVE,2,Current stock (271.0) increased the forecast by 0.421 units relative to the model baseline.
7DFECD8E-AF42-5254-B9DB-F02B8B9C3780,2016-03-18,SAMPLE_ITEM_004,SAMPLE_TX_1,XGBoost,lag_14,6.418900966644287,0.26938498,0.26938498,POSITIVE,3,Demand fourteen days ago (6.418900966644287) increased the forecast by 0.269 units relative to the model baseline.
7DFECD8E-AF42-5254-B9DB-F02B8B9C3780,2016-03-18,SAMPLE_ITEM_004,SAMPLE_TX_1,XGBoost,rolling_mean_7,5.802340984344482,0.26110893,0.26110893,POSITIVE,4,The recent seven-day demand average (5.802340984344482) increased the forecast by 0.261 units relative to the model baseline.
7DFECD8E-AF42-5254-B9DB-F02B8B9C3780,2016-03-18,SAMPLE_ITEM_004,SAMPLE_TX_1,XGBoost,price_change_percentage,0.0,0.15470015,0.15470015,POSITIVE,5,Price change percentage (0.0) increased the forecast by 0.155 units relative to the model baseline.
535DA420-51DA-5399-A796-79A1E7F240B2,2016-03-19,SAMPLE_ITEM_004,SAMPLE_TX_1,XGBoost,days_of_supply,47.76983930192756,-0.97138065,0.97138065,NEGATIVE,1,Days of supply (47.76983930192756) decreased the forecast by 0.971 units relative to the model baseline.
535DA420-51DA-5399-A796-79A1E7F240B2,2016-03-19,SAMPLE_ITEM_004,SAMPLE_TX_1,XGBoost,rolling_mean_14,5.848708016531808,0.47562391,0.47562391,POSITIVE,2,The recent fourteen-day demand average (5.848708016531808) increased the forecast by 0.476 units relative to the model baseline.
535DA420-51DA-5399-A796-79A1E7F240B2,2016-03-19,SAMPLE_ITEM_004,SAMPLE_TX_1,XGBoost,current_stock,271.0,0.41122276,0.41122276,POSITIVE,3,Current stock (271.0) increased the forecast by 0.411 units relative to the model baseline.
535DA420-51DA-5399-A796-79A1E7F240B2,2016-03-19,SAMPLE_ITEM_004,SAMPLE_TX_1,XGBoost,lag_14,6.485733509063721,0.28745246,0.28745246,POSITIVE,4,Demand fourteen days ago (6.485733509063721) increased the forecast by 0.287 units relative to the model baseline.
535DA420-51DA-5399-A796-79A1E7F240B2,2016-03-19,SAMPLE_ITEM_004,SAMPLE_TX_1,XGBoost,rolling_mean_7,5.673035621643066,0.26144770,0.26144770,POSITIVE,5,The recent seven-day demand average (5.673035621643066) increased the forecast by 0.261 units relative to the model baseline.
1BE9C794-B9B5-5953-9DD2-7283B765AE71,2016-03-20,SAMPLE_ITEM_004,SAMPLE_TX_1,XGBoost,days_of_supply,48.392767902009176,-0.72299755,0.72299755,NEGATIVE,1,Days of supply (48.392767902009176) decreased the forecast by 0.723 units relative to the model baseline.
1BE9C794-B9B5-5953-9DD2-7283B765AE71,2016-03-20,SAMPLE_ITEM_004,SAMPLE_TX_1,XGBoost,day_of_week,6,0.55585301,0.55585301,POSITIVE,2,The day of week (6) increased the forecast by 0.556 units relative to the model baseline.
1BE9C794-B9B5-5953-9DD2-7283B765AE71,2016-03-20,SAMPLE_ITEM_004,SAMPLE_TX_1,XGBoost,current_stock,271.0,0.49463812,0.49463812,POSITIVE,3,Current stock (271.0) increased the forecast by 0.495 units relative to the model baseline.
1BE9C794-B9B5-5953-9DD2-7283B765AE71,2016-03-20,SAMPLE_ITEM_004,SAMPLE_TX_1,XGBoost,rolling_mean_14,5.789429119655064,0.48954186,0.48954186,POSITIVE,4,The recent fourteen-day demand average (5.789429119655064) increased the forecast by 0.490 units relative to the model baseline.
1BE9C794-B9B5-5953-9DD2-7283B765AE71,2016-03-20,SAMPLE_ITEM_004,SAMPLE_TX_1,XGBoost,lag_14,6.723208427429199,0.28492612,0.28492612,POSITIVE,5,Demand fourteen days ago (6.723208427429199) increased the forecast by 0.285 units relative to the model baseline.
F740DD61-DE3B-50A5-BB8D-42BA148FFFA0,2016-03-21,SAMPLE_ITEM_004,SAMPLE_TX_1,XGBoost,days_of_supply,49.174501725119754,-0.91442609,0.91442609,NEGATIVE,1,Days of supply (49.174501725119754) decreased the forecast by 0.914 units relative to the model baseline.
F740DD61-DE3B-50A5-BB8D-42BA148FFFA0,2016-03-21,SAMPLE_ITEM_004,SAMPLE_TX_1,XGBoost,day_of_month,21,-0.44209591,0.44209591,NEGATIVE,2,Day of month (21) decreased the forecast by 0.442 units relative to the model baseline.
F740DD61-DE3B-50A5-BB8D-42BA148FFFA0,2016-03-21,SAMPLE_ITEM_004,SAMPLE_TX_1,XGBoost,current_stock,271.0,0.41279995,0.41279995,POSITIVE,3,Current stock (271.0) increased the forecast by 0.413 units relative to the model baseline.
F740DD61-DE3B-50A5-BB8D-42BA148FFFA0,2016-03-21,SAMPLE_ITEM_004,SAMPLE_TX_1,XGBoost,rolling_mean_14,5.766255583081927,0.30626598,0.30626598,POSITIVE,4,The recent fourteen-day demand average (5.766255583081927) increased the forecast by 0.306 units relative to the model baseline.
F740DD61-DE3B-50A5-BB8D-42BA148FFFA0,2016-03-21,SAMPLE_ITEM_004,SAMPLE_TX_1,XGBoost,lag_14,5.955224514007568,0.27241877,0.27241877,POSITIVE,5,Demand fourteen days ago (5.955224514007568) increased the forecast by 0.272 units relative to the model baseline.
876B104E-5A52-5EAF-876C-5A15467D8C79,2016-03-22,SAMPLE_ITEM_004,SAMPLE_TX_1,XGBoost,days_of_supply,50.09709135839015,-0.90287632,0.90287632,NEGATIVE,1,Days of supply (50.09709135839015) decreased the forecast by 0.903 units relative to the model baseline.
876B104E-5A52-5EAF-876C-5A15467D8C79,2016-03-22,SAMPLE_ITEM_004,SAMPLE_TX_1,XGBoost,day_of_month,22,-0.44547388,0.44547388,NEGATIVE,2,Day of month (22) decreased the forecast by 0.445 units relative to the model baseline.
876B104E-5A52-5EAF-876C-5A15467D8C79,2016-03-22,SAMPLE_ITEM_004,SAMPLE_TX_1,XGBoost,current_stock,271.0,0.42942715,0.42942715,POSITIVE,3,Current stock (271.0) increased the forecast by 0.429 units relative to the model baseline.
876B104E-5A52-5EAF-876C-5A15467D8C79,2016-03-22,SAMPLE_ITEM_004,SAMPLE_TX_1,XGBoost,lag_14,5.765451431274414,0.28229249,0.28229249,POSITIVE,4,Demand fourteen days ago (5.765451431274414) increased the forecast by 0.282 units relative to the model baseline.
876B104E-5A52-5EAF-876C-5A15467D8C79,2016-03-22,SAMPLE_ITEM_004,SAMPLE_TX_1,XGBoost,price_change_percentage,0.0,0.24000464,0.24000464,POSITIVE,5,Price change percentage (0.0) increased the forecast by 0.240 units relative to the model baseline.
F84BB871-CDDE-595A-80A6-3E19DE37565E,2016-03-23,SAMPLE_ITEM_004,SAMPLE_TX_1,XGBoost,days_of_supply,51.10151820537278,-0.91171521,0.91171521,NEGATIVE,1,Days of supply (51.10151820537278) decreased the forecast by 0.912 units relative to the model baseline.
F84BB871-CDDE-595A-80A6-3E19DE37565E,2016-03-23,SAMPLE_ITEM_004,SAMPLE_TX_1,XGBoost,day_of_month,23,-0.44980195,0.44980195,NEGATIVE,2,Day of month (23) decreased the forecast by 0.450 units relative to the model baseline.
F84BB871-CDDE-595A-80A6-3E19DE37565E,2016-03-23,SAMPLE_ITEM_004,SAMPLE_TX_1,XGBoost,current_stock,271.0,0.44206607,0.44206607,POSITIVE,3,Current stock (271.0) increased the forecast by 0.442 units relative to the model baseline.
F84BB871-CDDE-595A-80A6-3E19DE37565E,2016-03-23,SAMPLE_ITEM_004,SAMPLE_TX_1,XGBoost,lag_14,5.577559471130371,0.28038397,0.28038397,POSITIVE,4,Demand fourteen days ago (5.577559471130371) increased the forecast by 0.280 units relative to the model baseline.
F84BB871-CDDE-595A-80A6-3E19DE37565E,2016-03-23,SAMPLE_ITEM_004,SAMPLE_TX_1,XGBoost,price_change_percentage,0.0,0.24123736,0.24123736,POSITIVE,5,Price change percentage (0.0) increased the forecast by 0.241 units relative to the model baseline.
7D21D658-9F84-5B06-B629-CE2BE53280DE,2016-03-24,SAMPLE_ITEM_004,SAMPLE_TX_1,XGBoost,days_of_supply,51.50582418326355,-0.92716151,0.92716151,NEGATIVE,1,Days of supply (51.50582418326355) decreased the forecast by 0.927 units relative to the model baseline.
7D21D658-9F84-5B06-B629-CE2BE53280DE,2016-03-24,SAMPLE_ITEM_004,SAMPLE_TX_1,XGBoost,day_of_month,24,-0.45167372,0.45167372,NEGATIVE,2,Day of month (24) decreased the forecast by 0.452 units relative to the model baseline.
7D21D658-9F84-5B06-B629-CE2BE53280DE,2016-03-24,SAMPLE_ITEM_004,SAMPLE_TX_1,XGBoost,current_stock,271.0,0.44529939,0.44529939,POSITIVE,3,Current stock (271.0) increased the forecast by 0.445 units relative to the model baseline.
7D21D658-9F84-5B06-B629-CE2BE53280DE,2016-03-24,SAMPLE_ITEM_004,SAMPLE_TX_1,XGBoost,lag_14,5.521859169006348,0.27527776,0.27527776,POSITIVE,4,Demand fourteen days ago (5.521859169006348) increased the forecast by 0.275 units relative to the model baseline.
7D21D658-9F84-5B06-B629-CE2BE53280DE,2016-03-24,SAMPLE_ITEM_004,SAMPLE_TX_1,XGBoost,price_change_percentage,0.0,0.24980639,0.24980639,POSITIVE,5,Price change percentage (0.0) increased the forecast by 0.250 units relative to the model baseline.
1C41EF7C-445E-577E-A509-39FEA3EF1B39,2016-03-25,SAMPLE_ITEM_004,SAMPLE_TX_1,XGBoost,days_of_supply,51.88299743103155,-0.96046072,0.96046072,NEGATIVE,1,Days of supply (51.88299743103155) decreased the forecast by 0.960 units relative to the model baseline.
1C41EF7C-445E-577E-A509-39FEA3EF1B39,2016-03-25,SAMPLE_ITEM_004,SAMPLE_TX_1,XGBoost,day_of_month,25,-0.44744068,0.44744068,NEGATIVE,2,Day of month (25) decreased the forecast by 0.447 units relative to the model baseline.
1C41EF7C-445E-577E-A509-39FEA3EF1B39,2016-03-25,SAMPLE_ITEM_004,SAMPLE_TX_1,XGBoost,current_stock,271.0,0.43630952,0.43630952,POSITIVE,3,Current stock (271.0) increased the forecast by 0.436 units relative to the model baseline.
1C41EF7C-445E-577E-A509-39FEA3EF1B39,2016-03-25,SAMPLE_ITEM_004,SAMPLE_TX_1,XGBoost,lag_14,6.141626358032227,0.30246720,0.30246720,POSITIVE,4,Demand fourteen days ago (6.141626358032227) increased the forecast by 0.302 units relative to the model baseline.
1C41EF7C-445E-577E-A509-39FEA3EF1B39,2016-03-25,SAMPLE_ITEM_004,SAMPLE_TX_1,XGBoost,price_change_percentage,0.0,0.24657758,0.24657758,POSITIVE,5,Price change percentage (0.0) increased the forecast by 0.247 units relative to the model baseline.
5F6A0546-1080-5D60-B434-4D268C2C9186,2016-03-26,SAMPLE_ITEM_004,SAMPLE_TX_1,XGBoost,days_of_supply,52.26926302247586,-0.96806878,0.96806878,NEGATIVE,1,Days of supply (52.26926302247586) decreased the forecast by 0.968 units relative to the model baseline.
5F6A0546-1080-5D60-B434-4D268C2C9186,2016-03-26,SAMPLE_ITEM_004,SAMPLE_TX_1,XGBoost,day_of_month,26,-0.45107299,0.45107299,NEGATIVE,2,Day of month (26) decreased the forecast by 0.451 units relative to the model baseline.
5F6A0546-1080-5D60-B434-4D268C2C9186,2016-03-26,SAMPLE_ITEM_004,SAMPLE_TX_1,XGBoost,current_stock,271.0,0.42611685,0.42611685,POSITIVE,3,Current stock (271.0) increased the forecast by 0.426 units relative to the model baseline.
5F6A0546-1080-5D60-B434-4D268C2C9186,2016-03-26,SAMPLE_ITEM_004,SAMPLE_TX_1,XGBoost,lag_14,6.167006015777588,0.29665050,0.29665050,POSITIVE,4,Demand fourteen days ago (6.167006015777588) increased the forecast by 0.297 units relative to the model baseline.
5F6A0546-1080-5D60-B434-4D268C2C9186,2016-03-26,SAMPLE_ITEM_004,SAMPLE_TX_1,XGBoost,rolling_mean_7,5.184691429138184,0.25243649,0.25243649,POSITIVE,5,The recent seven-day demand average (5.184691429138184) increased the forecast by 0.252 units relative to the model baseline.
9C7C65A5-A913-5652-8B0A-324F22689B0C,2016-03-27,SAMPLE_ITEM_004,SAMPLE_TX_1,XGBoost,days_of_supply,53.2761156156359,-0.76063925,0.76063925,NEGATIVE,1,Days of supply (53.2761156156359) decreased the forecast by 0.761 units relative to the model baseline.
9C7C65A5-A913-5652-8B0A-324F22689B0C,2016-03-27,SAMPLE_ITEM_004,SAMPLE_TX_1,XGBoost,lag_14,7.021947860717773,0.53660858,0.53660858,POSITIVE,2,Demand fourteen days ago (7.021947860717773) increased the forecast by 0.537 units relative to the model baseline.
9C7C65A5-A913-5652-8B0A-324F22689B0C,2016-03-27,SAMPLE_ITEM_004,SAMPLE_TX_1,XGBoost,current_stock,271.0,0.50543463,0.50543463,POSITIVE,3,Current stock (271.0) increased the forecast by 0.505 units relative to the model baseline.
9C7C65A5-A913-5652-8B0A-324F22689B0C,2016-03-27,SAMPLE_ITEM_004,SAMPLE_TX_1,XGBoost,day_of_week,6,0.49606997,0.49606997,POSITIVE,4,The day of week (6) increased the forecast by 0.496 units relative to the model baseline.
9C7C65A5-A913-5652-8B0A-324F22689B0C,2016-03-27,SAMPLE_ITEM_004,SAMPLE_TX_1,XGBoost,day_of_month,27,-0.41541389,0.41541389,NEGATIVE,5,Day of month (27) decreased the forecast by 0.415 units relative to the model baseline.
215A561B-020C-5FC5-8B9F-FBE7A6A186BE,2016-03-28,SAMPLE_ITEM_004,SAMPLE_TX_1,XGBoost,days_of_supply,53.93606201841886,-0.88657838,0.88657838,NEGATIVE,1,Days of supply (53.93606201841886) decreased the forecast by 0.887 units relative to the model baseline.
215A561B-020C-5FC5-8B9F-FBE7A6A186BE,2016-03-28,SAMPLE_ITEM_004,SAMPLE_TX_1,XGBoost,day_of_month,28,-0.46858022,0.46858022,NEGATIVE,2,Day of month (28) decreased the forecast by 0.469 units relative to the model baseline.
215A561B-020C-5FC5-8B9F-FBE7A6A186BE,2016-03-28,SAMPLE_ITEM_004,SAMPLE_TX_1,XGBoost,current_stock,271.0,0.43654180,0.43654180,POSITIVE,3,Current stock (271.0) increased the forecast by 0.437 units relative to the model baseline.
215A561B-020C-5FC5-8B9F-FBE7A6A186BE,2016-03-28,SAMPLE_ITEM_004,SAMPLE_TX_1,XGBoost,lag_14,5.498115539550781,0.28737211,0.28737211,POSITIVE,4,Demand fourteen days ago (5.498115539550781) increased the forecast by 0.287 units relative to the model baseline.
215A561B-020C-5FC5-8B9F-FBE7A6A186BE,2016-03-28,SAMPLE_ITEM_004,SAMPLE_TX_1,XGBoost,price_change_percentage,0.0,0.24275462,0.24275462,POSITIVE,5,Price change percentage (0.0) increased the forecast by 0.243 units relative to the model baseline.
CD037DB6-5DFD-56B9-9D23-199B10325FB1,2016-03-29,SAMPLE_ITEM_004,SAMPLE_TX_1,XGBoost,days_of_supply,53.647237789763615,-0.90772474,0.90772474,NEGATIVE,1,Days of supply (53.647237789763615) decreased the forecast by 0.908 units relative to the model baseline.
CD037DB6-5DFD-56B9-9D23-199B10325FB1,2016-03-29,SAMPLE_ITEM_004,SAMPLE_TX_1,XGBoost,day_of_month,29,-0.46455902,0.46455902,NEGATIVE,2,Day of month (29) decreased the forecast by 0.465 units relative to the model baseline.
CD037DB6-5DFD-56B9-9D23-199B10325FB1,2016-03-29,SAMPLE_ITEM_004,SAMPLE_TX_1,XGBoost,current_stock,271.0,0.43654180,0.43654180,POSITIVE,3,Current stock (271.0) increased the forecast by 0.437 units relative to the model baseline.
CD037DB6-5DFD-56B9-9D23-199B10325FB1,2016-03-29,SAMPLE_ITEM_004,SAMPLE_TX_1,XGBoost,lag_14,5.587767124176025,0.28379065,0.28379065,POSITIVE,4,Demand fourteen days ago (5.587767124176025) increased the forecast by 0.284 units relative to the model baseline.
CD037DB6-5DFD-56B9-9D23-199B10325FB1,2016-03-29,SAMPLE_ITEM_004,SAMPLE_TX_1,XGBoost,price_change_percentage,0.0,0.24322554,0.24322554,POSITIVE,5,Price change percentage (0.0) increased the forecast by 0.243 units relative to the model baseline.
1AE6933A-9767-58C2-81C5-E174821092DB,2016-03-30,SAMPLE_ITEM_004,SAMPLE_TX_1,XGBoost,days_of_supply,53.436196241838395,-0.91656363,0.91656363,NEGATIVE,1,Days of supply (53.436196241838395) decreased the forecast by 0.917 units relative to the model baseline.
1AE6933A-9767-58C2-81C5-E174821092DB,2016-03-30,SAMPLE_ITEM_004,SAMPLE_TX_1,XGBoost,day_of_month,30,-0.46888709,0.46888709,NEGATIVE,2,Day of month (30) decreased the forecast by 0.469 units relative to the model baseline.
1AE6933A-9767-58C2-81C5-E174821092DB,2016-03-30,SAMPLE_ITEM_004,SAMPLE_TX_1,XGBoost,current_stock,271.0,0.44206607,0.44206607,POSITIVE,3,Current stock (271.0) increased the forecast by 0.442 units relative to the model baseline.
1AE6933A-9767-58C2-81C5-E174821092DB,2016-03-30,SAMPLE_ITEM_004,SAMPLE_TX_1,XGBoost,lag_14,5.128777980804443,0.28188214,0.28188214,POSITIVE,4,Demand fourteen days ago (5.128777980804443) increased the forecast by 0.282 units relative to the model baseline.
1AE6933A-9767-58C2-81C5-E174821092DB,2016-03-30,SAMPLE_ITEM_004,SAMPLE_TX_1,XGBoost,price_change_percentage,0.0,0.24445826,0.24445826,POSITIVE,5,Price change percentage (0.0) increased the forecast by 0.244 units relative to the model baseline.
7CA7B097-9BB1-5758-BD98-F6F47E66A015,2016-03-31,SAMPLE_ITEM_004,SAMPLE_TX_1,XGBoost,days_of_supply,53.22680860991265,-0.92184705,0.92184705,NEGATIVE,1,Days of supply (53.22680860991265) decreased the forecast by 0.922 units relative to the model baseline.
7CA7B097-9BB1-5758-BD98-F6F47E66A015,2016-03-31,SAMPLE_ITEM_004,SAMPLE_TX_1,XGBoost,day_of_month,31,-0.47173464,0.47173464,NEGATIVE,2,Day of month (31) decreased the forecast by 0.472 units relative to the model baseline.
7CA7B097-9BB1-5758-BD98-F6F47E66A015,2016-03-31,SAMPLE_ITEM_004,SAMPLE_TX_1,XGBoost,current_stock,271.0,0.44529939,0.44529939,POSITIVE,3,Current stock (271.0) increased the forecast by 0.445 units relative to the model baseline.
7CA7B097-9BB1-5758-BD98-F6F47E66A015,2016-03-31,SAMPLE_ITEM_004,SAMPLE_TX_1,XGBoost,lag_14,5.071146011352539,0.27800101,0.27800101,POSITIVE,4,Demand fourteen days ago (5.071146011352539) increased the forecast by 0.278 units relative to the model baseline.
7CA7B097-9BB1-5758-BD98-F6F47E66A015,2016-03-31,SAMPLE_ITEM_004,SAMPLE_TX_1,XGBoost,price_change_percentage,0.0,0.25265229,0.25265229,POSITIVE,5,Price change percentage (0.0) increased the forecast by 0.253 units relative to the model baseline.
9B397C63-EA2B-5B78-B525-F3E51126D3C1,2016-04-01,SAMPLE_ITEM_004,SAMPLE_TX_1,XGBoost,days_of_supply,53.01905552745912,-0.95783979,0.95783979,NEGATIVE,1,Days of supply (53.01905552745912) decreased the forecast by 0.958 units relative to the model baseline.
9B397C63-EA2B-5B78-B525-F3E51126D3C1,2016-04-01,SAMPLE_ITEM_004,SAMPLE_TX_1,XGBoost,day_of_month,1,0.77712315,0.77712315,POSITIVE,2,Day of month (1) increased the forecast by 0.777 units relative to the model baseline.
9B397C63-EA2B-5B78-B525-F3E51126D3C1,2016-04-01,SAMPLE_ITEM_004,SAMPLE_TX_1,XGBoost,current_stock,271.0,0.40829584,0.40829584,POSITIVE,3,Current stock (271.0) increased the forecast by 0.408 units relative to the model baseline.
9B397C63-EA2B-5B78-B525-F3E51126D3C1,2016-04-01,SAMPLE_ITEM_004,SAMPLE_TX_1,XGBoost,rolling_mean_7,5.111369814191546,0.25152540,0.25152540,POSITIVE,4,The recent seven-day demand average (5.111369814191546) increased the forecast by 0.252 units relative to the model baseline.
9B397C63-EA2B-5B78-B525-F3E51126D3C1,2016-04-01,SAMPLE_ITEM_004,SAMPLE_TX_1,XGBoost,lag_14,5.2364888191223145,0.23681495,0.23681495,POSITIVE,5,Demand fourteen days ago (5.2364888191223145) increased the forecast by 0.237 units relative to the model baseline.
2CF33556-89ED-572C-ACC0-1E15FD1A6513,2016-04-02,SAMPLE_ITEM_004,SAMPLE_TX_1,XGBoost,days_of_supply,50.87843914876169,-0.97817707,0.97817707,NEGATIVE,1,Days of supply (50.87843914876169) decreased the forecast by 0.978 units relative to the model baseline.
2CF33556-89ED-572C-ACC0-1E15FD1A6513,2016-04-02,SAMPLE_ITEM_004,SAMPLE_TX_1,XGBoost,day_of_month,2,0.76849717,0.76849717,POSITIVE,2,Day of month (2) increased the forecast by 0.768 units relative to the model baseline.
2CF33556-89ED-572C-ACC0-1E15FD1A6513,2016-04-02,SAMPLE_ITEM_004,SAMPLE_TX_1,XGBoost,current_stock,271.0,0.38147593,0.38147593,POSITIVE,3,Current stock (271.0) increased the forecast by 0.381 units relative to the model baseline.
2CF33556-89ED-572C-ACC0-1E15FD1A6513,2016-04-02,SAMPLE_ITEM_004,SAMPLE_TX_1,XGBoost,rolling_mean_7,5.32642126083374,0.29046404,0.29046404,POSITIVE,4,The recent seven-day demand average (5.32642126083374) increased the forecast by 0.290 units relative to the model baseline.
2CF33556-89ED-572C-ACC0-1E15FD1A6513,2016-04-02,SAMPLE_ITEM_004,SAMPLE_TX_1,XGBoost,lag_14,5.655828952789307,0.23590678,0.23590678,POSITIVE,5,Demand fourteen days ago (5.655828952789307) increased the forecast by 0.236 units relative to the model baseline.
AE9B10E0-8CCB-5EFF-943A-DBF4720F60FA,2016-04-03,SAMPLE_ITEM_004,SAMPLE_TX_1,XGBoost,days_of_supply,48.92389367554183,-0.79938000,0.79938000,NEGATIVE,1,Days of supply (48.92389367554183) decreased the forecast by 0.799 units relative to the model baseline.
AE9B10E0-8CCB-5EFF-943A-DBF4720F60FA,2016-04-03,SAMPLE_ITEM_004,SAMPLE_TX_1,XGBoost,day_of_month,3,0.67293209,0.67293209,POSITIVE,2,Day of month (3) increased the forecast by 0.673 units relative to the model baseline.
AE9B10E0-8CCB-5EFF-943A-DBF4720F60FA,2016-04-03,SAMPLE_ITEM_004,SAMPLE_TX_1,XGBoost,day_of_week,6,0.44948950,0.44948950,POSITIVE,3,The day of week (6) increased the forecast by 0.449 units relative to the model baseline.
AE9B10E0-8CCB-5EFF-943A-DBF4720F60FA,2016-04-03,SAMPLE_ITEM_004,SAMPLE_TX_1,XGBoost,current_stock,271.0,0.44833487,0.44833487,POSITIVE,4,Current stock (271.0) increased the forecast by 0.448 units relative to the model baseline.
AE9B10E0-8CCB-5EFF-943A-DBF4720F60FA,2016-04-03,SAMPLE_ITEM_004,SAMPLE_TX_1,XGBoost,lag_14,6.398778915405273,0.24446034,0.24446034,POSITIVE,5,Demand fourteen days ago (6.398778915405273) increased the forecast by 0.244 units relative to the model baseline.
DA44EF23-8EE6-529E-B85B-64CDB3AB24B7,2016-04-04,SAMPLE_ITEM_004,SAMPLE_TX_1,XGBoost,days_of_supply,47.99503533415608,-0.85617244,0.85617244,NEGATIVE,1,Days of supply (47.99503533415608) decreased the forecast by 0.856 units relative to the model baseline.
DA44EF23-8EE6-529E-B85B-64CDB3AB24B7,2016-04-04,SAMPLE_ITEM_004,SAMPLE_TX_1,XGBoost,day_of_month,4,0.79456806,0.79456806,POSITIVE,2,Day of month (4) increased the forecast by 0.795 units relative to the model baseline.
DA44EF23-8EE6-529E-B85B-64CDB3AB24B7,2016-04-04,SAMPLE_ITEM_004,SAMPLE_TX_1,XGBoost,current_stock,271.0,0.40780237,0.40780237,POSITIVE,3,Current stock (271.0) increased the forecast by 0.408 units relative to the model baseline.
DA44EF23-8EE6-529E-B85B-64CDB3AB24B7,2016-04-04,SAMPLE_ITEM_004,SAMPLE_TX_1,XGBoost,rolling_mean_7,5.646417345319476,0.23622584,0.23622584,POSITIVE,4,The recent seven-day demand average (5.646417345319476) increased the forecast by 0.236 units relative to the model baseline.
DA44EF23-8EE6-529E-B85B-64CDB3AB24B7,2016-04-04,SAMPLE_ITEM_004,SAMPLE_TX_1,XGBoost,lag_1,6.7135138511657715,-0.18219236,0.18219236,NEGATIVE,5,Yesterday's demand (6.7135138511657715) decreased the forecast by 0.182 units relative to the model baseline.
2880FDD1-B95D-52EB-960B-FD0FC40986EE,2016-04-05,SAMPLE_ITEM_004,SAMPLE_TX_1,XGBoost,days_of_supply,46.72726291013425,-0.87017560,0.87017560,NEGATIVE,1,Days of supply (46.72726291013425) decreased the forecast by 0.870 units relative to the model baseline.
2880FDD1-B95D-52EB-960B-FD0FC40986EE,2016-04-05,SAMPLE_ITEM_004,SAMPLE_TX_1,XGBoost,day_of_month,5,0.80609089,0.80609089,POSITIVE,2,Day of month (5) increased the forecast by 0.806 units relative to the model baseline.
2880FDD1-B95D-52EB-960B-FD0FC40986EE,2016-04-05,SAMPLE_ITEM_004,SAMPLE_TX_1,XGBoost,current_stock,271.0,0.40780237,0.40780237,POSITIVE,3,Current stock (271.0) increased the forecast by 0.408 units relative to the model baseline.
2880FDD1-B95D-52EB-960B-FD0FC40986EE,2016-04-05,SAMPLE_ITEM_004,SAMPLE_TX_1,XGBoost,rolling_mean_7,5.79961211340768,0.33241650,0.33241650,POSITIVE,4,The recent seven-day demand average (5.79961211340768) increased the forecast by 0.332 units relative to the model baseline.
2880FDD1-B95D-52EB-960B-FD0FC40986EE,2016-04-05,SAMPLE_ITEM_004,SAMPLE_TX_1,XGBoost,lag_1,6.049399375915527,-0.18318710,0.18318710,NEGATIVE,5,Yesterday's demand (6.049399375915527) decreased the forecast by 0.183 units relative to the model baseline.
DA391225-8142-5B62-8844-BF43895469E6,2016-04-06,SAMPLE_ITEM_004,SAMPLE_TX_1,XGBoost,days_of_supply,45.429126005518185,-0.86506206,0.86506206,NEGATIVE,1,Days of supply (45.429126005518185) decreased the forecast by 0.865 units relative to the model baseline.
DA391225-8142-5B62-8844-BF43895469E6,2016-04-06,SAMPLE_ITEM_004,SAMPLE_TX_1,XGBoost,day_of_month,6,0.83479625,0.83479625,POSITIVE,2,Day of month (6) increased the forecast by 0.835 units relative to the model baseline.
DA391225-8142-5B62-8844-BF43895469E6,2016-04-06,SAMPLE_ITEM_004,SAMPLE_TX_1,XGBoost,current_stock,271.0,0.41135728,0.41135728,POSITIVE,3,Current stock (271.0) increased the forecast by 0.411 units relative to the model baseline.
DA391225-8142-5B62-8844-BF43895469E6,2016-04-06,SAMPLE_ITEM_004,SAMPLE_TX_1,XGBoost,price_change_percentage,0.0,0.18289062,0.18289062,POSITIVE,4,Price change percentage (0.0) increased the forecast by 0.183 units relative to the model baseline.
DA391225-8142-5B62-8844-BF43895469E6,2016-04-06,SAMPLE_ITEM_004,SAMPLE_TX_1,XGBoost,lag_1,6.143202781677246,-0.16277029,0.16277029,NEGATIVE,5,Yesterday's demand (6.143202781677246) decreased the forecast by 0.163 units relative to the model baseline.
9EC224A7-551C-5948-8B54-0B159108FA93,2016-04-07,SAMPLE_ITEM_004,SAMPLE_TX_1,XGBoost,days_of_supply,44.363932311944076,-0.86549205,0.86549205,NEGATIVE,1,Days of supply (44.363932311944076) decreased the forecast by 0.865 units relative to the model baseline.
9EC224A7-551C-5948-8B54-0B159108FA93,2016-04-07,SAMPLE_ITEM_004,SAMPLE_TX_1,XGBoost,day_of_month,7,0.85360330,0.85360330,POSITIVE,2,Day of month (7) increased the forecast by 0.854 units relative to the model baseline.
9EC224A7-551C-5948-8B54-0B159108FA93,2016-04-07,SAMPLE_ITEM_004,SAMPLE_TX_1,XGBoost,current_stock,271.0,0.43121785,0.43121785,POSITIVE,3,Current stock (271.0) increased the forecast by 0.431 units relative to the model baseline.
9EC224A7-551C-5948-8B54-0B159108FA93,2016-04-07,SAMPLE_ITEM_004,SAMPLE_TX_1,XGBoost,day_of_week,3,-0.19683236,0.19683236,NEGATIVE,4,The day of week (3) decreased the forecast by 0.197 units relative to the model baseline.
9EC224A7-551C-5948-8B54-0B159108FA93,2016-04-07,SAMPLE_ITEM_004,SAMPLE_TX_1,XGBoost,price_change_percentage,0.0,0.16989422,0.16989422,POSITIVE,5,Price change percentage (0.0) increased the forecast by 0.170 units relative to the model baseline.
F30BACD2-601A-517A-B186-76F13BA9BACB,2016-04-08,SAMPLE_ITEM_004,SAMPLE_TX_1,XGBoost,days_of_supply,43.2603907323987,-0.86035299,0.86035299,NEGATIVE,1,Days of supply (43.2603907323987) decreased the forecast by 0.860 units relative to the model baseline.
F30BACD2-601A-517A-B186-76F13BA9BACB,2016-04-08,SAMPLE_ITEM_004,SAMPLE_TX_1,XGBoost,day_of_month,8,0.71401286,0.71401286,POSITIVE,2,Day of month (8) increased the forecast by 0.714 units relative to the model baseline.
F30BACD2-601A-517A-B186-76F13BA9BACB,2016-04-08,SAMPLE_ITEM_004,SAMPLE_TX_1,XGBoost,current_stock,271.0,0.41459060,0.41459060,POSITIVE,3,Current stock (271.0) increased the forecast by 0.415 units relative to the model baseline.
F30BACD2-601A-517A-B186-76F13BA9BACB,2016-04-08,SAMPLE_ITEM_004,SAMPLE_TX_1,XGBoost,lag_7,6.471651077270508,-0.21377169,0.21377169,NEGATIVE,4,Demand seven days ago (6.471651077270508) decreased the forecast by 0.214 units relative to the model baseline.
F30BACD2-601A-517A-B186-76F13BA9BACB,2016-04-08,SAMPLE_ITEM_004,SAMPLE_TX_1,XGBoost,price_change_percentage,0.0,0.19164094,0.19164094,POSITIVE,5,Price change percentage (0.0) increased the forecast by 0.192 units relative to the model baseline.
5259580B-45F7-5E5F-9271-8537168CF322,2016-04-09,SAMPLE_ITEM_004,SAMPLE_TX_1,XGBoost,days_of_supply,44.154371947230295,-0.87735111,0.87735111,NEGATIVE,1,Days of supply (44.154371947230295) decreased the forecast by 0.877 units relative to the model baseline.
5259580B-45F7-5E5F-9271-8537168CF322,2016-04-09,SAMPLE_ITEM_004,SAMPLE_TX_1,XGBoost,day_of_month,9,0.71173120,0.71173120,POSITIVE,2,Day of month (9) increased the forecast by 0.712 units relative to the model baseline.
5259580B-45F7-5E5F-9271-8537168CF322,2016-04-09,SAMPLE_ITEM_004,SAMPLE_TX_1,XGBoost,rolling_mean_14,5.7319894177573065,0.45359457,0.45359457,POSITIVE,3,The recent fourteen-day demand average (5.7319894177573065) increased the forecast by 0.454 units relative to the model baseline.
5259580B-45F7-5E5F-9271-8537168CF322,2016-04-09,SAMPLE_ITEM_004,SAMPLE_TX_1,XGBoost,current_stock,271.0,0.42437091,0.42437091,POSITIVE,4,Current stock (271.0) increased the forecast by 0.424 units relative to the model baseline.
5259580B-45F7-5E5F-9271-8537168CF322,2016-04-09,SAMPLE_ITEM_004,SAMPLE_TX_1,XGBoost,lag_7,6.459500312805176,-0.20911624,0.20911624,NEGATIVE,5,Demand seven days ago (6.459500312805176) decreased the forecast by 0.209 units relative to the model baseline.
88068776-8584-56A2-93DA-A65C2668D91E,2016-04-10,SAMPLE_ITEM_004,SAMPLE_TX_1,XGBoost,days_of_supply,44.43649916375039,-0.74831343,0.74831343,NEGATIVE,1,Days of supply (44.43649916375039) decreased the forecast by 0.748 units relative to the model baseline.
88068776-8584-56A2-93DA-A65C2668D91E,2016-04-10,SAMPLE_ITEM_004,SAMPLE_TX_1,XGBoost,day_of_month,10,0.63639736,0.63639736,POSITIVE,2,Day of month (10) increased the forecast by 0.636 units relative to the model baseline.
88068776-8584-56A2-93DA-A65C2668D91E,2016-04-10,SAMPLE_ITEM_004,SAMPLE_TX_1,XGBoost,day_of_week,6,0.52294379,0.52294379,POSITIVE,3,The day of week (6) increased the forecast by 0.523 units relative to the model baseline.
88068776-8584-56A2-93DA-A65C2668D91E,2016-04-10,SAMPLE_ITEM_004,SAMPLE_TX_1,XGBoost,rolling_mean_14,5.818902969360352,0.51681024,0.51681024,POSITIVE,4,The recent fourteen-day demand average (5.818902969360352) increased the forecast by 0.517 units relative to the model baseline.
88068776-8584-56A2-93DA-A65C2668D91E,2016-04-10,SAMPLE_ITEM_004,SAMPLE_TX_1,XGBoost,current_stock,271.0,0.45870116,0.45870116,POSITIVE,5,Current stock (271.0) increased the forecast by 0.459 units relative to the model baseline.
8D9DFAE2-BBE9-5908-B4AD-B6EF2389D4EB,2016-04-11,SAMPLE_ITEM_004,SAMPLE_TX_1,XGBoost,days_of_supply,44.107185932717485,-0.82163560,0.82163560,NEGATIVE,1,Days of supply (44.107185932717485) decreased the forecast by 0.822 units relative to the model baseline.
8D9DFAE2-BBE9-5908-B4AD-B6EF2389D4EB,2016-04-11,SAMPLE_ITEM_004,SAMPLE_TX_1,XGBoost,day_of_month,11,0.68873584,0.68873584,POSITIVE,2,Day of month (11) increased the forecast by 0.689 units relative to the model baseline.
8D9DFAE2-BBE9-5908-B4AD-B6EF2389D4EB,2016-04-11,SAMPLE_ITEM_004,SAMPLE_TX_1,XGBoost,current_stock,271.0,0.40583301,0.40583301,POSITIVE,3,Current stock (271.0) increased the forecast by 0.406 units relative to the model baseline.
8D9DFAE2-BBE9-5908-B4AD-B6EF2389D4EB,2016-04-11,SAMPLE_ITEM_004,SAMPLE_TX_1,XGBoost,rolling_mean_14,5.895270449774606,0.26264119,0.26264119,POSITIVE,4,The recent fourteen-day demand average (5.895270449774606) increased the forecast by 0.263 units relative to the model baseline.
8D9DFAE2-BBE9-5908-B4AD-B6EF2389D4EB,2016-04-11,SAMPLE_ITEM_004,SAMPLE_TX_1,XGBoost,day_of_week,0,-0.26203007,0.26203007,NEGATIVE,5,The day of week (0) decreased the forecast by 0.262 units relative to the model baseline.
3C065AF0-3988-5AA3-AE1E-F91BA92DEE56,2016-04-12,SAMPLE_ITEM_004,SAMPLE_TX_1,XGBoost,days_of_supply,44.66272646171817,-0.82439405,0.82439405,NEGATIVE,1,Days of supply (44.66272646171817) decreased the forecast by 0.824 units relative to the model baseline.
3C065AF0-3988-5AA3-AE1E-F91BA92DEE56,2016-04-12,SAMPLE_ITEM_004,SAMPLE_TX_1,XGBoost,day_of_month,12,0.70305544,0.70305544,POSITIVE,2,Day of month (12) increased the forecast by 0.703 units relative to the model baseline.
3C065AF0-3988-5AA3-AE1E-F91BA92DEE56,2016-04-12,SAMPLE_ITEM_004,SAMPLE_TX_1,XGBoost,current_stock,271.0,0.42246026,0.42246026,POSITIVE,3,Current stock (271.0) increased the forecast by 0.422 units relative to the model baseline.
3C065AF0-3988-5AA3-AE1E-F91BA92DEE56,2016-04-12,SAMPLE_ITEM_004,SAMPLE_TX_1,XGBoost,lag_7,6.143202781677246,-0.17930573,0.17930573,NEGATIVE,4,Demand seven days ago (6.143202781677246) decreased the forecast by 0.179 units relative to the model baseline.
3C065AF0-3988-5AA3-AE1E-F91BA92DEE56,2016-04-12,SAMPLE_ITEM_004,SAMPLE_TX_1,XGBoost,day_of_week,1,-0.13624111,0.13624111,NEGATIVE,5,The day of week (1) decreased the forecast by 0.136 units relative to the model baseline.
8B7FE495-5C73-5DD1-B390-16DE33BEA493,2016-04-13,SAMPLE_ITEM_004,SAMPLE_TX_1,XGBoost,days_of_supply,45.44625277614954,-0.86279780,0.86279780,NEGATIVE,1,Days of supply (45.44625277614954) decreased the forecast by 0.863 units relative to the model baseline.
8B7FE495-5C73-5DD1-B390-16DE33BEA493,2016-04-13,SAMPLE_ITEM_004,SAMPLE_TX_1,XGBoost,day_of_month,13,0.74959642,0.74959642,POSITIVE,2,Day of month (13) increased the forecast by 0.750 units relative to the model baseline.
8B7FE495-5C73-5DD1-B390-16DE33BEA493,2016-04-13,SAMPLE_ITEM_004,SAMPLE_TX_1,XGBoost,current_stock,271.0,0.42995390,0.42995390,POSITIVE,3,Current stock (271.0) increased the forecast by 0.430 units relative to the model baseline.
8B7FE495-5C73-5DD1-B390-16DE33BEA493,2016-04-13,SAMPLE_ITEM_004,SAMPLE_TX_1,XGBoost,day_of_week,2,-0.15198608,0.15198608,NEGATIVE,4,The day of week (2) decreased the forecast by 0.152 units relative to the model baseline.
8B7FE495-5C73-5DD1-B390-16DE33BEA493,2016-04-13,SAMPLE_ITEM_004,SAMPLE_TX_1,XGBoost,rolling_mean_7,5.963087899344308,0.13640475,0.13640475,POSITIVE,5,The recent seven-day demand average (5.963087899344308) increased the forecast by 0.136 units relative to the model baseline.
9C6AFDB0-8CD9-55B1-B21C-90CF236082E7,2016-04-14,SAMPLE_ITEM_004,SAMPLE_TX_1,XGBoost,days_of_supply,45.90960149589952,-0.83974183,0.83974183,NEGATIVE,1,Days of supply (45.90960149589952) decreased the forecast by 0.840 units relative to the model baseline.
9C6AFDB0-8CD9-55B1-B21C-90CF236082E7,2016-04-14,SAMPLE_ITEM_004,SAMPLE_TX_1,XGBoost,day_of_month,14,0.68826443,0.68826443,POSITIVE,2,Day of month (14) increased the forecast by 0.688 units relative to the model baseline.
9C6AFDB0-8CD9-55B1-B21C-90CF236082E7,2016-04-14,SAMPLE_ITEM_004,SAMPLE_TX_1,XGBoost,current_stock,271.0,0.43318722,0.43318722,POSITIVE,3,Current stock (271.0) increased the forecast by 0.433 units relative to the model baseline.
9C6AFDB0-8CD9-55B1-B21C-90CF236082E7,2016-04-14,SAMPLE_ITEM_004,SAMPLE_TX_1,XGBoost,lag_7,6.033827304840088,-0.18727469,0.18727469,NEGATIVE,4,Demand seven days ago (6.033827304840088) decreased the forecast by 0.187 units relative to the model baseline.
9C6AFDB0-8CD9-55B1-B21C-90CF236082E7,2016-04-14,SAMPLE_ITEM_004,SAMPLE_TX_1,XGBoost,day_of_week,3,-0.18667534,0.18667534,NEGATIVE,5,The day of week (3) decreased the forecast by 0.187 units relative to the model baseline.
CCD3CE81-A81A-5B56-80FC-13E4C27CDB27,2016-04-15,SAMPLE_ITEM_004,SAMPLE_TX_1,XGBoost,days_of_supply,46.687726335079105,-0.99781471,0.99781471,NEGATIVE,1,Days of supply (46.687726335079105) decreased the forecast by 0.998 units relative to the model baseline.
CCD3CE81-A81A-5B56-80FC-13E4C27CDB27,2016-04-15,SAMPLE_ITEM_004,SAMPLE_TX_1,XGBoost,day_of_month,15,0.70611590,0.70611590,POSITIVE,2,Day of month (15) increased the forecast by 0.706 units relative to the model baseline.
CCD3CE81-A81A-5B56-80FC-13E4C27CDB27,2016-04-15,SAMPLE_ITEM_004,SAMPLE_TX_1,XGBoost,current_stock,271.0,0.39219132,0.39219132,POSITIVE,3,Current stock (271.0) increased the forecast by 0.392 units relative to the model baseline.
CCD3CE81-A81A-5B56-80FC-13E4C27CDB27,2016-04-15,SAMPLE_ITEM_004,SAMPLE_TX_1,XGBoost,rolling_mean_7,5.804523399897984,0.30335549,0.30335549,POSITIVE,4,The recent seven-day demand average (5.804523399897984) increased the forecast by 0.303 units relative to the model baseline.
CCD3CE81-A81A-5B56-80FC-13E4C27CDB27,2016-04-15,SAMPLE_ITEM_004,SAMPLE_TX_1,XGBoost,lag_14,6.471651077270508,0.22721556,0.22721556,POSITIVE,5,Demand fourteen days ago (6.471651077270508) increased the forecast by 0.227 units relative to the model baseline.
1A23A389-635B-5B02-84B4-B59081368EF7,2016-04-16,SAMPLE_ITEM_004,SAMPLE_TX_1,XGBoost,days_of_supply,46.3327713798636,-1.00239873,1.00239873,NEGATIVE,1,Days of supply (46.3327713798636) decreased the forecast by 1.002 units relative to the model baseline.
1A23A389-635B-5B02-84B4-B59081368EF7,2016-04-16,SAMPLE_ITEM_004,SAMPLE_TX_1,XGBoost,current_stock,271.0,0.38337168,0.38337168,POSITIVE,2,Current stock (271.0) increased the forecast by 0.383 units relative to the model baseline.
1A23A389-635B-5B02-84B4-B59081368EF7,2016-04-16,SAMPLE_ITEM_004,SAMPLE_TX_1,XGBoost,rolling_mean_7,5.8489918027605325,0.34662718,0.34662718,POSITIVE,3,The recent seven-day demand average (5.8489918027605325) increased the forecast by 0.347 units relative to the model baseline.
1A23A389-635B-5B02-84B4-B59081368EF7,2016-04-16,SAMPLE_ITEM_004,SAMPLE_TX_1,XGBoost,lag_14,6.459500312805176,0.24718799,0.24718799,POSITIVE,4,Demand fourteen days ago (6.459500312805176) increased the forecast by 0.247 units relative to the model baseline.
1A23A389-635B-5B02-84B4-B59081368EF7,2016-04-16,SAMPLE_ITEM_004,SAMPLE_TX_1,XGBoost,lag_7,6.1867289543151855,-0.19431598,0.19431598,NEGATIVE,5,Demand seven days ago (6.1867289543151855) decreased the forecast by 0.194 units relative to the model baseline.
76957B09-E15A-5AA8-943F-E79104DE6F02,2016-04-17,SAMPLE_ITEM_004,SAMPLE_TX_1,XGBoost,days_of_supply,47.36044530062534,-0.68948805,0.68948805,NEGATIVE,1,Days of supply (47.36044530062534) decreased the forecast by 0.689 units relative to the model baseline.
76957B09-E15A-5AA8-943F-E79104DE6F02,2016-04-17,SAMPLE_ITEM_004,SAMPLE_TX_1,XGBoost,day_of_week,6,0.56571007,0.56571007,POSITIVE,2,The day of week (6) increased the forecast by 0.566 units relative to the model baseline.
76957B09-E15A-5AA8-943F-E79104DE6F02,2016-04-17,SAMPLE_ITEM_004,SAMPLE_TX_1,XGBoost,rolling_mean_14,5.910332407270159,0.49556506,0.49556506,POSITIVE,3,The recent fourteen-day demand average (5.910332407270159) increased the forecast by 0.496 units relative to the model baseline.
76957B09-E15A-5AA8-943F-E79104DE6F02,2016-04-17,SAMPLE_ITEM_004,SAMPLE_TX_1,XGBoost,current_stock,271.0,0.49418613,0.49418613,POSITIVE,4,Current stock (271.0) increased the forecast by 0.494 units relative to the model baseline.
76957B09-E15A-5AA8-943F-E79104DE6F02,2016-04-17,SAMPLE_ITEM_004,SAMPLE_TX_1,XGBoost,lag_14,6.7135138511657715,0.28753883,0.28753883,POSITIVE,5,Demand fourteen days ago (6.7135138511657715) increased the forecast by 0.288 units relative to the model baseline.
1CA38E9B-D271-5100-A6FD-26079BBAEFD2,2016-04-18,SAMPLE_ITEM_004,SAMPLE_TX_1,XGBoost,days_of_supply,47.67685399425596,-0.89915788,0.89915788,NEGATIVE,1,Days of supply (47.67685399425596) decreased the forecast by 0.899 units relative to the model baseline.
1CA38E9B-D271-5100-A6FD-26079BBAEFD2,2016-04-18,SAMPLE_ITEM_004,SAMPLE_TX_1,XGBoost,current_stock,271.0,0.39603058,0.39603058,POSITIVE,2,Current stock (271.0) increased the forecast by 0.396 units relative to the model baseline.
1CA38E9B-D271-5100-A6FD-26079BBAEFD2,2016-04-18,SAMPLE_ITEM_004,SAMPLE_TX_1,XGBoost,lag_14,6.049399375915527,0.30045033,0.30045033,POSITIVE,3,Demand fourteen days ago (6.049399375915527) increased the forecast by 0.300 units relative to the model baseline.
1CA38E9B-D271-5100-A6FD-26079BBAEFD2,2016-04-18,SAMPLE_ITEM_004,SAMPLE_TX_1,XGBoost,rolling_mean_14,5.914111716406686,0.29804468,0.29804468,POSITIVE,4,The recent fourteen-day demand average (5.914111716406686) increased the forecast by 0.298 units relative to the model baseline.
1CA38E9B-D271-5100-A6FD-26079BBAEFD2,2016-04-18,SAMPLE_ITEM_004,SAMPLE_TX_1,XGBoost,day_of_week,0,-0.25198558,0.25198558,NEGATIVE,5,The day of week (0) decreased the forecast by 0.252 units relative to the model baseline.
55A25660-37B2-5F17-85E5-F96592487D1F,2016-04-19,SAMPLE_ITEM_004,SAMPLE_TX_1,XGBoost,days_of_supply,47.95625077412274,-0.93544543,0.93544543,NEGATIVE,1,Days of supply (47.95625077412274) decreased the forecast by 0.935 units relative to the model baseline.
55A25660-37B2-5F17-85E5-F96592487D1F,2016-04-19,SAMPLE_ITEM_004,SAMPLE_TX_1,XGBoost,current_stock,271.0,0.41265783,0.41265783,POSITIVE,2,Current stock (271.0) increased the forecast by 0.413 units relative to the model baseline.
55A25660-37B2-5F17-85E5-F96592487D1F,2016-04-19,SAMPLE_ITEM_004,SAMPLE_TX_1,XGBoost,lag_14,6.143202781677246,0.30887708,0.30887708,POSITIVE,3,Demand fourteen days ago (6.143202781677246) increased the forecast by 0.309 units relative to the model baseline.
55A25660-37B2-5F17-85E5-F96592487D1F,2016-04-19,SAMPLE_ITEM_004,SAMPLE_TX_1,XGBoost,rolling_mean_14,5.8593416554587225,0.28952754,0.28952754,POSITIVE,4,The recent fourteen-day demand average (5.8593416554587225) increased the forecast by 0.290 units relative to the model baseline.
55A25660-37B2-5F17-85E5-F96592487D1F,2016-04-19,SAMPLE_ITEM_004,SAMPLE_TX_1,XGBoost,day_of_week,1,-0.25664005,0.25664005,NEGATIVE,5,The day of week (1) decreased the forecast by 0.257 units relative to the model baseline.
535E19C9-4DC5-5B1C-93BE-120ECBEA9253,2016-04-20,SAMPLE_ITEM_004,SAMPLE_TX_1,XGBoost,days_of_supply,48.28168864005006,-0.92883188,0.92883188,NEGATIVE,1,Days of supply (48.28168864005006) decreased the forecast by 0.929 units relative to the model baseline.
535E19C9-4DC5-5B1C-93BE-120ECBEA9253,2016-04-20,SAMPLE_ITEM_004,SAMPLE_TX_1,XGBoost,current_stock,271.0,0.42762396,0.42762396,POSITIVE,2,Current stock (271.0) increased the forecast by 0.428 units relative to the model baseline.
535E19C9-4DC5-5B1C-93BE-120ECBEA9253,2016-04-20,SAMPLE_ITEM_004,SAMPLE_TX_1,XGBoost,rolling_mean_14,5.787990944726126,0.28864866,0.28864866,POSITIVE,3,The recent fourteen-day demand average (5.787990944726126) increased the forecast by 0.289 units relative to the model baseline.
535E19C9-4DC5-5B1C-93BE-120ECBEA9253,2016-04-20,SAMPLE_ITEM_004,SAMPLE_TX_1,XGBoost,lag_14,5.979641914367676,0.26643884,0.26643884,POSITIVE,4,Demand fourteen days ago (5.979641914367676) increased the forecast by 0.266 units relative to the model baseline.
535E19C9-4DC5-5B1C-93BE-120ECBEA9253,2016-04-20,SAMPLE_ITEM_004,SAMPLE_TX_1,XGBoost,day_of_week,2,-0.26430091,0.26430091,NEGATIVE,5,The day of week (2) decreased the forecast by 0.264 units relative to the model baseline.
71ED2409-41A6-5A7C-8F77-F4683C169F29,2016-04-21,SAMPLE_ITEM_004,SAMPLE_TX_1,XGBoost,days_of_supply,48.88541347523642,-0.94992423,0.94992423,NEGATIVE,1,Days of supply (48.88541347523642) decreased the forecast by 0.950 units relative to the model baseline.
71ED2409-41A6-5A7C-8F77-F4683C169F29,2016-04-21,SAMPLE_ITEM_004,SAMPLE_TX_1,XGBoost,day_of_month,21,-0.44832754,0.44832754,NEGATIVE,2,Day of month (21) decreased the forecast by 0.448 units relative to the model baseline.
71ED2409-41A6-5A7C-8F77-F4683C169F29,2016-04-21,SAMPLE_ITEM_004,SAMPLE_TX_1,XGBoost,current_stock,271.0,0.42919487,0.42919487,POSITIVE,3,Current stock (271.0) increased the forecast by 0.429 units relative to the model baseline.
71ED2409-41A6-5A7C-8F77-F4683C169F29,2016-04-21,SAMPLE_ITEM_004,SAMPLE_TX_1,XGBoost,lag_14,6.033827304840088,0.31688914,0.31688914,POSITIVE,4,Demand fourteen days ago (6.033827304840088) increased the forecast by 0.317 units relative to the model baseline.
71ED2409-41A6-5A7C-8F77-F4683C169F29,2016-04-21,SAMPLE_ITEM_004,SAMPLE_TX_1,XGBoost,day_of_week,3,-0.31260848,0.31260848,NEGATIVE,5,The day of week (3) decreased the forecast by 0.313 units relative to the model baseline.
A49777FB-EB97-58FF-8CBD-CB7EC52B1B53,2016-04-22,SAMPLE_ITEM_004,SAMPLE_TX_1,XGBoost,days_of_supply,49.555084456205236,-0.93484533,0.93484533,NEGATIVE,1,Days of supply (49.555084456205236) decreased the forecast by 0.935 units relative to the model baseline.
A49777FB-EB97-58FF-8CBD-CB7EC52B1B53,2016-04-22,SAMPLE_ITEM_004,SAMPLE_TX_1,XGBoost,day_of_month,22,-0.45264950,0.45264950,NEGATIVE,2,Day of month (22) decreased the forecast by 0.453 units relative to the model baseline.
A49777FB-EB97-58FF-8CBD-CB7EC52B1B53,2016-04-22,SAMPLE_ITEM_004,SAMPLE_TX_1,XGBoost,current_stock,271.0,0.43818474,0.43818474,POSITIVE,3,Current stock (271.0) increased the forecast by 0.438 units relative to the model baseline.
A49777FB-EB97-58FF-8CBD-CB7EC52B1B53,2016-04-22,SAMPLE_ITEM_004,SAMPLE_TX_1,XGBoost,lag_14,5.583817481994629,0.27716744,0.27716744,POSITIVE,4,Demand fourteen days ago (5.583817481994629) increased the forecast by 0.277 units relative to the model baseline.
A49777FB-EB97-58FF-8CBD-CB7EC52B1B53,2016-04-22,SAMPLE_ITEM_004,SAMPLE_TX_1,XGBoost,price_change_percentage,0.0,0.24673644,0.24673644,POSITIVE,5,Price change percentage (0.0) increased the forecast by 0.247 units relative to the model baseline.
BA582F01-BAF0-5912-9951-F62DED8C61AC,2016-04-23,SAMPLE_ITEM_004,SAMPLE_TX_1,XGBoost,days_of_supply,50.75869575773994,-0.95790589,0.95790589,NEGATIVE,1,Days of supply (50.75869575773994) decreased the forecast by 0.958 units relative to the model baseline.
BA582F01-BAF0-5912-9951-F62DED8C61AC,2016-04-23,SAMPLE_ITEM_004,SAMPLE_TX_1,XGBoost,day_of_month,23,-0.45204878,0.45204878,NEGATIVE,2,Day of month (23) decreased the forecast by 0.452 units relative to the model baseline.
BA582F01-BAF0-5912-9951-F62DED8C61AC,2016-04-23,SAMPLE_ITEM_004,SAMPLE_TX_1,XGBoost,current_stock,271.0,0.42611685,0.42611685,POSITIVE,3,Current stock (271.0) increased the forecast by 0.426 units relative to the model baseline.
BA582F01-BAF0-5912-9951-F62DED8C61AC,2016-04-23,SAMPLE_ITEM_004,SAMPLE_TX_1,XGBoost,lag_14,6.1867289543151855,0.29787555,0.29787555,POSITIVE,4,Demand fourteen days ago (6.1867289543151855) increased the forecast by 0.298 units relative to the model baseline.
BA582F01-BAF0-5912-9951-F62DED8C61AC,2016-04-23,SAMPLE_ITEM_004,SAMPLE_TX_1,XGBoost,price_change_percentage,0.0,0.25002384,0.25002384,POSITIVE,5,Price change percentage (0.0) increased the forecast by 0.250 units relative to the model baseline.
4AA05A47-9D3F-5A4A-AF4C-527D0FBE0057,2016-04-24,SAMPLE_ITEM_004,SAMPLE_TX_1,XGBoost,days_of_supply,51.20862955122582,-0.75047636,0.75047636,NEGATIVE,1,Days of supply (51.20862955122582) decreased the forecast by 0.750 units relative to the model baseline.
4AA05A47-9D3F-5A4A-AF4C-527D0FBE0057,2016-04-24,SAMPLE_ITEM_004,SAMPLE_TX_1,XGBoost,lag_14,7.032247066497803,0.53783369,0.53783369,POSITIVE,2,Demand fourteen days ago (7.032247066497803) increased the forecast by 0.538 units relative to the model baseline.
4AA05A47-9D3F-5A4A-AF4C-527D0FBE0057,2016-04-24,SAMPLE_ITEM_004,SAMPLE_TX_1,XGBoost,current_stock,271.0,0.50543463,0.50543463,POSITIVE,3,Current stock (271.0) increased the forecast by 0.505 units relative to the model baseline.
4AA05A47-9D3F-5A4A-AF4C-527D0FBE0057,2016-04-24,SAMPLE_ITEM_004,SAMPLE_TX_1,XGBoost,day_of_week,6,0.49606997,0.49606997,POSITIVE,4,The day of week (6) increased the forecast by 0.496 units relative to the model baseline.
4AA05A47-9D3F-5A4A-AF4C-527D0FBE0057,2016-04-24,SAMPLE_ITEM_004,SAMPLE_TX_1,XGBoost,day_of_month,24,-0.41781795,0.41781795,NEGATIVE,5,Day of month (24) decreased the forecast by 0.418 units relative to the model baseline.
66497E7A-23B0-5734-934B-49DBBDE006BC,2016-04-25,SAMPLE_ITEM_004,SAMPLE_TX_1,XGBoost,days_of_supply,52.330845870290716,-0.89189285,0.89189285,NEGATIVE,1,Days of supply (52.330845870290716) decreased the forecast by 0.892 units relative to the model baseline.
66497E7A-23B0-5734-934B-49DBBDE006BC,2016-04-25,SAMPLE_ITEM_004,SAMPLE_TX_1,XGBoost,day_of_month,25,-0.44598305,0.44598305,NEGATIVE,2,Day of month (25) decreased the forecast by 0.446 units relative to the model baseline.
66497E7A-23B0-5734-934B-49DBBDE006BC,2016-04-25,SAMPLE_ITEM_004,SAMPLE_TX_1,XGBoost,current_stock,271.0,0.43654180,0.43654180,POSITIVE,3,Current stock (271.0) increased the forecast by 0.437 units relative to the model baseline.
66497E7A-23B0-5734-934B-49DBBDE006BC,2016-04-25,SAMPLE_ITEM_004,SAMPLE_TX_1,XGBoost,lag_14,5.514430522918701,0.28464884,0.28464884,POSITIVE,4,Demand fourteen days ago (5.514430522918701) increased the forecast by 0.285 units relative to the model baseline.
66497E7A-23B0-5734-934B-49DBBDE006BC,2016-04-25,SAMPLE_ITEM_004,SAMPLE_TX_1,XGBoost,price_change_percentage,0.0,0.23990875,0.23990875,POSITIVE,5,Price change percentage (0.0) increased the forecast by 0.240 units relative to the model baseline.
3A6046C5-623D-5078-B19D-4C957FE65D2F,2016-04-26,SAMPLE_ITEM_004,SAMPLE_TX_1,XGBoost,days_of_supply,52.96646264608391,-0.91303921,0.91303921,NEGATIVE,1,Days of supply (52.96646264608391) decreased the forecast by 0.913 units relative to the model baseline.
3A6046C5-623D-5078-B19D-4C957FE65D2F,2016-04-26,SAMPLE_ITEM_004,SAMPLE_TX_1,XGBoost,day_of_month,26,-0.44418949,0.44418949,NEGATIVE,2,Day of month (26) decreased the forecast by 0.444 units relative to the model baseline.
3A6046C5-623D-5078-B19D-4C957FE65D2F,2016-04-26,SAMPLE_ITEM_004,SAMPLE_TX_1,XGBoost,current_stock,271.0,0.43654180,0.43654180,POSITIVE,3,Current stock (271.0) increased the forecast by 0.437 units relative to the model baseline.
3A6046C5-623D-5078-B19D-4C957FE65D2F,2016-04-26,SAMPLE_ITEM_004,SAMPLE_TX_1,XGBoost,lag_14,5.410922050476074,0.28106734,0.28106734,POSITIVE,4,Demand fourteen days ago (5.410922050476074) increased the forecast by 0.281 units relative to the model baseline.
3A6046C5-623D-5078-B19D-4C957FE65D2F,2016-04-26,SAMPLE_ITEM_004,SAMPLE_TX_1,XGBoost,price_change_percentage,0.0,0.24037968,0.24037968,POSITIVE,5,Price change percentage (0.0) increased the forecast by 0.240 units relative to the model baseline.
433DDEF8-7AFC-53BB-92BC-82A8A1B3659F,2016-04-27,SAMPLE_ITEM_004,SAMPLE_TX_1,XGBoost,days_of_supply,53.42850736366542,-0.92187810,0.92187810,NEGATIVE,1,Days of supply (53.42850736366542) decreased the forecast by 0.922 units relative to the model baseline.
433DDEF8-7AFC-53BB-92BC-82A8A1B3659F,2016-04-27,SAMPLE_ITEM_004,SAMPLE_TX_1,XGBoost,day_of_month,27,-0.44739792,0.44739792,NEGATIVE,2,Day of month (27) decreased the forecast by 0.447 units relative to the model baseline.
433DDEF8-7AFC-53BB-92BC-82A8A1B3659F,2016-04-27,SAMPLE_ITEM_004,SAMPLE_TX_1,XGBoost,current_stock,271.0,0.44206607,0.44206607,POSITIVE,3,Current stock (271.0) increased the forecast by 0.442 units relative to the model baseline.
433DDEF8-7AFC-53BB-92BC-82A8A1B3659F,2016-04-27,SAMPLE_ITEM_004,SAMPLE_TX_1,XGBoost,lag_14,5.558359146118164,0.27915886,0.27915886,POSITIVE,4,Demand fourteen days ago (5.558359146118164) increased the forecast by 0.279 units relative to the model baseline.
433DDEF8-7AFC-53BB-92BC-82A8A1B3659F,2016-04-27,SAMPLE_ITEM_004,SAMPLE_TX_1,XGBoost,price_change_percentage,0.0,0.24273203,0.24273203,POSITIVE,5,Price change percentage (0.0) increased the forecast by 0.243 units relative to the model baseline.
