DateKey,FullDate,ProductKey,ProductID,ProductName,CategoryID,StoreKey,StoreID,StateID,ModelID,ModelName,HorizonDays,ActualDemand,ActualRevenue,ForecastDemand,LowerBound,UpperBound,ForecastRevenue,ForecastBias,ForecastConfidence
20160129,2016-01-29,2,SAMPLE_ITEM_001,SAMPLE_ITEM_001,SAMPLE_FOODS_1,2,SAMPLE_CA_1,CA,XGBOOST,XGBoost,7.0,0.0000,0E-7,3.944927,2.485717,5.404137,16.3714,-0.399315,0.628858
20160129,2016-01-29,2,SAMPLE_ITEM_001,SAMPLE_ITEM_001,SAMPLE_FOODS_1,3,SAMPLE_TX_1,TX,XGBOOST,XGBoost,7.0,0.0000,0E-7,4.086040,2.626830,5.545250,16.9571,-0.399315,0.635401
20160129,2016-01-29,3,SAMPLE_ITEM_002,SAMPLE_ITEM_002,SAMPLE_FOODS_1,2,SAMPLE_CA_1,CA,XGBOOST,XGBoost,7.0,0.0000,0E-7,4.711145,3.251935,6.170355,26.9006,-0.399315,0.661811
20160129,2016-01-29,3,SAMPLE_ITEM_002,SAMPLE_ITEM_002,SAMPLE_FOODS_1,3,SAMPLE_TX_1,TX,XGBOOST,XGBoost,7.0,0.0000,0E-7,5.303044,3.843834,6.762254,30.2804,-0.399315,0.683519
20160129,2016-01-29,4,SAMPLE_ITEM_003,SAMPLE_ITEM_003,SAMPLE_HOUSEHOLD_1,2,SAMPLE_CA_1,CA,XGBOOST,XGBoost,7.0,0.0000,0E-7,3.750699,2.291489,5.209909,35.0690,-0.399315,0.619458
20160129,2016-01-29,4,SAMPLE_ITEM_003,SAMPLE_ITEM_003,SAMPLE_HOUSEHOLD_1,3,SAMPLE_TX_1,TX,XGBOOST,XGBoost,7.0,0.0000,0E-7,4.023911,2.564701,5.483121,37.6236,-0.399315,0.632549
20160129,2016-01-29,5,SAMPLE_ITEM_004,SAMPLE_ITEM_004,SAMPLE_HOBBIES_1,2,SAMPLE_CA_1,CA,XGBOOST,XGBoost,7.0,0.0000,0E-7,5.843026,4.383816,7.302236,41.0180,-0.399315,0.701026
20160129,2016-01-29,5,SAMPLE_ITEM_004,SAMPLE_ITEM_004,SAMPLE_HOBBIES_1,3,SAMPLE_TX_1,TX,XGBOOST,XGBoost,7.0,0.0000,0E-7,5.174930,3.715720,6.634140,36.3280,-0.399315,0.679060
20160130,2016-01-30,2,SAMPLE_ITEM_001,SAMPLE_ITEM_001,SAMPLE_FOODS_1,2,SAMPLE_CA_1,CA,XGBOOST,XGBoost,7.0,0.0000,0E-7,3.010552,0.946917,5.074186,12.4938,-0.399315,0.492829
20160130,2016-01-30,2,SAMPLE_ITEM_001,SAMPLE_ITEM_001,SAMPLE_FOODS_1,3,SAMPLE_TX_1,TX,XGBOOST,XGBoost,7.0,0.0000,0E-7,2.122796,0.059161,4.186430,8.8096,-0.399315,0.430727
20160130,2016-01-30,3,SAMPLE_ITEM_002,SAMPLE_ITEM_002,SAMPLE_FOODS_1,2,SAMPLE_CA_1,CA,XGBOOST,XGBoost,7.0,0.0000,0E-7,3.271042,1.207407,5.334676,18.6776,-0.399315,0.508560
20160130,2016-01-30,3,SAMPLE_ITEM_002,SAMPLE_ITEM_002,SAMPLE_FOODS_1,3,SAMPLE_TX_1,TX,XGBOOST,XGBoost,7.0,0.0000,0E-7,5.249215,3.185581,7.312850,29.9730,-0.399315,0.602248
20160130,2016-01-30,4,SAMPLE_ITEM_003,SAMPLE_ITEM_003,SAMPLE_HOUSEHOLD_1,2,SAMPLE_CA_1,CA,XGBOOST,XGBoost,7.0,0.0000,0E-7,4.266559,2.202924,6.330193,39.8923,-0.399315,0.560640
20160130,2016-01-30,4,SAMPLE_ITEM_003,SAMPLE_ITEM_003,SAMPLE_HOUSEHOLD_1,3,SAMPLE_TX_1,TX,XGBOOST,XGBoost,7.0,0.0000,0E-7,3.810240,1.746605,5.873874,35.6257,-0.399315,0.538208
20160130,2016-01-30,5,SAMPLE_ITEM_004,SAMPLE_ITEM_004,SAMPLE_HOBBIES_1,2,SAMPLE_CA_1,CA,XGBOOST,XGBoost,7.0,0.0000,0E-7,5.005062,2.941427,7.068696,35.1355,-0.399315,0.592663
20160130,2016-01-30,5,SAMPLE_ITEM_004,SAMPLE_ITEM_004,SAMPLE_HOBBIES_1,3,SAMPLE_TX_1,TX,XGBOOST,XGBoost,7.0,0.0000,0E-7,5.396054,3.332420,7.459689,37.8803,-0.399315,0.607798
20160131,2016-01-31,2,SAMPLE_ITEM_001,SAMPLE_ITEM_001,SAMPLE_FOODS_1,2,SAMPLE_CA_1,CA,XGBOOST,XGBoost,7.0,0.0000,0E-7,4.117274,1.589848,6.644700,17.0867,-0.399315,0.503068
20160131,2016-01-31,2,SAMPLE_ITEM_001,SAMPLE_ITEM_001,SAMPLE_FOODS_1,3,SAMPLE_TX_1,TX,XGBOOST,XGBoost,7.0,0.0000,0E-7,4.584097,2.056671,7.111523,19.0240,-0.399315,0.524873
20160131,2016-01-31,3,SAMPLE_ITEM_002,SAMPLE_ITEM_002,SAMPLE_FOODS_1,2,SAMPLE_CA_1,CA,XGBOOST,XGBoost,7.0,0.0000,0E-7,6.021676,3.494250,8.549101,34.3838,-0.399315,0.581432
20160131,2016-01-31,3,SAMPLE_ITEM_002,SAMPLE_ITEM_002,SAMPLE_FOODS_1,3,SAMPLE_TX_1,TX,XGBOOST,XGBoost,7.0,0.0000,0E-7,5.250977,2.723551,7.778402,29.9831,-0.399315,0.552899
20160131,2016-01-31,4,SAMPLE_ITEM_003,SAMPLE_ITEM_003,SAMPLE_HOUSEHOLD_1,2,SAMPLE_CA_1,CA,XGBOOST,XGBoost,7.0,0.0000,0E-7,4.604518,2.077093,7.131944,43.0522,-0.399315,0.525783
20160131,2016-01-31,4,SAMPLE_ITEM_003,SAMPLE_ITEM_003,SAMPLE_HOUSEHOLD_1,3,SAMPLE_TX_1,TX,XGBOOST,XGBoost,7.0,0.0000,0E-7,5.607339,3.079914,8.134765,52.4286,-0.399315,0.566561
20160131,2016-01-31,5,SAMPLE_ITEM_004,SAMPLE_ITEM_004,SAMPLE_HOBBIES_1,2,SAMPLE_CA_1,CA,XGBOOST,XGBoost,7.0,0.0000,0E-7,5.927266,3.399840,8.454691,41.6094,-0.399315,0.578134
20160131,2016-01-31,5,SAMPLE_ITEM_004,SAMPLE_ITEM_004,SAMPLE_HOBBIES_1,3,SAMPLE_TX_1,TX,XGBOOST,XGBoost,7.0,0.0000,0E-7,6.226478,3.699052,8.753904,43.7099,-0.399315,0.588412
20160201,2016-02-01,2,SAMPLE_ITEM_001,SAMPLE_ITEM_001,SAMPLE_FOODS_1,2,SAMPLE_CA_1,CA,XGBOOST,XGBoost,7.0,0.0000,0E-7,3.153466,0.235046,6.071886,13.0869,-0.399315,0.415750
20160201,2016-02-01,2,SAMPLE_ITEM_001,SAMPLE_ITEM_001,SAMPLE_FOODS_1,3,SAMPLE_TX_1,TX,XGBOOST,XGBoost,7.0,0.0000,0E-7,3.696444,0.778024,6.614864,15.3402,-0.399315,0.445867
20160201,2016-02-01,3,SAMPLE_ITEM_002,SAMPLE_ITEM_002,SAMPLE_FOODS_1,2,SAMPLE_CA_1,CA,XGBOOST,XGBoost,7.0,0.0000,0E-7,4.399336,1.480916,7.317756,25.1202,-0.399315,0.480531
20160201,2016-02-01,3,SAMPLE_ITEM_002,SAMPLE_ITEM_002,SAMPLE_FOODS_1,3,SAMPLE_TX_1,TX,XGBOOST,XGBoost,7.0,0.0000,0E-7,5.137831,2.219411,8.056251,29.3370,-0.399315,0.512568
20160201,2016-02-01,4,SAMPLE_ITEM_003,SAMPLE_ITEM_003,SAMPLE_HOUSEHOLD_1,2,SAMPLE_CA_1,CA,XGBOOST,XGBoost,7.0,0.0000,0E-7,4.693366,1.774946,7.611786,43.8830,-0.399315,0.493778
20160201,2016-02-01,4,SAMPLE_ITEM_003,SAMPLE_ITEM_003,SAMPLE_HOUSEHOLD_1,3,SAMPLE_TX_1,TX,XGBOOST,XGBoost,7.0,0.0000,0E-7,4.857802,1.939382,7.776222,45.4204,-0.399315,0.500896
20160201,2016-02-01,5,SAMPLE_ITEM_004,SAMPLE_ITEM_004,SAMPLE_HOBBIES_1,2,SAMPLE_CA_1,CA,XGBOOST,XGBoost,7.0,0.0000,0E-7,5.790646,2.872226,8.709066,40.6503,-0.399315,0.537767
20160201,2016-02-01,5,SAMPLE_ITEM_004,SAMPLE_ITEM_004,SAMPLE_HOBBIES_1,3,SAMPLE_TX_1,TX,XGBOOST,XGBoost,7.0,0.0000,0E-7,5.585413,2.666993,8.503833,39.2096,-0.399315,0.530130
20160202,2016-02-02,2,SAMPLE_ITEM_001,SAMPLE_ITEM_001,SAMPLE_FOODS_1,2,SAMPLE_CA_1,CA,XGBOOST,XGBoost,7.0,0.0000,0E-7,3.482486,0.219594,6.745379,14.4523,-0.399315,0.407193
20160202,2016-02-02,2,SAMPLE_ITEM_001,SAMPLE_ITEM_001,SAMPLE_FOODS_1,3,SAMPLE_TX_1,TX,XGBOOST,XGBoost,7.0,0.0000,0E-7,3.779072,0.516180,7.041965,15.6831,-0.399315,0.422745
20160202,2016-02-02,3,SAMPLE_ITEM_002,SAMPLE_ITEM_002,SAMPLE_FOODS_1,2,SAMPLE_CA_1,CA,XGBOOST,XGBoost,7.0,0.0000,0E-7,5.098581,1.835689,8.361474,29.1129,-0.399315,0.483080
20160202,2016-02-02,3,SAMPLE_ITEM_002,SAMPLE_ITEM_002,SAMPLE_FOODS_1,3,SAMPLE_TX_1,TX,XGBOOST,XGBoost,7.0,0.0000,0E-7,5.036462,1.773570,8.299355,28.7582,-0.399315,0.480524
20160202,2016-02-02,4,SAMPLE_ITEM_003,SAMPLE_ITEM_003,SAMPLE_HOUSEHOLD_1,2,SAMPLE_CA_1,CA,XGBOOST,XGBoost,7.0,0.0000,0E-7,4.617103,1.354210,7.879995,43.1699,-0.399315,0.462584
20160202,2016-02-02,4,SAMPLE_ITEM_003,SAMPLE_ITEM_003,SAMPLE_HOUSEHOLD_1,3,SAMPLE_TX_1,TX,XGBOOST,XGBoost,7.0,0.0000,0E-7,5.062535,1.799643,8.325428,47.3347,-0.399315,0.481600
20160202,2016-02-02,5,SAMPLE_ITEM_004,SAMPLE_ITEM_004,SAMPLE_HOBBIES_1,2,SAMPLE_CA_1,CA,XGBOOST,XGBoost,7.0,0.0000,0E-7,6.082643,2.819750,9.345535,42.7002,-0.399315,0.520460
20160202,2016-02-02,5,SAMPLE_ITEM_004,SAMPLE_ITEM_004,SAMPLE_HOBBIES_1,3,SAMPLE_TX_1,TX,XGBOOST,XGBoost,7.0,0.0000,0E-7,6.008730,2.745837,9.271623,42.1813,-0.399315,0.517841
20160203,2016-02-03,2,SAMPLE_ITEM_001,SAMPLE_ITEM_001,SAMPLE_FOODS_1,2,SAMPLE_CA_1,CA,XGBOOST,XGBoost,7.0,0.0000,0E-7,3.921144,0.346825,7.495464,16.2727,-0.399315,0.407724
20160203,2016-02-03,2,SAMPLE_ITEM_001,SAMPLE_ITEM_001,SAMPLE_FOODS_1,3,SAMPLE_TX_1,TX,XGBOOST,XGBoost,7.0,0.0000,0E-7,4.128111,0.553791,7.702431,17.1317,-0.399315,0.417709
20160203,2016-02-03,3,SAMPLE_ITEM_002,SAMPLE_ITEM_002,SAMPLE_FOODS_1,2,SAMPLE_CA_1,CA,XGBOOST,XGBoost,7.0,0.0000,0E-7,4.318280,0.743960,7.892600,24.6574,-0.399315,0.426591
20160203,2016-02-03,3,SAMPLE_ITEM_002,SAMPLE_ITEM_002,SAMPLE_FOODS_1,3,SAMPLE_TX_1,TX,XGBOOST,XGBoost,7.0,0.0000,0E-7,5.143932,1.569612,8.718252,29.3719,-0.399315,0.462208
20160203,2016-02-03,4,SAMPLE_ITEM_003,SAMPLE_ITEM_003,SAMPLE_HOUSEHOLD_1,2,SAMPLE_CA_1,CA,XGBOOST,XGBoost,7.0,0.0000,0E-7,4.922654,1.348334,8.496974,46.0268,-0.399315,0.453104
20160203,2016-02-03,4,SAMPLE_ITEM_003,SAMPLE_ITEM_003,SAMPLE_HOUSEHOLD_1,3,SAMPLE_TX_1,TX,XGBOOST,XGBoost,7.0,0.0000,0E-7,4.893098,1.318778,8.467418,45.7505,-0.399315,0.451864
20160203,2016-02-03,5,SAMPLE_ITEM_004,SAMPLE_ITEM_004,SAMPLE_HOBBIES_1,2,SAMPLE_CA_1,CA,XGBOOST,XGBoost,7.0,0.0000,0E-7,5.504153,1.929833,9.078473,38.6392,-0.399315,0.476397
20160203,2016-02-03,5,SAMPLE_ITEM_004,SAMPLE_ITEM_004,SAMPLE_HOBBIES_1,3,SAMPLE_TX_1,TX,XGBOOST,XGBoost,7.0,0.0000,0E-7,5.865123,2.290803,9.439443,41.1732,-0.399315,0.489884
20160204,2016-02-04,2,SAMPLE_ITEM_001,SAMPLE_ITEM_001,SAMPLE_FOODS_1,2,SAMPLE_CA_1,CA,XGBOOST,XGBoost,7.0,0.0000,0E-7,3.531058,0.000000,7.391765,14.6539,-0.399315,0.380032
20160204,2016-02-04,2,SAMPLE_ITEM_001,SAMPLE_ITEM_001,SAMPLE_FOODS_1,3,SAMPLE_TX_1,TX,XGBOOST,XGBoost,7.0,0.0000,0E-7,2.873971,0.000000,6.734677,11.9270,-0.399315,0.365171
20160204,2016-02-04,3,SAMPLE_ITEM_002,SAMPLE_ITEM_002,SAMPLE_FOODS_1,2,SAMPLE_CA_1,CA,XGBOOST,XGBoost,7.0,0.0000,0E-7,5.105580,1.244874,8.966287,29.1529,-0.399315,0.441570
20160204,2016-02-04,3,SAMPLE_ITEM_002,SAMPLE_ITEM_002,SAMPLE_FOODS_1,3,SAMPLE_TX_1,TX,XGBOOST,XGBoost,7.0,0.0000,0E-7,5.464774,1.604067,9.325480,31.2039,-0.399315,0.455709
20160204,2016-02-04,4,SAMPLE_ITEM_003,SAMPLE_ITEM_003,SAMPLE_HOUSEHOLD_1,2,SAMPLE_CA_1,CA,XGBOOST,XGBoost,7.0,0.0000,0E-7,4.976126,1.115419,8.836833,46.5268,-0.399315,0.436292
20160204,2016-02-04,4,SAMPLE_ITEM_003,SAMPLE_ITEM_003,SAMPLE_HOUSEHOLD_1,3,SAMPLE_TX_1,TX,XGBOOST,XGBoost,7.0,0.0000,0E-7,4.689163,0.828456,8.549870,43.8437,-0.399315,0.424230
20160204,2016-02-04,5,SAMPLE_ITEM_004,SAMPLE_ITEM_004,SAMPLE_HOBBIES_1,2,SAMPLE_CA_1,CA,XGBOOST,XGBoost,7.0,0.0000,0E-7,5.364429,1.503722,9.225136,37.6583,-0.399315,0.451832
20160204,2016-02-04,5,SAMPLE_ITEM_004,SAMPLE_ITEM_004,SAMPLE_HOBBIES_1,3,SAMPLE_TX_1,TX,XGBOOST,XGBoost,7.0,0.0000,0E-7,5.558568,1.697861,9.419275,39.0211,-0.399315,0.459284
20160205,2016-02-05,2,SAMPLE_ITEM_001,SAMPLE_ITEM_001,SAMPLE_FOODS_1,2,SAMPLE_CA_1,CA,XGBOOST,XGBoost,30.0,0.0000,0E-7,4.346368,0.219099,8.473637,18.0374,-0.399315,0.393089
20160205,2016-02-05,2,SAMPLE_ITEM_001,SAMPLE_ITEM_001,SAMPLE_FOODS_1,3,SAMPLE_TX_1,TX,XGBOOST,XGBoost,30.0,0.0000,0E-7,5.367066,1.239797,9.494335,22.2733,-0.399315,0.435456
20160205,2016-02-05,3,SAMPLE_ITEM_002,SAMPLE_ITEM_002,SAMPLE_FOODS_1,2,SAMPLE_CA_1,CA,XGBOOST,XGBoost,30.0,0.0000,0E-7,5.176638,1.049369,9.303907,29.5586,-0.399315,0.428007
20160205,2016-02-05,3,SAMPLE_ITEM_002,SAMPLE_ITEM_002,SAMPLE_FOODS_1,3,SAMPLE_TX_1,TX,XGBOOST,XGBoost,30.0,0.0000,0E-7,5.860959,1.733689,9.988228,33.4661,-0.399315,0.453902
20160205,2016-02-05,4,SAMPLE_ITEM_003,SAMPLE_ITEM_003,SAMPLE_HOUSEHOLD_1,2,SAMPLE_CA_1,CA,XGBOOST,XGBoost,30.0,0.0000,0E-7,4.712899,0.585630,8.840168,44.0656,-0.399315,0.409016
20160205,2016-02-05,4,SAMPLE_ITEM_003,SAMPLE_ITEM_003,SAMPLE_HOUSEHOLD_1,3,SAMPLE_TX_1,TX,XGBOOST,XGBoost,30.0,0.0000,0E-7,5.311231,1.183962,9.438500,49.6600,-0.399315,0.433292
20160205,2016-02-05,5,SAMPLE_ITEM_004,SAMPLE_ITEM_004,SAMPLE_HOBBIES_1,2,SAMPLE_CA_1,CA,XGBOOST,XGBoost,30.0,0.0000,0E-7,5.871440,1.744171,9.998709,41.2175,-0.399315,0.454281
20160205,2016-02-05,5,SAMPLE_ITEM_004,SAMPLE_ITEM_004,SAMPLE_HOBBIES_1,3,SAMPLE_TX_1,TX,XGBOOST,XGBoost,30.0,0.0000,0E-7,6.521769,2.394499,10.649038,45.7828,-0.399315,0.476776
20160206,2016-02-06,2,SAMPLE_ITEM_001,SAMPLE_ITEM_001,SAMPLE_FOODS_1,2,SAMPLE_CA_1,CA,XGBOOST,XGBoost,30.0,0.0000,0E-7,3.357778,0.000000,7.735408,13.9348,-0.399315,0.360350
20160206,2016-02-06,2,SAMPLE_ITEM_001,SAMPLE_ITEM_001,SAMPLE_FOODS_1,3,SAMPLE_TX_1,TX,XGBOOST,XGBoost,30.0,0.0000,0E-7,3.876606,0.000000,8.254236,16.0879,-0.399315,0.371386
20160206,2016-02-06,3,SAMPLE_ITEM_002,SAMPLE_ITEM_002,SAMPLE_FOODS_1,2,SAMPLE_CA_1,CA,XGBOOST,XGBoost,30.0,0.0000,0E-7,4.691973,0.314343,9.069603,26.7912,-0.399315,0.393984
20160206,2016-02-06,3,SAMPLE_ITEM_002,SAMPLE_ITEM_002,SAMPLE_FOODS_1,3,SAMPLE_TX_1,TX,XGBOOST,XGBoost,30.0,0.0000,0E-7,5.985138,1.607508,10.362768,34.1751,-0.399315,0.443771
20160206,2016-02-06,4,SAMPLE_ITEM_003,SAMPLE_ITEM_003,SAMPLE_HOUSEHOLD_1,2,SAMPLE_CA_1,CA,XGBOOST,XGBoost,30.0,0.0000,0E-7,4.636640,0.259010,9.014270,43.3526,-0.399315,0.391654
20160206,2016-02-06,4,SAMPLE_ITEM_003,SAMPLE_ITEM_003,SAMPLE_HOUSEHOLD_1,3,SAMPLE_TX_1,TX,XGBOOST,XGBoost,30.0,0.0000,0E-7,4.830810,0.453180,9.208440,45.1681,-0.399315,0.399752
20160206,2016-02-06,5,SAMPLE_ITEM_004,SAMPLE_ITEM_004,SAMPLE_HOBBIES_1,2,SAMPLE_CA_1,CA,XGBOOST,XGBoost,30.0,0.0000,0E-7,5.942158,1.564528,10.319788,41.7139,-0.399315,0.442248
20160206,2016-02-06,5,SAMPLE_ITEM_004,SAMPLE_ITEM_004,SAMPLE_HOBBIES_1,3,SAMPLE_TX_1,TX,XGBOOST,XGBoost,30.0,0.0000,0E-7,5.920028,1.542398,10.297658,41.5586,-0.399315,0.441461
20160207,2016-02-07,2,SAMPLE_ITEM_001,SAMPLE_ITEM_001,SAMPLE_FOODS_1,2,SAMPLE_CA_1,CA,XGBOOST,XGBoost,30.0,0.0000,0E-7,4.877538,0.263111,9.491965,20.2418,-0.399315,0.389076
20160207,2016-02-07,2,SAMPLE_ITEM_001,SAMPLE_ITEM_001,SAMPLE_FOODS_1,3,SAMPLE_TX_1,TX,XGBOOST,XGBoost,30.0,0.0000,0E-7,5.119835,0.505408,9.734262,21.2473,-0.399315,0.398720
20160207,2016-02-07,3,SAMPLE_ITEM_002,SAMPLE_ITEM_002,SAMPLE_FOODS_1,2,SAMPLE_CA_1,CA,XGBOOST,XGBoost,30.0,0.0000,0E-7,5.617275,1.002848,10.231702,32.0746,-0.399315,0.417596
20160207,2016-02-07,3,SAMPLE_ITEM_002,SAMPLE_ITEM_002,SAMPLE_FOODS_1,3,SAMPLE_TX_1,TX,XGBOOST,XGBoost,30.0,0.0000,0E-7,6.653046,2.038619,11.267473,37.9889,-0.399315,0.453328
20160207,2016-02-07,4,SAMPLE_ITEM_003,SAMPLE_ITEM_003,SAMPLE_HOUSEHOLD_1,2,SAMPLE_CA_1,CA,XGBOOST,XGBoost,30.0,0.0000,0E-7,5.742609,1.128181,10.357036,53.6934,-0.399315,0.422166
20160207,2016-02-07,4,SAMPLE_ITEM_003,SAMPLE_ITEM_003,SAMPLE_HOUSEHOLD_1,3,SAMPLE_TX_1,TX,XGBOOST,XGBoost,30.0,0.0000,0E-7,6.297723,1.683296,10.912150,58.8837,-0.399315,0.441575
20160207,2016-02-07,5,SAMPLE_ITEM_004,SAMPLE_ITEM_004,SAMPLE_HOBBIES_1,2,SAMPLE_CA_1,CA,XGBOOST,XGBoost,30.0,0.0000,0E-7,6.863790,2.249362,11.478217,48.1838,-0.399315,0.460069
20160207,2016-02-07,5,SAMPLE_ITEM_004,SAMPLE_ITEM_004,SAMPLE_HOBBIES_1,3,SAMPLE_TX_1,TX,XGBOOST,XGBoost,30.0,0.0000,0E-7,7.232972,2.618545,11.847399,50.7755,-0.399315,0.471484
20160208,2016-02-08,2,SAMPLE_ITEM_001,SAMPLE_ITEM_001,SAMPLE_FOODS_1,2,SAMPLE_CA_1,CA,XGBOOST,XGBoost,30.0,0.0000,0E-7,3.492208,0.000000,8.331860,14.4927,-0.399315,0.350295
20160208,2016-02-08,2,SAMPLE_ITEM_001,SAMPLE_ITEM_001,SAMPLE_FOODS_1,3,SAMPLE_TX_1,TX,XGBOOST,XGBoost,30.0,0.0000,0E-7,3.524340,0.000000,8.363992,14.6260,-0.399315,0.351042
20160208,2016-02-08,3,SAMPLE_ITEM_002,SAMPLE_ITEM_002,SAMPLE_FOODS_1,2,SAMPLE_CA_1,CA,XGBOOST,XGBoost,30.0,0.0000,0E-7,5.057056,0.217404,9.896708,28.8758,-0.399315,0.384908
20160208,2016-02-08,3,SAMPLE_ITEM_002,SAMPLE_ITEM_002,SAMPLE_FOODS_1,3,SAMPLE_TX_1,TX,XGBOOST,XGBoost,30.0,0.0000,0E-7,5.530072,0.690420,10.369724,31.5767,-0.399315,0.402858
20160208,2016-02-08,4,SAMPLE_ITEM_003,SAMPLE_ITEM_003,SAMPLE_HOUSEHOLD_1,2,SAMPLE_CA_1,CA,XGBOOST,XGBoost,30.0,0.0000,0E-7,5.037493,0.197841,9.877145,47.1006,-0.399315,0.384143
20160208,2016-02-08,4,SAMPLE_ITEM_003,SAMPLE_ITEM_003,SAMPLE_HOUSEHOLD_1,3,SAMPLE_TX_1,TX,XGBOOST,XGBoost,30.0,0.0000,0E-7,5.719767,0.880115,10.559419,53.4798,-0.399315,0.409765
20160208,2016-02-08,5,SAMPLE_ITEM_004,SAMPLE_ITEM_004,SAMPLE_HOBBIES_1,2,SAMPLE_CA_1,CA,XGBOOST,XGBoost,30.0,0.0000,0E-7,5.722812,0.883160,10.562464,40.1741,-0.399315,0.409875
20160208,2016-02-08,5,SAMPLE_ITEM_004,SAMPLE_ITEM_004,SAMPLE_HOBBIES_1,3,SAMPLE_TX_1,TX,XGBOOST,XGBoost,30.0,0.0000,0E-7,5.887252,1.047600,10.726904,41.3285,-0.399315,0.415732
20160209,2016-02-09,2,SAMPLE_ITEM_001,SAMPLE_ITEM_001,SAMPLE_FOODS_1,2,SAMPLE_CA_1,CA,XGBOOST,XGBoost,30.0,0.0000,0E-7,4.064371,0.000000,9.119223,16.8671,-0.399315,0.357058
20160209,2016-02-09,2,SAMPLE_ITEM_001,SAMPLE_ITEM_001,SAMPLE_FOODS_1,3,SAMPLE_TX_1,TX,XGBOOST,XGBoost,30.0,0.0000,0E-7,4.235478,0.000000,9.290330,17.5772,-0.399315,0.360426
20160209,2016-02-09,3,SAMPLE_ITEM_002,SAMPLE_ITEM_002,SAMPLE_FOODS_1,2,SAMPLE_CA_1,CA,XGBOOST,XGBoost,30.0,0.0000,0E-7,5.063566,0.008715,10.118418,28.9130,-0.399315,0.374913
20160209,2016-02-09,3,SAMPLE_ITEM_002,SAMPLE_ITEM_002,SAMPLE_FOODS_1,3,SAMPLE_TX_1,TX,XGBOOST,XGBoost,30.0,0.0000,0E-7,5.642462,0.587610,10.697313,32.2185,-0.399315,0.396514
20160209,2016-02-09,4,SAMPLE_ITEM_003,SAMPLE_ITEM_003,SAMPLE_HOUSEHOLD_1,2,SAMPLE_CA_1,CA,XGBOOST,XGBoost,30.0,0.0000,0E-7,4.748413,0.000000,9.803265,44.3977,-0.399315,0.369633
20160209,2016-02-09,4,SAMPLE_ITEM_003,SAMPLE_ITEM_003,SAMPLE_HOUSEHOLD_1,3,SAMPLE_TX_1,TX,XGBOOST,XGBoost,30.0,0.0000,0E-7,5.391593,0.336742,10.446445,50.4114,-0.399315,0.387339
20160209,2016-02-09,5,SAMPLE_ITEM_004,SAMPLE_ITEM_004,SAMPLE_HOBBIES_1,2,SAMPLE_CA_1,CA,XGBOOST,XGBoost,30.0,0.0000,0E-7,5.444040,0.389189,10.498892,38.2172,-0.399315,0.389280
20160209,2016-02-09,5,SAMPLE_ITEM_004,SAMPLE_ITEM_004,SAMPLE_HOBBIES_1,3,SAMPLE_TX_1,TX,XGBOOST,XGBoost,30.0,0.0000,0E-7,5.626821,0.571969,10.681673,39.5003,-0.399315,0.395950
20160210,2016-02-10,2,SAMPLE_ITEM_001,SAMPLE_ITEM_001,SAMPLE_FOODS_1,2,SAMPLE_CA_1,CA,XGBOOST,XGBoost,30.0,0.0000,0E-7,2.841101,0.000000,8.102358,11.7906,-0.399315,0.321607
20160210,2016-02-10,2,SAMPLE_ITEM_001,SAMPLE_ITEM_001,SAMPLE_FOODS_1,3,SAMPLE_TX_1,TX,XGBOOST,XGBoost,30.0,0.0000,0E-7,3.031623,0.000000,8.292880,12.5812,-0.399315,0.327123
20160210,2016-02-10,3,SAMPLE_ITEM_002,SAMPLE_ITEM_002,SAMPLE_FOODS_1,2,SAMPLE_CA_1,CA,XGBOOST,XGBoost,30.0,0.0000,0E-7,5.971872,0.710616,11.233129,34.0994,-0.399315,0.398521
20160210,2016-02-10,3,SAMPLE_ITEM_002,SAMPLE_ITEM_002,SAMPLE_FOODS_1,3,SAMPLE_TX_1,TX,XGBOOST,XGBoost,30.0,0.0000,0E-7,5.720338,0.459082,10.981595,32.6631,-0.399315,0.389746
20160210,2016-02-10,4,SAMPLE_ITEM_003,SAMPLE_ITEM_003,SAMPLE_HOUSEHOLD_1,2,SAMPLE_CA_1,CA,XGBOOST,XGBoost,30.0,0.0000,0E-7,4.622969,0.000000,9.884226,43.2248,-0.399315,0.362604
20160210,2016-02-10,4,SAMPLE_ITEM_003,SAMPLE_ITEM_003,SAMPLE_HOUSEHOLD_1,3,SAMPLE_TX_1,TX,XGBOOST,XGBoost,30.0,0.0000,0E-7,5.714345,0.453089,10.975601,53.4291,-0.399315,0.389534
20160210,2016-02-10,5,SAMPLE_ITEM_004,SAMPLE_ITEM_004,SAMPLE_HOBBIES_1,2,SAMPLE_CA_1,CA,XGBOOST,XGBoost,30.0,0.0000,0E-7,5.559356,0.298099,10.820612,39.0267,-0.399315,0.383995
20160210,2016-02-10,5,SAMPLE_ITEM_004,SAMPLE_ITEM_004,SAMPLE_HOBBIES_1,3,SAMPLE_TX_1,TX,XGBOOST,XGBoost,30.0,0.0000,0E-7,5.838096,0.576839,11.099352,40.9834,-0.399315,0.393886
20160211,2016-02-11,2,SAMPLE_ITEM_001,SAMPLE_ITEM_001,SAMPLE_FOODS_1,2,SAMPLE_CA_1,CA,XGBOOST,XGBoost,30.0,0.0000,0E-7,4.534499,0.000000,9.994363,18.8182,-0.399315,0.356401
20160211,2016-02-11,2,SAMPLE_ITEM_001,SAMPLE_ITEM_001,SAMPLE_FOODS_1,3,SAMPLE_TX_1,TX,XGBOOST,XGBoost,30.0,0.0000,0E-7,3.716536,0.000000,9.176400,15.4236,-0.399315,0.339492
20160211,2016-02-11,3,SAMPLE_ITEM_002,SAMPLE_ITEM_002,SAMPLE_FOODS_1,2,SAMPLE_CA_1,CA,XGBOOST,XGBoost,30.0,0.0000,0E-7,5.062742,0.000000,10.522606,28.9083,-0.399315,0.365548
20160211,2016-02-11,3,SAMPLE_ITEM_002,SAMPLE_ITEM_002,SAMPLE_FOODS_1,3,SAMPLE_TX_1,TX,XGBOOST,XGBoost,30.0,0.0000,0E-7,5.862079,0.402215,11.321942,33.4725,-0.399315,0.385904
20160211,2016-02-11,4,SAMPLE_ITEM_003,SAMPLE_ITEM_003,SAMPLE_HOUSEHOLD_1,2,SAMPLE_CA_1,CA,XGBOOST,XGBoost,30.0,0.0000,0E-7,4.976126,0.000000,10.435990,46.5268,-0.399315,0.364129
20160211,2016-02-11,4,SAMPLE_ITEM_003,SAMPLE_ITEM_003,SAMPLE_HOUSEHOLD_1,3,SAMPLE_TX_1,TX,XGBOOST,XGBoost,30.0,0.0000,0E-7,5.693678,0.233814,11.153542,53.2359,-0.399315,0.380033
20160211,2016-02-11,5,SAMPLE_ITEM_004,SAMPLE_ITEM_004,SAMPLE_HOBBIES_1,2,SAMPLE_CA_1,CA,XGBOOST,XGBoost,30.0,0.0000,0E-7,5.836097,0.376233,11.295961,40.9694,-0.399315,0.385006
20160211,2016-02-11,5,SAMPLE_ITEM_004,SAMPLE_ITEM_004,SAMPLE_HOBBIES_1,3,SAMPLE_TX_1,TX,XGBOOST,XGBoost,30.0,0.0000,0E-7,5.769135,0.309271,11.228998,40.4993,-0.399315,0.382678
20160212,2016-02-12,2,SAMPLE_ITEM_001,SAMPLE_ITEM_001,SAMPLE_FOODS_1,2,SAMPLE_CA_1,CA,XGBOOST,XGBoost,30.0,0.0000,0E-7,3.695047,0.000000,9.346543,15.3344,-0.399315,0.334367
20160212,2016-02-12,2,SAMPLE_ITEM_001,SAMPLE_ITEM_001,SAMPLE_FOODS_1,3,SAMPLE_TX_1,TX,XGBOOST,XGBoost,30.0,0.0000,0E-7,4.467539,0.000000,10.119035,18.5403,-0.399315,0.350785
20160212,2016-02-12,3,SAMPLE_ITEM_002,SAMPLE_ITEM_002,SAMPLE_FOODS_1,2,SAMPLE_CA_1,CA,XGBOOST,XGBoost,30.0,0.0000,0E-7,5.625983,0.000000,11.277479,32.1244,-0.399315,0.370095
20160212,2016-02-12,3,SAMPLE_ITEM_002,SAMPLE_ITEM_002,SAMPLE_FOODS_1,3,SAMPLE_TX_1,TX,XGBOOST,XGBoost,30.0,0.0000,0E-7,5.784778,0.133282,11.436274,33.0311,-0.399315,0.375103
20160212,2016-02-12,4,SAMPLE_ITEM_003,SAMPLE_ITEM_003,SAMPLE_HOUSEHOLD_1,2,SAMPLE_CA_1,CA,XGBOOST,XGBoost,30.0,0.0000,0E-7,5.162256,0.000000,10.813752,48.2671,-0.399315,0.362998
20160212,2016-02-12,4,SAMPLE_ITEM_003,SAMPLE_ITEM_003,SAMPLE_HOUSEHOLD_1,3,SAMPLE_TX_1,TX,XGBOOST,XGBoost,30.0,0.0000,0E-7,5.610820,0.000000,11.262316,52.4612,-0.399315,0.369875
20160212,2016-02-12,5,SAMPLE_ITEM_004,SAMPLE_ITEM_004,SAMPLE_HOBBIES_1,2,SAMPLE_CA_1,CA,XGBOOST,XGBoost,30.0,0.0000,0E-7,6.370227,0.718731,12.021723,44.7190,-0.399315,0.394695
20160212,2016-02-12,5,SAMPLE_ITEM_004,SAMPLE_ITEM_004,SAMPLE_HOBBIES_1,3,SAMPLE_TX_1,TX,XGBOOST,XGBoost,30.0,0.0000,0E-7,6.342169,0.690673,11.993665,44.5220,-0.399315,0.393784
20160213,2016-02-13,2,SAMPLE_ITEM_001,SAMPLE_ITEM_001,SAMPLE_FOODS_1,2,SAMPLE_CA_1,CA,XGBOOST,XGBoost,30.0,0.0000,0E-7,4.430034,0.000000,10.266874,18.3846,-0.399315,0.345930
20160213,2016-02-13,2,SAMPLE_ITEM_001,SAMPLE_ITEM_001,SAMPLE_FOODS_1,3,SAMPLE_TX_1,TX,XGBOOST,XGBoost,30.0,0.0000,0E-7,3.455897,0.000000,9.292737,14.3420,-0.399315,0.324097
20160213,2016-02-13,3,SAMPLE_ITEM_002,SAMPLE_ITEM_002,SAMPLE_FOODS_1,2,SAMPLE_CA_1,CA,XGBOOST,XGBoost,30.0,0.0000,0E-7,5.861206,0.024366,11.698046,33.4675,-0.399315,0.370178
20160213,2016-02-13,3,SAMPLE_ITEM_002,SAMPLE_ITEM_002,SAMPLE_FOODS_1,3,SAMPLE_TX_1,TX,XGBOOST,XGBoost,30.0,0.0000,0E-7,5.775680,0.000000,11.612520,32.9791,-0.399315,0.368480
20160213,2016-02-13,4,SAMPLE_ITEM_003,SAMPLE_ITEM_003,SAMPLE_HOUSEHOLD_1,2,SAMPLE_CA_1,CA,XGBOOST,XGBoost,30.0,0.0000,0E-7,4.995584,0.000000,10.832424,46.7087,-0.399315,0.356286
20160213,2016-02-13,4,SAMPLE_ITEM_003,SAMPLE_ITEM_003,SAMPLE_HOUSEHOLD_1,3,SAMPLE_TX_1,TX,XGBOOST,XGBoost,30.0,0.0000,0E-7,6.113087,0.276247,11.949927,57.1574,-0.399315,0.378622
20160213,2016-02-13,5,SAMPLE_ITEM_004,SAMPLE_ITEM_004,SAMPLE_HOBBIES_1,2,SAMPLE_CA_1,CA,XGBOOST,XGBoost,30.0,0.0000,0E-7,6.313558,0.476718,12.150398,44.3212,-0.399315,0.385183
20160213,2016-02-13,5,SAMPLE_ITEM_004,SAMPLE_ITEM_004,SAMPLE_HOBBIES_1,3,SAMPLE_TX_1,TX,XGBOOST,XGBoost,30.0,0.0000,0E-7,5.863288,0.026448,11.700128,41.1603,-0.399315,0.370249
20160214,2016-02-14,2,SAMPLE_ITEM_001,SAMPLE_ITEM_001,SAMPLE_FOODS_1,2,SAMPLE_CA_1,CA,XGBOOST,XGBoost,30.0,0.0000,0E-7,4.103134,0.000000,10.119611,17.0280,-0.399315,0.335231
20160214,2016-02-14,2,SAMPLE_ITEM_001,SAMPLE_ITEM_001,SAMPLE_FOODS_1,3,SAMPLE_TX_1,TX,XGBOOST,XGBoost,30.0,0.0000,0E-7,4.867277,0.000000,10.883754,20.1992,-0.399315,0.350264
20160214,2016-02-14,3,SAMPLE_ITEM_002,SAMPLE_ITEM_002,SAMPLE_FOODS_1,2,SAMPLE_CA_1,CA,XGBOOST,XGBoost,30.0,0.0000,0E-7,6.305277,0.288800,12.321754,36.0031,-0.399315,0.377763
20160214,2016-02-14,3,SAMPLE_ITEM_002,SAMPLE_ITEM_002,SAMPLE_FOODS_1,3,SAMPLE_TX_1,TX,XGBOOST,XGBoost,30.0,0.0000,0E-7,6.427202,0.410725,12.443679,36.6993,-0.399315,0.381662
20160214,2016-02-14,4,SAMPLE_ITEM_003,SAMPLE_ITEM_003,SAMPLE_HOUSEHOLD_1,2,SAMPLE_CA_1,CA,XGBOOST,XGBoost,30.0,0.0000,0E-7,6.334370,0.317893,12.350847,59.2264,-0.399315,0.378698
20160214,2016-02-14,4,SAMPLE_ITEM_003,SAMPLE_ITEM_003,SAMPLE_HOUSEHOLD_1,3,SAMPLE_TX_1,TX,XGBOOST,XGBoost,30.0,0.0000,0E-7,6.098866,0.082389,12.115342,57.0244,-0.399315,0.371050
20160214,2016-02-14,5,SAMPLE_ITEM_004,SAMPLE_ITEM_004,SAMPLE_HOBBIES_1,2,SAMPLE_CA_1,CA,XGBOOST,XGBoost,30.0,0.0000,0E-7,6.895343,0.878866,12.911820,48.4053,-0.399315,0.396188
20160214,2016-02-14,5,SAMPLE_ITEM_004,SAMPLE_ITEM_004,SAMPLE_HOBBIES_1,3,SAMPLE_TX_1,TX,XGBOOST,XGBoost,30.0,0.0000,0E-7,6.431301,0.414824,12.447778,45.1477,-0.399315,0.381792
20160215,2016-02-15,2,SAMPLE_ITEM_001,SAMPLE_ITEM_001,SAMPLE_FOODS_1,2,SAMPLE_CA_1,CA,XGBOOST,XGBoost,30.0,0.0000,0E-7,3.610065,0.000000,9.800968,14.9818,-0.399315,0.319898
20160215,2016-02-15,2,SAMPLE_ITEM_001,SAMPLE_ITEM_001,SAMPLE_FOODS_1,3,SAMPLE_TX_1,TX,XGBOOST,XGBoost,30.0,0.0000,0E-7,3.797966,0.000000,9.988869,15.7616,-0.399315,0.324476
20160215,2016-02-15,3,SAMPLE_ITEM_002,SAMPLE_ITEM_002,SAMPLE_FOODS_1,2,SAMPLE_CA_1,CA,XGBOOST,XGBoost,30.0,0.0000,0E-7,5.399408,0.000000,11.590312,30.8306,-0.399315,0.355726
20160215,2016-02-15,3,SAMPLE_ITEM_002,SAMPLE_ITEM_002,SAMPLE_FOODS_1,3,SAMPLE_TX_1,TX,XGBOOST,XGBoost,30.0,0.0000,0E-7,5.814123,0.000000,12.005026,33.1986,-0.399315,0.362085
20160215,2016-02-15,4,SAMPLE_ITEM_003,SAMPLE_ITEM_003,SAMPLE_HOUSEHOLD_1,2,SAMPLE_CA_1,CA,XGBOOST,XGBoost,30.0,0.0000,0E-7,5.041442,0.000000,11.232346,47.1375,-0.399315,0.349746
20160215,2016-02-15,4,SAMPLE_ITEM_003,SAMPLE_ITEM_003,SAMPLE_HOUSEHOLD_1,3,SAMPLE_TX_1,TX,XGBOOST,XGBoost,30.0,0.0000,0E-7,5.357985,0.000000,11.548889,50.0972,-0.399315,0.355058
20160215,2016-02-15,5,SAMPLE_ITEM_004,SAMPLE_ITEM_004,SAMPLE_HOBBIES_1,2,SAMPLE_CA_1,CA,XGBOOST,XGBoost,30.0,0.0000,0E-7,5.507651,0.000000,11.698555,38.6637,-0.399315,0.357441
20160215,2016-02-15,5,SAMPLE_ITEM_004,SAMPLE_ITEM_004,SAMPLE_HOBBIES_1,3,SAMPLE_TX_1,TX,XGBOOST,XGBoost,30.0,0.0000,0E-7,5.620341,0.000000,11.811245,39.4548,-0.399315,0.359185
20160216,2016-02-16,2,SAMPLE_ITEM_001,SAMPLE_ITEM_001,SAMPLE_FOODS_1,2,SAMPLE_CA_1,CA,XGBOOST,XGBoost,30.0,0.0000,0E-7,3.807715,0.000000,10.168264,15.8020,-0.399315,0.321028
20160216,2016-02-16,2,SAMPLE_ITEM_001,SAMPLE_ITEM_001,SAMPLE_FOODS_1,3,SAMPLE_TX_1,TX,XGBOOST,XGBoost,30.0,0.0000,0E-7,3.732502,0.000000,10.093051,15.4899,-0.399315,0.319213
20160216,2016-02-16,3,SAMPLE_ITEM_002,SAMPLE_ITEM_002,SAMPLE_FOODS_1,2,SAMPLE_CA_1,CA,XGBOOST,XGBoost,30.0,0.0000,0E-7,5.330600,0.000000,11.691149,30.4377,-0.399315,0.351276
20160216,2016-02-16,3,SAMPLE_ITEM_002,SAMPLE_ITEM_002,SAMPLE_FOODS_1,3,SAMPLE_TX_1,TX,XGBOOST,XGBoost,30.0,0.0000,0E-7,5.286720,0.000000,11.647269,30.1872,-0.399315,0.350548
20160216,2016-02-16,4,SAMPLE_ITEM_003,SAMPLE_ITEM_003,SAMPLE_HOUSEHOLD_1,2,SAMPLE_CA_1,CA,XGBOOST,XGBoost,30.0,0.0000,0E-7,5.103885,0.000000,11.464434,47.7213,-0.399315,0.347437
20160216,2016-02-16,4,SAMPLE_ITEM_003,SAMPLE_ITEM_003,SAMPLE_HOUSEHOLD_1,3,SAMPLE_TX_1,TX,XGBOOST,XGBoost,30.0,0.0000,0E-7,4.681329,0.000000,11.041878,43.7704,-0.399315,0.339727
20160216,2016-02-16,5,SAMPLE_ITEM_004,SAMPLE_ITEM_004,SAMPLE_HOBBIES_1,2,SAMPLE_CA_1,CA,XGBOOST,XGBoost,30.0,0.0000,0E-7,5.263306,0.000000,11.623855,36.9484,-0.399315,0.350157
20160216,2016-02-16,5,SAMPLE_ITEM_004,SAMPLE_ITEM_004,SAMPLE_HOBBIES_1,3,SAMPLE_TX_1,TX,XGBOOST,XGBoost,30.0,0.0000,0E-7,5.221776,0.000000,11.582325,36.6569,-0.399315,0.349457
20160217,2016-02-17,2,SAMPLE_ITEM_001,SAMPLE_ITEM_001,SAMPLE_FOODS_1,2,SAMPLE_CA_1,CA,XGBOOST,XGBoost,30.0,0.0000,0E-7,3.699425,0.000000,10.225210,15.3526,-0.399315,0.314877
20160217,2016-02-17,2,SAMPLE_ITEM_001,SAMPLE_ITEM_001,SAMPLE_FOODS_1,3,SAMPLE_TX_1,TX,XGBOOST,XGBoost,30.0,0.0000,0E-7,3.709853,0.000000,10.235638,15.3959,-0.399315,0.315135
20160217,2016-02-17,3,SAMPLE_ITEM_002,SAMPLE_ITEM_002,SAMPLE_FOODS_1,2,SAMPLE_CA_1,CA,XGBOOST,XGBoost,30.0,0.0000,0E-7,4.858497,0.000000,11.384282,27.7420,-0.399315,0.339765
20160217,2016-02-17,3,SAMPLE_ITEM_002,SAMPLE_ITEM_002,SAMPLE_FOODS_1,3,SAMPLE_TX_1,TX,XGBOOST,XGBoost,30.0,0.0000,0E-7,5.232245,0.000000,11.758031,29.8761,-0.399315,0.346423
20160217,2016-02-17,4,SAMPLE_ITEM_003,SAMPLE_ITEM_003,SAMPLE_HOUSEHOLD_1,2,SAMPLE_CA_1,CA,XGBOOST,XGBoost,30.0,0.0000,0E-7,4.827813,0.000000,11.353599,45.1401,-0.399315,0.339193
20160217,2016-02-17,4,SAMPLE_ITEM_003,SAMPLE_ITEM_003,SAMPLE_HOUSEHOLD_1,3,SAMPLE_TX_1,TX,XGBOOST,XGBoost,30.0,0.0000,0E-7,4.673098,0.000000,11.198884,43.6935,-0.399315,0.336244
20160217,2016-02-17,5,SAMPLE_ITEM_004,SAMPLE_ITEM_004,SAMPLE_HOBBIES_1,2,SAMPLE_CA_1,CA,XGBOOST,XGBoost,30.0,0.0000,0E-7,5.386676,0.000000,11.912461,37.8145,-0.399315,0.349015
20160217,2016-02-17,5,SAMPLE_ITEM_004,SAMPLE_ITEM_004,SAMPLE_HOBBIES_1,3,SAMPLE_TX_1,TX,XGBOOST,XGBoost,30.0,0.0000,0E-7,5.083016,0.000000,11.608801,35.6828,-0.399315,0.343832
20160218,2016-02-18,2,SAMPLE_ITEM_001,SAMPLE_ITEM_001,SAMPLE_FOODS_1,2,SAMPLE_CA_1,CA,XGBOOST,XGBoost,30.0,0.0000,0E-7,3.771378,0.000000,10.458318,15.6512,-0.399315,0.313294
20160218,2016-02-18,2,SAMPLE_ITEM_001,SAMPLE_ITEM_001,SAMPLE_FOODS_1,3,SAMPLE_TX_1,TX,XGBOOST,XGBoost,30.0,0.0000,0E-7,3.294569,0.000000,9.981510,13.6725,-0.399315,0.300823
20160218,2016-02-18,3,SAMPLE_ITEM_002,SAMPLE_ITEM_002,SAMPLE_FOODS_1,2,SAMPLE_CA_1,CA,XGBOOST,XGBoost,30.0,0.0000,0E-7,5.058747,0.000000,11.745687,28.8854,-0.399315,0.340294
20160218,2016-02-18,3,SAMPLE_ITEM_002,SAMPLE_ITEM_002,SAMPLE_FOODS_1,3,SAMPLE_TX_1,TX,XGBOOST,XGBoost,30.0,0.0000,0E-7,5.132619,0.000000,11.819559,29.3073,-0.399315,0.341609
20160218,2016-02-18,4,SAMPLE_ITEM_003,SAMPLE_ITEM_003,SAMPLE_HOUSEHOLD_1,2,SAMPLE_CA_1,CA,XGBOOST,XGBoost,30.0,0.0000,0E-7,4.801373,0.000000,11.488313,44.8928,-0.399315,0.335540
20160218,2016-02-18,4,SAMPLE_ITEM_003,SAMPLE_ITEM_003,SAMPLE_HOUSEHOLD_1,3,SAMPLE_TX_1,TX,XGBOOST,XGBoost,30.0,0.0000,0E-7,4.624623,0.000000,11.311563,43.2402,-0.399315,0.332107
20160218,2016-02-18,5,SAMPLE_ITEM_004,SAMPLE_ITEM_004,SAMPLE_HOBBIES_1,2,SAMPLE_CA_1,CA,XGBOOST,XGBoost,30.0,0.0000,0E-7,5.274992,0.000000,11.961932,37.0304,-0.399315,0.344082
20160218,2016-02-18,5,SAMPLE_ITEM_004,SAMPLE_ITEM_004,SAMPLE_HOBBIES_1,3,SAMPLE_TX_1,TX,XGBOOST,XGBoost,30.0,0.0000,0E-7,5.363533,0.000000,12.050474,37.6520,-0.399315,0.345581
20160219,2016-02-19,2,SAMPLE_ITEM_001,SAMPLE_ITEM_001,SAMPLE_FOODS_1,2,SAMPLE_CA_1,CA,XGBOOST,XGBoost,30.0,0.0000,0E-7,3.563112,0.000000,10.407413,14.7869,-0.399315,0.304806
20160219,2016-02-19,2,SAMPLE_ITEM_001,SAMPLE_ITEM_001,SAMPLE_FOODS_1,3,SAMPLE_TX_1,TX,XGBOOST,XGBoost,30.0,0.0000,0E-7,3.658347,0.000000,10.502648,15.1821,-0.399315,0.307259
20160219,2016-02-19,3,SAMPLE_ITEM_002,SAMPLE_ITEM_002,SAMPLE_FOODS_1,2,SAMPLE_CA_1,CA,XGBOOST,XGBoost,30.0,0.0000,0E-7,4.896126,0.000000,11.740428,27.9569,-0.399315,0.334313
20160219,2016-02-19,3,SAMPLE_ITEM_002,SAMPLE_ITEM_002,SAMPLE_FOODS_1,3,SAMPLE_TX_1,TX,XGBOOST,XGBoost,30.0,0.0000,0E-7,5.305601,0.000000,12.149902,30.2950,-0.399315,0.341665
20160219,2016-02-19,4,SAMPLE_ITEM_003,SAMPLE_ITEM_003,SAMPLE_HOUSEHOLD_1,2,SAMPLE_CA_1,CA,XGBOOST,XGBoost,30.0,0.0000,0E-7,4.674135,0.000000,11.518437,43.7032,-0.399315,0.330034
20160219,2016-02-19,4,SAMPLE_ITEM_003,SAMPLE_ITEM_003,SAMPLE_HOUSEHOLD_1,3,SAMPLE_TX_1,TX,XGBOOST,XGBoost,30.0,0.0000,0E-7,4.548067,0.000000,11.392368,42.5244,-0.399315,0.327504
20160219,2016-02-19,5,SAMPLE_ITEM_004,SAMPLE_ITEM_004,SAMPLE_HOBBIES_1,2,SAMPLE_CA_1,CA,XGBOOST,XGBoost,30.0,0.0000,0E-7,5.606170,0.000000,12.450471,39.3553,-0.399315,0.346660
20160219,2016-02-19,5,SAMPLE_ITEM_004,SAMPLE_ITEM_004,SAMPLE_HOBBIES_1,3,SAMPLE_TX_1,TX,XGBOOST,XGBoost,30.0,0.0000,0E-7,5.636261,0.000000,12.480562,39.5666,-0.399315,0.347142
20160220,2016-02-20,2,SAMPLE_ITEM_001,SAMPLE_ITEM_001,SAMPLE_FOODS_1,2,SAMPLE_CA_1,CA,XGBOOST,XGBoost,30.0,0.0000,0E-7,3.769935,0.000000,10.768061,15.6452,-0.399315,0.306985
20160220,2016-02-20,2,SAMPLE_ITEM_001,SAMPLE_ITEM_001,SAMPLE_FOODS_1,3,SAMPLE_TX_1,TX,XGBOOST,XGBoost,30.0,0.0000,0E-7,3.685874,0.000000,10.683999,15.2964,-0.399315,0.304874
20160220,2016-02-20,3,SAMPLE_ITEM_002,SAMPLE_ITEM_002,SAMPLE_FOODS_1,2,SAMPLE_CA_1,CA,XGBOOST,XGBoost,30.0,0.0000,0E-7,4.542109,0.000000,11.540234,25.9354,-0.399315,0.324435
20160220,2016-02-20,3,SAMPLE_ITEM_002,SAMPLE_ITEM_002,SAMPLE_FOODS_1,3,SAMPLE_TX_1,TX,XGBOOST,XGBoost,30.0,0.0000,0E-7,5.194566,0.000000,12.192691,29.6610,-0.399315,0.336895
20160220,2016-02-20,4,SAMPLE_ITEM_003,SAMPLE_ITEM_003,SAMPLE_HOUSEHOLD_1,2,SAMPLE_CA_1,CA,XGBOOST,XGBoost,30.0,0.0000,0E-7,4.936495,0.000000,11.934621,46.1562,-0.399315,0.332184
20160220,2016-02-20,4,SAMPLE_ITEM_003,SAMPLE_ITEM_003,SAMPLE_HOUSEHOLD_1,3,SAMPLE_TX_1,TX,XGBOOST,XGBoost,30.0,0.0000,0E-7,4.649426,0.000000,11.647551,43.4721,-0.399315,0.326613
20160220,2016-02-20,5,SAMPLE_ITEM_004,SAMPLE_ITEM_004,SAMPLE_HOBBIES_1,2,SAMPLE_CA_1,CA,XGBOOST,XGBoost,30.0,0.0000,0E-7,5.598977,0.000000,12.597102,39.3048,-0.399315,0.343767
20160220,2016-02-20,5,SAMPLE_ITEM_004,SAMPLE_ITEM_004,SAMPLE_HOBBIES_1,3,SAMPLE_TX_1,TX,XGBOOST,XGBoost,30.0,0.0000,0E-7,5.629661,0.000000,12.627786,39.5202,-0.399315,0.344265
20160221,2016-02-21,2,SAMPLE_ITEM_001,SAMPLE_ITEM_001,SAMPLE_FOODS_1,2,SAMPLE_CA_1,CA,XGBOOST,XGBoost,30.0,0.0000,0E-7,3.944021,0.000000,11.092661,16.3677,-0.399315,0.308295
20160221,2016-02-21,2,SAMPLE_ITEM_001,SAMPLE_ITEM_001,SAMPLE_FOODS_1,3,SAMPLE_TX_1,TX,XGBOOST,XGBoost,30.0,0.0000,0E-7,4.100927,0.000000,11.249567,17.0188,-0.399315,0.311974
20160221,2016-02-21,3,SAMPLE_ITEM_002,SAMPLE_ITEM_002,SAMPLE_FOODS_1,2,SAMPLE_CA_1,CA,XGBOOST,XGBoost,30.0,0.0000,0E-7,5.441368,0.000000,12.590007,31.0702,-0.399315,0.338460
20160221,2016-02-21,3,SAMPLE_ITEM_002,SAMPLE_ITEM_002,SAMPLE_FOODS_1,3,SAMPLE_TX_1,TX,XGBOOST,XGBoost,30.0,0.0000,0E-7,5.400255,0.000000,12.548895,30.8355,-0.399315,0.337759
20160221,2016-02-21,4,SAMPLE_ITEM_003,SAMPLE_ITEM_003,SAMPLE_HOUSEHOLD_1,2,SAMPLE_CA_1,CA,XGBOOST,XGBoost,30.0,0.0000,0E-7,5.256778,0.000000,12.405418,49.1509,-0.399315,0.335265
20160221,2016-02-21,4,SAMPLE_ITEM_003,SAMPLE_ITEM_003,SAMPLE_HOUSEHOLD_1,3,SAMPLE_TX_1,TX,XGBOOST,XGBoost,30.0,0.0000,0E-7,4.726197,0.000000,11.874837,44.1899,-0.399315,0.325333
20160221,2016-02-21,5,SAMPLE_ITEM_004,SAMPLE_ITEM_004,SAMPLE_HOBBIES_1,2,SAMPLE_CA_1,CA,XGBOOST,XGBoost,30.0,0.0000,0E-7,6.158091,0.000000,13.306730,43.2298,-0.399315,0.349775
20160221,2016-02-21,5,SAMPLE_ITEM_004,SAMPLE_ITEM_004,SAMPLE_HOBBIES_1,3,SAMPLE_TX_1,TX,XGBOOST,XGBoost,30.0,0.0000,0E-7,6.422611,0.000000,13.571251,45.0867,-0.399315,0.353561
20160222,2016-02-22,2,SAMPLE_ITEM_001,SAMPLE_ITEM_001,SAMPLE_FOODS_1,2,SAMPLE_CA_1,CA,XGBOOST,XGBoost,30.0,0.0000,0E-7,3.307070,0.000000,10.603120,13.7243,-0.399315,0.288868
20160222,2016-02-22,2,SAMPLE_ITEM_001,SAMPLE_ITEM_001,SAMPLE_FOODS_1,3,SAMPLE_TX_1,TX,XGBOOST,XGBoost,30.0,0.0000,0E-7,2.794997,0.000000,10.091046,11.5992,-0.399315,0.273296
20160222,2016-02-22,3,SAMPLE_ITEM_002,SAMPLE_ITEM_002,SAMPLE_FOODS_1,2,SAMPLE_CA_1,CA,XGBOOST,XGBoost,30.0,0.0000,0E-7,4.630511,0.000000,11.926561,26.4402,-0.399315,0.320698
20160222,2016-02-22,3,SAMPLE_ITEM_002,SAMPLE_ITEM_002,SAMPLE_FOODS_1,3,SAMPLE_TX_1,TX,XGBOOST,XGBoost,30.0,0.0000,0E-7,4.662127,0.000000,11.958176,26.6207,-0.399315,0.321341
20160222,2016-02-22,4,SAMPLE_ITEM_003,SAMPLE_ITEM_003,SAMPLE_HOUSEHOLD_1,2,SAMPLE_CA_1,CA,XGBOOST,XGBoost,30.0,0.0000,0E-7,3.957038,0.000000,11.253088,36.9983,-0.399315,0.305799
20160222,2016-02-22,4,SAMPLE_ITEM_003,SAMPLE_ITEM_003,SAMPLE_HOUSEHOLD_1,3,SAMPLE_TX_1,TX,XGBOOST,XGBoost,30.0,0.0000,0E-7,3.914913,0.000000,11.210963,36.6044,-0.399315,0.304784
20160222,2016-02-22,5,SAMPLE_ITEM_004,SAMPLE_ITEM_004,SAMPLE_HOBBIES_1,2,SAMPLE_CA_1,CA,XGBOOST,XGBoost,30.0,0.0000,0E-7,4.738922,0.000000,12.034972,33.2672,-0.399315,0.322885
20160222,2016-02-22,5,SAMPLE_ITEM_004,SAMPLE_ITEM_004,SAMPLE_HOBBIES_1,3,SAMPLE_TX_1,TX,XGBOOST,XGBoost,30.0,0.0000,0E-7,4.787682,0.000000,12.083732,33.6095,-0.399315,0.323851
20160223,2016-02-23,2,SAMPLE_ITEM_001,SAMPLE_ITEM_001,SAMPLE_FOODS_1,2,SAMPLE_CA_1,CA,XGBOOST,XGBoost,30.0,0.0000,0E-7,3.165967,0.000000,10.606507,13.1388,-0.399315,0.282009
20160223,2016-02-23,2,SAMPLE_ITEM_001,SAMPLE_ITEM_001,SAMPLE_FOODS_1,3,SAMPLE_TX_1,TX,XGBOOST,XGBoost,30.0,0.0000,0E-7,4.390779,0.000000,11.831319,18.2217,-0.399315,0.313015
20160223,2016-02-23,3,SAMPLE_ITEM_002,SAMPLE_ITEM_002,SAMPLE_FOODS_1,2,SAMPLE_CA_1,CA,XGBOOST,XGBoost,30.0,0.0000,0E-7,4.067006,0.000000,11.507546,23.2226,-0.399315,0.305710
20160223,2016-02-23,3,SAMPLE_ITEM_002,SAMPLE_ITEM_002,SAMPLE_FOODS_1,3,SAMPLE_TX_1,TX,XGBOOST,XGBoost,30.0,0.0000,0E-7,4.664631,0.000000,12.105171,26.6350,-0.399315,0.318779
20160223,2016-02-23,4,SAMPLE_ITEM_003,SAMPLE_ITEM_003,SAMPLE_HOUSEHOLD_1,2,SAMPLE_CA_1,CA,XGBOOST,XGBoost,30.0,0.0000,0E-7,4.158834,0.000000,11.599374,38.8851,-0.399315,0.307839
20160223,2016-02-23,4,SAMPLE_ITEM_003,SAMPLE_ITEM_003,SAMPLE_HOUSEHOLD_1,3,SAMPLE_TX_1,TX,XGBOOST,XGBoost,30.0,0.0000,0E-7,4.175067,0.000000,11.615607,39.0369,-0.399315,0.308211
20160223,2016-02-23,5,SAMPLE_ITEM_004,SAMPLE_ITEM_004,SAMPLE_HOBBIES_1,2,SAMPLE_CA_1,CA,XGBOOST,XGBoost,30.0,0.0000,0E-7,4.827477,0.000000,12.268018,33.8889,-0.399315,0.322040
20160223,2016-02-23,5,SAMPLE_ITEM_004,SAMPLE_ITEM_004,SAMPLE_HOBBIES_1,3,SAMPLE_TX_1,TX,XGBOOST,XGBoost,30.0,0.0000,0E-7,4.843482,0.000000,12.284022,34.0012,-0.399315,0.322354
20160224,2016-02-24,2,SAMPLE_ITEM_001,SAMPLE_ITEM_001,SAMPLE_FOODS_1,2,SAMPLE_CA_1,CA,XGBOOST,XGBoost,30.0,0.0000,0E-7,2.967869,0.000000,10.550147,12.3167,-0.399315,0.273307
20160224,2016-02-24,2,SAMPLE_ITEM_001,SAMPLE_ITEM_001,SAMPLE_FOODS_1,3,SAMPLE_TX_1,TX,XGBOOST,XGBoost,30.0,0.0000,0E-7,2.489794,0.000000,10.072072,10.3326,-0.399315,0.257324
20160224,2016-02-24,3,SAMPLE_ITEM_002,SAMPLE_ITEM_002,SAMPLE_FOODS_1,2,SAMPLE_CA_1,CA,XGBOOST,XGBoost,30.0,0.0000,0E-7,4.170381,0.000000,11.752659,23.8129,-0.399315,0.305523
20160224,2016-02-24,3,SAMPLE_ITEM_002,SAMPLE_ITEM_002,SAMPLE_FOODS_1,3,SAMPLE_TX_1,TX,XGBOOST,XGBoost,30.0,0.0000,0E-7,4.642578,0.000000,12.224856,26.5091,-0.399315,0.315802
20160224,2016-02-24,4,SAMPLE_ITEM_003,SAMPLE_ITEM_003,SAMPLE_HOUSEHOLD_1,2,SAMPLE_CA_1,CA,XGBOOST,XGBoost,30.0,0.0000,0E-7,3.928156,0.000000,11.510433,36.7283,-0.399315,0.299792
20160224,2016-02-24,4,SAMPLE_ITEM_003,SAMPLE_ITEM_003,SAMPLE_HOUSEHOLD_1,3,SAMPLE_TX_1,TX,XGBOOST,XGBoost,30.0,0.0000,0E-7,3.838842,0.000000,11.421119,35.8932,-0.399315,0.297592
20160224,2016-02-24,5,SAMPLE_ITEM_004,SAMPLE_ITEM_004,SAMPLE_HOBBIES_1,2,SAMPLE_CA_1,CA,XGBOOST,XGBoost,30.0,0.0000,0E-7,4.821375,0.000000,12.403652,33.8461,-0.399315,0.319417
20160224,2016-02-24,5,SAMPLE_ITEM_004,SAMPLE_ITEM_004,SAMPLE_HOBBIES_1,3,SAMPLE_TX_1,TX,XGBOOST,XGBoost,30.0,0.0000,0E-7,4.837379,0.000000,12.419657,33.9584,-0.399315,0.319733
20160225,2016-02-25,2,SAMPLE_ITEM_001,SAMPLE_ITEM_001,SAMPLE_FOODS_1,2,SAMPLE_CA_1,CA,XGBOOST,XGBoost,30.0,0.0000,0E-7,3.861443,0.000000,11.582856,16.0250,-0.399315,0.295631
20160225,2016-02-25,2,SAMPLE_ITEM_001,SAMPLE_ITEM_001,SAMPLE_FOODS_1,3,SAMPLE_TX_1,TX,XGBOOST,XGBoost,30.0,0.0000,0E-7,3.822162,0.000000,11.543576,15.8620,-0.399315,0.294650
20160225,2016-02-25,3,SAMPLE_ITEM_002,SAMPLE_ITEM_002,SAMPLE_FOODS_1,2,SAMPLE_CA_1,CA,XGBOOST,XGBoost,30.0,0.0000,0E-7,3.998436,0.000000,11.719850,22.8311,-0.399315,0.298980
20160225,2016-02-25,3,SAMPLE_ITEM_002,SAMPLE_ITEM_002,SAMPLE_FOODS_1,3,SAMPLE_TX_1,TX,XGBOOST,XGBoost,30.0,0.0000,0E-7,4.596472,0.000000,12.317885,26.2459,-0.399315,0.312401
20160225,2016-02-25,4,SAMPLE_ITEM_003,SAMPLE_ITEM_003,SAMPLE_HOUSEHOLD_1,2,SAMPLE_CA_1,CA,XGBOOST,XGBoost,30.0,0.0000,0E-7,4.280433,0.000000,12.001846,40.0220,-0.399315,0.305540
20160225,2016-02-25,4,SAMPLE_ITEM_003,SAMPLE_ITEM_003,SAMPLE_HOUSEHOLD_1,3,SAMPLE_TX_1,TX,XGBOOST,XGBoost,30.0,0.0000,0E-7,4.174464,0.000000,11.895877,39.0312,-0.399315,0.303126
20160225,2016-02-25,5,SAMPLE_ITEM_004,SAMPLE_ITEM_004,SAMPLE_HOBBIES_1,2,SAMPLE_CA_1,CA,XGBOOST,XGBoost,30.0,0.0000,0E-7,4.787393,0.000000,12.508807,33.6075,-0.399315,0.316317
20160225,2016-02-25,5,SAMPLE_ITEM_004,SAMPLE_ITEM_004,SAMPLE_HOBBIES_1,3,SAMPLE_TX_1,TX,XGBOOST,XGBoost,30.0,0.0000,0E-7,4.803398,0.000000,12.524811,33.7199,-0.399315,0.316637
20160226,2016-02-26,2,SAMPLE_ITEM_001,SAMPLE_ITEM_001,SAMPLE_FOODS_1,2,SAMPLE_CA_1,CA,XGBOOST,XGBoost,30.0,0.0000,0E-7,3.141611,0.000000,10.999698,13.0377,-0.399315,0.273531
20160226,2016-02-26,2,SAMPLE_ITEM_001,SAMPLE_ITEM_001,SAMPLE_FOODS_1,3,SAMPLE_TX_1,TX,XGBOOST,XGBoost,30.0,0.0000,0E-7,3.249410,0.000000,11.107497,13.4851,-0.399315,0.276710
20160226,2016-02-26,3,SAMPLE_ITEM_002,SAMPLE_ITEM_002,SAMPLE_FOODS_1,2,SAMPLE_CA_1,CA,XGBOOST,XGBoost,30.0,0.0000,0E-7,4.657979,0.000000,12.516065,26.5971,-0.399315,0.311322
20160226,2016-02-26,3,SAMPLE_ITEM_002,SAMPLE_ITEM_002,SAMPLE_FOODS_1,3,SAMPLE_TX_1,TX,XGBOOST,XGBoost,30.0,0.0000,0E-7,4.163106,0.000000,12.021193,23.7713,-0.399315,0.300455
20160226,2016-02-26,4,SAMPLE_ITEM_003,SAMPLE_ITEM_003,SAMPLE_HOUSEHOLD_1,2,SAMPLE_CA_1,CA,XGBOOST,XGBoost,30.0,0.0000,0E-7,4.066380,0.000000,11.924466,38.0207,-0.399315,0.298183
20160226,2016-02-26,4,SAMPLE_ITEM_003,SAMPLE_ITEM_003,SAMPLE_HOUSEHOLD_1,3,SAMPLE_TX_1,TX,XGBOOST,XGBoost,30.0,0.0000,0E-7,4.058005,0.000000,11.916092,37.9423,-0.399315,0.297984
20160226,2016-02-26,5,SAMPLE_ITEM_004,SAMPLE_ITEM_004,SAMPLE_HOBBIES_1,2,SAMPLE_CA_1,CA,XGBOOST,XGBoost,30.0,0.0000,0E-7,4.950286,0.000000,12.808373,34.7510,-0.399315,0.317202
20160226,2016-02-26,5,SAMPLE_ITEM_004,SAMPLE_ITEM_004,SAMPLE_HOBBIES_1,3,SAMPLE_TX_1,TX,XGBOOST,XGBoost,30.0,0.0000,0E-7,4.966291,0.000000,12.824377,34.8634,-0.399315,0.317514
20160227,2016-02-27,2,SAMPLE_ITEM_001,SAMPLE_ITEM_001,SAMPLE_FOODS_1,2,SAMPLE_CA_1,CA,XGBOOST,XGBoost,30.0,0.0000,0E-7,3.176847,0.000000,11.169269,13.1839,-0.399315,0.272176
20160227,2016-02-27,2,SAMPLE_ITEM_001,SAMPLE_ITEM_001,SAMPLE_FOODS_1,3,SAMPLE_TX_1,TX,XGBOOST,XGBoost,30.0,0.0000,0E-7,3.137567,0.000000,11.129989,13.0209,-0.399315,0.271004
20160227,2016-02-27,3,SAMPLE_ITEM_002,SAMPLE_ITEM_002,SAMPLE_FOODS_1,2,SAMPLE_CA_1,CA,XGBOOST,XGBoost,30.0,0.0000,0E-7,4.106733,0.000000,12.099155,23.4494,-0.399315,0.296801
20160227,2016-02-27,3,SAMPLE_ITEM_002,SAMPLE_ITEM_002,SAMPLE_FOODS_1,3,SAMPLE_TX_1,TX,XGBOOST,XGBoost,30.0,0.0000,0E-7,3.928465,0.000000,11.920887,22.4315,-0.399315,0.292502
20160227,2016-02-27,4,SAMPLE_ITEM_003,SAMPLE_ITEM_003,SAMPLE_HOUSEHOLD_1,2,SAMPLE_CA_1,CA,XGBOOST,XGBoost,30.0,0.0000,0E-7,3.884358,0.000000,11.876781,36.3188,-0.399315,0.291410
20160227,2016-02-27,4,SAMPLE_ITEM_003,SAMPLE_ITEM_003,SAMPLE_HOUSEHOLD_1,3,SAMPLE_TX_1,TX,XGBOOST,XGBoost,30.0,0.0000,0E-7,3.826214,0.000000,11.818636,35.7751,-0.399315,0.289952
20160227,2016-02-27,5,SAMPLE_ITEM_004,SAMPLE_ITEM_004,SAMPLE_HOBBIES_1,2,SAMPLE_CA_1,CA,XGBOOST,XGBoost,30.0,0.0000,0E-7,4.945020,0.000000,12.937442,34.7140,-0.399315,0.314843
20160227,2016-02-27,5,SAMPLE_ITEM_004,SAMPLE_ITEM_004,SAMPLE_HOBBIES_1,3,SAMPLE_TX_1,TX,XGBOOST,XGBoost,30.0,0.0000,0E-7,4.991018,0.000000,12.983440,35.0369,-0.399315,0.315741
20160228,2016-02-28,2,SAMPLE_ITEM_001,SAMPLE_ITEM_001,SAMPLE_FOODS_1,2,SAMPLE_CA_1,CA,XGBOOST,XGBoost,90.0,0.0000,0E-7,3.761241,0.000000,11.885779,15.6092,-0.399315,0.286012
20160228,2016-02-28,2,SAMPLE_ITEM_001,SAMPLE_ITEM_001,SAMPLE_FOODS_1,3,SAMPLE_TX_1,TX,XGBOOST,XGBoost,90.0,0.0000,0E-7,3.743767,0.000000,11.868304,15.5366,-0.399315,0.285561
20160228,2016-02-28,3,SAMPLE_ITEM_002,SAMPLE_ITEM_002,SAMPLE_FOODS_1,2,SAMPLE_CA_1,CA,XGBOOST,XGBoost,90.0,0.0000,0E-7,4.990001,0.000000,13.114538,28.4929,-0.399315,0.313538
20160228,2016-02-28,3,SAMPLE_ITEM_002,SAMPLE_ITEM_002,SAMPLE_FOODS_1,3,SAMPLE_TX_1,TX,XGBOOST,XGBoost,90.0,0.0000,0E-7,5.472304,0.000000,13.596841,31.2469,-0.399315,0.322500
20160228,2016-02-28,4,SAMPLE_ITEM_003,SAMPLE_ITEM_003,SAMPLE_HOUSEHOLD_1,2,SAMPLE_CA_1,CA,XGBOOST,XGBoost,90.0,0.0000,0E-7,5.430746,0.000000,13.555283,50.7775,-0.399315,0.321762
20160228,2016-02-28,4,SAMPLE_ITEM_003,SAMPLE_ITEM_003,SAMPLE_HOUSEHOLD_1,3,SAMPLE_TX_1,TX,XGBOOST,XGBoost,90.0,0.0000,0E-7,5.463213,0.000000,13.587750,51.0810,-0.399315,0.322339
20160228,2016-02-28,5,SAMPLE_ITEM_004,SAMPLE_ITEM_004,SAMPLE_HOBBIES_1,2,SAMPLE_CA_1,CA,XGBOOST,XGBoost,90.0,0.0000,0E-7,5.705104,0.000000,13.829641,40.0498,-0.399315,0.326525
20160228,2016-02-28,5,SAMPLE_ITEM_004,SAMPLE_ITEM_004,SAMPLE_HOBBIES_1,3,SAMPLE_TX_1,TX,XGBOOST,XGBoost,90.0,0.0000,0E-7,5.721108,0.000000,13.845646,40.1622,-0.399315,0.326795
20160229,2016-02-29,2,SAMPLE_ITEM_001,SAMPLE_ITEM_001,SAMPLE_FOODS_1,2,SAMPLE_CA_1,CA,XGBOOST,XGBoost,90.0,0.0000,0E-7,3.159991,0.000000,11.414529,13.1140,-0.399315,0.267102
20160229,2016-02-29,2,SAMPLE_ITEM_001,SAMPLE_ITEM_001,SAMPLE_FOODS_1,3,SAMPLE_TX_1,TX,XGBOOST,XGBoost,90.0,0.0000,0E-7,3.061922,0.000000,11.316460,12.7070,-0.399315,0.264132
20160229,2016-02-29,3,SAMPLE_ITEM_002,SAMPLE_ITEM_002,SAMPLE_FOODS_1,2,SAMPLE_CA_1,CA,XGBOOST,XGBoost,90.0,0.0000,0E-7,4.363614,0.000000,12.618152,24.9162,-0.399315,0.298281
20160229,2016-02-29,3,SAMPLE_ITEM_002,SAMPLE_ITEM_002,SAMPLE_FOODS_1,3,SAMPLE_TX_1,TX,XGBOOST,XGBoost,90.0,0.0000,0E-7,4.347668,0.000000,12.602206,24.8252,-0.399315,0.297922
20160229,2016-02-29,4,SAMPLE_ITEM_003,SAMPLE_ITEM_003,SAMPLE_HOUSEHOLD_1,2,SAMPLE_CA_1,CA,XGBOOST,XGBoost,90.0,0.0000,0E-7,4.093135,0.000000,12.347674,38.2708,-0.399315,0.292024
20160229,2016-02-29,4,SAMPLE_ITEM_003,SAMPLE_ITEM_003,SAMPLE_HOUSEHOLD_1,3,SAMPLE_TX_1,TX,XGBOOST,XGBoost,90.0,0.0000,0E-7,4.082888,0.000000,12.337426,38.1750,-0.399315,0.291779
20160229,2016-02-29,5,SAMPLE_ITEM_004,SAMPLE_ITEM_004,SAMPLE_HOBBIES_1,2,SAMPLE_CA_1,CA,XGBOOST,XGBoost,90.0,0.0000,0E-7,4.549239,0.000000,12.803777,31.9357,-0.399315,0.302361
20160229,2016-02-29,5,SAMPLE_ITEM_004,SAMPLE_ITEM_004,SAMPLE_HOBBIES_1,3,SAMPLE_TX_1,TX,XGBOOST,XGBoost,90.0,0.0000,0E-7,4.532738,0.000000,12.787276,31.8198,-0.399315,0.302005
20160301,2016-03-01,2,SAMPLE_ITEM_001,SAMPLE_ITEM_001,SAMPLE_FOODS_1,2,SAMPLE_CA_1,CA,XGBOOST,XGBoost,90.0,0.0000,0E-7,4.149610,0.000000,12.532133,17.2209,-0.399315,0.291239
20160301,2016-03-01,2,SAMPLE_ITEM_001,SAMPLE_ITEM_001,SAMPLE_FOODS_1,3,SAMPLE_TX_1,TX,XGBOOST,XGBoost,90.0,0.0000,0E-7,4.411407,0.000000,12.793930,18.3073,-0.399315,0.297243
20160301,2016-03-01,3,SAMPLE_ITEM_002,SAMPLE_ITEM_002,SAMPLE_FOODS_1,2,SAMPLE_CA_1,CA,XGBOOST,XGBoost,90.0,0.0000,0E-7,5.017530,0.000000,13.400054,28.6501,-0.399315,0.309901
20160301,2016-03-01,3,SAMPLE_ITEM_002,SAMPLE_ITEM_002,SAMPLE_FOODS_1,3,SAMPLE_TX_1,TX,XGBOOST,XGBoost,90.0,0.0000,0E-7,5.237738,0.000000,13.620261,29.9075,-0.399315,0.314117
20160301,2016-03-01,4,SAMPLE_ITEM_003,SAMPLE_ITEM_003,SAMPLE_HOUSEHOLD_1,2,SAMPLE_CA_1,CA,XGBOOST,XGBoost,90.0,0.0000,0E-7,4.707296,0.000000,13.089820,44.0132,-0.399315,0.303626
20160301,2016-03-01,4,SAMPLE_ITEM_003,SAMPLE_ITEM_003,SAMPLE_HOUSEHOLD_1,3,SAMPLE_TX_1,TX,XGBOOST,XGBoost,90.0,0.0000,0E-7,5.146942,0.000000,13.529465,48.1239,-0.399315,0.312402
20160301,2016-03-01,5,SAMPLE_ITEM_004,SAMPLE_ITEM_004,SAMPLE_HOBBIES_1,2,SAMPLE_CA_1,CA,XGBOOST,XGBoost,90.0,0.0000,0E-7,5.278812,0.000000,13.661335,37.0573,-0.399315,0.314883
20160301,2016-03-01,5,SAMPLE_ITEM_004,SAMPLE_ITEM_004,SAMPLE_HOBBIES_1,3,SAMPLE_TX_1,TX,XGBOOST,XGBoost,90.0,0.0000,0E-7,5.442362,0.000000,13.824885,38.2054,-0.399315,0.317871
20160302,2016-03-02,2,SAMPLE_ITEM_001,SAMPLE_ITEM_001,SAMPLE_FOODS_1,2,SAMPLE_CA_1,CA,XGBOOST,XGBoost,90.0,0.0000,0E-7,3.237925,0.000000,11.746509,13.4374,-0.399315,0.265128
20160302,2016-03-02,2,SAMPLE_ITEM_001,SAMPLE_ITEM_001,SAMPLE_FOODS_1,3,SAMPLE_TX_1,TX,XGBOOST,XGBoost,90.0,0.0000,0E-7,3.425827,0.000000,11.934410,14.2172,-0.399315,0.270523
20160302,2016-03-02,3,SAMPLE_ITEM_002,SAMPLE_ITEM_002,SAMPLE_FOODS_1,2,SAMPLE_CA_1,CA,XGBOOST,XGBoost,90.0,0.0000,0E-7,5.033847,0.000000,13.542431,28.7433,-0.399315,0.308222
20160302,2016-03-02,3,SAMPLE_ITEM_002,SAMPLE_ITEM_002,SAMPLE_FOODS_1,3,SAMPLE_TX_1,TX,XGBOOST,XGBoost,90.0,0.0000,0E-7,5.243710,0.000000,13.752293,29.9416,-0.399315,0.312248
20160302,2016-03-02,4,SAMPLE_ITEM_003,SAMPLE_ITEM_003,SAMPLE_HOUSEHOLD_1,2,SAMPLE_CA_1,CA,XGBOOST,XGBoost,90.0,0.0000,0E-7,4.922654,0.000000,13.431237,46.0268,-0.399315,0.306019
20160302,2016-03-02,4,SAMPLE_ITEM_003,SAMPLE_ITEM_003,SAMPLE_HOUSEHOLD_1,3,SAMPLE_TX_1,TX,XGBOOST,XGBoost,90.0,0.0000,0E-7,5.083703,0.000000,13.592286,47.5326,-0.399315,0.309194
20160302,2016-03-02,5,SAMPLE_ITEM_004,SAMPLE_ITEM_004,SAMPLE_HOBBIES_1,2,SAMPLE_CA_1,CA,XGBOOST,XGBoost,90.0,0.0000,0E-7,6.095878,0.000000,14.604461,42.7931,-0.399315,0.326994
20160302,2016-03-02,5,SAMPLE_ITEM_004,SAMPLE_ITEM_004,SAMPLE_HOBBIES_1,3,SAMPLE_TX_1,TX,XGBOOST,XGBoost,90.0,0.0000,0E-7,6.275826,0.000000,14.784410,44.0563,-0.399315,0.329816
20160303,2016-03-03,2,SAMPLE_ITEM_001,SAMPLE_ITEM_001,SAMPLE_FOODS_1,2,SAMPLE_CA_1,CA,XGBOOST,XGBoost,90.0,0.0000,0E-7,4.167996,0.000000,12.800799,17.2972,-0.399315,0.287609
20160303,2016-03-03,2,SAMPLE_ITEM_001,SAMPLE_ITEM_001,SAMPLE_FOODS_1,3,SAMPLE_TX_1,TX,XGBOOST,XGBoost,90.0,0.0000,0E-7,4.311605,0.000000,12.944408,17.8932,-0.399315,0.290951
20160303,2016-03-03,3,SAMPLE_ITEM_002,SAMPLE_ITEM_002,SAMPLE_FOODS_1,2,SAMPLE_CA_1,CA,XGBOOST,XGBoost,90.0,0.0000,0E-7,4.907483,0.000000,13.540285,28.0217,-0.399315,0.303761
20160303,2016-03-03,3,SAMPLE_ITEM_002,SAMPLE_ITEM_002,SAMPLE_FOODS_1,3,SAMPLE_TX_1,TX,XGBOOST,XGBoost,90.0,0.0000,0E-7,5.201608,0.000000,13.834410,29.7012,-0.399315,0.309523
20160303,2016-03-03,4,SAMPLE_ITEM_003,SAMPLE_ITEM_003,SAMPLE_HOUSEHOLD_1,2,SAMPLE_CA_1,CA,XGBOOST,XGBoost,90.0,0.0000,0E-7,4.976126,0.000000,13.608929,46.5268,-0.399315,0.305137
20160303,2016-03-03,4,SAMPLE_ITEM_003,SAMPLE_ITEM_003,SAMPLE_HOUSEHOLD_1,3,SAMPLE_TX_1,TX,XGBOOST,XGBoost,90.0,0.0000,0E-7,5.137175,0.000000,13.769977,48.0326,-0.399315,0.308290
20160303,2016-03-03,5,SAMPLE_ITEM_004,SAMPLE_ITEM_004,SAMPLE_HOBBIES_1,2,SAMPLE_CA_1,CA,XGBOOST,XGBoost,90.0,0.0000,0E-7,6.017437,0.000000,14.650240,42.2424,-0.399315,0.323867
20160303,2016-03-03,5,SAMPLE_ITEM_004,SAMPLE_ITEM_004,SAMPLE_HOBBIES_1,3,SAMPLE_TX_1,TX,XGBOOST,XGBoost,90.0,0.0000,0E-7,6.197385,0.000000,14.830188,43.5056,-0.399315,0.326744
20160304,2016-03-04,2,SAMPLE_ITEM_001,SAMPLE_ITEM_001,SAMPLE_FOODS_1,2,SAMPLE_CA_1,CA,XGBOOST,XGBoost,90.0,0.0000,0E-7,3.387116,0.000000,12.142376,14.0565,-0.399315,0.265411
20160304,2016-03-04,2,SAMPLE_ITEM_001,SAMPLE_ITEM_001,SAMPLE_FOODS_1,3,SAMPLE_TX_1,TX,XGBOOST,XGBoost,90.0,0.0000,0E-7,3.575017,0.000000,12.330277,14.8363,-0.399315,0.270626
20160304,2016-03-04,3,SAMPLE_ITEM_002,SAMPLE_ITEM_002,SAMPLE_FOODS_1,2,SAMPLE_CA_1,CA,XGBOOST,XGBoost,90.0,0.0000,0E-7,5.169271,0.000000,13.924530,29.5165,-0.399315,0.307024
20160304,2016-03-04,3,SAMPLE_ITEM_002,SAMPLE_ITEM_002,SAMPLE_FOODS_1,3,SAMPLE_TX_1,TX,XGBOOST,XGBoost,90.0,0.0000,0E-7,5.414035,0.000000,14.169295,30.9141,-0.399315,0.311613
20160304,2016-03-04,4,SAMPLE_ITEM_003,SAMPLE_ITEM_003,SAMPLE_HOUSEHOLD_1,2,SAMPLE_CA_1,CA,XGBOOST,XGBoost,90.0,0.0000,0E-7,5.162256,0.000000,13.917516,48.2671,-0.399315,0.306889
20160304,2016-03-04,4,SAMPLE_ITEM_003,SAMPLE_ITEM_003,SAMPLE_HOUSEHOLD_1,3,SAMPLE_TX_1,TX,XGBOOST,XGBoost,90.0,0.0000,0E-7,5.323305,0.000000,14.078565,49.7729,-0.399315,0.309938
20160304,2016-03-04,5,SAMPLE_ITEM_004,SAMPLE_ITEM_004,SAMPLE_HOBBIES_1,2,SAMPLE_CA_1,CA,XGBOOST,XGBoost,90.0,0.0000,0E-7,6.238953,0.000000,14.994213,43.7974,-0.399315,0.325593
20160304,2016-03-04,5,SAMPLE_ITEM_004,SAMPLE_ITEM_004,SAMPLE_HOBBIES_1,3,SAMPLE_TX_1,TX,XGBOOST,XGBoost,90.0,0.0000,0E-7,6.418901,0.000000,15.174161,45.0607,-0.399315,0.328371
20160305,2016-03-05,2,SAMPLE_ITEM_001,SAMPLE_ITEM_001,SAMPLE_FOODS_1,2,SAMPLE_CA_1,CA,XGBOOST,XGBoost,90.0,0.0000,0E-7,4.327934,0.000000,13.203962,17.9609,-0.399315,0.287501
20160305,2016-03-05,2,SAMPLE_ITEM_001,SAMPLE_ITEM_001,SAMPLE_FOODS_1,3,SAMPLE_TX_1,TX,XGBOOST,XGBoost,90.0,0.0000,0E-7,4.496032,0.000000,13.372060,18.6585,-0.399315,0.291287
20160305,2016-03-05,3,SAMPLE_ITEM_002,SAMPLE_ITEM_002,SAMPLE_FOODS_1,2,SAMPLE_CA_1,CA,XGBOOST,XGBoost,90.0,0.0000,0E-7,4.937146,0.000000,13.813174,28.1911,-0.399315,0.300610
20160305,2016-03-05,3,SAMPLE_ITEM_002,SAMPLE_ITEM_002,SAMPLE_FOODS_1,3,SAMPLE_TX_1,TX,XGBOOST,XGBoost,90.0,0.0000,0E-7,5.041884,0.000000,13.917912,28.7892,-0.399315,0.302703
20160305,2016-03-05,4,SAMPLE_ITEM_003,SAMPLE_ITEM_003,SAMPLE_HOUSEHOLD_1,2,SAMPLE_CA_1,CA,XGBOOST,XGBoost,90.0,0.0000,0E-7,4.840199,0.000000,13.716226,45.2559,-0.399315,0.298633
20160305,2016-03-05,4,SAMPLE_ITEM_003,SAMPLE_ITEM_003,SAMPLE_HOUSEHOLD_1,3,SAMPLE_TX_1,TX,XGBOOST,XGBoost,90.0,0.0000,0E-7,4.993879,0.000000,13.869907,46.6928,-0.399315,0.301749
20160305,2016-03-05,5,SAMPLE_ITEM_004,SAMPLE_ITEM_004,SAMPLE_HOBBIES_1,2,SAMPLE_CA_1,CA,XGBOOST,XGBoost,90.0,0.0000,0E-7,6.279552,0.000000,15.155580,44.0825,-0.399315,0.324471
20160305,2016-03-05,5,SAMPLE_ITEM_004,SAMPLE_ITEM_004,SAMPLE_HOBBIES_1,3,SAMPLE_TX_1,TX,XGBOOST,XGBoost,90.0,0.0000,0E-7,6.485734,0.000000,15.361761,45.5298,-0.399315,0.327639
20160306,2016-03-06,2,SAMPLE_ITEM_001,SAMPLE_ITEM_001,SAMPLE_FOODS_1,2,SAMPLE_CA_1,CA,XGBOOST,XGBoost,90.0,0.0000,0E-7,3.719076,0.000000,12.714250,15.4342,-0.399315,0.270693
20160306,2016-03-06,2,SAMPLE_ITEM_001,SAMPLE_ITEM_001,SAMPLE_FOODS_1,3,SAMPLE_TX_1,TX,XGBOOST,XGBoost,90.0,0.0000,0E-7,3.741637,0.000000,12.736812,15.5278,-0.399315,0.271285
20160306,2016-03-06,3,SAMPLE_ITEM_002,SAMPLE_ITEM_002,SAMPLE_FOODS_1,2,SAMPLE_CA_1,CA,XGBOOST,XGBoost,90.0,0.0000,0E-7,5.867821,0.000000,14.862995,33.5053,-0.399315,0.316041
20160306,2016-03-06,3,SAMPLE_ITEM_002,SAMPLE_ITEM_002,SAMPLE_FOODS_1,3,SAMPLE_TX_1,TX,XGBOOST,XGBoost,90.0,0.0000,0E-7,6.691041,0.000000,15.686216,38.2058,-0.399315,0.328997
20160306,2016-03-06,4,SAMPLE_ITEM_003,SAMPLE_ITEM_003,SAMPLE_HOUSEHOLD_1,2,SAMPLE_CA_1,CA,XGBOOST,XGBoost,90.0,0.0000,0E-7,5.485230,0.000000,14.480405,51.2869,-0.399315,0.309327
20160306,2016-03-06,4,SAMPLE_ITEM_003,SAMPLE_ITEM_003,SAMPLE_HOUSEHOLD_1,3,SAMPLE_TX_1,TX,XGBOOST,XGBoost,90.0,0.0000,0E-7,6.462895,0.000000,15.458069,60.4281,-0.399315,0.325593
20160306,2016-03-06,5,SAMPLE_ITEM_004,SAMPLE_ITEM_004,SAMPLE_HOBBIES_1,2,SAMPLE_CA_1,CA,XGBOOST,XGBoost,90.0,0.0000,0E-7,6.733292,0.000000,15.728466,47.2677,-0.399315,0.329613
20160306,2016-03-06,5,SAMPLE_ITEM_004,SAMPLE_ITEM_004,SAMPLE_HOBBIES_1,3,SAMPLE_TX_1,TX,XGBOOST,XGBoost,90.0,0.0000,0E-7,6.723208,0.000000,15.718383,47.1969,-0.399315,0.329466
20160307,2016-03-07,2,SAMPLE_ITEM_001,SAMPLE_ITEM_001,SAMPLE_FOODS_1,2,SAMPLE_CA_1,CA,XGBOOST,XGBoost,90.0,0.0000,0E-7,4.149389,0.000000,13.262152,17.2200,-0.399315,0.279683
20160307,2016-03-07,2,SAMPLE_ITEM_001,SAMPLE_ITEM_001,SAMPLE_FOODS_1,3,SAMPLE_TX_1,TX,XGBOOST,XGBoost,90.0,0.0000,0E-7,3.896666,0.000000,13.009429,16.1712,-0.399315,0.273464
20160307,2016-03-07,3,SAMPLE_ITEM_002,SAMPLE_ITEM_002,SAMPLE_FOODS_1,2,SAMPLE_CA_1,CA,XGBOOST,XGBoost,90.0,0.0000,0E-7,5.971875,0.000000,15.084639,34.0994,-0.399315,0.316091
20160307,2016-03-07,3,SAMPLE_ITEM_002,SAMPLE_ITEM_002,SAMPLE_FOODS_1,3,SAMPLE_TX_1,TX,XGBOOST,XGBoost,90.0,0.0000,0E-7,5.845603,0.000000,14.958367,33.3784,-0.399315,0.313961
20160307,2016-03-07,4,SAMPLE_ITEM_003,SAMPLE_ITEM_003,SAMPLE_HOUSEHOLD_1,2,SAMPLE_CA_1,CA,XGBOOST,XGBoost,90.0,0.0000,0E-7,5.037493,0.000000,14.150257,47.1006,-0.399315,0.299067
20160307,2016-03-07,4,SAMPLE_ITEM_003,SAMPLE_ITEM_003,SAMPLE_HOUSEHOLD_1,3,SAMPLE_TX_1,TX,XGBOOST,XGBoost,90.0,0.0000,0E-7,5.653719,0.000000,14.766482,52.8623,-0.399315,0.310628
20160307,2016-03-07,5,SAMPLE_ITEM_004,SAMPLE_ITEM_004,SAMPLE_HOBBIES_1,2,SAMPLE_CA_1,CA,XGBOOST,XGBoost,90.0,0.0000,0E-7,5.762299,0.000000,14.875062,40.4513,-0.399315,0.312529
20160307,2016-03-07,5,SAMPLE_ITEM_004,SAMPLE_ITEM_004,SAMPLE_HOBBIES_1,3,SAMPLE_TX_1,TX,XGBOOST,XGBoost,90.0,0.0000,0E-7,5.955225,0.000000,15.067988,41.8057,-0.399315,0.315813
20160308,2016-03-08,2,SAMPLE_ITEM_001,SAMPLE_ITEM_001,SAMPLE_FOODS_1,2,SAMPLE_CA_1,CA,XGBOOST,XGBoost,90.0,0.0000,0E-7,3.164318,0.000000,12.393172,13.1319,-0.399315,0.251507
20160308,2016-03-08,2,SAMPLE_ITEM_001,SAMPLE_ITEM_001,SAMPLE_FOODS_1,3,SAMPLE_TX_1,TX,XGBOOST,XGBoost,90.0,0.0000,0E-7,4.237998,0.000000,13.466852,17.5877,-0.399315,0.280034
20160308,2016-03-08,3,SAMPLE_ITEM_002,SAMPLE_ITEM_002,SAMPLE_FOODS_1,2,SAMPLE_CA_1,CA,XGBOOST,XGBoost,90.0,0.0000,0E-7,5.695698,0.000000,14.924553,32.5224,-0.399315,0.309696
20160308,2016-03-08,3,SAMPLE_ITEM_002,SAMPLE_ITEM_002,SAMPLE_FOODS_1,3,SAMPLE_TX_1,TX,XGBOOST,XGBoost,90.0,0.0000,0E-7,5.648463,0.000000,14.877317,32.2527,-0.399315,0.308860
20160308,2016-03-08,4,SAMPLE_ITEM_003,SAMPLE_ITEM_003,SAMPLE_HOUSEHOLD_1,2,SAMPLE_CA_1,CA,XGBOOST,XGBoost,90.0,0.0000,0E-7,5.573706,0.000000,14.802560,52.1141,-0.399315,0.307524
20160308,2016-03-08,4,SAMPLE_ITEM_003,SAMPLE_ITEM_003,SAMPLE_HOUSEHOLD_1,3,SAMPLE_TX_1,TX,XGBOOST,XGBoost,90.0,0.0000,0E-7,5.391593,0.000000,14.620448,50.4114,-0.399315,0.304187
20160308,2016-03-08,5,SAMPLE_ITEM_004,SAMPLE_ITEM_004,SAMPLE_HOBBIES_1,2,SAMPLE_CA_1,CA,XGBOOST,XGBoost,90.0,0.0000,0E-7,5.616818,0.000000,14.845672,39.4301,-0.399315,0.308297
20160308,2016-03-08,5,SAMPLE_ITEM_004,SAMPLE_ITEM_004,SAMPLE_HOBBIES_1,3,SAMPLE_TX_1,TX,XGBOOST,XGBoost,90.0,0.0000,0E-7,5.765451,0.000000,14.994306,40.4735,-0.399315,0.310916
20160309,2016-03-09,2,SAMPLE_ITEM_001,SAMPLE_ITEM_001,SAMPLE_FOODS_1,2,SAMPLE_CA_1,CA,XGBOOST,XGBoost,90.0,0.0000,0E-7,3.799262,0.000000,13.142765,15.7669,-0.399315,0.267487
20160309,2016-03-09,2,SAMPLE_ITEM_001,SAMPLE_ITEM_001,SAMPLE_FOODS_1,3,SAMPLE_TX_1,TX,XGBOOST,XGBoost,90.0,0.0000,0E-7,3.001825,0.000000,12.345328,12.4576,-0.399315,0.244803
20160309,2016-03-09,3,SAMPLE_ITEM_002,SAMPLE_ITEM_002,SAMPLE_FOODS_1,2,SAMPLE_CA_1,CA,XGBOOST,XGBoost,90.0,0.0000,0E-7,5.704404,0.000000,15.047907,32.5721,-0.399315,0.308216
20160309,2016-03-09,3,SAMPLE_ITEM_002,SAMPLE_ITEM_002,SAMPLE_FOODS_1,3,SAMPLE_TX_1,TX,XGBOOST,XGBoost,90.0,0.0000,0E-7,5.593242,0.000000,14.936745,31.9374,-0.399315,0.306235
20160309,2016-03-09,4,SAMPLE_ITEM_003,SAMPLE_ITEM_003,SAMPLE_HOUSEHOLD_1,2,SAMPLE_CA_1,CA,XGBOOST,XGBoost,90.0,0.0000,0E-7,5.653524,0.000000,14.997027,52.8605,-0.399315,0.307314
20160309,2016-03-09,4,SAMPLE_ITEM_003,SAMPLE_ITEM_003,SAMPLE_HOUSEHOLD_1,3,SAMPLE_TX_1,TX,XGBOOST,XGBoost,90.0,0.0000,0E-7,5.492651,0.000000,14.836153,51.3563,-0.399315,0.304408
20160309,2016-03-09,5,SAMPLE_ITEM_004,SAMPLE_ITEM_004,SAMPLE_HOBBIES_1,2,SAMPLE_CA_1,CA,XGBOOST,XGBoost,90.0,0.0000,0E-7,5.417234,0.000000,14.760737,38.0290,-0.399315,0.303015
20160309,2016-03-09,5,SAMPLE_ITEM_004,SAMPLE_ITEM_004,SAMPLE_HOBBIES_1,3,SAMPLE_TX_1,TX,XGBOOST,XGBoost,90.0,0.0000,0E-7,5.577559,0.000000,14.921062,39.1545,-0.399315,0.305953
20160310,2016-03-10,2,SAMPLE_ITEM_001,SAMPLE_ITEM_001,SAMPLE_FOODS_1,2,SAMPLE_CA_1,CA,XGBOOST,XGBoost,90.0,0.0000,0E-7,4.167739,0.000000,13.624501,17.2961,-0.399315,0.274993
20160310,2016-03-10,2,SAMPLE_ITEM_001,SAMPLE_ITEM_001,SAMPLE_FOODS_1,3,SAMPLE_TX_1,TX,XGBOOST,XGBoost,90.0,0.0000,0E-7,4.343292,0.000000,13.800054,18.0247,-0.399315,0.279120
20160310,2016-03-10,3,SAMPLE_ITEM_002,SAMPLE_ITEM_002,SAMPLE_FOODS_1,2,SAMPLE_CA_1,CA,XGBOOST,XGBoost,90.0,0.0000,0E-7,5.709614,0.000000,15.166375,32.6019,-0.399315,0.306711
20160310,2016-03-10,3,SAMPLE_ITEM_002,SAMPLE_ITEM_002,SAMPLE_FOODS_1,3,SAMPLE_TX_1,TX,XGBOOST,XGBoost,90.0,0.0000,0E-7,5.537541,0.000000,14.994303,31.6194,-0.399315,0.303622
20160310,2016-03-10,4,SAMPLE_ITEM_003,SAMPLE_ITEM_003,SAMPLE_HOUSEHOLD_1,2,SAMPLE_CA_1,CA,XGBOOST,XGBoost,90.0,0.0000,0E-7,5.688499,0.000000,15.145261,53.1875,-0.399315,0.306337
20160310,2016-03-10,4,SAMPLE_ITEM_003,SAMPLE_ITEM_003,SAMPLE_HOUSEHOLD_1,3,SAMPLE_TX_1,TX,XGBOOST,XGBoost,90.0,0.0000,0E-7,5.366058,0.000000,14.822820,50.1726,-0.399315,0.300443
20160310,2016-03-10,5,SAMPLE_ITEM_004,SAMPLE_ITEM_004,SAMPLE_HOBBIES_1,2,SAMPLE_CA_1,CA,XGBOOST,XGBoost,90.0,0.0000,0E-7,5.339780,0.000000,14.796541,37.4853,-0.399315,0.299947
20160310,2016-03-10,5,SAMPLE_ITEM_004,SAMPLE_ITEM_004,SAMPLE_HOBBIES_1,3,SAMPLE_TX_1,TX,XGBOOST,XGBoost,90.0,0.0000,0E-7,5.521859,0.000000,14.978621,38.7635,-0.399315,0.303336
20160311,2016-03-11,2,SAMPLE_ITEM_001,SAMPLE_ITEM_001,SAMPLE_FOODS_1,2,SAMPLE_CA_1,CA,XGBOOST,XGBoost,90.0,0.0000,0E-7,3.342137,0.000000,12.910817,13.8699,-0.399315,0.251675
20160311,2016-03-11,2,SAMPLE_ITEM_001,SAMPLE_ITEM_001,SAMPLE_FOODS_1,3,SAMPLE_TX_1,TX,XGBOOST,XGBoost,90.0,0.0000,0E-7,3.778036,0.000000,13.346715,15.6788,-0.399315,0.263619
20160311,2016-03-11,3,SAMPLE_ITEM_002,SAMPLE_ITEM_002,SAMPLE_FOODS_1,2,SAMPLE_CA_1,CA,XGBOOST,XGBoost,90.0,0.0000,0E-7,5.468858,0.000000,15.037538,31.2272,-0.399315,0.300788
20160311,2016-03-11,3,SAMPLE_ITEM_002,SAMPLE_ITEM_002,SAMPLE_FOODS_1,3,SAMPLE_TX_1,TX,XGBOOST,XGBoost,90.0,0.0000,0E-7,5.605523,0.000000,15.174202,32.0075,-0.399315,0.303288
20160311,2016-03-11,4,SAMPLE_ITEM_003,SAMPLE_ITEM_003,SAMPLE_HOUSEHOLD_1,2,SAMPLE_CA_1,CA,XGBOOST,XGBoost,90.0,0.0000,0E-7,5.452917,0.000000,15.021596,50.9848,-0.399315,0.300492
20160311,2016-03-11,4,SAMPLE_ITEM_003,SAMPLE_ITEM_003,SAMPLE_HOUSEHOLD_1,3,SAMPLE_TX_1,TX,XGBOOST,XGBoost,90.0,0.0000,0E-7,5.610820,0.000000,15.179500,52.4612,-0.399315,0.303383
20160311,2016-03-11,5,SAMPLE_ITEM_004,SAMPLE_ITEM_004,SAMPLE_HOBBIES_1,2,SAMPLE_CA_1,CA,XGBOOST,XGBoost,90.0,0.0000,0E-7,5.511624,0.000000,15.080304,38.6916,-0.399315,0.301577
20160311,2016-03-11,5,SAMPLE_ITEM_004,SAMPLE_ITEM_004,SAMPLE_HOBBIES_1,3,SAMPLE_TX_1,TX,XGBOOST,XGBoost,90.0,0.0000,0E-7,6.141626,0.000000,15.710306,43.1142,-0.399315,0.312517
20160312,2016-03-12,2,SAMPLE_ITEM_001,SAMPLE_ITEM_001,SAMPLE_FOODS_1,2,SAMPLE_CA_1,CA,XGBOOST,XGBoost,90.0,0.0000,0E-7,4.387867,0.000000,14.067171,18.2096,-0.399315,0.276939
20160312,2016-03-12,2,SAMPLE_ITEM_001,SAMPLE_ITEM_001,SAMPLE_FOODS_1,3,SAMPLE_TX_1,TX,XGBOOST,XGBoost,90.0,0.0000,0E-7,4.563419,0.000000,14.242723,18.9382,-0.399315,0.280894
20160312,2016-03-12,3,SAMPLE_ITEM_002,SAMPLE_ITEM_002,SAMPLE_FOODS_1,2,SAMPLE_CA_1,CA,XGBOOST,XGBoost,90.0,0.0000,0E-7,5.848815,0.000000,15.528119,33.3967,-0.399315,0.306066
20160312,2016-03-12,3,SAMPLE_ITEM_002,SAMPLE_ITEM_002,SAMPLE_FOODS_1,3,SAMPLE_TX_1,TX,XGBOOST,XGBoost,90.0,0.0000,0E-7,5.624169,0.000000,15.303473,32.1140,-0.399315,0.302092
20160312,2016-03-12,4,SAMPLE_ITEM_003,SAMPLE_ITEM_003,SAMPLE_HOUSEHOLD_1,2,SAMPLE_CA_1,CA,XGBOOST,XGBoost,90.0,0.0000,0E-7,5.911935,0.000000,15.591239,55.2766,-0.399315,0.307154
20160312,2016-03-12,4,SAMPLE_ITEM_003,SAMPLE_ITEM_003,SAMPLE_HOUSEHOLD_1,3,SAMPLE_TX_1,TX,XGBOOST,XGBoost,90.0,0.0000,0E-7,6.086854,0.000000,15.766158,56.9121,-0.399315,0.310106
20160312,2016-03-12,5,SAMPLE_ITEM_004,SAMPLE_ITEM_004,SAMPLE_HOBBIES_1,2,SAMPLE_CA_1,CA,XGBOOST,XGBoost,90.0,0.0000,0E-7,5.800848,0.000000,15.480152,40.7219,-0.399315,0.305231
20160312,2016-03-12,5,SAMPLE_ITEM_004,SAMPLE_ITEM_004,SAMPLE_HOBBIES_1,3,SAMPLE_TX_1,TX,XGBOOST,XGBoost,90.0,0.0000,0E-7,6.167006,0.000000,15.846310,43.2924,-0.399315,0.311429
20160313,2016-03-13,2,SAMPLE_ITEM_001,SAMPLE_ITEM_001,SAMPLE_FOODS_1,2,SAMPLE_CA_1,CA,XGBOOST,XGBoost,90.0,0.0000,0E-7,4.106698,0.000000,13.895376,17.0428,-0.399315,0.268744
20160313,2016-03-13,2,SAMPLE_ITEM_001,SAMPLE_ITEM_001,SAMPLE_FOODS_1,3,SAMPLE_TX_1,TX,XGBOOST,XGBoost,90.0,0.0000,0E-7,4.129259,0.000000,13.917937,17.1364,-0.399315,0.269292
20160313,2016-03-13,3,SAMPLE_ITEM_002,SAMPLE_ITEM_002,SAMPLE_FOODS_1,2,SAMPLE_CA_1,CA,XGBOOST,XGBoost,90.0,0.0000,0E-7,6.347668,0.000000,16.136346,36.2452,-0.399315,0.312880
20160313,2016-03-13,3,SAMPLE_ITEM_002,SAMPLE_ITEM_002,SAMPLE_FOODS_1,3,SAMPLE_TX_1,TX,XGBOOST,XGBoost,90.0,0.0000,0E-7,6.427202,0.000000,16.215880,36.6993,-0.399315,0.314138
20160313,2016-03-13,4,SAMPLE_ITEM_003,SAMPLE_ITEM_003,SAMPLE_HOUSEHOLD_1,2,SAMPLE_CA_1,CA,XGBOOST,XGBoost,90.0,0.0000,0E-7,6.096411,0.000000,15.885089,57.0014,-0.399315,0.308788
20160313,2016-03-13,4,SAMPLE_ITEM_003,SAMPLE_ITEM_003,SAMPLE_HOUSEHOLD_1,3,SAMPLE_TX_1,TX,XGBOOST,XGBoost,90.0,0.0000,0E-7,6.098866,0.000000,15.887544,57.0244,-0.399315,0.308829
20160313,2016-03-13,5,SAMPLE_ITEM_004,SAMPLE_ITEM_004,SAMPLE_HOBBIES_1,2,SAMPLE_CA_1,CA,XGBOOST,XGBoost,90.0,0.0000,0E-7,7.010224,0.000000,16.798902,49.2118,-0.399315,0.322874
20160313,2016-03-13,5,SAMPLE_ITEM_004,SAMPLE_ITEM_004,SAMPLE_HOBBIES_1,3,SAMPLE_TX_1,TX,XGBOOST,XGBoost,90.0,0.0000,0E-7,7.021948,0.000000,16.810626,49.2941,-0.399315,0.323041
20160314,2016-03-14,2,SAMPLE_ITEM_001,SAMPLE_ITEM_001,SAMPLE_FOODS_1,2,SAMPLE_CA_1,CA,XGBOOST,XGBoost,90.0,0.0000,0E-7,3.679276,0.000000,13.576119,15.2690,-0.399315,0.256323
20160314,2016-03-14,2,SAMPLE_ITEM_001,SAMPLE_ITEM_001,SAMPLE_FOODS_1,3,SAMPLE_TX_1,TX,XGBOOST,XGBoost,90.0,0.0000,0E-7,3.797966,0.000000,13.694809,15.7616,-0.399315,0.259451
20160314,2016-03-14,3,SAMPLE_ITEM_002,SAMPLE_ITEM_002,SAMPLE_FOODS_1,2,SAMPLE_CA_1,CA,XGBOOST,XGBoost,90.0,0.0000,0E-7,5.514401,0.000000,15.411245,31.4872,-0.399315,0.297113
20160314,2016-03-14,3,SAMPLE_ITEM_002,SAMPLE_ITEM_002,SAMPLE_FOODS_1,3,SAMPLE_TX_1,TX,XGBOOST,XGBoost,90.0,0.0000,0E-7,5.651066,0.000000,15.547909,32.2676,-0.399315,0.299611
20160314,2016-03-14,4,SAMPLE_ITEM_003,SAMPLE_ITEM_003,SAMPLE_HOUSEHOLD_1,2,SAMPLE_CA_1,CA,XGBOOST,XGBoost,90.0,0.0000,0E-7,5.100327,0.000000,14.997170,47.6881,-0.399315,0.289149
20160314,2016-03-14,4,SAMPLE_ITEM_003,SAMPLE_ITEM_003,SAMPLE_HOUSEHOLD_1,3,SAMPLE_TX_1,TX,XGBOOST,XGBoost,90.0,0.0000,0E-7,5.236991,0.000000,15.133835,48.9659,-0.399315,0.291846
20160314,2016-03-14,5,SAMPLE_ITEM_004,SAMPLE_ITEM_004,SAMPLE_HOBBIES_1,2,SAMPLE_CA_1,CA,XGBOOST,XGBoost,90.0,0.0000,0E-7,5.652880,0.000000,15.549723,39.6832,-0.399315,0.299644
20160314,2016-03-14,5,SAMPLE_ITEM_004,SAMPLE_ITEM_004,SAMPLE_HOBBIES_1,3,SAMPLE_TX_1,TX,XGBOOST,XGBoost,90.0,0.0000,0E-7,5.498116,0.000000,15.394959,38.5968,-0.399315,0.296811
20160315,2016-03-15,2,SAMPLE_ITEM_001,SAMPLE_ITEM_001,SAMPLE_FOODS_1,2,SAMPLE_CA_1,CA,XGBOOST,XGBoost,90.0,0.0000,0E-7,4.251709,0.000000,14.255549,17.6446,-0.399315,0.269218
20160315,2016-03-15,2,SAMPLE_ITEM_001,SAMPLE_ITEM_001,SAMPLE_FOODS_1,3,SAMPLE_TX_1,TX,XGBOOST,XGBoost,90.0,0.0000,0E-7,4.385077,0.000000,14.388917,18.1981,-0.399315,0.272331
20160315,2016-03-15,3,SAMPLE_ITEM_002,SAMPLE_ITEM_002,SAMPLE_FOODS_1,2,SAMPLE_CA_1,CA,XGBOOST,XGBoost,90.0,0.0000,0E-7,5.762054,0.000000,15.765894,32.9013,-0.399315,0.300163
20160315,2016-03-15,3,SAMPLE_ITEM_002,SAMPLE_ITEM_002,SAMPLE_FOODS_1,3,SAMPLE_TX_1,TX,XGBOOST,XGBoost,90.0,0.0000,0E-7,5.934081,0.000000,15.937920,33.8836,-0.399315,0.303169
20160315,2016-03-15,4,SAMPLE_ITEM_003,SAMPLE_ITEM_003,SAMPLE_HOUSEHOLD_1,2,SAMPLE_CA_1,CA,XGBOOST,XGBoost,90.0,0.0000,0E-7,5.175187,0.000000,15.179027,48.3880,-0.399315,0.289179
20160315,2016-03-15,4,SAMPLE_ITEM_003,SAMPLE_ITEM_003,SAMPLE_HOUSEHOLD_1,3,SAMPLE_TX_1,TX,XGBOOST,XGBoost,90.0,0.0000,0E-7,5.176308,0.000000,15.180148,48.3985,-0.399315,0.289201
20160315,2016-03-15,5,SAMPLE_ITEM_004,SAMPLE_ITEM_004,SAMPLE_HOBBIES_1,2,SAMPLE_CA_1,CA,XGBOOST,XGBoost,90.0,0.0000,0E-7,5.843871,0.000000,15.847710,41.0240,-0.399315,0.301604
20160315,2016-03-15,5,SAMPLE_ITEM_004,SAMPLE_ITEM_004,SAMPLE_HOBBIES_1,3,SAMPLE_TX_1,TX,XGBOOST,XGBoost,90.0,0.0000,0E-7,5.587767,0.000000,15.591607,39.2261,-0.399315,0.297022
20160316,2016-03-16,2,SAMPLE_ITEM_001,SAMPLE_ITEM_001,SAMPLE_FOODS_1,2,SAMPLE_CA_1,CA,XGBOOST,XGBoost,90.0,0.0000,0E-7,2.856267,0.000000,12.965970,11.8535,-0.399315,0.229236
20160316,2016-03-16,2,SAMPLE_ITEM_001,SAMPLE_ITEM_001,SAMPLE_FOODS_1,3,SAMPLE_TX_1,TX,XGBOOST,XGBoost,90.0,0.0000,0E-7,2.800859,0.000000,12.910562,11.6236,-0.399315,0.227441
20160316,2016-03-16,3,SAMPLE_ITEM_002,SAMPLE_ITEM_002,SAMPLE_FOODS_1,2,SAMPLE_CA_1,CA,XGBOOST,XGBoost,90.0,0.0000,0E-7,5.419360,0.000000,15.529063,30.9445,-0.399315,0.292475
20160316,2016-03-16,3,SAMPLE_ITEM_002,SAMPLE_ITEM_002,SAMPLE_FOODS_1,3,SAMPLE_TX_1,TX,XGBOOST,XGBoost,90.0,0.0000,0E-7,5.382298,0.000000,15.492002,30.7329,-0.399315,0.291772
20160316,2016-03-16,4,SAMPLE_ITEM_003,SAMPLE_ITEM_003,SAMPLE_HOUSEHOLD_1,2,SAMPLE_CA_1,CA,XGBOOST,XGBoost,90.0,0.0000,0E-7,4.889459,0.000000,14.999162,45.7164,-0.399315,0.281946
20160316,2016-03-16,4,SAMPLE_ITEM_003,SAMPLE_ITEM_003,SAMPLE_HOUSEHOLD_1,3,SAMPLE_TX_1,TX,XGBOOST,XGBoost,90.0,0.0000,0E-7,4.761147,0.000000,14.870851,44.5167,-0.399315,0.279234
20160316,2016-03-16,5,SAMPLE_ITEM_004,SAMPLE_ITEM_004,SAMPLE_HOBBIES_1,2,SAMPLE_CA_1,CA,XGBOOST,XGBoost,90.0,0.0000,0E-7,5.237042,0.000000,15.346745,36.7640,-0.399315,0.288969
20160316,2016-03-16,5,SAMPLE_ITEM_004,SAMPLE_ITEM_004,SAMPLE_HOBBIES_1,3,SAMPLE_TX_1,TX,XGBOOST,XGBoost,90.0,0.0000,0E-7,5.128778,0.000000,15.238481,36.0040,-0.399315,0.286830
20160317,2016-03-17,2,SAMPLE_ITEM_001,SAMPLE_ITEM_001,SAMPLE_FOODS_1,2,SAMPLE_CA_1,CA,XGBOOST,XGBoost,90.0,0.0000,0E-7,4.640381,0.000000,14.854851,19.2576,-0.399315,0.275205
20160317,2016-03-17,2,SAMPLE_ITEM_001,SAMPLE_ITEM_001,SAMPLE_FOODS_1,3,SAMPLE_TX_1,TX,XGBOOST,XGBoost,90.0,0.0000,0E-7,4.452396,0.000000,14.666866,18.4774,-0.399315,0.271004
20160317,2016-03-17,3,SAMPLE_ITEM_002,SAMPLE_ITEM_002,SAMPLE_FOODS_1,2,SAMPLE_CA_1,CA,XGBOOST,XGBoost,90.0,0.0000,0E-7,4.909528,0.000000,15.123998,28.0334,-0.399315,0.280958
20160317,2016-03-17,3,SAMPLE_ITEM_002,SAMPLE_ITEM_002,SAMPLE_FOODS_1,3,SAMPLE_TX_1,TX,XGBOOST,XGBoost,90.0,0.0000,0E-7,5.174370,0.000000,15.388840,29.5457,-0.399315,0.286338
20160317,2016-03-17,4,SAMPLE_ITEM_003,SAMPLE_ITEM_003,SAMPLE_HOUSEHOLD_1,2,SAMPLE_CA_1,CA,XGBOOST,XGBoost,90.0,0.0000,0E-7,4.655677,0.000000,14.870147,43.5306,-0.399315,0.275540
20160317,2016-03-17,4,SAMPLE_ITEM_003,SAMPLE_ITEM_003,SAMPLE_HOUSEHOLD_1,3,SAMPLE_TX_1,TX,XGBOOST,XGBoost,90.0,0.0000,0E-7,4.537484,0.000000,14.751954,42.4255,-0.399315,0.272924
20160317,2016-03-17,5,SAMPLE_ITEM_004,SAMPLE_ITEM_004,SAMPLE_HOBBIES_1,2,SAMPLE_CA_1,CA,XGBOOST,XGBoost,90.0,0.0000,0E-7,5.348542,0.000000,15.563012,37.5468,-0.399315,0.289735
20160317,2016-03-17,5,SAMPLE_ITEM_004,SAMPLE_ITEM_004,SAMPLE_HOBBIES_1,3,SAMPLE_TX_1,TX,XGBOOST,XGBoost,90.0,0.0000,0E-7,5.071146,0.000000,15.285616,35.5994,-0.399315,0.284273
20160318,2016-03-18,2,SAMPLE_ITEM_001,SAMPLE_ITEM_001,SAMPLE_FOODS_1,2,SAMPLE_CA_1,CA,XGBOOST,XGBoost,90.0,0.0000,0E-7,2.966293,0.000000,13.284465,12.3101,-0.399315,0.229920
20160318,2016-03-18,2,SAMPLE_ITEM_001,SAMPLE_ITEM_001,SAMPLE_FOODS_1,3,SAMPLE_TX_1,TX,XGBOOST,XGBoost,90.0,0.0000,0E-7,2.937737,0.000000,13.255910,12.1916,-0.399315,0.229023
20160318,2016-03-18,3,SAMPLE_ITEM_002,SAMPLE_ITEM_002,SAMPLE_FOODS_1,2,SAMPLE_CA_1,CA,XGBOOST,XGBoost,90.0,0.0000,0E-7,5.120728,0.000000,15.438900,29.2394,-0.399315,0.283898
20160318,2016-03-18,3,SAMPLE_ITEM_002,SAMPLE_ITEM_002,SAMPLE_FOODS_1,3,SAMPLE_TX_1,TX,XGBOOST,XGBoost,90.0,0.0000,0E-7,5.112756,0.000000,15.430929,29.1938,-0.399315,0.283738
20160318,2016-03-18,4,SAMPLE_ITEM_003,SAMPLE_ITEM_003,SAMPLE_HOUSEHOLD_1,2,SAMPLE_CA_1,CA,XGBOOST,XGBoost,90.0,0.0000,0E-7,4.770538,0.000000,15.088711,44.6045,-0.399315,0.276642
20160318,2016-03-18,4,SAMPLE_ITEM_003,SAMPLE_ITEM_003,SAMPLE_HOUSEHOLD_1,3,SAMPLE_TX_1,TX,XGBOOST,XGBoost,90.0,0.0000,0E-7,4.758509,0.000000,15.076681,44.4921,-0.399315,0.276384
20160318,2016-03-18,5,SAMPLE_ITEM_004,SAMPLE_ITEM_004,SAMPLE_HOBBIES_1,2,SAMPLE_CA_1,CA,XGBOOST,XGBoost,90.0,0.0000,0E-7,5.893499,0.000000,16.211672,41.3724,-0.399315,0.298353
20160318,2016-03-18,5,SAMPLE_ITEM_004,SAMPLE_ITEM_004,SAMPLE_HOBBIES_1,3,SAMPLE_TX_1,TX,XGBOOST,XGBoost,90.0,0.0000,0E-7,5.236489,0.000000,15.554662,36.7602,-0.399315,0.286194
20160319,2016-03-19,2,SAMPLE_ITEM_001,SAMPLE_ITEM_001,SAMPLE_FOODS_1,2,SAMPLE_CA_1,CA,XGBOOST,XGBoost,90.0,0.0000,0E-7,4.590429,0.000000,15.011272,19.0503,-0.399315,0.271358
20160319,2016-03-19,2,SAMPLE_ITEM_001,SAMPLE_ITEM_001,SAMPLE_FOODS_1,3,SAMPLE_TX_1,TX,XGBOOST,XGBoost,90.0,0.0000,0E-7,4.402444,0.000000,14.823288,18.2701,-0.399315,0.267107
20160319,2016-03-19,3,SAMPLE_ITEM_002,SAMPLE_ITEM_002,SAMPLE_FOODS_1,2,SAMPLE_CA_1,CA,XGBOOST,XGBoost,90.0,0.0000,0E-7,4.629886,0.000000,15.050729,26.4366,-0.399315,0.272230
20160319,2016-03-19,3,SAMPLE_ITEM_002,SAMPLE_ITEM_002,SAMPLE_FOODS_1,3,SAMPLE_TX_1,TX,XGBOOST,XGBoost,90.0,0.0000,0E-7,4.893215,0.000000,15.314059,27.9403,-0.399315,0.277887
20160319,2016-03-19,4,SAMPLE_ITEM_003,SAMPLE_ITEM_003,SAMPLE_HOUSEHOLD_1,2,SAMPLE_CA_1,CA,XGBOOST,XGBoost,90.0,0.0000,0E-7,4.713573,0.000000,15.134417,44.0719,-0.399315,0.274059
20160319,2016-03-19,4,SAMPLE_ITEM_003,SAMPLE_ITEM_003,SAMPLE_HOUSEHOLD_1,3,SAMPLE_TX_1,TX,XGBOOST,XGBoost,90.0,0.0000,0E-7,4.637720,0.000000,15.058564,43.3627,-0.399315,0.272403
20160319,2016-03-19,5,SAMPLE_ITEM_004,SAMPLE_ITEM_004,SAMPLE_HOBBIES_1,2,SAMPLE_CA_1,CA,XGBOOST,XGBoost,90.0,0.0000,0E-7,5.702625,0.000000,16.123468,40.0324,-0.399315,0.293639
20160319,2016-03-19,5,SAMPLE_ITEM_004,SAMPLE_ITEM_004,SAMPLE_HOBBIES_1,3,SAMPLE_TX_1,TX,XGBOOST,XGBoost,90.0,0.0000,0E-7,5.655829,0.000000,16.076673,39.7039,-0.399315,0.292789
20160320,2016-03-20,2,SAMPLE_ITEM_001,SAMPLE_ITEM_001,SAMPLE_FOODS_1,2,SAMPLE_CA_1,CA,XGBOOST,XGBoost,90.0,0.0000,0E-7,3.389318,0.000000,13.911831,14.0657,-0.399315,0.239838
20160320,2016-03-20,2,SAMPLE_ITEM_001,SAMPLE_ITEM_001,SAMPLE_FOODS_1,3,SAMPLE_TX_1,TX,XGBOOST,XGBoost,90.0,0.0000,0E-7,3.455341,0.000000,13.977854,14.3397,-0.399315,0.241702
20160320,2016-03-20,3,SAMPLE_ITEM_002,SAMPLE_ITEM_002,SAMPLE_FOODS_1,2,SAMPLE_CA_1,CA,XGBOOST,XGBoost,90.0,0.0000,0E-7,5.514055,0.000000,16.036568,31.4853,-0.399315,0.288864
20160320,2016-03-20,3,SAMPLE_ITEM_002,SAMPLE_ITEM_002,SAMPLE_FOODS_1,3,SAMPLE_TX_1,TX,XGBOOST,XGBoost,90.0,0.0000,0E-7,5.496509,0.000000,16.019021,31.3851,-0.399315,0.288535
20160320,2016-03-20,4,SAMPLE_ITEM_003,SAMPLE_ITEM_003,SAMPLE_HOUSEHOLD_1,2,SAMPLE_CA_1,CA,XGBOOST,XGBoost,90.0,0.0000,0E-7,5.334249,0.000000,15.856762,49.8752,-0.399315,0.285442
20160320,2016-03-20,4,SAMPLE_ITEM_003,SAMPLE_ITEM_003,SAMPLE_HOUSEHOLD_1,3,SAMPLE_TX_1,TX,XGBOOST,XGBoost,90.0,0.0000,0E-7,5.468098,0.000000,15.990611,51.1267,-0.399315,0.288000
20160320,2016-03-20,5,SAMPLE_ITEM_004,SAMPLE_ITEM_004,SAMPLE_HOBBIES_1,2,SAMPLE_CA_1,CA,XGBOOST,XGBoost,90.0,0.0000,0E-7,6.417119,0.000000,16.939631,45.0482,-0.399315,0.304520
20160320,2016-03-20,5,SAMPLE_ITEM_004,SAMPLE_ITEM_004,SAMPLE_HOBBIES_1,3,SAMPLE_TX_1,TX,XGBOOST,XGBoost,90.0,0.0000,0E-7,6.398779,0.000000,16.921292,44.9194,-0.399315,0.304225
20160321,2016-03-21,2,SAMPLE_ITEM_001,SAMPLE_ITEM_001,SAMPLE_FOODS_1,2,SAMPLE_CA_1,CA,XGBOOST,XGBoost,90.0,0.0000,0E-7,3.307070,0.000000,13.930279,13.7243,-0.399315,0.236168
20160321,2016-03-21,2,SAMPLE_ITEM_001,SAMPLE_ITEM_001,SAMPLE_FOODS_1,3,SAMPLE_TX_1,TX,XGBOOST,XGBoost,90.0,0.0000,0E-7,3.267790,0.000000,13.890999,13.5613,-0.399315,0.235026
20160321,2016-03-21,3,SAMPLE_ITEM_002,SAMPLE_ITEM_002,SAMPLE_FOODS_1,2,SAMPLE_CA_1,CA,XGBOOST,XGBoost,90.0,0.0000,0E-7,4.639835,0.000000,15.263044,26.4935,-0.399315,0.269811
20160321,2016-03-21,3,SAMPLE_ITEM_002,SAMPLE_ITEM_002,SAMPLE_FOODS_1,3,SAMPLE_TX_1,TX,XGBOOST,XGBoost,90.0,0.0000,0E-7,4.752251,0.000000,15.375460,27.1354,-0.399315,0.272261
20160321,2016-03-21,4,SAMPLE_ITEM_003,SAMPLE_ITEM_003,SAMPLE_HOUSEHOLD_1,2,SAMPLE_CA_1,CA,XGBOOST,XGBoost,90.0,0.0000,0E-7,3.957038,0.000000,14.580247,36.9983,-0.399315,0.253722
20160321,2016-03-21,4,SAMPLE_ITEM_003,SAMPLE_ITEM_003,SAMPLE_HOUSEHOLD_1,3,SAMPLE_TX_1,TX,XGBOOST,XGBoost,90.0,0.0000,0E-7,3.948664,0.000000,14.571873,36.9200,-0.399315,0.253511
20160321,2016-03-21,5,SAMPLE_ITEM_004,SAMPLE_ITEM_004,SAMPLE_HOBBIES_1,2,SAMPLE_CA_1,CA,XGBOOST,XGBoost,90.0,0.0000,0E-7,4.797290,0.000000,15.420499,33.6770,-0.399315,0.273228
20160321,2016-03-21,5,SAMPLE_ITEM_004,SAMPLE_ITEM_004,SAMPLE_HOBBIES_1,3,SAMPLE_TX_1,TX,XGBOOST,XGBoost,90.0,0.0000,0E-7,4.787682,0.000000,15.410891,33.6095,-0.399315,0.273022
20160322,2016-03-22,2,SAMPLE_ITEM_001,SAMPLE_ITEM_001,SAMPLE_FOODS_1,2,SAMPLE_CA_1,CA,XGBOOST,XGBoost,90.0,0.0000,0E-7,3.165967,0.000000,13.888927,13.1388,-0.399315,0.230739
20160322,2016-03-22,2,SAMPLE_ITEM_001,SAMPLE_ITEM_001,SAMPLE_FOODS_1,3,SAMPLE_TX_1,TX,XGBOOST,XGBoost,90.0,0.0000,0E-7,3.126687,0.000000,13.849647,12.9758,-0.399315,0.229562
20160322,2016-03-22,3,SAMPLE_ITEM_002,SAMPLE_ITEM_002,SAMPLE_FOODS_1,2,SAMPLE_CA_1,CA,XGBOOST,XGBoost,90.0,0.0000,0E-7,4.633424,0.000000,15.356384,26.4569,-0.399315,0.268389
20160322,2016-03-22,3,SAMPLE_ITEM_002,SAMPLE_ITEM_002,SAMPLE_FOODS_1,3,SAMPLE_TX_1,TX,XGBOOST,XGBoost,90.0,0.0000,0E-7,4.664631,0.000000,15.387591,26.6350,-0.399315,0.269075
20160322,2016-03-22,4,SAMPLE_ITEM_003,SAMPLE_ITEM_003,SAMPLE_HOUSEHOLD_1,2,SAMPLE_CA_1,CA,XGBOOST,XGBoost,90.0,0.0000,0E-7,4.120209,0.000000,14.843168,38.5240,-0.399315,0.256480
20160322,2016-03-22,4,SAMPLE_ITEM_003,SAMPLE_ITEM_003,SAMPLE_HOUSEHOLD_1,3,SAMPLE_TX_1,TX,XGBOOST,XGBoost,90.0,0.0000,0E-7,4.092028,0.000000,14.814988,38.2605,-0.399315,0.255791
20160322,2016-03-22,5,SAMPLE_ITEM_004,SAMPLE_ITEM_004,SAMPLE_HOBBIES_1,2,SAMPLE_CA_1,CA,XGBOOST,XGBoost,90.0,0.0000,0E-7,4.853711,0.000000,15.576670,34.0730,-0.399315,0.273150
20160322,2016-03-22,5,SAMPLE_ITEM_004,SAMPLE_ITEM_004,SAMPLE_HOBBIES_1,3,SAMPLE_TX_1,TX,XGBOOST,XGBoost,90.0,0.0000,0E-7,4.843482,0.000000,15.566442,34.0012,-0.399315,0.272933
20160323,2016-03-23,2,SAMPLE_ITEM_001,SAMPLE_ITEM_001,SAMPLE_FOODS_1,2,SAMPLE_CA_1,CA,XGBOOST,XGBoost,90.0,0.0000,0E-7,3.101076,0.000000,13.922867,12.8695,-0.399315,0.227535
20160323,2016-03-23,2,SAMPLE_ITEM_001,SAMPLE_ITEM_001,SAMPLE_FOODS_1,3,SAMPLE_TX_1,TX,XGBOOST,XGBoost,90.0,0.0000,0E-7,3.061796,0.000000,13.883587,12.7065,-0.399315,0.226342
20160323,2016-03-23,3,SAMPLE_ITEM_002,SAMPLE_ITEM_002,SAMPLE_FOODS_1,2,SAMPLE_CA_1,CA,XGBOOST,XGBoost,90.0,0.0000,0E-7,4.060903,0.000000,14.882694,23.1878,-0.399315,0.253761
20160323,2016-03-23,3,SAMPLE_ITEM_002,SAMPLE_ITEM_002,SAMPLE_FOODS_1,3,SAMPLE_TX_1,TX,XGBOOST,XGBoost,90.0,0.0000,0E-7,4.642578,0.000000,15.464369,26.5091,-0.399315,0.267333
20160323,2016-03-23,4,SAMPLE_ITEM_003,SAMPLE_ITEM_003,SAMPLE_HOUSEHOLD_1,2,SAMPLE_CA_1,CA,XGBOOST,XGBoost,90.0,0.0000,0E-7,3.847216,0.000000,14.669007,35.9715,-0.399315,0.248369
20160323,2016-03-23,4,SAMPLE_ITEM_003,SAMPLE_ITEM_003,SAMPLE_HOUSEHOLD_1,3,SAMPLE_TX_1,TX,XGBOOST,XGBoost,90.0,0.0000,0E-7,3.838842,0.000000,14.660633,35.8932,-0.399315,0.248152
20160323,2016-03-23,5,SAMPLE_ITEM_004,SAMPLE_ITEM_004,SAMPLE_HOBBIES_1,2,SAMPLE_CA_1,CA,XGBOOST,XGBoost,90.0,0.0000,0E-7,4.821375,0.000000,15.643166,33.8461,-0.399315,0.271209
20160323,2016-03-23,5,SAMPLE_ITEM_004,SAMPLE_ITEM_004,SAMPLE_HOBBIES_1,3,SAMPLE_TX_1,TX,XGBOOST,XGBoost,90.0,0.0000,0E-7,4.837379,0.000000,15.659170,33.9584,-0.399315,0.271550
20160324,2016-03-24,2,SAMPLE_ITEM_001,SAMPLE_ITEM_001,SAMPLE_FOODS_1,2,SAMPLE_CA_1,CA,XGBOOST,XGBoost,90.0,0.0000,0E-7,2.992421,0.000000,13.912149,12.4185,-0.399315,0.222983
20160324,2016-03-24,2,SAMPLE_ITEM_001,SAMPLE_ITEM_001,SAMPLE_FOODS_1,3,SAMPLE_TX_1,TX,XGBOOST,XGBoost,90.0,0.0000,0E-7,3.100220,0.000000,14.019948,12.8659,-0.399315,0.226279
20160324,2016-03-24,3,SAMPLE_ITEM_002,SAMPLE_ITEM_002,SAMPLE_FOODS_1,2,SAMPLE_CA_1,CA,XGBOOST,XGBoost,90.0,0.0000,0E-7,4.107914,0.000000,15.027642,23.4562,-0.399315,0.253676
20160324,2016-03-24,3,SAMPLE_ITEM_002,SAMPLE_ITEM_002,SAMPLE_FOODS_1,3,SAMPLE_TX_1,TX,XGBOOST,XGBoost,90.0,0.0000,0E-7,3.988223,0.000000,14.907950,22.7728,-0.399315,0.250713
20160324,2016-03-24,4,SAMPLE_ITEM_003,SAMPLE_ITEM_003,SAMPLE_HOUSEHOLD_1,2,SAMPLE_CA_1,CA,XGBOOST,XGBoost,90.0,0.0000,0E-7,4.161041,0.000000,15.080768,38.9057,-0.399315,0.254969
20160324,2016-03-24,4,SAMPLE_ITEM_003,SAMPLE_ITEM_003,SAMPLE_HOUSEHOLD_1,3,SAMPLE_TX_1,TX,XGBOOST,XGBoost,90.0,0.0000,0E-7,4.132861,0.000000,15.052589,38.6423,-0.399315,0.254285
20160324,2016-03-24,5,SAMPLE_ITEM_004,SAMPLE_ITEM_004,SAMPLE_HOBBIES_1,2,SAMPLE_CA_1,CA,XGBOOST,XGBoost,90.0,0.0000,0E-7,4.787393,0.000000,15.707121,33.6075,-0.399315,0.269250
20160324,2016-03-24,5,SAMPLE_ITEM_004,SAMPLE_ITEM_004,SAMPLE_HOBBIES_1,3,SAMPLE_TX_1,TX,XGBOOST,XGBoost,90.0,0.0000,0E-7,4.803398,0.000000,15.723125,33.7199,-0.399315,0.269593
20160325,2016-03-25,2,SAMPLE_ITEM_001,SAMPLE_ITEM_001,SAMPLE_FOODS_1,2,SAMPLE_CA_1,CA,XGBOOST,XGBoost,90.0,0.0000,0E-7,3.881343,0.000000,14.898137,16.1076,-0.399315,0.246788
20160325,2016-03-25,2,SAMPLE_ITEM_001,SAMPLE_ITEM_001,SAMPLE_FOODS_1,3,SAMPLE_TX_1,TX,XGBOOST,XGBoost,90.0,0.0000,0E-7,3.043543,0.000000,14.060336,12.6307,-0.399315,0.223352
20160325,2016-03-25,3,SAMPLE_ITEM_002,SAMPLE_ITEM_002,SAMPLE_FOODS_1,2,SAMPLE_CA_1,CA,XGBOOST,XGBoost,90.0,0.0000,0E-7,4.173320,0.000000,15.190114,23.8297,-0.399315,0.254049
20160325,2016-03-25,3,SAMPLE_ITEM_002,SAMPLE_ITEM_002,SAMPLE_FOODS_1,3,SAMPLE_TX_1,TX,XGBOOST,XGBoost,90.0,0.0000,0E-7,4.519549,0.000000,15.536343,25.8066,-0.399315,0.262138
20160325,2016-03-25,4,SAMPLE_ITEM_003,SAMPLE_ITEM_003,SAMPLE_HOUSEHOLD_1,2,SAMPLE_CA_1,CA,XGBOOST,XGBoost,90.0,0.0000,0E-7,4.066380,0.000000,15.083174,38.0207,-0.399315,0.251439
20160325,2016-03-25,4,SAMPLE_ITEM_003,SAMPLE_ITEM_003,SAMPLE_HOUSEHOLD_1,3,SAMPLE_TX_1,TX,XGBOOST,XGBoost,90.0,0.0000,0E-7,4.058005,0.000000,15.074799,37.9423,-0.399315,0.251232
20160325,2016-03-25,5,SAMPLE_ITEM_004,SAMPLE_ITEM_004,SAMPLE_HOBBIES_1,2,SAMPLE_CA_1,CA,XGBOOST,XGBoost,90.0,0.0000,0E-7,4.971365,0.000000,15.988159,34.8990,-0.399315,0.271926
20160325,2016-03-25,5,SAMPLE_ITEM_004,SAMPLE_ITEM_004,SAMPLE_HOBBIES_1,3,SAMPLE_TX_1,TX,XGBOOST,XGBoost,90.0,0.0000,0E-7,4.966291,0.000000,15.983085,34.8634,-0.399315,0.271821
20160326,2016-03-26,2,SAMPLE_ITEM_001,SAMPLE_ITEM_001,SAMPLE_FOODS_1,2,SAMPLE_CA_1,CA,XGBOOST,XGBoost,90.0,0.0000,0E-7,3.212548,0.000000,14.325560,13.3321,-0.399315,0.227237
20160326,2016-03-26,2,SAMPLE_ITEM_001,SAMPLE_ITEM_001,SAMPLE_FOODS_1,3,SAMPLE_TX_1,TX,XGBOOST,XGBoost,90.0,0.0000,0E-7,3.173268,0.000000,14.286280,13.1691,-0.399315,0.226076
20160326,2016-03-26,3,SAMPLE_ITEM_002,SAMPLE_ITEM_002,SAMPLE_FOODS_1,2,SAMPLE_CA_1,CA,XGBOOST,XGBoost,90.0,0.0000,0E-7,4.106733,0.000000,15.219745,23.4494,-0.399315,0.251236
20160326,2016-03-26,3,SAMPLE_ITEM_002,SAMPLE_ITEM_002,SAMPLE_FOODS_1,3,SAMPLE_TX_1,TX,XGBOOST,XGBoost,90.0,0.0000,0E-7,4.096519,0.000000,15.209531,23.3911,-0.399315,0.250985
20160326,2016-03-26,4,SAMPLE_ITEM_003,SAMPLE_ITEM_003,SAMPLE_HOUSEHOLD_1,2,SAMPLE_CA_1,CA,XGBOOST,XGBoost,90.0,0.0000,0E-7,3.845021,0.000000,14.958034,35.9510,-0.399315,0.244660
20160326,2016-03-26,4,SAMPLE_ITEM_003,SAMPLE_ITEM_003,SAMPLE_HOUSEHOLD_1,3,SAMPLE_TX_1,TX,XGBOOST,XGBoost,90.0,0.0000,0E-7,3.826214,0.000000,14.939226,35.7751,-0.399315,0.244174
20160326,2016-03-26,5,SAMPLE_ITEM_004,SAMPLE_ITEM_004,SAMPLE_HOBBIES_1,2,SAMPLE_CA_1,CA,XGBOOST,XGBoost,90.0,0.0000,0E-7,4.975013,0.000000,16.088025,34.9246,-0.399315,0.270816
20160326,2016-03-26,5,SAMPLE_ITEM_004,SAMPLE_ITEM_004,SAMPLE_HOBBIES_1,3,SAMPLE_TX_1,TX,XGBOOST,XGBoost,90.0,0.0000,0E-7,4.969939,0.000000,16.082951,34.8890,-0.399315,0.270710
20160327,2016-03-27,2,SAMPLE_ITEM_001,SAMPLE_ITEM_001,SAMPLE_FOODS_1,2,SAMPLE_CA_1,CA,XGBOOST,XGBoost,90.0,0.0000,0E-7,3.761241,0.000000,14.969646,15.6092,-0.399315,0.241309
20160327,2016-03-27,2,SAMPLE_ITEM_001,SAMPLE_ITEM_001,SAMPLE_FOODS_1,3,SAMPLE_TX_1,TX,XGBOOST,XGBoost,90.0,0.0000,0E-7,3.708066,0.000000,14.916470,15.3885,-0.399315,0.239907
20160327,2016-03-27,3,SAMPLE_ITEM_002,SAMPLE_ITEM_002,SAMPLE_FOODS_1,2,SAMPLE_CA_1,CA,XGBOOST,XGBoost,90.0,0.0000,0E-7,4.990001,0.000000,16.198405,28.4929,-0.399315,0.269961
20160327,2016-03-27,3,SAMPLE_ITEM_002,SAMPLE_ITEM_002,SAMPLE_FOODS_1,3,SAMPLE_TX_1,TX,XGBOOST,XGBoost,90.0,0.0000,0E-7,4.894762,0.000000,16.103166,27.9491,-0.399315,0.267969
20160327,2016-03-27,4,SAMPLE_ITEM_003,SAMPLE_ITEM_003,SAMPLE_HOUSEHOLD_1,2,SAMPLE_CA_1,CA,XGBOOST,XGBoost,90.0,0.0000,0E-7,5.430746,0.000000,16.639150,50.7775,-0.399315,0.278751
20160327,2016-03-27,4,SAMPLE_ITEM_003,SAMPLE_ITEM_003,SAMPLE_HOUSEHOLD_1,3,SAMPLE_TX_1,TX,XGBOOST,XGBoost,90.0,0.0000,0E-7,5.359143,0.000000,16.567547,50.1080,-0.399315,0.277369
20160327,2016-03-27,5,SAMPLE_ITEM_004,SAMPLE_ITEM_004,SAMPLE_HOBBIES_1,2,SAMPLE_CA_1,CA,XGBOOST,XGBoost,90.0,0.0000,0E-7,5.867681,0.000000,17.076086,41.1911,-0.399315,0.286825
20160327,2016-03-27,5,SAMPLE_ITEM_004,SAMPLE_ITEM_004,SAMPLE_HOBBIES_1,3,SAMPLE_TX_1,TX,XGBOOST,XGBoost,90.0,0.0000,0E-7,5.963102,0.000000,17.171507,41.8610,-0.399315,0.288511
20160328,2016-03-28,2,SAMPLE_ITEM_001,SAMPLE_ITEM_001,SAMPLE_FOODS_1,2,SAMPLE_CA_1,CA,XGBOOST,XGBoost,90.0,0.0000,0E-7,3.159991,0.000000,14.462983,13.1140,-0.399315,0.223380
20160328,2016-03-28,2,SAMPLE_ITEM_001,SAMPLE_ITEM_001,SAMPLE_FOODS_1,3,SAMPLE_TX_1,TX,XGBOOST,XGBoost,90.0,0.0000,0E-7,3.145199,0.000000,14.448191,13.0526,-0.399315,0.222939
20160328,2016-03-28,3,SAMPLE_ITEM_002,SAMPLE_ITEM_002,SAMPLE_FOODS_1,2,SAMPLE_CA_1,CA,XGBOOST,XGBoost,90.0,0.0000,0E-7,4.399485,0.000000,15.702477,25.1211,-0.399315,0.255876
20160328,2016-03-28,3,SAMPLE_ITEM_002,SAMPLE_ITEM_002,SAMPLE_FOODS_1,3,SAMPLE_TX_1,TX,XGBOOST,XGBoost,90.0,0.0000,0E-7,4.347668,0.000000,15.650660,24.8252,-0.399315,0.254671
20160328,2016-03-28,4,SAMPLE_ITEM_003,SAMPLE_ITEM_003,SAMPLE_HOUSEHOLD_1,2,SAMPLE_CA_1,CA,XGBOOST,XGBoost,90.0,0.0000,0E-7,4.093135,0.000000,15.396127,38.2708,-0.399315,0.248576
20160328,2016-03-28,4,SAMPLE_ITEM_003,SAMPLE_ITEM_003,SAMPLE_HOUSEHOLD_1,3,SAMPLE_TX_1,TX,XGBOOST,XGBoost,90.0,0.0000,0E-7,4.082888,0.000000,15.385880,38.1750,-0.399315,0.248324
20160328,2016-03-28,5,SAMPLE_ITEM_004,SAMPLE_ITEM_004,SAMPLE_HOBBIES_1,2,SAMPLE_CA_1,CA,XGBOOST,XGBoost,90.0,0.0000,0E-7,4.961031,0.000000,16.264023,34.8264,-0.399315,0.268212
20160328,2016-03-28,5,SAMPLE_ITEM_004,SAMPLE_ITEM_004,SAMPLE_HOBBIES_1,3,SAMPLE_TX_1,TX,XGBOOST,XGBoost,90.0,0.0000,0E-7,4.977036,0.000000,16.280028,34.9388,-0.399315,0.268546
20160329,2016-03-29,2,SAMPLE_ITEM_001,SAMPLE_ITEM_001,SAMPLE_FOODS_1,2,SAMPLE_CA_1,CA,XGBOOST,XGBoost,90.0,0.0000,0E-7,3.018888,0.000000,14.415682,12.5284,-0.399315,0.218008
20160329,2016-03-29,2,SAMPLE_ITEM_001,SAMPLE_ITEM_001,SAMPLE_FOODS_1,3,SAMPLE_TX_1,TX,XGBOOST,XGBoost,90.0,0.0000,0E-7,3.004096,0.000000,14.400890,12.4670,-0.399315,0.217555
20160329,2016-03-29,3,SAMPLE_ITEM_002,SAMPLE_ITEM_002,SAMPLE_FOODS_1,2,SAMPLE_CA_1,CA,XGBOOST,XGBoost,90.0,0.0000,0E-7,4.182215,0.000000,15.579010,23.8804,-0.399315,0.249610
20160329,2016-03-29,3,SAMPLE_ITEM_002,SAMPLE_ITEM_002,SAMPLE_FOODS_1,3,SAMPLE_TX_1,TX,XGBOOST,XGBoost,90.0,0.0000,0E-7,4.207872,0.000000,15.604667,24.0270,-0.399315,0.250228
20160329,2016-03-29,4,SAMPLE_ITEM_003,SAMPLE_ITEM_003,SAMPLE_HOUSEHOLD_1,2,SAMPLE_CA_1,CA,XGBOOST,XGBoost,90.0,0.0000,0E-7,3.871982,0.000000,15.268777,36.2030,-0.399315,0.241897
20160329,2016-03-29,4,SAMPLE_ITEM_003,SAMPLE_ITEM_003,SAMPLE_HOUSEHOLD_1,3,SAMPLE_TX_1,TX,XGBOOST,XGBoost,90.0,0.0000,0E-7,3.863608,0.000000,15.260402,36.1247,-0.399315,0.241682
20160329,2016-03-29,5,SAMPLE_ITEM_004,SAMPLE_ITEM_004,SAMPLE_HOBBIES_1,2,SAMPLE_CA_1,CA,XGBOOST,XGBoost,90.0,0.0000,0E-7,4.967131,0.000000,16.363925,34.8693,-0.399315,0.267212
20160329,2016-03-29,5,SAMPLE_ITEM_004,SAMPLE_ITEM_004,SAMPLE_HOBBIES_1,3,SAMPLE_TX_1,TX,XGBOOST,XGBoost,90.0,0.0000,0E-7,4.983136,0.000000,16.379930,34.9816,-0.399315,0.267545
20160330,2016-03-30,2,SAMPLE_ITEM_001,SAMPLE_ITEM_001,SAMPLE_FOODS_1,2,SAMPLE_CA_1,CA,XGBOOST,XGBoost,90.0,0.0000,0E-7,2.845278,0.000000,14.335109,11.8079,-0.399315,0.211507
20160330,2016-03-30,2,SAMPLE_ITEM_001,SAMPLE_ITEM_001,SAMPLE_FOODS_1,3,SAMPLE_TX_1,TX,XGBOOST,XGBoost,90.0,0.0000,0E-7,2.793274,0.000000,14.283105,11.5921,-0.399315,0.209847
20160330,2016-03-30,3,SAMPLE_ITEM_002,SAMPLE_ITEM_002,SAMPLE_FOODS_1,2,SAMPLE_CA_1,CA,XGBOOST,XGBoost,90.0,0.0000,0E-7,4.176113,0.000000,15.665944,23.8456,-0.399315,0.248349
20160330,2016-03-30,3,SAMPLE_ITEM_002,SAMPLE_ITEM_002,SAMPLE_FOODS_1,3,SAMPLE_TX_1,TX,XGBOOST,XGBoost,90.0,0.0000,0E-7,4.165899,0.000000,15.655730,23.7873,-0.399315,0.248103
20160330,2016-03-30,4,SAMPLE_ITEM_003,SAMPLE_ITEM_003,SAMPLE_HOUSEHOLD_1,2,SAMPLE_CA_1,CA,XGBOOST,XGBoost,90.0,0.0000,0E-7,4.293597,0.000000,15.783428,40.1451,-0.399315,0.251155
20160330,2016-03-30,4,SAMPLE_ITEM_003,SAMPLE_ITEM_003,SAMPLE_HOUSEHOLD_1,3,SAMPLE_TX_1,TX,XGBOOST,XGBoost,90.0,0.0000,0E-7,4.263784,0.000000,15.753615,39.8664,-0.399315,0.250449
20160330,2016-03-30,5,SAMPLE_ITEM_004,SAMPLE_ITEM_004,SAMPLE_HOBBIES_1,2,SAMPLE_CA_1,CA,XGBOOST,XGBoost,90.0,0.0000,0E-7,4.961029,0.000000,16.450859,34.8264,-0.399315,0.265976
20160330,2016-03-30,5,SAMPLE_ITEM_004,SAMPLE_ITEM_004,SAMPLE_HOBBIES_1,3,SAMPLE_TX_1,TX,XGBOOST,XGBoost,90.0,0.0000,0E-7,4.977033,0.000000,16.466864,34.9388,-0.399315,0.266310
20160331,2016-03-31,2,SAMPLE_ITEM_001,SAMPLE_ITEM_001,SAMPLE_FOODS_1,2,SAMPLE_CA_1,CA,XGBOOST,XGBoost,90.0,0.0000,0E-7,3.827142,0.000000,15.409263,15.8826,-0.399315,0.238538
20160331,2016-03-31,2,SAMPLE_ITEM_001,SAMPLE_ITEM_001,SAMPLE_FOODS_1,3,SAMPLE_TX_1,TX,XGBOOST,XGBoost,90.0,0.0000,0E-7,3.875831,0.000000,15.457952,16.0847,-0.399315,0.239790
20160331,2016-03-31,3,SAMPLE_ITEM_002,SAMPLE_ITEM_002,SAMPLE_FOODS_1,2,SAMPLE_CA_1,CA,XGBOOST,XGBoost,90.0,0.0000,0E-7,3.877365,0.000000,15.459485,22.1398,-0.399315,0.239829
20160331,2016-03-31,3,SAMPLE_ITEM_002,SAMPLE_ITEM_002,SAMPLE_FOODS_1,3,SAMPLE_TX_1,TX,XGBOOST,XGBoost,90.0,0.0000,0E-7,4.107566,0.000000,15.689686,23.4542,-0.399315,0.245588
20160331,2016-03-31,4,SAMPLE_ITEM_003,SAMPLE_ITEM_003,SAMPLE_HOUSEHOLD_1,2,SAMPLE_CA_1,CA,XGBOOST,XGBoost,90.0,0.0000,0E-7,3.869113,0.000000,15.451234,36.1762,-0.399315,0.239618
20160331,2016-03-31,4,SAMPLE_ITEM_003,SAMPLE_ITEM_003,SAMPLE_HOUSEHOLD_1,3,SAMPLE_TX_1,TX,XGBOOST,XGBoost,90.0,0.0000,0E-7,3.859106,0.000000,15.441226,36.0826,-0.399315,0.239361
20160331,2016-03-31,5,SAMPLE_ITEM_004,SAMPLE_ITEM_004,SAMPLE_HOBBIES_1,2,SAMPLE_CA_1,CA,XGBOOST,XGBoost,90.0,0.0000,0E-7,4.927047,0.000000,16.509167,34.5879,-0.399315,0.264173
20160331,2016-03-31,5,SAMPLE_ITEM_004,SAMPLE_ITEM_004,SAMPLE_HOBBIES_1,3,SAMPLE_TX_1,TX,XGBOOST,XGBoost,90.0,0.0000,0E-7,4.943051,0.000000,16.525172,34.7002,-0.399315,0.264509
20160401,2016-04-01,2,SAMPLE_ITEM_001,SAMPLE_ITEM_001,SAMPLE_FOODS_1,2,SAMPLE_CA_1,CA,XGBOOST,XGBoost,90.0,0.0000,0E-7,4.032351,0.000000,15.706031,16.7343,-0.399315,0.242659
20160401,2016-04-01,2,SAMPLE_ITEM_001,SAMPLE_ITEM_001,SAMPLE_FOODS_1,3,SAMPLE_TX_1,TX,XGBOOST,XGBoost,90.0,0.0000,0E-7,4.224634,0.000000,15.898314,17.5322,-0.399315,0.247344
20160401,2016-04-01,3,SAMPLE_ITEM_002,SAMPLE_ITEM_002,SAMPLE_FOODS_1,2,SAMPLE_CA_1,CA,XGBOOST,XGBoost,90.0,0.0000,0E-7,5.562188,0.000000,17.235868,31.7601,-0.399315,0.275745
20160401,2016-04-01,3,SAMPLE_ITEM_002,SAMPLE_ITEM_002,SAMPLE_FOODS_1,3,SAMPLE_TX_1,TX,XGBOOST,XGBoost,90.0,0.0000,0E-7,5.338555,0.000000,17.012235,30.4832,-0.399315,0.271449
20160401,2016-04-01,4,SAMPLE_ITEM_003,SAMPLE_ITEM_003,SAMPLE_HOUSEHOLD_1,2,SAMPLE_CA_1,CA,XGBOOST,XGBoost,90.0,0.0000,0E-7,5.582518,0.000000,17.256197,52.1965,-0.399315,0.276127
20160401,2016-04-01,4,SAMPLE_ITEM_003,SAMPLE_ITEM_003,SAMPLE_HOUSEHOLD_1,3,SAMPLE_TX_1,TX,XGBOOST,XGBoost,90.0,0.0000,0E-7,5.711687,0.000000,17.385367,53.4043,-0.399315,0.278527
20160401,2016-04-01,5,SAMPLE_ITEM_004,SAMPLE_ITEM_004,SAMPLE_HOBBIES_1,2,SAMPLE_CA_1,CA,XGBOOST,XGBoost,90.0,0.0000,0E-7,6.296410,0.000000,17.970089,44.2008,-0.399315,0.288778
20160401,2016-04-01,5,SAMPLE_ITEM_004,SAMPLE_ITEM_004,SAMPLE_HOBBIES_1,3,SAMPLE_TX_1,TX,XGBOOST,XGBoost,90.0,0.0000,0E-7,6.471651,0.000000,18.145331,45.4310,-0.399315,0.291668
20160402,2016-04-02,2,SAMPLE_ITEM_001,SAMPLE_ITEM_001,SAMPLE_FOODS_1,2,SAMPLE_CA_1,CA,XGBOOST,XGBoost,90.0,0.0000,0E-7,3.394151,0.000000,15.158678,14.0857,-0.399315,0.224732
20160402,2016-04-02,2,SAMPLE_ITEM_001,SAMPLE_ITEM_001,SAMPLE_FOODS_1,3,SAMPLE_TX_1,TX,XGBOOST,XGBoost,90.0,0.0000,0E-7,3.611233,0.000000,15.375760,14.9866,-0.399315,0.230712
20160402,2016-04-02,3,SAMPLE_ITEM_002,SAMPLE_ITEM_002,SAMPLE_FOODS_1,2,SAMPLE_CA_1,CA,XGBOOST,XGBoost,90.0,0.0000,0E-7,4.937146,0.000000,16.701673,28.1911,-0.399315,0.262255
20160402,2016-04-02,3,SAMPLE_ITEM_002,SAMPLE_ITEM_002,SAMPLE_FOODS_1,3,SAMPLE_TX_1,TX,XGBOOST,XGBoost,90.0,0.0000,0E-7,5.090827,0.000000,16.855354,29.0686,-0.399315,0.265440
20160402,2016-04-02,4,SAMPLE_ITEM_003,SAMPLE_ITEM_003,SAMPLE_HOUSEHOLD_1,2,SAMPLE_CA_1,CA,XGBOOST,XGBoost,90.0,0.0000,0E-7,4.840199,0.000000,16.604726,45.2559,-0.399315,0.260201
20160402,2016-04-02,4,SAMPLE_ITEM_003,SAMPLE_ITEM_003,SAMPLE_HOUSEHOLD_1,3,SAMPLE_TX_1,TX,XGBOOST,XGBoost,90.0,0.0000,0E-7,4.993879,0.000000,16.758406,46.6928,-0.399315,0.263441
20160402,2016-04-02,5,SAMPLE_ITEM_004,SAMPLE_ITEM_004,SAMPLE_HOBBIES_1,2,SAMPLE_CA_1,CA,XGBOOST,XGBoost,90.0,0.0000,0E-7,6.279552,0.000000,18.044079,44.0825,-0.399315,0.287461
20160402,2016-04-02,5,SAMPLE_ITEM_004,SAMPLE_ITEM_004,SAMPLE_HOBBIES_1,3,SAMPLE_TX_1,TX,XGBOOST,XGBoost,90.0,0.0000,0E-7,6.459500,0.000000,18.224027,45.3457,-0.399315,0.290439
20160403,2016-04-03,2,SAMPLE_ITEM_001,SAMPLE_ITEM_001,SAMPLE_FOODS_1,2,SAMPLE_CA_1,CA,XGBOOST,XGBoost,90.0,0.0000,0E-7,4.792854,0.000000,16.647532,19.8903,-0.399315,0.258144
20160403,2016-04-03,2,SAMPLE_ITEM_001,SAMPLE_ITEM_001,SAMPLE_FOODS_1,3,SAMPLE_TX_1,TX,XGBOOST,XGBoost,90.0,0.0000,0E-7,4.904086,0.000000,16.758764,20.3520,-0.399315,0.260518
20160403,2016-04-03,3,SAMPLE_ITEM_002,SAMPLE_ITEM_002,SAMPLE_FOODS_1,2,SAMPLE_CA_1,CA,XGBOOST,XGBoost,90.0,0.0000,0E-7,5.867821,0.000000,17.722499,33.5053,-0.399315,0.279290
20160403,2016-04-03,3,SAMPLE_ITEM_002,SAMPLE_ITEM_002,SAMPLE_FOODS_1,3,SAMPLE_TX_1,TX,XGBOOST,XGBoost,90.0,0.0000,0E-7,5.977839,0.000000,17.832517,34.1335,-0.399315,0.281247
20160403,2016-04-03,4,SAMPLE_ITEM_003,SAMPLE_ITEM_003,SAMPLE_HOUSEHOLD_1,2,SAMPLE_CA_1,CA,XGBOOST,XGBoost,90.0,0.0000,0E-7,5.485230,0.000000,17.339908,51.2869,-0.399315,0.272201
20160403,2016-04-03,4,SAMPLE_ITEM_003,SAMPLE_ITEM_003,SAMPLE_HOUSEHOLD_1,3,SAMPLE_TX_1,TX,XGBOOST,XGBoost,90.0,0.0000,0E-7,5.591191,0.000000,17.445869,52.2776,-0.399315,0.274210
20160403,2016-04-03,5,SAMPLE_ITEM_004,SAMPLE_ITEM_004,SAMPLE_HOBBIES_1,2,SAMPLE_CA_1,CA,XGBOOST,XGBoost,90.0,0.0000,0E-7,6.593552,0.000000,18.448230,46.2867,-0.399315,0.291591
20160403,2016-04-03,5,SAMPLE_ITEM_004,SAMPLE_ITEM_004,SAMPLE_HOBBIES_1,3,SAMPLE_TX_1,TX,XGBOOST,XGBoost,90.0,0.0000,0E-7,6.713514,0.000000,18.568192,47.1289,-0.399315,0.293494
20160404,2016-04-04,2,SAMPLE_ITEM_001,SAMPLE_ITEM_001,SAMPLE_FOODS_1,2,SAMPLE_CA_1,CA,XGBOOST,XGBoost,90.0,0.0000,0E-7,3.508007,0.000000,15.452155,14.5582,-0.399315,0.225850
20160404,2016-04-04,2,SAMPLE_ITEM_001,SAMPLE_ITEM_001,SAMPLE_FOODS_1,3,SAMPLE_TX_1,TX,XGBOOST,XGBoost,90.0,0.0000,0E-7,3.695908,0.000000,15.640056,15.3380,-0.399315,0.230916
20160404,2016-04-04,3,SAMPLE_ITEM_002,SAMPLE_ITEM_002,SAMPLE_FOODS_1,2,SAMPLE_CA_1,CA,XGBOOST,XGBoost,90.0,0.0000,0E-7,5.072108,0.000000,17.016256,28.9617,-0.399315,0.262994
20160404,2016-04-04,3,SAMPLE_ITEM_002,SAMPLE_ITEM_002,SAMPLE_FOODS_1,3,SAMPLE_TX_1,TX,XGBOOST,XGBoost,90.0,0.0000,0E-7,5.225789,0.000000,17.169937,29.8393,-0.399315,0.266108
20160404,2016-04-04,4,SAMPLE_ITEM_003,SAMPLE_ITEM_003,SAMPLE_HOUSEHOLD_1,2,SAMPLE_CA_1,CA,XGBOOST,XGBoost,90.0,0.0000,0E-7,5.037493,0.000000,16.981642,47.1006,-0.399315,0.262281
20160404,2016-04-04,4,SAMPLE_ITEM_003,SAMPLE_ITEM_003,SAMPLE_HOUSEHOLD_1,3,SAMPLE_TX_1,TX,XGBOOST,XGBoost,90.0,0.0000,0E-7,5.191174,0.000000,17.135323,48.5375,-0.399315,0.265414
20160404,2016-04-04,5,SAMPLE_ITEM_004,SAMPLE_ITEM_004,SAMPLE_HOBBIES_1,2,SAMPLE_CA_1,CA,XGBOOST,XGBoost,90.0,0.0000,0E-7,5.890272,0.000000,17.834420,41.3497,-0.399315,0.278680
20160404,2016-04-04,5,SAMPLE_ITEM_004,SAMPLE_ITEM_004,SAMPLE_HOBBIES_1,3,SAMPLE_TX_1,TX,XGBOOST,XGBoost,90.0,0.0000,0E-7,6.049399,0.000000,17.993548,42.4668,-0.399315,0.281492
20160405,2016-04-05,2,SAMPLE_ITEM_001,SAMPLE_ITEM_001,SAMPLE_FOODS_1,2,SAMPLE_CA_1,CA,XGBOOST,XGBoost,90.0,0.0000,0E-7,4.174098,0.000000,16.207052,17.3225,-0.399315,0.241993
20160405,2016-04-05,2,SAMPLE_ITEM_001,SAMPLE_ITEM_001,SAMPLE_FOODS_1,3,SAMPLE_TX_1,TX,XGBOOST,XGBoost,90.0,0.0000,0E-7,4.297216,0.000000,16.330170,17.8334,-0.399315,0.244931
20160405,2016-04-05,3,SAMPLE_ITEM_002,SAMPLE_ITEM_002,SAMPLE_FOODS_1,2,SAMPLE_CA_1,CA,XGBOOST,XGBoost,90.0,0.0000,0E-7,5.039950,0.000000,17.072904,28.7781,-0.399315,0.261324
20160405,2016-04-05,3,SAMPLE_ITEM_002,SAMPLE_ITEM_002,SAMPLE_FOODS_1,3,SAMPLE_TX_1,TX,XGBOOST,XGBoost,90.0,0.0000,0E-7,5.193631,0.000000,17.226584,29.6556,-0.399315,0.264457
20160405,2016-04-05,4,SAMPLE_ITEM_003,SAMPLE_ITEM_003,SAMPLE_HOUSEHOLD_1,2,SAMPLE_CA_1,CA,XGBOOST,XGBoost,90.0,0.0000,0E-7,4.936124,0.000000,16.969078,46.1528,-0.399315,0.259161
20160405,2016-04-05,4,SAMPLE_ITEM_003,SAMPLE_ITEM_003,SAMPLE_HOUSEHOLD_1,3,SAMPLE_TX_1,TX,XGBOOST,XGBoost,90.0,0.0000,0E-7,5.089805,0.000000,17.122759,47.5897,-0.399315,0.262350
20160405,2016-04-05,5,SAMPLE_ITEM_004,SAMPLE_ITEM_004,SAMPLE_HOBBIES_1,2,SAMPLE_CA_1,CA,XGBOOST,XGBoost,90.0,0.0000,0E-7,6.032490,0.000000,18.065444,42.3481,-0.399315,0.280202
20160405,2016-04-05,5,SAMPLE_ITEM_004,SAMPLE_ITEM_004,SAMPLE_HOBBIES_1,3,SAMPLE_TX_1,TX,XGBOOST,XGBoost,90.0,0.0000,0E-7,6.143203,0.000000,18.176157,43.1253,-0.399315,0.282124
20160406,2016-04-06,2,SAMPLE_ITEM_001,SAMPLE_ITEM_001,SAMPLE_FOODS_1,2,SAMPLE_CA_1,CA,XGBOOST,XGBoost,90.0,0.0000,0E-7,3.192946,0.000000,15.314054,13.2507,-0.399315,0.214946
20160406,2016-04-06,2,SAMPLE_ITEM_001,SAMPLE_ITEM_001,SAMPLE_FOODS_1,3,SAMPLE_TX_1,TX,XGBOOST,XGBoost,90.0,0.0000,0E-7,3.276906,0.000000,15.398014,13.5992,-0.399315,0.217379
20160406,2016-04-06,3,SAMPLE_ITEM_002,SAMPLE_ITEM_002,SAMPLE_FOODS_1,2,SAMPLE_CA_1,CA,XGBOOST,XGBoost,90.0,0.0000,0E-7,5.033847,0.000000,17.154956,28.7433,-0.399315,0.260205
20160406,2016-04-06,3,SAMPLE_ITEM_002,SAMPLE_ITEM_002,SAMPLE_FOODS_1,3,SAMPLE_TX_1,TX,XGBOOST,XGBoost,90.0,0.0000,0E-7,6.178190,0.000000,18.299298,35.2775,-0.399315,0.281746
20160406,2016-04-06,4,SAMPLE_ITEM_003,SAMPLE_ITEM_003,SAMPLE_HOUSEHOLD_1,2,SAMPLE_CA_1,CA,XGBOOST,XGBoost,90.0,0.0000,0E-7,4.991865,0.000000,17.112974,46.6739,-0.399315,0.259334
20160406,2016-04-06,4,SAMPLE_ITEM_003,SAMPLE_ITEM_003,SAMPLE_HOUSEHOLD_1,3,SAMPLE_TX_1,TX,XGBOOST,XGBoost,90.0,0.0000,0E-7,5.152914,0.000000,17.274022,48.1797,-0.399315,0.262643
20160406,2016-04-06,5,SAMPLE_ITEM_004,SAMPLE_ITEM_004,SAMPLE_HOBBIES_1,2,SAMPLE_CA_1,CA,XGBOOST,XGBoost,90.0,0.0000,0E-7,6.010309,0.000000,18.131417,42.1924,-0.399315,0.278832
20160406,2016-04-06,5,SAMPLE_ITEM_004,SAMPLE_ITEM_004,SAMPLE_HOBBIES_1,3,SAMPLE_TX_1,TX,XGBOOST,XGBoost,90.0,0.0000,0E-7,5.979642,0.000000,18.100750,41.9771,-0.399315,0.278291
20160407,2016-04-07,2,SAMPLE_ITEM_001,SAMPLE_ITEM_001,SAMPLE_FOODS_1,2,SAMPLE_CA_1,CA,XGBOOST,XGBoost,90.0,0.0000,0E-7,3.799262,0.000000,16.007889,15.7669,-0.399315,0.230654
20160407,2016-04-07,2,SAMPLE_ITEM_001,SAMPLE_ITEM_001,SAMPLE_FOODS_1,3,SAMPLE_TX_1,TX,XGBOOST,XGBoost,90.0,0.0000,0E-7,4.127000,0.000000,16.335627,17.1271,-0.399315,0.238880
20160407,2016-04-07,3,SAMPLE_ITEM_002,SAMPLE_ITEM_002,SAMPLE_FOODS_1,2,SAMPLE_CA_1,CA,XGBOOST,XGBoost,90.0,0.0000,0E-7,5.899598,0.000000,18.108224,33.6867,-0.399315,0.275898
20160407,2016-04-07,3,SAMPLE_ITEM_002,SAMPLE_ITEM_002,SAMPLE_FOODS_1,3,SAMPLE_TX_1,TX,XGBOOST,XGBoost,90.0,0.0000,0E-7,5.995235,0.000000,18.203862,34.2328,-0.399315,0.277599
20160407,2016-04-07,4,SAMPLE_ITEM_003,SAMPLE_ITEM_003,SAMPLE_HOUSEHOLD_1,2,SAMPLE_CA_1,CA,XGBOOST,XGBoost,90.0,0.0000,0E-7,4.906915,0.000000,17.115542,45.8797,-0.399315,0.256572
20160407,2016-04-07,4,SAMPLE_ITEM_003,SAMPLE_ITEM_003,SAMPLE_HOUSEHOLD_1,3,SAMPLE_TX_1,TX,XGBOOST,XGBoost,90.0,0.0000,0E-7,5.738616,0.000000,17.947243,53.6561,-0.399315,0.272975
20160407,2016-04-07,5,SAMPLE_ITEM_004,SAMPLE_ITEM_004,SAMPLE_HOBBIES_1,2,SAMPLE_CA_1,CA,XGBOOST,XGBoost,90.0,0.0000,0E-7,5.746601,0.000000,17.955227,40.3411,-0.399315,0.273122
20160407,2016-04-07,5,SAMPLE_ITEM_004,SAMPLE_ITEM_004,SAMPLE_HOBBIES_1,3,SAMPLE_TX_1,TX,XGBOOST,XGBoost,90.0,0.0000,0E-7,6.033827,0.000000,18.242454,42.3575,-0.399315,0.278278
20160408,2016-04-08,2,SAMPLE_ITEM_001,SAMPLE_ITEM_001,SAMPLE_FOODS_1,2,SAMPLE_CA_1,CA,XGBOOST,XGBoost,90.0,0.0000,0E-7,4.352633,0.000000,16.648154,18.0634,-0.399315,0.243293
20160408,2016-04-08,2,SAMPLE_ITEM_001,SAMPLE_ITEM_001,SAMPLE_FOODS_1,3,SAMPLE_TX_1,TX,XGBOOST,XGBoost,90.0,0.0000,0E-7,3.495326,0.000000,15.790848,14.5056,-0.399315,0.221596
20160408,2016-04-08,3,SAMPLE_ITEM_002,SAMPLE_ITEM_002,SAMPLE_FOODS_1,2,SAMPLE_CA_1,CA,XGBOOST,XGBoost,90.0,0.0000,0E-7,5.684451,0.000000,17.979973,32.4582,-0.399315,0.271016
20160408,2016-04-08,3,SAMPLE_ITEM_002,SAMPLE_ITEM_002,SAMPLE_FOODS_1,3,SAMPLE_TX_1,TX,XGBOOST,XGBoost,90.0,0.0000,0E-7,5.605523,0.000000,17.901045,32.0075,-0.399315,0.269541
20160408,2016-04-08,4,SAMPLE_ITEM_003,SAMPLE_ITEM_003,SAMPLE_HOUSEHOLD_1,2,SAMPLE_CA_1,CA,XGBOOST,XGBoost,90.0,0.0000,0E-7,5.576148,0.000000,17.871669,52.1370,-0.399315,0.268987
20160408,2016-04-08,4,SAMPLE_ITEM_003,SAMPLE_ITEM_003,SAMPLE_HOUSEHOLD_1,3,SAMPLE_TX_1,TX,XGBOOST,XGBoost,90.0,0.0000,0E-7,5.703865,0.000000,17.999386,53.3311,-0.399315,0.271376
20160408,2016-04-08,5,SAMPLE_ITEM_004,SAMPLE_ITEM_004,SAMPLE_HOBBIES_1,2,SAMPLE_CA_1,CA,XGBOOST,XGBoost,90.0,0.0000,0E-7,5.533378,0.000000,17.828900,38.8443,-0.399315,0.268176
20160408,2016-04-08,5,SAMPLE_ITEM_004,SAMPLE_ITEM_004,SAMPLE_HOBBIES_1,3,SAMPLE_TX_1,TX,XGBOOST,XGBoost,90.0,0.0000,0E-7,5.583817,0.000000,17.879339,39.1984,-0.399315,0.269132
20160409,2016-04-09,2,SAMPLE_ITEM_001,SAMPLE_ITEM_001,SAMPLE_FOODS_1,2,SAMPLE_CA_1,CA,XGBOOST,XGBoost,90.0,0.0000,0E-7,3.168200,0.000000,15.550008,13.1480,-0.399315,0.211388
20160409,2016-04-09,2,SAMPLE_ITEM_001,SAMPLE_ITEM_001,SAMPLE_FOODS_1,3,SAMPLE_TX_1,TX,XGBOOST,XGBoost,90.0,0.0000,0E-7,4.311428,0.000000,16.693235,17.8924,-0.399315,0.241377
20160409,2016-04-09,3,SAMPLE_ITEM_002,SAMPLE_ITEM_002,SAMPLE_FOODS_1,2,SAMPLE_CA_1,CA,XGBOOST,XGBoost,90.0,0.0000,0E-7,6.038050,0.000000,18.419857,34.4773,-0.399315,0.276458
20160409,2016-04-09,3,SAMPLE_ITEM_002,SAMPLE_ITEM_002,SAMPLE_FOODS_1,3,SAMPLE_TX_1,TX,XGBOOST,XGBoost,90.0,0.0000,0E-7,5.624169,0.000000,18.005977,32.1140,-0.399315,0.268946
20160409,2016-04-09,4,SAMPLE_ITEM_003,SAMPLE_ITEM_003,SAMPLE_HOUSEHOLD_1,2,SAMPLE_CA_1,CA,XGBOOST,XGBoost,90.0,0.0000,0E-7,5.950902,0.000000,18.332709,55.6409,-0.399315,0.274917
20160409,2016-04-09,4,SAMPLE_ITEM_003,SAMPLE_ITEM_003,SAMPLE_HOUSEHOLD_1,3,SAMPLE_TX_1,TX,XGBOOST,XGBoost,90.0,0.0000,0E-7,6.166471,0.000000,18.548278,57.6565,-0.399315,0.278691
20160409,2016-04-09,5,SAMPLE_ITEM_004,SAMPLE_ITEM_004,SAMPLE_HOBBIES_1,2,SAMPLE_CA_1,CA,XGBOOST,XGBoost,90.0,0.0000,0E-7,5.558937,0.000000,17.940744,39.0237,-0.399315,0.267715
20160409,2016-04-09,5,SAMPLE_ITEM_004,SAMPLE_ITEM_004,SAMPLE_HOBBIES_1,3,SAMPLE_TX_1,TX,XGBOOST,XGBoost,90.0,0.0000,0E-7,6.186729,0.000000,18.568536,43.4308,-0.399315,0.279039
20160410,2016-04-10,2,SAMPLE_ITEM_001,SAMPLE_ITEM_001,SAMPLE_FOODS_1,2,SAMPLE_CA_1,CA,XGBOOST,XGBoost,90.0,0.0000,0E-7,4.799118,0.000000,17.266614,19.9163,-0.399315,0.251417
20160410,2016-04-10,2,SAMPLE_ITEM_001,SAMPLE_ITEM_001,SAMPLE_FOODS_1,3,SAMPLE_TX_1,TX,XGBOOST,XGBoost,90.0,0.0000,0E-7,4.234170,0.000000,16.701666,17.5718,-0.399315,0.238613
20160410,2016-04-10,3,SAMPLE_ITEM_002,SAMPLE_ITEM_002,SAMPLE_FOODS_1,2,SAMPLE_CA_1,CA,XGBOOST,XGBoost,90.0,0.0000,0E-7,6.057504,0.000000,18.525000,34.5883,-0.399315,0.275872
20160410,2016-04-10,3,SAMPLE_ITEM_002,SAMPLE_ITEM_002,SAMPLE_FOODS_1,3,SAMPLE_TX_1,TX,XGBOOST,XGBoost,90.0,0.0000,0E-7,6.325820,0.000000,18.793316,36.1204,-0.399315,0.280477
20160410,2016-04-10,4,SAMPLE_ITEM_003,SAMPLE_ITEM_003,SAMPLE_HOUSEHOLD_1,2,SAMPLE_CA_1,CA,XGBOOST,XGBoost,90.0,0.0000,0E-7,6.098028,0.000000,18.565523,57.0166,-0.399315,0.276580
20160410,2016-04-10,4,SAMPLE_ITEM_003,SAMPLE_ITEM_003,SAMPLE_HOUSEHOLD_1,3,SAMPLE_TX_1,TX,XGBOOST,XGBoost,90.0,0.0000,0E-7,6.157248,0.000000,18.624743,57.5703,-0.399315,0.277606
20160410,2016-04-10,5,SAMPLE_ITEM_004,SAMPLE_ITEM_004,SAMPLE_HOBBIES_1,2,SAMPLE_CA_1,CA,XGBOOST,XGBoost,90.0,0.0000,0E-7,6.450237,0.000000,18.917732,45.2807,-0.399315,0.282549
20160410,2016-04-10,5,SAMPLE_ITEM_004,SAMPLE_ITEM_004,SAMPLE_HOBBIES_1,3,SAMPLE_TX_1,TX,XGBOOST,XGBoost,90.0,0.0000,0E-7,7.032247,0.000000,19.499743,49.3664,-0.399315,0.291742
20160411,2016-04-11,2,SAMPLE_ITEM_001,SAMPLE_ITEM_001,SAMPLE_FOODS_1,2,SAMPLE_CA_1,CA,XGBOOST,XGBoost,90.0,0.0000,0E-7,3.707380,0.000000,16.259979,15.3856,-0.399315,0.224510
20160411,2016-04-11,2,SAMPLE_ITEM_001,SAMPLE_ITEM_001,SAMPLE_FOODS_1,3,SAMPLE_TX_1,TX,XGBOOST,XGBoost,90.0,0.0000,0E-7,3.797966,0.000000,16.350565,15.7616,-0.399315,0.226870
20160411,2016-04-11,3,SAMPLE_ITEM_002,SAMPLE_ITEM_002,SAMPLE_FOODS_1,2,SAMPLE_CA_1,CA,XGBOOST,XGBoost,90.0,0.0000,0E-7,5.399408,0.000000,17.952007,30.8306,-0.399315,0.262794
20160411,2016-04-11,3,SAMPLE_ITEM_002,SAMPLE_ITEM_002,SAMPLE_FOODS_1,3,SAMPLE_TX_1,TX,XGBOOST,XGBoost,90.0,0.0000,0E-7,5.651066,0.000000,18.203665,32.2676,-0.399315,0.267598
20160411,2016-04-11,4,SAMPLE_ITEM_003,SAMPLE_ITEM_003,SAMPLE_HOUSEHOLD_1,2,SAMPLE_CA_1,CA,XGBOOST,XGBoost,90.0,0.0000,0E-7,5.052855,0.000000,17.605454,47.2442,-0.399315,0.255845
20160411,2016-04-11,4,SAMPLE_ITEM_003,SAMPLE_ITEM_003,SAMPLE_HOUSEHOLD_1,3,SAMPLE_TX_1,TX,XGBOOST,XGBoost,90.0,0.0000,0E-7,5.236991,0.000000,17.789590,48.9659,-0.399315,0.259587
20160411,2016-04-11,5,SAMPLE_ITEM_004,SAMPLE_ITEM_004,SAMPLE_HOBBIES_1,2,SAMPLE_CA_1,CA,XGBOOST,XGBoost,90.0,0.0000,0E-7,5.523983,0.000000,18.076582,38.7784,-0.399315,0.265196
20160411,2016-04-11,5,SAMPLE_ITEM_004,SAMPLE_ITEM_004,SAMPLE_HOBBIES_1,3,SAMPLE_TX_1,TX,XGBOOST,XGBoost,90.0,0.0000,0E-7,5.514431,0.000000,18.067029,38.7113,-0.399315,0.265014
20160412,2016-04-12,2,SAMPLE_ITEM_001,SAMPLE_ITEM_001,SAMPLE_FOODS_1,2,SAMPLE_CA_1,CA,XGBOOST,XGBoost,90.0,0.0000,0E-7,4.216980,0.000000,16.854110,17.5005,-0.399315,0.236372
20160412,2016-04-12,2,SAMPLE_ITEM_001,SAMPLE_ITEM_001,SAMPLE_FOODS_1,3,SAMPLE_TX_1,TX,XGBOOST,XGBoost,90.0,0.0000,0E-7,4.385077,0.000000,17.022207,18.1981,-0.399315,0.240327
20160412,2016-04-12,3,SAMPLE_ITEM_002,SAMPLE_ITEM_002,SAMPLE_FOODS_1,2,SAMPLE_CA_1,CA,XGBOOST,XGBoost,90.0,0.0000,0E-7,5.538031,0.000000,18.175160,31.6222,-0.399315,0.264556
20160412,2016-04-12,3,SAMPLE_ITEM_002,SAMPLE_ITEM_002,SAMPLE_FOODS_1,3,SAMPLE_TX_1,TX,XGBOOST,XGBoost,90.0,0.0000,0E-7,5.763456,0.000000,18.400585,32.9093,-0.399315,0.268775
20160412,2016-04-12,4,SAMPLE_ITEM_003,SAMPLE_ITEM_003,SAMPLE_HOUSEHOLD_1,2,SAMPLE_CA_1,CA,XGBOOST,XGBoost,90.0,0.0000,0E-7,5.480845,0.000000,18.117975,51.2459,-0.399315,0.263462
20160412,2016-04-12,4,SAMPLE_ITEM_003,SAMPLE_ITEM_003,SAMPLE_HOUSEHOLD_1,3,SAMPLE_TX_1,TX,XGBOOST,XGBoost,90.0,0.0000,0E-7,5.311852,0.000000,17.948981,49.6658,-0.399315,0.260166
20160412,2016-04-12,5,SAMPLE_ITEM_004,SAMPLE_ITEM_004,SAMPLE_HOBBIES_1,2,SAMPLE_CA_1,CA,XGBOOST,XGBoost,90.0,0.0000,0E-7,5.537149,0.000000,18.174279,38.8708,-0.399315,0.264540
20160412,2016-04-12,5,SAMPLE_ITEM_004,SAMPLE_ITEM_004,SAMPLE_HOBBIES_1,3,SAMPLE_TX_1,TX,XGBOOST,XGBoost,90.0,0.0000,0E-7,5.410922,0.000000,18.048051,37.9847,-0.399315,0.262109
20160413,2016-04-13,2,SAMPLE_ITEM_001,SAMPLE_ITEM_001,SAMPLE_FOODS_1,2,SAMPLE_CA_1,CA,XGBOOST,XGBoost,90.0,0.0000,0E-7,3.177362,0.000000,15.898460,13.1861,-0.399315,0.208079
20160413,2016-04-13,2,SAMPLE_ITEM_001,SAMPLE_ITEM_001,SAMPLE_FOODS_1,3,SAMPLE_TX_1,TX,XGBOOST,XGBoost,90.0,0.0000,0E-7,3.389447,0.000000,16.110545,14.0662,-0.399315,0.214119
20160413,2016-04-13,3,SAMPLE_ITEM_002,SAMPLE_ITEM_002,SAMPLE_FOODS_1,2,SAMPLE_CA_1,CA,XGBOOST,XGBoost,90.0,0.0000,0E-7,5.456577,0.000000,18.177675,31.1571,-0.399315,0.262098
20160413,2016-04-13,3,SAMPLE_ITEM_002,SAMPLE_ITEM_002,SAMPLE_FOODS_1,3,SAMPLE_TX_1,TX,XGBOOST,XGBoost,90.0,0.0000,0E-7,5.283154,0.000000,18.004251,30.1668,-0.399315,0.258700
20160413,2016-04-13,4,SAMPLE_ITEM_003,SAMPLE_ITEM_003,SAMPLE_HOUSEHOLD_1,2,SAMPLE_CA_1,CA,XGBOOST,XGBoost,90.0,0.0000,0E-7,5.581903,0.000000,18.303000,52.1908,-0.399315,0.264494
20160413,2016-04-13,4,SAMPLE_ITEM_003,SAMPLE_ITEM_003,SAMPLE_HOUSEHOLD_1,3,SAMPLE_TX_1,TX,XGBOOST,XGBoost,90.0,0.0000,0E-7,5.391670,0.000000,18.112768,50.4121,-0.399315,0.260837
20160413,2016-04-13,5,SAMPLE_ITEM_004,SAMPLE_ITEM_004,SAMPLE_HOBBIES_1,2,SAMPLE_CA_1,CA,XGBOOST,XGBoost,90.0,0.0000,0E-7,5.537149,0.000000,18.258247,38.8708,-0.399315,0.263644
20160413,2016-04-13,5,SAMPLE_ITEM_004,SAMPLE_ITEM_004,SAMPLE_HOBBIES_1,3,SAMPLE_TX_1,TX,XGBOOST,XGBoost,90.0,0.0000,0E-7,5.558359,0.000000,18.279457,39.0197,-0.399315,0.264047
20160414,2016-04-14,2,SAMPLE_ITEM_001,SAMPLE_ITEM_001,SAMPLE_FOODS_1,2,SAMPLE_CA_1,CA,XGBOOST,XGBoost,90.0,0.0000,0E-7,4.105982,0.000000,16.910498,17.0398,-0.399315,0.231916
20160414,2016-04-14,2,SAMPLE_ITEM_001,SAMPLE_ITEM_001,SAMPLE_FOODS_1,3,SAMPLE_TX_1,TX,XGBOOST,XGBoost,90.0,0.0000,0E-7,4.343292,0.000000,17.147808,18.0247,-0.399315,0.237574
20160414,2016-04-14,3,SAMPLE_ITEM_002,SAMPLE_ITEM_002,SAMPLE_FOODS_1,2,SAMPLE_CA_1,CA,XGBOOST,XGBoost,90.0,0.0000,0E-7,5.527974,0.000000,18.332489,31.5647,-0.399315,0.262585
20160414,2016-04-14,3,SAMPLE_ITEM_002,SAMPLE_ITEM_002,SAMPLE_FOODS_1,3,SAMPLE_TX_1,TX,XGBOOST,XGBoost,90.0,0.0000,0E-7,5.664638,0.000000,18.469154,32.3451,-0.399315,0.265166
20160414,2016-04-14,4,SAMPLE_ITEM_003,SAMPLE_ITEM_003,SAMPLE_HOUSEHOLD_1,2,SAMPLE_CA_1,CA,XGBOOST,XGBoost,90.0,0.0000,0E-7,5.582524,0.000000,18.387039,52.1966,-0.399315,0.263622
20160414,2016-04-14,4,SAMPLE_ITEM_003,SAMPLE_ITEM_003,SAMPLE_HOUSEHOLD_1,3,SAMPLE_TX_1,TX,XGBOOST,XGBoost,90.0,0.0000,0E-7,5.392292,0.000000,18.196807,50.4179,-0.399315,0.259964
20160414,2016-04-14,5,SAMPLE_ITEM_004,SAMPLE_ITEM_004,SAMPLE_HOBBIES_1,2,SAMPLE_CA_1,CA,XGBOOST,XGBoost,90.0,0.0000,0E-7,5.663815,0.000000,18.468331,39.7600,-0.399315,0.265151
20160414,2016-04-14,5,SAMPLE_ITEM_004,SAMPLE_ITEM_004,SAMPLE_HOBBIES_1,3,SAMPLE_TX_1,TX,XGBOOST,XGBoost,90.0,0.0000,0E-7,5.345159,0.000000,18.149674,37.5230,-0.399315,0.259041
20160415,2016-04-15,2,SAMPLE_ITEM_001,SAMPLE_ITEM_001,SAMPLE_FOODS_1,2,SAMPLE_CA_1,CA,XGBOOST,XGBoost,90.0,0.0000,0E-7,3.695047,0.000000,16.582441,15.3344,-0.399315,0.220658
20160415,2016-04-15,2,SAMPLE_ITEM_001,SAMPLE_ITEM_001,SAMPLE_FOODS_1,3,SAMPLE_TX_1,TX,XGBOOST,XGBoost,90.0,0.0000,0E-7,3.778036,0.000000,16.665429,15.6788,-0.399315,0.222820
20160415,2016-04-15,3,SAMPLE_ITEM_002,SAMPLE_ITEM_002,SAMPLE_FOODS_1,2,SAMPLE_CA_1,CA,XGBOOST,XGBoost,90.0,0.0000,0E-7,5.647238,0.000000,18.534631,32.2457,-0.399315,0.263969
20160415,2016-04-15,3,SAMPLE_ITEM_002,SAMPLE_ITEM_002,SAMPLE_FOODS_1,3,SAMPLE_TX_1,TX,XGBOOST,XGBoost,90.0,0.0000,0E-7,5.819265,0.000000,18.706659,33.2280,-0.399315,0.267151
20160415,2016-04-15,4,SAMPLE_ITEM_003,SAMPLE_ITEM_003,SAMPLE_HOUSEHOLD_1,2,SAMPLE_CA_1,CA,XGBOOST,XGBoost,90.0,0.0000,0E-7,5.321466,0.000000,18.208860,49.7557,-0.399315,0.257700
20160415,2016-04-15,4,SAMPLE_ITEM_003,SAMPLE_ITEM_003,SAMPLE_HOUSEHOLD_1,3,SAMPLE_TX_1,TX,XGBOOST,XGBoost,90.0,0.0000,0E-7,5.501510,0.000000,18.388903,51.4391,-0.399315,0.261205
20160415,2016-04-15,5,SAMPLE_ITEM_004,SAMPLE_ITEM_004,SAMPLE_HOBBIES_1,2,SAMPLE_CA_1,CA,XGBOOST,XGBoost,90.0,0.0000,0E-7,6.285908,0.000000,19.173302,44.1271,-0.399315,0.275364
20160415,2016-04-15,5,SAMPLE_ITEM_004,SAMPLE_ITEM_004,SAMPLE_HOBBIES_1,3,SAMPLE_TX_1,TX,XGBOOST,XGBoost,90.0,0.0000,0E-7,5.895096,0.000000,18.782490,41.3836,-0.399315,0.268526
20160416,2016-04-16,2,SAMPLE_ITEM_001,SAMPLE_ITEM_001,SAMPLE_FOODS_1,2,SAMPLE_CA_1,CA,XGBOOST,XGBoost,90.0,0.0000,0E-7,4.000405,0.000000,16.970147,16.6017,-0.399315,0.227596
20160416,2016-04-16,2,SAMPLE_ITEM_001,SAMPLE_ITEM_001,SAMPLE_FOODS_1,3,SAMPLE_TX_1,TX,XGBOOST,XGBoost,90.0,0.0000,0E-7,3.890481,0.000000,16.860223,16.1455,-0.399315,0.224842
20160416,2016-04-16,3,SAMPLE_ITEM_002,SAMPLE_ITEM_002,SAMPLE_FOODS_1,2,SAMPLE_CA_1,CA,XGBOOST,XGBoost,90.0,0.0000,0E-7,4.887844,0.000000,17.857586,27.9096,-0.399315,0.247957
20160416,2016-04-16,3,SAMPLE_ITEM_002,SAMPLE_ITEM_002,SAMPLE_FOODS_1,3,SAMPLE_TX_1,TX,XGBOOST,XGBoost,90.0,0.0000,0E-7,5.383090,0.000000,18.352833,30.7374,-0.399315,0.258049
20160416,2016-04-16,4,SAMPLE_ITEM_003,SAMPLE_ITEM_003,SAMPLE_HOUSEHOLD_1,2,SAMPLE_CA_1,CA,XGBOOST,XGBoost,90.0,0.0000,0E-7,5.161790,0.000000,18.131532,48.2627,-0.399315,0.253641
20160416,2016-04-16,4,SAMPLE_ITEM_003,SAMPLE_ITEM_003,SAMPLE_HOUSEHOLD_1,3,SAMPLE_TX_1,TX,XGBOOST,XGBoost,90.0,0.0000,0E-7,4.932420,0.000000,17.902162,46.1181,-0.399315,0.248900
20160416,2016-04-16,5,SAMPLE_ITEM_004,SAMPLE_ITEM_004,SAMPLE_HOBBIES_1,2,SAMPLE_CA_1,CA,XGBOOST,XGBoost,90.0,0.0000,0E-7,5.996742,0.000000,18.966484,42.0971,-0.399315,0.269487
20160416,2016-04-16,5,SAMPLE_ITEM_004,SAMPLE_ITEM_004,SAMPLE_HOBBIES_1,3,SAMPLE_TX_1,TX,XGBOOST,XGBoost,90.0,0.0000,0E-7,5.298308,0.000000,18.268050,37.1941,-0.399315,0.256379
20160417,2016-04-17,2,SAMPLE_ITEM_001,SAMPLE_ITEM_001,SAMPLE_FOODS_1,2,SAMPLE_CA_1,CA,XGBOOST,XGBoost,90.0,0.0000,0E-7,3.652436,0.000000,16.704007,15.1576,-0.399315,0.217847
20160417,2016-04-17,2,SAMPLE_ITEM_001,SAMPLE_ITEM_001,SAMPLE_FOODS_1,3,SAMPLE_TX_1,TX,XGBOOST,XGBoost,90.0,0.0000,0E-7,4.544793,0.000000,17.596364,18.8609,-0.399315,0.239607
20160417,2016-04-17,3,SAMPLE_ITEM_002,SAMPLE_ITEM_002,SAMPLE_FOODS_1,2,SAMPLE_CA_1,CA,XGBOOST,XGBoost,90.0,0.0000,0E-7,5.802699,0.000000,18.854269,33.1334,-0.399315,0.265140
20160417,2016-04-17,3,SAMPLE_ITEM_002,SAMPLE_ITEM_002,SAMPLE_FOODS_1,3,SAMPLE_TX_1,TX,XGBOOST,XGBoost,90.0,0.0000,0E-7,5.820961,0.000000,18.872531,33.2377,-0.399315,0.265474
20160417,2016-04-17,4,SAMPLE_ITEM_003,SAMPLE_ITEM_003,SAMPLE_HOUSEHOLD_1,2,SAMPLE_CA_1,CA,XGBOOST,XGBoost,90.0,0.0000,0E-7,5.611461,0.000000,18.663032,52.4672,-0.399315,0.261586
20160417,2016-04-17,4,SAMPLE_ITEM_003,SAMPLE_ITEM_003,SAMPLE_HOUSEHOLD_1,3,SAMPLE_TX_1,TX,XGBOOST,XGBoost,90.0,0.0000,0E-7,5.532370,0.000000,18.583940,51.7277,-0.399315,0.260085
20160417,2016-04-17,5,SAMPLE_ITEM_004,SAMPLE_ITEM_004,SAMPLE_HOBBIES_1,2,SAMPLE_CA_1,CA,XGBOOST,XGBoost,90.0,0.0000,0E-7,6.726825,0.000000,19.778396,47.2223,-0.399315,0.280922
20160417,2016-04-17,5,SAMPLE_ITEM_004,SAMPLE_ITEM_004,SAMPLE_HOBBIES_1,3,SAMPLE_TX_1,TX,XGBOOST,XGBoost,90.0,0.0000,0E-7,6.766424,0.000000,19.817995,47.5003,-0.399315,0.281551
20160418,2016-04-18,2,SAMPLE_ITEM_001,SAMPLE_ITEM_001,SAMPLE_FOODS_1,2,SAMPLE_CA_1,CA,XGBOOST,XGBoost,90.0,0.0000,0E-7,4.009360,0.000000,17.142250,16.6388,-0.399315,0.226140
20160418,2016-04-18,2,SAMPLE_ITEM_001,SAMPLE_ITEM_001,SAMPLE_FOODS_1,3,SAMPLE_TX_1,TX,XGBOOST,XGBoost,90.0,0.0000,0E-7,3.156422,0.000000,16.289312,13.0992,-0.399315,0.203290
20160418,2016-04-18,3,SAMPLE_ITEM_002,SAMPLE_ITEM_002,SAMPLE_FOODS_1,2,SAMPLE_CA_1,CA,XGBOOST,XGBoost,90.0,0.0000,0E-7,5.150485,0.000000,18.283374,29.4093,-0.399315,0.251720
20160418,2016-04-18,3,SAMPLE_ITEM_002,SAMPLE_ITEM_002,SAMPLE_FOODS_1,3,SAMPLE_TX_1,TX,XGBOOST,XGBoost,90.0,0.0000,0E-7,5.156672,0.000000,18.289562,29.4446,-0.399315,0.251845
20160418,2016-04-18,4,SAMPLE_ITEM_003,SAMPLE_ITEM_003,SAMPLE_HOUSEHOLD_1,2,SAMPLE_CA_1,CA,XGBOOST,XGBoost,90.0,0.0000,0E-7,4.515646,0.000000,17.648536,42.2213,-0.399315,0.238111
20160418,2016-04-18,4,SAMPLE_ITEM_003,SAMPLE_ITEM_003,SAMPLE_HOUSEHOLD_1,3,SAMPLE_TX_1,TX,XGBOOST,XGBoost,90.0,0.0000,0E-7,4.503617,0.000000,17.636507,42.1088,-0.399315,0.237839
20160418,2016-04-18,5,SAMPLE_ITEM_004,SAMPLE_ITEM_004,SAMPLE_HOBBIES_1,2,SAMPLE_CA_1,CA,XGBOOST,XGBoost,90.0,0.0000,0E-7,5.236858,0.000000,18.369748,36.7627,-0.399315,0.253463
20160418,2016-04-18,5,SAMPLE_ITEM_004,SAMPLE_ITEM_004,SAMPLE_HOBBIES_1,3,SAMPLE_TX_1,TX,XGBOOST,XGBoost,90.0,0.0000,0E-7,5.282619,0.000000,18.415508,37.0840,-0.399315,0.254376
20160419,2016-04-19,2,SAMPLE_ITEM_001,SAMPLE_ITEM_001,SAMPLE_FOODS_1,2,SAMPLE_CA_1,CA,XGBOOST,XGBoost,90.0,0.0000,0E-7,2.723475,0.000000,15.937183,11.3024,-0.399315,0.189387
20160419,2016-04-19,2,SAMPLE_ITEM_001,SAMPLE_ITEM_001,SAMPLE_FOODS_1,3,SAMPLE_TX_1,TX,XGBOOST,XGBoost,90.0,0.0000,0E-7,3.427709,0.000000,16.641418,14.2250,-0.399315,0.210152
20160419,2016-04-19,3,SAMPLE_ITEM_002,SAMPLE_ITEM_002,SAMPLE_FOODS_1,2,SAMPLE_CA_1,CA,XGBOOST,XGBoost,90.0,0.0000,0E-7,4.942547,0.000000,18.156255,28.2219,-0.399315,0.246591
20160419,2016-04-19,3,SAMPLE_ITEM_002,SAMPLE_ITEM_002,SAMPLE_FOODS_1,3,SAMPLE_TX_1,TX,XGBOOST,XGBoost,90.0,0.0000,0E-7,4.922502,0.000000,18.136210,28.1075,-0.399315,0.246169
20160419,2016-04-19,4,SAMPLE_ITEM_003,SAMPLE_ITEM_003,SAMPLE_HOUSEHOLD_1,2,SAMPLE_CA_1,CA,XGBOOST,XGBoost,90.0,0.0000,0E-7,4.361423,0.000000,17.575131,40.7793,-0.399315,0.233750
20160419,2016-04-19,4,SAMPLE_ITEM_003,SAMPLE_ITEM_003,SAMPLE_HOUSEHOLD_1,3,SAMPLE_TX_1,TX,XGBOOST,XGBoost,90.0,0.0000,0E-7,4.243230,0.000000,17.456938,39.6742,-0.399315,0.230978
20160419,2016-04-19,5,SAMPLE_ITEM_004,SAMPLE_ITEM_004,SAMPLE_HOBBIES_1,2,SAMPLE_CA_1,CA,XGBOOST,XGBoost,90.0,0.0000,0E-7,5.148520,0.000000,18.362229,36.1426,-0.399315,0.250850
20160419,2016-04-19,5,SAMPLE_ITEM_004,SAMPLE_ITEM_004,SAMPLE_HOBBIES_1,3,SAMPLE_TX_1,TX,XGBOOST,XGBoost,90.0,0.0000,0E-7,5.144293,0.000000,18.358001,36.1129,-0.399315,0.250764
20160420,2016-04-20,2,SAMPLE_ITEM_001,SAMPLE_ITEM_001,SAMPLE_FOODS_1,2,SAMPLE_CA_1,CA,XGBOOST,XGBoost,90.0,0.0000,0E-7,4.550717,0.000000,17.844753,18.8855,-0.399315,0.237256
20160420,2016-04-20,2,SAMPLE_ITEM_001,SAMPLE_ITEM_001,SAMPLE_FOODS_1,3,SAMPLE_TX_1,TX,XGBOOST,XGBoost,90.0,0.0000,0E-7,3.521811,0.000000,16.815847,14.6155,-0.399315,0.211917
20160420,2016-04-20,3,SAMPLE_ITEM_002,SAMPLE_ITEM_002,SAMPLE_FOODS_1,2,SAMPLE_CA_1,CA,XGBOOST,XGBoost,90.0,0.0000,0E-7,4.848667,0.000000,18.142703,27.6859,-0.399315,0.243782
20160420,2016-04-20,3,SAMPLE_ITEM_002,SAMPLE_ITEM_002,SAMPLE_FOODS_1,3,SAMPLE_TX_1,TX,XGBOOST,XGBoost,90.0,0.0000,0E-7,4.847228,0.000000,18.141264,27.6777,-0.399315,0.243751
20160420,2016-04-20,4,SAMPLE_ITEM_003,SAMPLE_ITEM_003,SAMPLE_HOUSEHOLD_1,2,SAMPLE_CA_1,CA,XGBOOST,XGBoost,90.0,0.0000,0E-7,4.452948,0.000000,17.746983,41.6351,-0.399315,0.235042
20160420,2016-04-20,4,SAMPLE_ITEM_003,SAMPLE_ITEM_003,SAMPLE_HOUSEHOLD_1,3,SAMPLE_TX_1,TX,XGBOOST,XGBoost,90.0,0.0000,0E-7,4.325840,0.000000,17.619875,40.4466,-0.399315,0.232106
20160420,2016-04-20,5,SAMPLE_ITEM_004,SAMPLE_ITEM_004,SAMPLE_HOBBIES_1,2,SAMPLE_CA_1,CA,XGBOOST,XGBoost,90.0,0.0000,0E-7,5.072817,0.000000,18.366852,35.6112,-0.399315,0.248482
20160420,2016-04-20,5,SAMPLE_ITEM_004,SAMPLE_ITEM_004,SAMPLE_HOBBIES_1,3,SAMPLE_TX_1,TX,XGBOOST,XGBoost,90.0,0.0000,0E-7,5.073133,0.000000,18.367168,35.6134,-0.399315,0.248488
20160421,2016-04-21,2,SAMPLE_ITEM_001,SAMPLE_ITEM_001,SAMPLE_FOODS_1,2,SAMPLE_CA_1,CA,XGBOOST,XGBoost,90.0,0.0000,0E-7,2.488905,0.000000,15.862786,10.3290,-0.399315,0.180289
20160421,2016-04-21,2,SAMPLE_ITEM_001,SAMPLE_ITEM_001,SAMPLE_FOODS_1,3,SAMPLE_TX_1,TX,XGBOOST,XGBoost,90.0,0.0000,0E-7,3.100220,0.000000,16.474101,12.8659,-0.399315,0.199288
20160421,2016-04-21,3,SAMPLE_ITEM_002,SAMPLE_ITEM_002,SAMPLE_FOODS_1,2,SAMPLE_CA_1,CA,XGBOOST,XGBoost,90.0,0.0000,0E-7,4.560172,0.000000,17.934052,26.0386,-0.399315,0.236661
20160421,2016-04-21,3,SAMPLE_ITEM_002,SAMPLE_ITEM_002,SAMPLE_FOODS_1,3,SAMPLE_TX_1,TX,XGBOOST,XGBoost,90.0,0.0000,0E-7,4.672588,0.000000,18.046468,26.6805,-0.399315,0.239157
20160421,2016-04-21,4,SAMPLE_ITEM_003,SAMPLE_ITEM_003,SAMPLE_HOUSEHOLD_1,2,SAMPLE_CA_1,CA,XGBOOST,XGBoost,90.0,0.0000,0E-7,4.200716,0.000000,17.574597,39.2767,-0.399315,0.228349
20160421,2016-04-21,4,SAMPLE_ITEM_003,SAMPLE_ITEM_003,SAMPLE_HOUSEHOLD_1,3,SAMPLE_TX_1,TX,XGBOOST,XGBoost,90.0,0.0000,0E-7,3.681088,0.000000,17.054968,34.4182,-0.399315,0.215361
20160421,2016-04-21,5,SAMPLE_ITEM_004,SAMPLE_ITEM_004,SAMPLE_HOBBIES_1,2,SAMPLE_CA_1,CA,XGBOOST,XGBoost,90.0,0.0000,0E-7,4.835424,0.000000,18.209305,33.9447,-0.399315,0.242690
20160421,2016-04-21,5,SAMPLE_ITEM_004,SAMPLE_ITEM_004,SAMPLE_HOBBIES_1,3,SAMPLE_TX_1,TX,XGBOOST,XGBoost,90.0,0.0000,0E-7,4.820760,0.000000,18.194641,33.8417,-0.399315,0.242376
20160422,2016-04-22,2,SAMPLE_ITEM_001,SAMPLE_ITEM_001,SAMPLE_FOODS_1,2,SAMPLE_CA_1,CA,XGBOOST,XGBoost,90.0,0.0000,0E-7,3.940132,0.000000,17.393383,16.3515,-0.399315,0.221198
20160422,2016-04-22,2,SAMPLE_ITEM_001,SAMPLE_ITEM_001,SAMPLE_FOODS_1,3,SAMPLE_TX_1,TX,XGBOOST,XGBoost,90.0,0.0000,0E-7,3.249410,0.000000,16.702662,13.4851,-0.399315,0.202816
20160422,2016-04-22,3,SAMPLE_ITEM_002,SAMPLE_ITEM_002,SAMPLE_FOODS_1,2,SAMPLE_CA_1,CA,XGBOOST,XGBoost,90.0,0.0000,0E-7,4.713996,0.000000,18.167248,26.9169,-0.399315,0.239267
20160422,2016-04-22,3,SAMPLE_ITEM_002,SAMPLE_ITEM_002,SAMPLE_FOODS_1,3,SAMPLE_TX_1,TX,XGBOOST,XGBoost,90.0,0.0000,0E-7,4.745203,0.000000,18.198454,27.0951,-0.399315,0.239947
20160422,2016-04-22,4,SAMPLE_ITEM_003,SAMPLE_ITEM_003,SAMPLE_HOUSEHOLD_1,2,SAMPLE_CA_1,CA,XGBOOST,XGBoost,90.0,0.0000,0E-7,3.865584,0.000000,17.318835,36.1432,-0.399315,0.219324
20160422,2016-04-22,4,SAMPLE_ITEM_003,SAMPLE_ITEM_003,SAMPLE_HOUSEHOLD_1,3,SAMPLE_TX_1,TX,XGBOOST,XGBoost,90.0,0.0000,0E-7,4.225943,0.000000,17.679194,39.5126,-0.399315,0.228156
20160422,2016-04-22,5,SAMPLE_ITEM_004,SAMPLE_ITEM_004,SAMPLE_HOBBIES_1,2,SAMPLE_CA_1,CA,XGBOOST,XGBoost,90.0,0.0000,0E-7,4.967496,0.000000,18.420747,34.8718,-0.399315,0.244687
20160422,2016-04-22,5,SAMPLE_ITEM_004,SAMPLE_ITEM_004,SAMPLE_HOBBIES_1,3,SAMPLE_TX_1,TX,XGBOOST,XGBoost,90.0,0.0000,0E-7,4.987370,0.000000,18.440621,35.0113,-0.399315,0.245103
20160423,2016-04-23,2,SAMPLE_ITEM_001,SAMPLE_ITEM_001,SAMPLE_FOODS_1,2,SAMPLE_CA_1,CA,XGBOOST,XGBoost,90.0,0.0000,0E-7,3.359627,0.000000,16.891784,13.9425,-0.399315,0.205145
20160423,2016-04-23,2,SAMPLE_ITEM_001,SAMPLE_ITEM_001,SAMPLE_FOODS_1,3,SAMPLE_TX_1,TX,XGBOOST,XGBoost,90.0,0.0000,0E-7,3.284646,0.000000,16.816802,13.6313,-0.399315,0.203050
20160423,2016-04-23,3,SAMPLE_ITEM_002,SAMPLE_ITEM_002,SAMPLE_FOODS_1,2,SAMPLE_CA_1,CA,XGBOOST,XGBoost,90.0,0.0000,0E-7,4.010190,0.000000,17.542347,22.8982,-0.399315,0.222156
20160423,2016-04-23,3,SAMPLE_ITEM_002,SAMPLE_ITEM_002,SAMPLE_FOODS_1,3,SAMPLE_TX_1,TX,XGBOOST,XGBoost,90.0,0.0000,0E-7,4.812909,0.000000,18.345065,27.4817,-0.399315,0.240621
20160423,2016-04-23,4,SAMPLE_ITEM_003,SAMPLE_ITEM_003,SAMPLE_HOUSEHOLD_1,2,SAMPLE_CA_1,CA,XGBOOST,XGBoost,90.0,0.0000,0E-7,4.283306,0.000000,17.815463,40.0489,-0.399315,0.228727
20160423,2016-04-23,4,SAMPLE_ITEM_003,SAMPLE_ITEM_003,SAMPLE_HOUSEHOLD_1,3,SAMPLE_TX_1,TX,XGBOOST,XGBoost,90.0,0.0000,0E-7,3.854847,0.000000,17.387004,36.0428,-0.399315,0.218275
20160423,2016-04-23,5,SAMPLE_ITEM_004,SAMPLE_ITEM_004,SAMPLE_HOBBIES_1,2,SAMPLE_CA_1,CA,XGBOOST,XGBoost,90.0,0.0000,0E-7,4.975013,0.000000,18.507170,34.9246,-0.399315,0.244056
20160423,2016-04-23,5,SAMPLE_ITEM_004,SAMPLE_ITEM_004,SAMPLE_HOBBIES_1,3,SAMPLE_TX_1,TX,XGBOOST,XGBoost,90.0,0.0000,0E-7,4.969939,0.000000,18.502096,34.8890,-0.399315,0.243949
20160424,2016-04-24,2,SAMPLE_ITEM_001,SAMPLE_ITEM_001,SAMPLE_FOODS_1,2,SAMPLE_CA_1,CA,XGBOOST,XGBoost,90.0,0.0000,0E-7,3.908320,0.000000,17.518925,16.2195,-0.399315,0.218855
20160424,2016-04-24,2,SAMPLE_ITEM_001,SAMPLE_ITEM_001,SAMPLE_FOODS_1,3,SAMPLE_TX_1,TX,XGBOOST,XGBoost,90.0,0.0000,0E-7,3.890846,0.000000,17.501451,16.1470,-0.399315,0.218416
20160424,2016-04-24,3,SAMPLE_ITEM_002,SAMPLE_ITEM_002,SAMPLE_FOODS_1,2,SAMPLE_CA_1,CA,XGBOOST,XGBoost,90.0,0.0000,0E-7,4.948398,0.000000,18.559003,28.2554,-0.399315,0.242718
20160424,2016-04-24,3,SAMPLE_ITEM_002,SAMPLE_ITEM_002,SAMPLE_FOODS_1,3,SAMPLE_TX_1,TX,XGBOOST,XGBoost,90.0,0.0000,0E-7,4.894762,0.000000,18.505366,27.9491,-0.399315,0.241587
20160424,2016-04-24,4,SAMPLE_ITEM_003,SAMPLE_ITEM_003,SAMPLE_HOUSEHOLD_1,2,SAMPLE_CA_1,CA,XGBOOST,XGBoost,90.0,0.0000,0E-7,4.789257,0.000000,18.399862,44.7796,-0.399315,0.239333
20160424,2016-04-24,4,SAMPLE_ITEM_003,SAMPLE_ITEM_003,SAMPLE_HOUSEHOLD_1,3,SAMPLE_TX_1,TX,XGBOOST,XGBoost,90.0,0.0000,0E-7,5.368896,0.000000,18.979501,50.1992,-0.399315,0.251254
20160424,2016-04-24,5,SAMPLE_ITEM_004,SAMPLE_ITEM_004,SAMPLE_HOBBIES_1,2,SAMPLE_CA_1,CA,XGBOOST,XGBoost,90.0,0.0000,0E-7,5.714019,0.000000,19.324623,40.1124,-0.399315,0.257848
20160424,2016-04-24,5,SAMPLE_ITEM_004,SAMPLE_ITEM_004,SAMPLE_HOBBIES_1,3,SAMPLE_TX_1,TX,XGBOOST,XGBoost,90.0,0.0000,0E-7,5.972017,0.000000,19.582622,41.9236,-0.399315,0.262554
20160425,2016-04-25,2,SAMPLE_ITEM_001,SAMPLE_ITEM_001,SAMPLE_FOODS_1,2,SAMPLE_CA_1,CA,XGBOOST,XGBoost,90.0,0.0000,0E-7,3.159991,0.000000,16.848594,13.1140,-0.399315,0.198014
20160425,2016-04-25,2,SAMPLE_ITEM_001,SAMPLE_ITEM_001,SAMPLE_FOODS_1,3,SAMPLE_TX_1,TX,XGBOOST,XGBoost,90.0,0.0000,0E-7,3.120710,0.000000,16.809313,12.9509,-0.399315,0.196880
20160425,2016-04-25,3,SAMPLE_ITEM_002,SAMPLE_ITEM_002,SAMPLE_FOODS_1,2,SAMPLE_CA_1,CA,XGBOOST,XGBoost,90.0,0.0000,0E-7,4.258626,0.000000,17.947229,24.3168,-0.399315,0.226608
20160425,2016-04-25,3,SAMPLE_ITEM_002,SAMPLE_ITEM_002,SAMPLE_FOODS_1,3,SAMPLE_TX_1,TX,XGBOOST,XGBoost,90.0,0.0000,0E-7,4.248412,0.000000,17.937015,24.2584,-0.399315,0.226367
20160425,2016-04-25,4,SAMPLE_ITEM_003,SAMPLE_ITEM_003,SAMPLE_HOUSEHOLD_1,2,SAMPLE_CA_1,CA,XGBOOST,XGBoost,90.0,0.0000,0E-7,4.076319,0.000000,17.764922,38.1136,-0.399315,0.222244
20160425,2016-04-25,4,SAMPLE_ITEM_003,SAMPLE_ITEM_003,SAMPLE_HOUSEHOLD_1,3,SAMPLE_TX_1,TX,XGBOOST,XGBoost,90.0,0.0000,0E-7,4.101693,0.000000,17.790296,38.3508,-0.399315,0.222859
20160425,2016-04-25,5,SAMPLE_ITEM_004,SAMPLE_ITEM_004,SAMPLE_HOBBIES_1,2,SAMPLE_CA_1,CA,XGBOOST,XGBoost,90.0,0.0000,0E-7,4.822684,0.000000,18.511287,33.8552,-0.399315,0.239282
20160425,2016-04-25,5,SAMPLE_ITEM_004,SAMPLE_ITEM_004,SAMPLE_HOBBIES_1,3,SAMPLE_TX_1,TX,XGBOOST,XGBoost,90.0,0.0000,0E-7,4.847604,0.000000,18.536207,34.0302,-0.399315,0.239815
20160426,2016-04-26,2,SAMPLE_ITEM_001,SAMPLE_ITEM_001,SAMPLE_FOODS_1,2,SAMPLE_CA_1,CA,XGBOOST,XGBoost,90.0,0.0000,0E-7,2.960099,0.000000,16.726259,12.2844,-0.399315,0.191435
20160426,2016-04-26,2,SAMPLE_ITEM_001,SAMPLE_ITEM_001,SAMPLE_FOODS_1,3,SAMPLE_TX_1,TX,XGBOOST,XGBoost,90.0,0.0000,0E-7,2.979608,0.000000,16.745767,12.3654,-0.399315,0.192016
20160426,2016-04-26,3,SAMPLE_ITEM_002,SAMPLE_ITEM_002,SAMPLE_FOODS_1,2,SAMPLE_CA_1,CA,XGBOOST,XGBoost,90.0,0.0000,0E-7,4.176484,0.000000,17.942643,23.8477,-0.399315,0.223905
20160426,2016-04-26,3,SAMPLE_ITEM_002,SAMPLE_ITEM_002,SAMPLE_FOODS_1,3,SAMPLE_TX_1,TX,XGBOOST,XGBoost,90.0,0.0000,0E-7,4.166270,0.000000,17.932429,23.7894,-0.399315,0.223661
20160426,2016-04-26,4,SAMPLE_ITEM_003,SAMPLE_ITEM_003,SAMPLE_HOUSEHOLD_1,2,SAMPLE_CA_1,CA,XGBOOST,XGBoost,90.0,0.0000,0E-7,3.894921,0.000000,17.661081,36.4175,-0.399315,0.217012
20160426,2016-04-26,4,SAMPLE_ITEM_003,SAMPLE_ITEM_003,SAMPLE_HOUSEHOLD_1,3,SAMPLE_TX_1,TX,XGBOOST,XGBoost,90.0,0.0000,0E-7,3.863608,0.000000,17.629767,36.1247,-0.399315,0.216224
20160426,2016-04-26,5,SAMPLE_ITEM_004,SAMPLE_ITEM_004,SAMPLE_HOBBIES_1,2,SAMPLE_CA_1,CA,XGBOOST,XGBoost,90.0,0.0000,0E-7,4.818563,0.000000,18.584722,33.8263,-0.399315,0.238434
20160426,2016-04-26,5,SAMPLE_ITEM_004,SAMPLE_ITEM_004,SAMPLE_HOBBIES_1,3,SAMPLE_TX_1,TX,XGBOOST,XGBoost,90.0,0.0000,0E-7,4.834567,0.000000,18.600727,33.9387,-0.399315,0.238776
20160427,2016-04-27,2,SAMPLE_ITEM_001,SAMPLE_ITEM_001,SAMPLE_FOODS_1,2,SAMPLE_CA_1,CA,XGBOOST,XGBoost,90.0,0.0000,0E-7,4.078711,0.000000,17.921992,16.9266,-0.399315,0.220807
20160427,2016-04-27,2,SAMPLE_ITEM_001,SAMPLE_ITEM_001,SAMPLE_FOODS_1,3,SAMPLE_TX_1,TX,XGBOOST,XGBoost,90.0,0.0000,0E-7,4.030853,0.000000,17.874135,16.7280,-0.399315,0.219640
20160427,2016-04-27,3,SAMPLE_ITEM_002,SAMPLE_ITEM_002,SAMPLE_FOODS_1,2,SAMPLE_CA_1,CA,XGBOOST,XGBoost,90.0,0.0000,0E-7,4.211984,0.000000,18.055265,24.0504,-0.399315,0.224005
20160427,2016-04-27,3,SAMPLE_ITEM_002,SAMPLE_ITEM_002,SAMPLE_FOODS_1,3,SAMPLE_TX_1,TX,XGBOOST,XGBoost,90.0,0.0000,0E-7,4.160167,0.000000,18.003449,23.7546,-0.399315,0.222770
20160427,2016-04-27,4,SAMPLE_ITEM_003,SAMPLE_ITEM_003,SAMPLE_HOUSEHOLD_1,2,SAMPLE_CA_1,CA,XGBOOST,XGBoost,90.0,0.0000,0E-7,4.215808,0.000000,18.059090,39.4178,-0.399315,0.224096
20160427,2016-04-27,4,SAMPLE_ITEM_003,SAMPLE_ITEM_003,SAMPLE_HOUSEHOLD_1,3,SAMPLE_TX_1,TX,XGBOOST,XGBoost,90.0,0.0000,0E-7,4.187628,0.000000,18.030910,39.1543,-0.399315,0.223426
20160427,2016-04-27,5,SAMPLE_ITEM_004,SAMPLE_ITEM_004,SAMPLE_HOBBIES_1,2,SAMPLE_CA_1,CA,XGBOOST,XGBoost,90.0,0.0000,0E-7,4.812460,0.000000,18.655741,33.7835,-0.399315,0.237552
20160427,2016-04-27,5,SAMPLE_ITEM_004,SAMPLE_ITEM_004,SAMPLE_HOBBIES_1,3,SAMPLE_TX_1,TX,XGBOOST,XGBoost,90.0,0.0000,0E-7,4.828465,0.000000,18.671746,33.8958,-0.399315,0.237894
20160123,2016-01-23,5,SAMPLE_ITEM_004,SAMPLE_ITEM_004,SAMPLE_HOBBIES_1,3,SAMPLE_TX_1,TX,,,,9.0000,0E-7,0.000000,,,0.0000,,
20160119,2016-01-19,4,SAMPLE_ITEM_003,SAMPLE_ITEM_003,SAMPLE_HOUSEHOLD_1,2,SAMPLE_CA_1,CA,,,,6.0000,0E-7,0.000000,,,0.0000,,
20160110,2016-01-10,2,SAMPLE_ITEM_001,SAMPLE_ITEM_001,SAMPLE_FOODS_1,3,SAMPLE_TX_1,TX,,,,6.0000,0E-7,0.000000,,,0.0000,,
20160107,2016-01-07,3,SAMPLE_ITEM_002,SAMPLE_ITEM_002,SAMPLE_FOODS_1,3,SAMPLE_TX_1,TX,,,,3.0000,0E-7,0.000000,,,0.0000,,
20160126,2016-01-26,3,SAMPLE_ITEM_002,SAMPLE_ITEM_002,SAMPLE_FOODS_1,3,SAMPLE_TX_1,TX,,,,3.0000,0E-7,0.000000,,,0.0000,,
20160121,2016-01-21,3,SAMPLE_ITEM_002,SAMPLE_ITEM_002,SAMPLE_FOODS_1,3,SAMPLE_TX_1,TX,,,,6.0000,0E-7,0.000000,,,0.0000,,
20160105,2016-01-05,2,SAMPLE_ITEM_001,SAMPLE_ITEM_001,SAMPLE_FOODS_1,3,SAMPLE_TX_1,TX,,,,2.0000,0E-7,0.000000,,,0.0000,,
20160124,2016-01-24,2,SAMPLE_ITEM_001,SAMPLE_ITEM_001,SAMPLE_FOODS_1,3,SAMPLE_TX_1,TX,,,,7.0000,0E-7,0.000000,,,0.0000,,
20160117,2016-01-17,2,SAMPLE_ITEM_001,SAMPLE_ITEM_001,SAMPLE_FOODS_1,2,SAMPLE_CA_1,CA,,,,6.0000,0E-7,0.000000,,,0.0000,,
20160123,2016-01-23,4,SAMPLE_ITEM_003,SAMPLE_ITEM_003,SAMPLE_HOUSEHOLD_1,2,SAMPLE_CA_1,CA,,,,6.0000,0E-7,0.000000,,,0.0000,,
20160116,2016-01-16,5,SAMPLE_ITEM_004,SAMPLE_ITEM_004,SAMPLE_HOBBIES_1,2,SAMPLE_CA_1,CA,,,,8.0000,0E-7,0.000000,,,0.0000,,
20160112,2016-01-12,4,SAMPLE_ITEM_003,SAMPLE_ITEM_003,SAMPLE_HOUSEHOLD_1,3,SAMPLE_TX_1,TX,,,,7.0000,0E-7,0.000000,,,0.0000,,
20160122,2016-01-22,4,SAMPLE_ITEM_003,SAMPLE_ITEM_003,SAMPLE_HOUSEHOLD_1,2,SAMPLE_CA_1,CA,,,,2.0000,0E-7,0.000000,,,0.0000,,
20160107,2016-01-07,2,SAMPLE_ITEM_001,SAMPLE_ITEM_001,SAMPLE_FOODS_1,2,SAMPLE_CA_1,CA,,,,0.0000,0E-7,0.000000,,,0.0000,,
20160113,2016-01-13,2,SAMPLE_ITEM_001,SAMPLE_ITEM_001,SAMPLE_FOODS_1,2,SAMPLE_CA_1,CA,,,,0.0000,0E-7,0.000000,,,0.0000,,
20160111,2016-01-11,3,SAMPLE_ITEM_002,SAMPLE_ITEM_002,SAMPLE_FOODS_1,2,SAMPLE_CA_1,CA,,,,2.0000,0E-7,0.000000,,,0.0000,,
20160103,2016-01-03,4,SAMPLE_ITEM_003,SAMPLE_ITEM_003,SAMPLE_HOUSEHOLD_1,3,SAMPLE_TX_1,TX,,,,9.0000,0E-7,0.000000,,,0.0000,,
20160109,2016-01-09,4,SAMPLE_ITEM_003,SAMPLE_ITEM_003,SAMPLE_HOUSEHOLD_1,2,SAMPLE_CA_1,CA,,,,4.0000,0E-7,0.000000,,,0.0000,,
20160116,2016-01-16,4,SAMPLE_ITEM_003,SAMPLE_ITEM_003,SAMPLE_HOUSEHOLD_1,3,SAMPLE_TX_1,TX,,,,7.0000,0E-7,0.000000,,,0.0000,,
20160102,2016-01-02,5,SAMPLE_ITEM_004,SAMPLE_ITEM_004,SAMPLE_HOBBIES_1,2,SAMPLE_CA_1,CA,,,,9.0000,0E-7,0.000000,,,0.0000,,
20160106,2016-01-06,3,SAMPLE_ITEM_002,SAMPLE_ITEM_002,SAMPLE_FOODS_1,2,SAMPLE_CA_1,CA,,,,1.0000,0E-7,0.000000,,,0.0000,,
20160127,2016-01-27,5,SAMPLE_ITEM_004,SAMPLE_ITEM_004,SAMPLE_HOBBIES_1,3,SAMPLE_TX_1,TX,,,,4.0000,0E-7,0.000000,,,0.0000,,
20160116,2016-01-16,3,SAMPLE_ITEM_002,SAMPLE_ITEM_002,SAMPLE_FOODS_1,2,SAMPLE_CA_1,CA,,,,3.0000,0E-7,0.000000,,,0.0000,,
20160127,2016-01-27,4,SAMPLE_ITEM_003,SAMPLE_ITEM_003,SAMPLE_HOUSEHOLD_1,2,SAMPLE_CA_1,CA,,,,2.0000,0E-7,0.000000,,,0.0000,,
20160103,2016-01-03,3,SAMPLE_ITEM_002,SAMPLE_ITEM_002,SAMPLE_FOODS_1,2,SAMPLE_CA_1,CA,,,,5.0000,0E-7,0.000000,,,0.0000,,
20160109,2016-01-09,5,SAMPLE_ITEM_004,SAMPLE_ITEM_004,SAMPLE_HOBBIES_1,3,SAMPLE_TX_1,TX,,,,6.0000,0E-7,0.000000,,,0.0000,,
20160120,2016-01-20,2,SAMPLE_ITEM_001,SAMPLE_ITEM_001,SAMPLE_FOODS_1,3,SAMPLE_TX_1,TX,,,,4.0000,0E-7,0.000000,,,0.0000,,
20160119,2016-01-19,5,SAMPLE_ITEM_004,SAMPLE_ITEM_004,SAMPLE_HOBBIES_1,3,SAMPLE_TX_1,TX,,,,8.0000,0E-7,0.000000,,,0.0000,,
20160106,2016-01-06,4,SAMPLE_ITEM_003,SAMPLE_ITEM_003,SAMPLE_HOUSEHOLD_1,3,SAMPLE_TX_1,TX,,,,7.0000,0E-7,0.000000,,,0.0000,,
20160125,2016-01-25,4,SAMPLE_ITEM_003,SAMPLE_ITEM_003,SAMPLE_HOUSEHOLD_1,3,SAMPLE_TX_1,TX,,,,7.0000,0E-7,0.000000,,,0.0000,,
20160111,2016-01-11,5,SAMPLE_ITEM_004,SAMPLE_ITEM_004,SAMPLE_HOBBIES_1,2,SAMPLE_CA_1,CA,,,,6.0000,0E-7,0.000000,,,0.0000,,
20160123,2016-01-23,2,SAMPLE_ITEM_001,SAMPLE_ITEM_001,SAMPLE_FOODS_1,2,SAMPLE_CA_1,CA,,,,5.0000,0E-7,0.000000,,,0.0000,,
20160113,2016-01-13,4,SAMPLE_ITEM_003,SAMPLE_ITEM_003,SAMPLE_HOUSEHOLD_1,2,SAMPLE_CA_1,CA,,,,5.0000,0E-7,0.000000,,,0.0000,,
20160108,2016-01-08,3,SAMPLE_ITEM_002,SAMPLE_ITEM_002,SAMPLE_FOODS_1,3,SAMPLE_TX_1,TX,,,,6.0000,0E-7,0.000000,,,0.0000,,
20160104,2016-01-04,5,SAMPLE_ITEM_004,SAMPLE_ITEM_004,SAMPLE_HOBBIES_1,2,SAMPLE_CA_1,CA,,,,4.0000,0E-7,0.000000,,,0.0000,,
20160128,2016-01-28,2,SAMPLE_ITEM_001,SAMPLE_ITEM_001,SAMPLE_FOODS_1,2,SAMPLE_CA_1,CA,,,,0.0000,0E-7,0.000000,,,0.0000,,
20160118,2016-01-18,5,SAMPLE_ITEM_004,SAMPLE_ITEM_004,SAMPLE_HOBBIES_1,3,SAMPLE_TX_1,TX,,,,5.0000,0E-7,0.000000,,,0.0000,,
20160122,2016-01-22,5,SAMPLE_ITEM_004,SAMPLE_ITEM_004,SAMPLE_HOBBIES_1,3,SAMPLE_TX_1,TX,,,,5.0000,0E-7,0.000000,,,0.0000,,
20160102,2016-01-02,3,SAMPLE_ITEM_002,SAMPLE_ITEM_002,SAMPLE_FOODS_1,2,SAMPLE_CA_1,CA,,,,4.0000,0E-7,0.000000,,,0.0000,,
20160106,2016-01-06,5,SAMPLE_ITEM_004,SAMPLE_ITEM_004,SAMPLE_HOBBIES_1,2,SAMPLE_CA_1,CA,,,,7.0000,0E-7,0.000000,,,0.0000,,
20160125,2016-01-25,5,SAMPLE_ITEM_004,SAMPLE_ITEM_004,SAMPLE_HOBBIES_1,2,SAMPLE_CA_1,CA,,,,5.0000,0E-7,0.000000,,,0.0000,,
20160108,2016-01-08,2,SAMPLE_ITEM_001,SAMPLE_ITEM_001,SAMPLE_FOODS_1,2,SAMPLE_CA_1,CA,,,,4.0000,0E-7,0.000000,,,0.0000,,
20160128,2016-01-28,3,SAMPLE_ITEM_002,SAMPLE_ITEM_002,SAMPLE_FOODS_1,3,SAMPLE_TX_1,TX,,,,6.0000,0E-7,0.000000,,,0.0000,,
20160115,2016-01-15,2,SAMPLE_ITEM_001,SAMPLE_ITEM_001,SAMPLE_FOODS_1,3,SAMPLE_TX_1,TX,,,,6.0000,0E-7,0.000000,,,0.0000,,
20160101,2016-01-01,4,SAMPLE_ITEM_003,SAMPLE_ITEM_003,SAMPLE_HOUSEHOLD_1,3,SAMPLE_TX_1,TX,,,,7.0000,0E-7,0.000000,,,0.0000,,
20160128,2016-01-28,4,SAMPLE_ITEM_003,SAMPLE_ITEM_003,SAMPLE_HOUSEHOLD_1,2,SAMPLE_CA_1,CA,,,,4.0000,0E-7,0.000000,,,0.0000,,
20160112,2016-01-12,3,SAMPLE_ITEM_002,SAMPLE_ITEM_002,SAMPLE_FOODS_1,2,SAMPLE_CA_1,CA,,,,3.0000,0E-7,0.000000,,,0.0000,,
20160110,2016-01-10,4,SAMPLE_ITEM_003,SAMPLE_ITEM_003,SAMPLE_HOUSEHOLD_1,3,SAMPLE_TX_1,TX,,,,7.0000,0E-7,0.000000,,,0.0000,,
20160114,2016-01-14,2,SAMPLE_ITEM_001,SAMPLE_ITEM_001,SAMPLE_FOODS_1,3,SAMPLE_TX_1,TX,,,,5.0000,0E-7,0.000000,,,0.0000,,
20160113,2016-01-13,5,SAMPLE_ITEM_004,SAMPLE_ITEM_004,SAMPLE_HOBBIES_1,3,SAMPLE_TX_1,TX,,,,5.0000,0E-7,0.000000,,,0.0000,,
20160119,2016-01-19,2,SAMPLE_ITEM_001,SAMPLE_ITEM_001,SAMPLE_FOODS_1,2,SAMPLE_CA_1,CA,,,,0.0000,0E-7,0.000000,,,0.0000,,
20160117,2016-01-17,3,SAMPLE_ITEM_002,SAMPLE_ITEM_002,SAMPLE_FOODS_1,3,SAMPLE_TX_1,TX,,,,5.0000,0E-7,0.000000,,,0.0000,,
20160128,2016-01-28,5,SAMPLE_ITEM_004,SAMPLE_ITEM_004,SAMPLE_HOBBIES_1,3,SAMPLE_TX_1,TX,,,,7.0000,0E-7,0.000000,,,0.0000,,
20160101,2016-01-01,2,SAMPLE_ITEM_001,SAMPLE_ITEM_001,SAMPLE_FOODS_1,3,SAMPLE_TX_1,TX,,,,2.0000,0E-7,0.000000,,,0.0000,,
20160122,2016-01-22,2,SAMPLE_ITEM_001,SAMPLE_ITEM_001,SAMPLE_FOODS_1,2,SAMPLE_CA_1,CA,,,,4.0000,0E-7,0.000000,,,0.0000,,
20160121,2016-01-21,5,SAMPLE_ITEM_004,SAMPLE_ITEM_004,SAMPLE_HOBBIES_1,2,SAMPLE_CA_1,CA,,,,3.0000,0E-7,0.000000,,,0.0000,,
20160125,2016-01-25,3,SAMPLE_ITEM_002,SAMPLE_ITEM_002,SAMPLE_FOODS_1,2,SAMPLE_CA_1,CA,,,,5.0000,0E-7,0.000000,,,0.0000,,
20160118,2016-01-18,4,SAMPLE_ITEM_003,SAMPLE_ITEM_003,SAMPLE_HOUSEHOLD_1,2,SAMPLE_CA_1,CA,,,,2.0000,0E-7,0.000000,,,0.0000,,
20160104,2016-01-04,3,SAMPLE_ITEM_002,SAMPLE_ITEM_002,SAMPLE_FOODS_1,3,SAMPLE_TX_1,TX,,,,5.0000,0E-7,0.000000,,,0.0000,,
20160104,2016-01-04,5,SAMPLE_ITEM_004,SAMPLE_ITEM_004,SAMPLE_HOBBIES_1,3,SAMPLE_TX_1,TX,,,,4.0000,0E-7,0.000000,,,0.0000,,
20160126,2016-01-26,4,SAMPLE_ITEM_003,SAMPLE_ITEM_003,SAMPLE_HOUSEHOLD_1,2,SAMPLE_CA_1,CA,,,,5.0000,0E-7,0.000000,,,0.0000,,
20160109,2016-01-09,2,SAMPLE_ITEM_001,SAMPLE_ITEM_001,SAMPLE_FOODS_1,3,SAMPLE_TX_1,TX,,,,3.0000,0E-7,0.000000,,,0.0000,,
20160128,2016-01-28,2,SAMPLE_ITEM_001,SAMPLE_ITEM_001,SAMPLE_FOODS_1,3,SAMPLE_TX_1,TX,,,,1.0000,0E-7,0.000000,,,0.0000,,
20160123,2016-01-23,2,SAMPLE_ITEM_001,SAMPLE_ITEM_001,SAMPLE_FOODS_1,3,SAMPLE_TX_1,TX,,,,5.0000,0E-7,0.000000,,,0.0000,,
20160102,2016-01-02,3,SAMPLE_ITEM_002,SAMPLE_ITEM_002,SAMPLE_FOODS_1,3,SAMPLE_TX_1,TX,,,,4.0000,0E-7,0.000000,,,0.0000,,
20160105,2016-01-05,4,SAMPLE_ITEM_003,SAMPLE_ITEM_003,SAMPLE_HOUSEHOLD_1,2,SAMPLE_CA_1,CA,,,,3.0000,0E-7,0.000000,,,0.0000,,
20160110,2016-01-10,3,SAMPLE_ITEM_002,SAMPLE_ITEM_002,SAMPLE_FOODS_1,2,SAMPLE_CA_1,CA,,,,5.0000,0E-7,0.000000,,,0.0000,,
20160115,2016-01-15,5,SAMPLE_ITEM_004,SAMPLE_ITEM_004,SAMPLE_HOBBIES_1,2,SAMPLE_CA_1,CA,,,,8.0000,0E-7,0.000000,,,0.0000,,
20160106,2016-01-06,2,SAMPLE_ITEM_001,SAMPLE_ITEM_001,SAMPLE_FOODS_1,3,SAMPLE_TX_1,TX,,,,2.0000,0E-7,0.000000,,,0.0000,,
20160105,2016-01-05,5,SAMPLE_ITEM_004,SAMPLE_ITEM_004,SAMPLE_HOBBIES_1,3,SAMPLE_TX_1,TX,,,,4.0000,0E-7,0.000000,,,0.0000,,
20160126,2016-01-26,2,SAMPLE_ITEM_001,SAMPLE_ITEM_001,SAMPLE_FOODS_1,2,SAMPLE_CA_1,CA,,,,4.0000,0E-7,0.000000,,,0.0000,,
20160119,2016-01-19,2,SAMPLE_ITEM_001,SAMPLE_ITEM_001,SAMPLE_FOODS_1,3,SAMPLE_TX_1,TX,,,,1.0000,0E-7,0.000000,,,0.0000,,
20160101,2016-01-01,5,SAMPLE_ITEM_004,SAMPLE_ITEM_004,SAMPLE_HOBBIES_1,2,SAMPLE_CA_1,CA,,,,3.0000,0E-7,0.000000,,,0.0000,,
20160126,2016-01-26,5,SAMPLE_ITEM_004,SAMPLE_ITEM_004,SAMPLE_HOBBIES_1,3,SAMPLE_TX_1,TX,,,,4.0000,0E-7,0.000000,,,0.0000,,
20160114,2016-01-14,2,SAMPLE_ITEM_001,SAMPLE_ITEM_001,SAMPLE_FOODS_1,2,SAMPLE_CA_1,CA,,,,0.0000,0E-7,0.000000,,,0.0000,,
20160108,2016-01-08,5,SAMPLE_ITEM_004,SAMPLE_ITEM_004,SAMPLE_HOBBIES_1,3,SAMPLE_TX_1,TX,,,,4.0000,0E-7,0.000000,,,0.0000,,
20160113,2016-01-13,5,SAMPLE_ITEM_004,SAMPLE_ITEM_004,SAMPLE_HOBBIES_1,2,SAMPLE_CA_1,CA,,,,7.0000,0E-7,0.000000,,,0.0000,,
20160112,2016-01-12,3,SAMPLE_ITEM_002,SAMPLE_ITEM_002,SAMPLE_FOODS_1,3,SAMPLE_TX_1,TX,,,,5.0000,0E-7,0.000000,,,0.0000,,
20160107,2016-01-07,5,SAMPLE_ITEM_004,SAMPLE_ITEM_004,SAMPLE_HOBBIES_1,2,SAMPLE_CA_1,CA,,,,4.0000,0E-7,0.000000,,,0.0000,,
20160115,2016-01-15,4,SAMPLE_ITEM_003,SAMPLE_ITEM_003,SAMPLE_HOUSEHOLD_1,3,SAMPLE_TX_1,TX,,,,10.0000,0E-7,0.000000,,,0.0000,,
20160102,2016-01-02,2,SAMPLE_ITEM_001,SAMPLE_ITEM_001,SAMPLE_FOODS_1,2,SAMPLE_CA_1,CA,,,,2.0000,0E-7,0.000000,,,0.0000,,
20160108,2016-01-08,4,SAMPLE_ITEM_003,SAMPLE_ITEM_003,SAMPLE_HOUSEHOLD_1,2,SAMPLE_CA_1,CA,,,,6.0000,0E-7,0.000000,,,0.0000,,
20160112,2016-01-12,5,SAMPLE_ITEM_004,SAMPLE_ITEM_004,SAMPLE_HOBBIES_1,2,SAMPLE_CA_1,CA,,,,4.0000,0E-7,0.000000,,,0.0000,,
20160113,2016-01-13,3,SAMPLE_ITEM_002,SAMPLE_ITEM_002,SAMPLE_FOODS_1,3,SAMPLE_TX_1,TX,,,,5.0000,0E-7,0.000000,,,0.0000,,
20160125,2016-01-25,3,SAMPLE_ITEM_002,SAMPLE_ITEM_002,SAMPLE_FOODS_1,3,SAMPLE_TX_1,TX,,,,4.0000,0E-7,0.000000,,,0.0000,,
20160118,2016-01-18,4,SAMPLE_ITEM_003,SAMPLE_ITEM_003,SAMPLE_HOUSEHOLD_1,3,SAMPLE_TX_1,TX,,,,3.0000,0E-7,0.000000,,,0.0000,,
20160115,2016-01-15,3,SAMPLE_ITEM_002,SAMPLE_ITEM_002,SAMPLE_FOODS_1,2,SAMPLE_CA_1,CA,,,,6.0000,0E-7,0.000000,,,0.0000,,
20160121,2016-01-21,3,SAMPLE_ITEM_002,SAMPLE_ITEM_002,SAMPLE_FOODS_1,2,SAMPLE_CA_1,CA,,,,2.0000,0E-7,0.000000,,,0.0000,,
20160117,2016-01-17,5,SAMPLE_ITEM_004,SAMPLE_ITEM_004,SAMPLE_HOBBIES_1,3,SAMPLE_TX_1,TX,,,,10.0000,0E-7,0.000000,,,0.0000,,
20160101,2016-01-01,3,SAMPLE_ITEM_002,SAMPLE_ITEM_002,SAMPLE_FOODS_1,2,SAMPLE_CA_1,CA,,,,1.0000,0E-7,0.000000,,,0.0000,,
20160124,2016-01-24,4,SAMPLE_ITEM_003,SAMPLE_ITEM_003,SAMPLE_HOUSEHOLD_1,3,SAMPLE_TX_1,TX,,,,6.0000,0E-7,0.000000,,,0.0000,,
20160104,2016-01-04,2,SAMPLE_ITEM_001,SAMPLE_ITEM_001,SAMPLE_FOODS_1,2,SAMPLE_CA_1,CA,,,,1.0000,0E-7,0.000000,,,0.0000,,
20160107,2016-01-07,3,SAMPLE_ITEM_002,SAMPLE_ITEM_002,SAMPLE_FOODS_1,2,SAMPLE_CA_1,CA,,,,4.0000,0E-7,0.000000,,,0.0000,,
20160103,2016-01-03,5,SAMPLE_ITEM_004,SAMPLE_ITEM_004,SAMPLE_HOBBIES_1,2,SAMPLE_CA_1,CA,,,,6.0000,0E-7,0.000000,,,0.0000,,
20160118,2016-01-18,2,SAMPLE_ITEM_001,SAMPLE_ITEM_001,SAMPLE_FOODS_1,3,SAMPLE_TX_1,TX,,,,5.0000,0E-7,0.000000,,,0.0000,,
20160114,2016-01-14,4,SAMPLE_ITEM_003,SAMPLE_ITEM_003,SAMPLE_HOUSEHOLD_1,2,SAMPLE_CA_1,CA,,,,6.0000,0E-7,0.000000,,,0.0000,,
20160120,2016-01-20,4,SAMPLE_ITEM_003,SAMPLE_ITEM_003,SAMPLE_HOUSEHOLD_1,3,SAMPLE_TX_1,TX,,,,5.0000,0E-7,0.000000,,,0.0000,,
20160127,2016-01-27,2,SAMPLE_ITEM_001,SAMPLE_ITEM_001,SAMPLE_FOODS_1,3,SAMPLE_TX_1,TX,,,,2.0000,0E-7,0.000000,,,0.0000,,
20160105,2016-01-05,2,SAMPLE_ITEM_001,SAMPLE_ITEM_001,SAMPLE_FOODS_1,2,SAMPLE_CA_1,CA,,,,1.0000,0E-7,0.000000,,,0.0000,,
20160120,2016-01-20,3,SAMPLE_ITEM_002,SAMPLE_ITEM_002,SAMPLE_FOODS_1,2,SAMPLE_CA_1,CA,,,,2.0000,0E-7,0.000000,,,0.0000,,
20160121,2016-01-21,4,SAMPLE_ITEM_003,SAMPLE_ITEM_003,SAMPLE_HOUSEHOLD_1,3,SAMPLE_TX_1,TX,,,,5.0000,0E-7,0.000000,,,0.0000,,
20160124,2016-01-24,3,SAMPLE_ITEM_002,SAMPLE_ITEM_002,SAMPLE_FOODS_1,2,SAMPLE_CA_1,CA,,,,5.0000,0E-7,0.000000,,,0.0000,,
20160111,2016-01-11,3,SAMPLE_ITEM_002,SAMPLE_ITEM_002,SAMPLE_FOODS_1,3,SAMPLE_TX_1,TX,,,,5.0000,0E-7,0.000000,,,0.0000,,
20160109,2016-01-09,4,SAMPLE_ITEM_003,SAMPLE_ITEM_003,SAMPLE_HOUSEHOLD_1,3,SAMPLE_TX_1,TX,,,,6.0000,0E-7,0.000000,,,0.0000,,
20160114,2016-01-14,5,SAMPLE_ITEM_004,SAMPLE_ITEM_004,SAMPLE_HOBBIES_1,3,SAMPLE_TX_1,TX,,,,6.0000,0E-7,0.000000,,,0.0000,,
20160104,2016-01-04,4,SAMPLE_ITEM_003,SAMPLE_ITEM_003,SAMPLE_HOUSEHOLD_1,2,SAMPLE_CA_1,CA,,,,2.0000,0E-7,0.000000,,,0.0000,,
20160103,2016-01-03,3,SAMPLE_ITEM_002,SAMPLE_ITEM_002,SAMPLE_FOODS_1,3,SAMPLE_TX_1,TX,,,,6.0000,0E-7,0.000000,,,0.0000,,
20160116,2016-01-16,3,SAMPLE_ITEM_002,SAMPLE_ITEM_002,SAMPLE_FOODS_1,3,SAMPLE_TX_1,TX,,,,5.0000,0E-7,0.000000,,,0.0000,,
20160122,2016-01-22,3,SAMPLE_ITEM_002,SAMPLE_ITEM_002,SAMPLE_FOODS_1,3,SAMPLE_TX_1,TX,,,,5.0000,0E-7,0.000000,,,0.0000,,
20160122,2016-01-22,5,SAMPLE_ITEM_004,SAMPLE_ITEM_004,SAMPLE_HOBBIES_1,2,SAMPLE_CA_1,CA,,,,4.0000,0E-7,0.000000,,,0.0000,,
20160111,2016-01-11,2,SAMPLE_ITEM_001,SAMPLE_ITEM_001,SAMPLE_FOODS_1,2,SAMPLE_CA_1,CA,,,,3.0000,0E-7,0.000000,,,0.0000,,
20160110,2016-01-10,5,SAMPLE_ITEM_004,SAMPLE_ITEM_004,SAMPLE_HOBBIES_1,2,SAMPLE_CA_1,CA,,,,9.0000,0E-7,0.000000,,,0.0000,,
20160117,2016-01-17,4,SAMPLE_ITEM_003,SAMPLE_ITEM_003,SAMPLE_HOUSEHOLD_1,2,SAMPLE_CA_1,CA,,,,4.0000,0E-7,0.000000,,,0.0000,,
20160106,2016-01-06,4,SAMPLE_ITEM_003,SAMPLE_ITEM_003,SAMPLE_HOUSEHOLD_1,2,SAMPLE_CA_1,CA,,,,3.0000,0E-7,0.000000,,,0.0000,,
20160111,2016-01-11,5,SAMPLE_ITEM_004,SAMPLE_ITEM_004,SAMPLE_HOBBIES_1,3,SAMPLE_TX_1,TX,,,,4.0000,0E-7,0.000000,,,0.0000,,
20160120,2016-01-20,3,SAMPLE_ITEM_002,SAMPLE_ITEM_002,SAMPLE_FOODS_1,3,SAMPLE_TX_1,TX,,,,4.0000,0E-7,0.000000,,,0.0000,,
20160113,2016-01-13,4,SAMPLE_ITEM_003,SAMPLE_ITEM_003,SAMPLE_HOUSEHOLD_1,3,SAMPLE_TX_1,TX,,,,7.0000,0E-7,0.000000,,,0.0000,,
20160118,2016-01-18,5,SAMPLE_ITEM_004,SAMPLE_ITEM_004,SAMPLE_HOBBIES_1,2,SAMPLE_CA_1,CA,,,,6.0000,0E-7,0.000000,,,0.0000,,
20160104,2016-01-04,2,SAMPLE_ITEM_001,SAMPLE_ITEM_001,SAMPLE_FOODS_1,3,SAMPLE_TX_1,TX,,,,3.0000,0E-7,0.000000,,,0.0000,,
20160101,2016-01-01,3,SAMPLE_ITEM_002,SAMPLE_ITEM_002,SAMPLE_FOODS_1,3,SAMPLE_TX_1,TX,,,,3.0000,0E-7,0.000000,,,0.0000,,
20160103,2016-01-03,5,SAMPLE_ITEM_004,SAMPLE_ITEM_004,SAMPLE_HOBBIES_1,3,SAMPLE_TX_1,TX,,,,7.0000,0E-7,0.000000,,,0.0000,,
20160125,2016-01-25,4,SAMPLE_ITEM_003,SAMPLE_ITEM_003,SAMPLE_HOUSEHOLD_1,2,SAMPLE_CA_1,CA,,,,3.0000,0E-7,0.000000,,,0.0000,,
20160108,2016-01-08,2,SAMPLE_ITEM_001,SAMPLE_ITEM_001,SAMPLE_FOODS_1,3,SAMPLE_TX_1,TX,,,,1.0000,0E-7,0.000000,,,0.0000,,
20160111,2016-01-11,4,SAMPLE_ITEM_003,SAMPLE_ITEM_003,SAMPLE_HOUSEHOLD_1,2,SAMPLE_CA_1,CA,,,,5.0000,0E-7,0.000000,,,0.0000,,
20160106,2016-01-06,5,SAMPLE_ITEM_004,SAMPLE_ITEM_004,SAMPLE_HOBBIES_1,3,SAMPLE_TX_1,TX,,,,4.0000,0E-7,0.000000,,,0.0000,,
20160109,2016-01-09,3,SAMPLE_ITEM_002,SAMPLE_ITEM_002,SAMPLE_FOODS_1,2,SAMPLE_CA_1,CA,,,,6.0000,0E-7,0.000000,,,0.0000,,
20160128,2016-01-28,3,SAMPLE_ITEM_002,SAMPLE_ITEM_002,SAMPLE_FOODS_1,2,SAMPLE_CA_1,CA,,,,1.0000,0E-7,0.000000,,,0.0000,,
20160116,2016-01-16,2,SAMPLE_ITEM_001,SAMPLE_ITEM_001,SAMPLE_FOODS_1,2,SAMPLE_CA_1,CA,,,,3.0000,0E-7,0.000000,,,0.0000,,
20160102,2016-01-02,4,SAMPLE_ITEM_003,SAMPLE_ITEM_003,SAMPLE_HOUSEHOLD_1,2,SAMPLE_CA_1,CA,,,,4.0000,0E-7,0.000000,,,0.0000,,
20160125,2016-01-25,5,SAMPLE_ITEM_004,SAMPLE_ITEM_004,SAMPLE_HOBBIES_1,3,SAMPLE_TX_1,TX,,,,5.0000,0E-7,0.000000,,,0.0000,,
20160122,2016-01-22,4,SAMPLE_ITEM_003,SAMPLE_ITEM_003,SAMPLE_HOUSEHOLD_1,3,SAMPLE_TX_1,TX,,,,4.0000,0E-7,0.000000,,,0.0000,,
20160114,2016-01-14,5,SAMPLE_ITEM_004,SAMPLE_ITEM_004,SAMPLE_HOBBIES_1,2,SAMPLE_CA_1,CA,,,,4.0000,0E-7,0.000000,,,0.0000,,
20160118,2016-01-18,3,SAMPLE_ITEM_002,SAMPLE_ITEM_002,SAMPLE_FOODS_1,2,SAMPLE_CA_1,CA,,,,2.0000,0E-7,0.000000,,,0.0000,,
20160128,2016-01-28,4,SAMPLE_ITEM_003,SAMPLE_ITEM_003,SAMPLE_HOUSEHOLD_1,3,SAMPLE_TX_1,TX,,,,6.0000,0E-7,0.000000,,,0.0000,,
20160121,2016-01-21,2,SAMPLE_ITEM_001,SAMPLE_ITEM_001,SAMPLE_FOODS_1,3,SAMPLE_TX_1,TX,,,,1.0000,0E-7,0.000000,,,0.0000,,
20160112,2016-01-12,2,SAMPLE_ITEM_001,SAMPLE_ITEM_001,SAMPLE_FOODS_1,2,SAMPLE_CA_1,CA,,,,0.0000,0E-7,0.000000,,,0.0000,,
20160107,2016-01-07,4,SAMPLE_ITEM_003,SAMPLE_ITEM_003,SAMPLE_HOUSEHOLD_1,3,SAMPLE_TX_1,TX,,,,7.0000,0E-7,0.000000,,,0.0000,,
20160101,2016-01-01,2,SAMPLE_ITEM_001,SAMPLE_ITEM_001,SAMPLE_FOODS_1,2,SAMPLE_CA_1,CA,,,,0.0000,0E-7,0.000000,,,0.0000,,
20160114,2016-01-14,3,SAMPLE_ITEM_002,SAMPLE_ITEM_002,SAMPLE_FOODS_1,3,SAMPLE_TX_1,TX,,,,3.0000,0E-7,0.000000,,,0.0000,,
20160124,2016-01-24,3,SAMPLE_ITEM_002,SAMPLE_ITEM_002,SAMPLE_FOODS_1,3,SAMPLE_TX_1,TX,,,,7.0000,0E-7,0.000000,,,0.0000,,
20160117,2016-01-17,4,SAMPLE_ITEM_003,SAMPLE_ITEM_003,SAMPLE_HOUSEHOLD_1,3,SAMPLE_TX_1,TX,,,,8.0000,0E-7,0.000000,,,0.0000,,
20160110,2016-01-10,2,SAMPLE_ITEM_001,SAMPLE_ITEM_001,SAMPLE_FOODS_1,2,SAMPLE_CA_1,CA,,,,6.0000,0E-7,0.000000,,,0.0000,,
20160124,2016-01-24,5,SAMPLE_ITEM_004,SAMPLE_ITEM_004,SAMPLE_HOBBIES_1,2,SAMPLE_CA_1,CA,,,,5.0000,0E-7,0.000000,,,0.0000,,
20160103,2016-01-03,2,SAMPLE_ITEM_001,SAMPLE_ITEM_001,SAMPLE_FOODS_1,2,SAMPLE_CA_1,CA,,,,4.0000,0E-7,0.000000,,,0.0000,,
20160122,2016-01-22,3,SAMPLE_ITEM_002,SAMPLE_ITEM_002,SAMPLE_FOODS_1,2,SAMPLE_CA_1,CA,,,,4.0000,0E-7,0.000000,,,0.0000,,
20160127,2016-01-27,3,SAMPLE_ITEM_002,SAMPLE_ITEM_002,SAMPLE_FOODS_1,2,SAMPLE_CA_1,CA,,,,3.0000,0E-7,0.000000,,,0.0000,,
20160119,2016-01-19,4,SAMPLE_ITEM_003,SAMPLE_ITEM_003,SAMPLE_HOUSEHOLD_1,3,SAMPLE_TX_1,TX,,,,3.0000,0E-7,0.000000,,,0.0000,,
20160110,2016-01-10,3,SAMPLE_ITEM_002,SAMPLE_ITEM_002,SAMPLE_FOODS_1,3,SAMPLE_TX_1,TX,,,,5.0000,0E-7,0.000000,,,0.0000,,
20160123,2016-01-23,4,SAMPLE_ITEM_003,SAMPLE_ITEM_003,SAMPLE_HOUSEHOLD_1,3,SAMPLE_TX_1,TX,,,,5.0000,0E-7,0.000000,,,0.0000,,
20160125,2016-01-25,2,SAMPLE_ITEM_001,SAMPLE_ITEM_001,SAMPLE_FOODS_1,2,SAMPLE_CA_1,CA,,,,3.0000,0E-7,0.000000,,,0.0000,,
20160117,2016-01-17,2,SAMPLE_ITEM_001,SAMPLE_ITEM_001,SAMPLE_FOODS_1,3,SAMPLE_TX_1,TX,,,,6.0000,0E-7,0.000000,,,0.0000,,
20160116,2016-01-16,5,SAMPLE_ITEM_004,SAMPLE_ITEM_004,SAMPLE_HOBBIES_1,3,SAMPLE_TX_1,TX,,,,7.0000,0E-7,0.000000,,,0.0000,,
20160106,2016-01-06,2,SAMPLE_ITEM_001,SAMPLE_ITEM_001,SAMPLE_FOODS_1,2,SAMPLE_CA_1,CA,,,,1.0000,0E-7,0.000000,,,0.0000,,
20160126,2016-01-26,2,SAMPLE_ITEM_001,SAMPLE_ITEM_001,SAMPLE_FOODS_1,3,SAMPLE_TX_1,TX,,,,5.0000,0E-7,0.000000,,,0.0000,,
20160119,2016-01-19,3,SAMPLE_ITEM_002,SAMPLE_ITEM_002,SAMPLE_FOODS_1,2,SAMPLE_CA_1,CA,,,,5.0000,0E-7,0.000000,,,0.0000,,
20160112,2016-01-12,4,SAMPLE_ITEM_003,SAMPLE_ITEM_003,SAMPLE_HOUSEHOLD_1,2,SAMPLE_CA_1,CA,,,,6.0000,0E-7,0.000000,,,0.0000,,
20160103,2016-01-03,4,SAMPLE_ITEM_003,SAMPLE_ITEM_003,SAMPLE_HOUSEHOLD_1,2,SAMPLE_CA_1,CA,,,,4.0000,0E-7,0.000000,,,0.0000,,
20160127,2016-01-27,5,SAMPLE_ITEM_004,SAMPLE_ITEM_004,SAMPLE_HOBBIES_1,2,SAMPLE_CA_1,CA,,,,7.0000,0E-7,0.000000,,,0.0000,,
20160107,2016-01-07,2,SAMPLE_ITEM_001,SAMPLE_ITEM_001,SAMPLE_FOODS_1,3,SAMPLE_TX_1,TX,,,,3.0000,0E-7,0.000000,,,0.0000,,
20160105,2016-01-05,3,SAMPLE_ITEM_002,SAMPLE_ITEM_002,SAMPLE_FOODS_1,3,SAMPLE_TX_1,TX,,,,4.0000,0E-7,0.000000,,,0.0000,,
20160116,2016-01-16,4,SAMPLE_ITEM_003,SAMPLE_ITEM_003,SAMPLE_HOUSEHOLD_1,2,SAMPLE_CA_1,CA,,,,8.0000,0E-7,0.000000,,,0.0000,,
20160102,2016-01-02,5,SAMPLE_ITEM_004,SAMPLE_ITEM_004,SAMPLE_HOBBIES_1,3,SAMPLE_TX_1,TX,,,,10.0000,0E-7,0.000000,,,0.0000,,
20160113,2016-01-13,3,SAMPLE_ITEM_002,SAMPLE_ITEM_002,SAMPLE_FOODS_1,2,SAMPLE_CA_1,CA,,,,3.0000,0E-7,0.000000,,,0.0000,,
20160112,2016-01-12,5,SAMPLE_ITEM_004,SAMPLE_ITEM_004,SAMPLE_HOBBIES_1,3,SAMPLE_TX_1,TX,,,,8.0000,0E-7,0.000000,,,0.0000,,
20160108,2016-01-08,4,SAMPLE_ITEM_003,SAMPLE_ITEM_003,SAMPLE_HOUSEHOLD_1,3,SAMPLE_TX_1,TX,,,,4.0000,0E-7,0.000000,,,0.0000,,
20160123,2016-01-23,3,SAMPLE_ITEM_002,SAMPLE_ITEM_002,SAMPLE_FOODS_1,2,SAMPLE_CA_1,CA,,,,6.0000,0E-7,0.000000,,,0.0000,,
20160109,2016-01-09,5,SAMPLE_ITEM_004,SAMPLE_ITEM_004,SAMPLE_HOBBIES_1,2,SAMPLE_CA_1,CA,,,,9.0000,0E-7,0.000000,,,0.0000,,
20160115,2016-01-15,3,SAMPLE_ITEM_002,SAMPLE_ITEM_002,SAMPLE_FOODS_1,3,SAMPLE_TX_1,TX,,,,7.0000,0E-7,0.000000,,,0.0000,,
20160127,2016-01-27,4,SAMPLE_ITEM_003,SAMPLE_ITEM_003,SAMPLE_HOUSEHOLD_1,3,SAMPLE_TX_1,TX,,,,3.0000,0E-7,0.000000,,,0.0000,,
20160120,2016-01-20,5,SAMPLE_ITEM_004,SAMPLE_ITEM_004,SAMPLE_HOBBIES_1,2,SAMPLE_CA_1,CA,,,,6.0000,0E-7,0.000000,,,0.0000,,
20160127,2016-01-27,3,SAMPLE_ITEM_002,SAMPLE_ITEM_002,SAMPLE_FOODS_1,3,SAMPLE_TX_1,TX,,,,3.0000,0E-7,0.000000,,,0.0000,,
20160117,2016-01-17,5,SAMPLE_ITEM_004,SAMPLE_ITEM_004,SAMPLE_HOBBIES_1,2,SAMPLE_CA_1,CA,,,,7.0000,0E-7,0.000000,,,0.0000,,
20160108,2016-01-08,3,SAMPLE_ITEM_002,SAMPLE_ITEM_002,SAMPLE_FOODS_1,2,SAMPLE_CA_1,CA,,,,3.0000,0E-7,0.000000,,,0.0000,,
20260101,2026-01-01,1,PHASE1_PRODUCT,Phase 1 Test Product,PHASE1_CATEGORY,1,PHASE1_STORE,CA,,,,5.0000,24.9500000,0.000000,,,0.0000,,
20160120,2016-01-20,4,SAMPLE_ITEM_003,SAMPLE_ITEM_003,SAMPLE_HOUSEHOLD_1,2,SAMPLE_CA_1,CA,,,,4.0000,0E-7,0.000000,,,0.0000,,
20160103,2016-01-03,2,SAMPLE_ITEM_001,SAMPLE_ITEM_001,SAMPLE_FOODS_1,3,SAMPLE_TX_1,TX,,,,5.0000,0E-7,0.000000,,,0.0000,,
20160119,2016-01-19,3,SAMPLE_ITEM_002,SAMPLE_ITEM_002,SAMPLE_FOODS_1,3,SAMPLE_TX_1,TX,,,,6.0000,0E-7,0.000000,,,0.0000,,
20160114,2016-01-14,4,SAMPLE_ITEM_003,SAMPLE_ITEM_003,SAMPLE_HOUSEHOLD_1,3,SAMPLE_TX_1,TX,,,,3.0000,0E-7,0.000000,,,0.0000,,
20160118,2016-01-18,2,SAMPLE_ITEM_001,SAMPLE_ITEM_001,SAMPLE_FOODS_1,2,SAMPLE_CA_1,CA,,,,4.0000,0E-7,0.000000,,,0.0000,,
20160124,2016-01-24,4,SAMPLE_ITEM_003,SAMPLE_ITEM_003,SAMPLE_HOUSEHOLD_1,2,SAMPLE_CA_1,CA,,,,7.0000,0E-7,0.000000,,,0.0000,,
20160121,2016-01-21,4,SAMPLE_ITEM_003,SAMPLE_ITEM_003,SAMPLE_HOUSEHOLD_1,2,SAMPLE_CA_1,CA,,,,4.0000,0E-7,0.000000,,,0.0000,,
20160115,2016-01-15,2,SAMPLE_ITEM_001,SAMPLE_ITEM_001,SAMPLE_FOODS_1,2,SAMPLE_CA_1,CA,,,,4.0000,0E-7,0.000000,,,0.0000,,
20160101,2016-01-01,4,SAMPLE_ITEM_003,SAMPLE_ITEM_003,SAMPLE_HOUSEHOLD_1,2,SAMPLE_CA_1,CA,,,,5.0000,0E-7,0.000000,,,0.0000,,
20160125,2016-01-25,2,SAMPLE_ITEM_001,SAMPLE_ITEM_001,SAMPLE_FOODS_1,3,SAMPLE_TX_1,TX,,,,3.0000,0E-7,0.000000,,,0.0000,,
20160127,2016-01-27,2,SAMPLE_ITEM_001,SAMPLE_ITEM_001,SAMPLE_FOODS_1,2,SAMPLE_CA_1,CA,,,,2.0000,0E-7,0.000000,,,0.0000,,
20160124,2016-01-24,5,SAMPLE_ITEM_004,SAMPLE_ITEM_004,SAMPLE_HOBBIES_1,3,SAMPLE_TX_1,TX,,,,9.0000,0E-7,0.000000,,,0.0000,,
20160105,2016-01-05,3,SAMPLE_ITEM_002,SAMPLE_ITEM_002,SAMPLE_FOODS_1,2,SAMPLE_CA_1,CA,,,,2.0000,0E-7,0.000000,,,0.0000,,
20160120,2016-01-20,5,SAMPLE_ITEM_004,SAMPLE_ITEM_004,SAMPLE_HOBBIES_1,3,SAMPLE_TX_1,TX,,,,8.0000,0E-7,0.000000,,,0.0000,,
20160117,2016-01-17,3,SAMPLE_ITEM_002,SAMPLE_ITEM_002,SAMPLE_FOODS_1,2,SAMPLE_CA_1,CA,,,,7.0000,0E-7,0.000000,,,0.0000,,
20160104,2016-01-04,4,SAMPLE_ITEM_003,SAMPLE_ITEM_003,SAMPLE_HOUSEHOLD_1,3,SAMPLE_TX_1,TX,,,,3.0000,0E-7,0.000000,,,0.0000,,
20160110,2016-01-10,4,SAMPLE_ITEM_003,SAMPLE_ITEM_003,SAMPLE_HOUSEHOLD_1,2,SAMPLE_CA_1,CA,,,,7.0000,0E-7,0.000000,,,0.0000,,
20160128,2016-01-28,5,SAMPLE_ITEM_004,SAMPLE_ITEM_004,SAMPLE_HOBBIES_1,2,SAMPLE_CA_1,CA,,,,7.0000,0E-7,0.000000,,,0.0000,,
20160121,2016-01-21,5,SAMPLE_ITEM_004,SAMPLE_ITEM_004,SAMPLE_HOBBIES_1,3,SAMPLE_TX_1,TX,,,,7.0000,0E-7,0.000000,,,0.0000,,
20160123,2016-01-23,3,SAMPLE_ITEM_002,SAMPLE_ITEM_002,SAMPLE_FOODS_1,3,SAMPLE_TX_1,TX,,,,8.0000,0E-7,0.000000,,,0.0000,,
20160111,2016-01-11,2,SAMPLE_ITEM_001,SAMPLE_ITEM_001,SAMPLE_FOODS_1,3,SAMPLE_TX_1,TX,,,,1.0000,0E-7,0.000000,,,0.0000,,
20160104,2016-01-04,3,SAMPLE_ITEM_002,SAMPLE_ITEM_002,SAMPLE_FOODS_1,2,SAMPLE_CA_1,CA,,,,1.0000,0E-7,0.000000,,,0.0000,,
20160110,2016-01-10,5,SAMPLE_ITEM_004,SAMPLE_ITEM_004,SAMPLE_HOBBIES_1,3,SAMPLE_TX_1,TX,,,,8.0000,0E-7,0.000000,,,0.0000,,
20160122,2016-01-22,2,SAMPLE_ITEM_001,SAMPLE_ITEM_001,SAMPLE_FOODS_1,3,SAMPLE_TX_1,TX,,,,5.0000,0E-7,0.000000,,,0.0000,,
20160105,2016-01-05,4,SAMPLE_ITEM_003,SAMPLE_ITEM_003,SAMPLE_HOUSEHOLD_1,3,SAMPLE_TX_1,TX,,,,5.0000,0E-7,0.000000,,,0.0000,,
20160109,2016-01-09,2,SAMPLE_ITEM_001,SAMPLE_ITEM_001,SAMPLE_FOODS_1,2,SAMPLE_CA_1,CA,,,,2.0000,0E-7,0.000000,,,0.0000,,
20160124,2016-01-24,2,SAMPLE_ITEM_001,SAMPLE_ITEM_001,SAMPLE_FOODS_1,2,SAMPLE_CA_1,CA,,,,3.0000,0E-7,0.000000,,,0.0000,,
20160123,2016-01-23,5,SAMPLE_ITEM_004,SAMPLE_ITEM_004,SAMPLE_HOBBIES_1,2,SAMPLE_CA_1,CA,,,,6.0000,0E-7,0.000000,,,0.0000,,
20160111,2016-01-11,4,SAMPLE_ITEM_003,SAMPLE_ITEM_003,SAMPLE_HOUSEHOLD_1,3,SAMPLE_TX_1,TX,,,,4.0000,0E-7,0.000000,,,0.0000,,
20160126,2016-01-26,5,SAMPLE_ITEM_004,SAMPLE_ITEM_004,SAMPLE_HOBBIES_1,2,SAMPLE_CA_1,CA,,,,3.0000,0E-7,0.000000,,,0.0000,,
20160116,2016-01-16,2,SAMPLE_ITEM_001,SAMPLE_ITEM_001,SAMPLE_FOODS_1,3,SAMPLE_TX_1,TX,,,,3.0000,0E-7,0.000000,,,0.0000,,
20160109,2016-01-09,3,SAMPLE_ITEM_002,SAMPLE_ITEM_002,SAMPLE_FOODS_1,3,SAMPLE_TX_1,TX,,,,6.0000,0E-7,0.000000,,,0.0000,,
20160102,2016-01-02,4,SAMPLE_ITEM_003,SAMPLE_ITEM_003,SAMPLE_HOUSEHOLD_1,3,SAMPLE_TX_1,TX,,,,6.0000,0E-7,0.000000,,,0.0000,,
20160105,2016-01-05,5,SAMPLE_ITEM_004,SAMPLE_ITEM_004,SAMPLE_HOBBIES_1,2,SAMPLE_CA_1,CA,,,,6.0000,0E-7,0.000000,,,0.0000,,
20160115,2016-01-15,5,SAMPLE_ITEM_004,SAMPLE_ITEM_004,SAMPLE_HOBBIES_1,3,SAMPLE_TX_1,TX,,,,10.0000,0E-7,0.000000,,,0.0000,,
20160113,2016-01-13,2,SAMPLE_ITEM_001,SAMPLE_ITEM_001,SAMPLE_FOODS_1,3,SAMPLE_TX_1,TX,,,,3.0000,0E-7,0.000000,,,0.0000,,
20160101,2016-01-01,5,SAMPLE_ITEM_004,SAMPLE_ITEM_004,SAMPLE_HOBBIES_1,3,SAMPLE_TX_1,TX,,,,5.0000,0E-7,0.000000,,,0.0000,,
20160120,2016-01-20,2,SAMPLE_ITEM_001,SAMPLE_ITEM_001,SAMPLE_FOODS_1,2,SAMPLE_CA_1,CA,,,,4.0000,0E-7,0.000000,,,0.0000,,
20160118,2016-01-18,3,SAMPLE_ITEM_002,SAMPLE_ITEM_002,SAMPLE_FOODS_1,3,SAMPLE_TX_1,TX,,,,6.0000,0E-7,0.000000,,,0.0000,,
20160115,2016-01-15,4,SAMPLE_ITEM_003,SAMPLE_ITEM_003,SAMPLE_HOUSEHOLD_1,2,SAMPLE_CA_1,CA,,,,7.0000,0E-7,0.000000,,,0.0000,,
20160106,2016-01-06,3,SAMPLE_ITEM_002,SAMPLE_ITEM_002,SAMPLE_FOODS_1,3,SAMPLE_TX_1,TX,,,,2.0000,0E-7,0.000000,,,0.0000,,
20160107,2016-01-07,5,SAMPLE_ITEM_004,SAMPLE_ITEM_004,SAMPLE_HOBBIES_1,3,SAMPLE_TX_1,TX,,,,5.0000,0E-7,0.000000,,,0.0000,,
20160108,2016-01-08,5,SAMPLE_ITEM_004,SAMPLE_ITEM_004,SAMPLE_HOBBIES_1,2,SAMPLE_CA_1,CA,,,,5.0000,0E-7,0.000000,,,0.0000,,
20160102,2016-01-02,2,SAMPLE_ITEM_001,SAMPLE_ITEM_001,SAMPLE_FOODS_1,3,SAMPLE_TX_1,TX,,,,6.0000,0E-7,0.000000,,,0.0000,,
20160126,2016-01-26,3,SAMPLE_ITEM_002,SAMPLE_ITEM_002,SAMPLE_FOODS_1,2,SAMPLE_CA_1,CA,,,,2.0000,0E-7,0.000000,,,0.0000,,
20160119,2016-01-19,5,SAMPLE_ITEM_004,SAMPLE_ITEM_004,SAMPLE_HOBBIES_1,2,SAMPLE_CA_1,CA,,,,7.0000,0E-7,0.000000,,,0.0000,,
20160112,2016-01-12,2,SAMPLE_ITEM_001,SAMPLE_ITEM_001,SAMPLE_FOODS_1,3,SAMPLE_TX_1,TX,,,,3.0000,0E-7,0.000000,,,0.0000,,
20160126,2016-01-26,4,SAMPLE_ITEM_003,SAMPLE_ITEM_003,SAMPLE_HOUSEHOLD_1,3,SAMPLE_TX_1,TX,,,,3.0000,0E-7,0.000000,,,0.0000,,
20160121,2016-01-21,2,SAMPLE_ITEM_001,SAMPLE_ITEM_001,SAMPLE_FOODS_1,2,SAMPLE_CA_1,CA,,,,1.0000,0E-7,0.000000,,,0.0000,,
20160114,2016-01-14,3,SAMPLE_ITEM_002,SAMPLE_ITEM_002,SAMPLE_FOODS_1,2,SAMPLE_CA_1,CA,,,,2.0000,0E-7,0.000000,,,0.0000,,
20160107,2016-01-07,4,SAMPLE_ITEM_003,SAMPLE_ITEM_003,SAMPLE_HOUSEHOLD_1,2,SAMPLE_CA_1,CA,,,,5.0000,0E-7,0.000000,,,0.0000,,
